ContentId,DLCName
00016D0382EC96CF27716149956EA8749B11E69858,Joe Danger 2 - The Movie - Undead Movie Pack (World) (Addon)
000A4A08D9B32280D0553E8ED93B42B4F4F5BF5545,Rock Band Network - Aminal - Drag Me Away (World) (Addon)
0012239A3A4144A5AB745F8AFBF8960E5AE4EB2943,Resident Evil 6 - Stage Map Pack A (World) (Addon)
0015CB7C24BBC9742903FC47E0CE5D3058D9365D58,Trials Fusion - Fallen Angel Bike Upgrade (World) (Addon)
001A86C9D4A35611EC5F5B0ADC20B21763EC2FA645,Rock Band Network - Steve Fister - Zig Zag Talk (World) (Addon)
0034005B11E7B358C280DA1BAB98030E85231EAC43,Devil May Cry - Costumes Pack (World) (Addon)
003ABA1BF2ADB9916F6AD35F4456B1C5F33F340958,Pinball FX 2 - Rocky and Bullwinkle Table (World) (Addon)
00439C7259409C60DAE6A3D8C5817AE18E874BDC45,Rock Band Network - The Walkmen - Angela Surf City (World) (Addon)
0044DB6A440079522C3BC3833F96D48001DD4A9E45,Kingdoms of Amalur - Reckoning - Teeth of Naros (World) (Addon)
004A593746A9B29D63D69BD5A819DED2D812DF1558,Skullgirls - Squigly (World) (Addon)
004E0C811EB04E6AC6F4165910F8722B196EA10746,Sniper Elite V2 - Assassinate The Fuehrer (World) (Addon)
00503C69DAF3EA167B3BFE34A4DE536E4E26E18C45,Rock Band - Soundgarden - Pretty Noose (pro) (World) (Addon)
0056D304E611FBC157746930CF9271CF60C4868845,Skate 2 - San Van Classic Pack (World) (Addon)
006C12212969C5851DD42D930D6E304A60D88FDE45,Rock Band Network - The Shins - Australia (World) (Addon)
0075165AF0620F84BB8C3640AC19DE29C2B2C48D45,Rock Band Network - Amberian Dawn - Come Now Follow (World) (Addon)
0077A3A7D03CB3258DA0B9F4206B7F8218A1E7D345,Rock Band Network - Fake Shark - Real Zombie! - Sestri Levante (World) (Addon)
008D551D83DFAFCFA8CE6623C4C839A9513083B658,Bomberman Battlefest - Bomb-Up Pack II (World) (Addon)
009A3A1B4E0ADA6F0CC694EFF16A5468757B844458,Minecraft - Xbox 360 Edition - Power Rangers Skin Pack (World) (Addon)
00A2082812546C00324311233FB0FC1575C4494F58,Soltrio Solitaire - Game Pack 1 (World) (Addon)
00AEDF92B1BD79B46361F76EC77601C021BF649A45,Rock Band Network - Blackmarket - Tongue Twister Typo (World) (Addon)
00C5DF1FAF135C1EF123266973EB36A7EE735C1645,Battlefield - Bad Company - Map Pack (World) (Addon)
00C9287DD403CC7152DB39AB15B27C078CF00B6645,Rock Band Network - A Day to Remember - Sticks & Bricks (World) (Addon)
00DF9056C96F26539AD8D487BF1363B02B7B6BA445,Rock Band Network - Bojibian - Still There (World) (Addon)
00E7EF1FEEC8116F0D77941990B6401458CE597445,Rock Band Network - White Line Allstars - Unstoppable (World) (Addon)
00FFC4EE01F9EF9CCF734C12D0BA4AAAAEEC9B2445,Rock Band Network - Ultra Saturday - Not My Fault (World) (Addon)
010E317BCC4AB808CCA977032E1535F527A101F745,Rock Band Network - Icon & the Black Roses - Black Rose (World) (Addon)
0121125778B7A53223C3A7FE062CDE85E69F246E45,Rock Band Network - Between the Buried and Me - Alaska (World) (Addon)
01265E1B0E6041483675D908ED69071C8EDC339945,Rock Band - Lady Gaga - Pack 02 (World) (Addon)
012E39D5B15A98A4BBDC64E80421D4E2AC2C698E58,Pinball FX 2 - Star Wars Pinball - Balance of the Force (World) (Addon)
014519D034DD1E6F509435BD8B963922FF04DEC44B,Dead Island - Bloodbath Arena Multiplayer Mode + Leaderboards (World) (Addon)
01621666D6CA7B2C25396146CA20142DF69AAEA14D,Lips - Dazz Band - Let It Whip (World) (Addon)
0165E5B906309F63ACA64BC2DF01667B9930C47D45,Skate 3 - Maloof Money Cup 2010 NYC (World) (Addon)
01763716103FB08DBAED926CB84DC98C93F7FF3858,Insanely Twisted Shadow Planet - Shadow Hunters (World) (Addon)
017CC6A36B644566C83E0F3EE11BDF7FABD94A834D,Lips - Simply Red - If You Don't Know Me By Now (World) (Addon)
01865DC82B361FC4C3305CB98B80B45B5E569BBA4D,Lips - Ugly Kid Joe - Everything About You (World) (Addon)
018AF7680356003A16F93C78FDADD996C9A728C245,Rock Band Network - All Shall Perish - There is Nothing Left (2x Bass Pedal) (World) (Addon)
019FB78F460D09BB90C79CD0E4652217F0C8687045,Rock Band Network - The Giraffes - Done (World) (Addon)
01B404819624A08A2A9D1D1E6C2BCB2C39AAA0A245,Rock Band Network - The Riptides - Dial M for Murder (World) (Addon)
01B649C34C46464D6A20FAC8CDAF7D0A0D7A999E57,FEAR 2 - Toy Solders Map Pack (World) (Addon)
01B8832DA3146F740C0DC7DF32454C42129A2EBF4D,Lips - The Commodores - Sail On (World) (Addon)
01BC80014B9E34096FE6F83CBC968CE3EB0E5CD04D,Lips - Adele - Chasing Pavements (World) (Addon)
01BD38552EB4D9F4F14F01FCDA21BCA7962489604D,Forza Motorsport 3 - Auto Week Car Show Pack (World) (Addon)
01C73E9EC838E8B7E6F2BFFC793925B687634C9545,Rock Band - Classic Rock - Pack 01 (World) (Addon)
01E668A7EB43D871B151E779326499671275033245,Rock Band Network - Glass Hammer - Hyperbole (World) (Addon)
01F12F61A8F53AEF850A63F0111B5C4FD7A142ED45,Rock Band Network - Blackguard - This Round's On Me (World) (Addon)
01F48ACC7BEF0C35217C7699B752E6D65288375645,Rock Band - The Psychedelic Furs - Love My Way (World) (Addon)
01F73A9DF4A89FEE202FF8AE31D5F7325D50020345,Rock Band Network - Aesthetic Perfection - The Devil's in the Details (World) (Addon)
020B371592C566B154D0D02250529FAE43F1106543,DiRT 3 - Power and Glory Car Pack (World) (Addon)
020CDA9FAE5EDD94F76EF48D2F0EB062DF0718DB45,Rock Band - Dio - Holy Diver (World) (Addon)
022BF1E5A88B573AE224AB28608465707018755845,Rock Band Network - The Parlotones - Life Design (World) (Addon)
022BFADA9379DB99732B3BD83683207960252DED45,Rock Band Network - Look Left - But Then I Fell in Love (World) (Addon)
02452912D49D39EE93773FF940019EB12B327BE045,Rock Band Network - Stan Bush - The Touch (World) (Addon)
0252398FC047D10DDB4DC057EDB6C4803E99BF6145,Rock Band Network - Richard Campbell - Rock the Halls (World) (Addon)
025DA58351046AD2222B7B2F96DF1ACE2814501545,Rock Band - Foo Fighters - Pack 04 (World) (Addon)
027410EE695E402B784D6E67C0E7B1FA27FA436445,Rock Band - Ozzy Osbourne - Mr. Crowley (pro) (upgrade) (World) (Addon)
0277BEBA07952383D6308DC30079134CB92DD1C845,Madden 11 - Max Pack (World) (Addon)
0282A24A67FE4EC5835F26D85F11CE6E8A97E1FC45,Rock Band Network - Sleater-Kinney - Rollercoaster (World) (Addon)
028CB5CD46393E1E268C91A2BA178DBE8F10BFED45,Rock Band Network - Lemon Demon - The Ultimate Showdown (RBN Mix) (World) (Addon)
029425EE66863B8B2DF91F1188802D5286524AC258,"UnderGarden, The - Ludwig Pack (World) (Addon)"
0295F185042EB1F9ED330AF7426DDD4F0D912BAC4E,Dragon Ball - Raging Blast - Ultimate Warriors Pack 3 (World) (Addon)
029F96F873659380F94EEC7C7FAF5D51D7EA69EE58,Minecraft - Xbox 360 Edition - Skin Pack 2 (World) (Addon)
02AED3B59E40E18076FB6E991B2759B9B4E7F64358,Who Wants to Be a Millionaire - Special Editions - Who Wants to Be a Movie Millionaire (World) (Addon)
02AF48509DA660385D4CF7A96624D18F013303D045,Rock Band Network - DoubleShot - Livin' Right (World) (Addon)
02B0FEBF9CA3D162630B5E0516E1428CF2CFD9D04B,Def Jam Rapstar - Clipse - Grindin' (World) (Addon)
02BFE7014F638B3F398FF88F28C10384C2B39B6645,Rock Band - The Police - So Lonely (World) (Addon)
02C0E6F0B66521D9FC59A81D5B471110F93EC4C34D,Lips - Elvis Presley - Blue Christmas (World) (Addon)
02C4F1B3728B254237D106A0F48D808FD856478645,Rock Band Network - Don Tetto - Fallido Intento (World) (Addon)
02E15C509EF228B32ED87B99BF44C1BFD213D3F458,Worms - Ultimate Mayhem - Customisation Pack (World) (Addon)
02E5D2FACD95401040150713774FA36330787D404D,Lips - Righteous Brothers - You've Lost That Lovin' Feelin' (World) (Addon)
02ECACBA45BAB95D5D6DEB348EB168FEFD75999945,Rock Band - Dave Matthews Band - Pack 01 (World) (Addon)
0300D9FAF63AAD05809C649174105CEC0CE0E61945,Battlefield Hardline - Betrayal (World) (Addon)
030412CCE341ABA54AFAB31B7D2B8676586D43B445,Rock Band Network - Squeezebox - Rude Awakening (World) (Addon)
03119B20A684FE7CFF1B0ECF70BB5A6A194E749C58,Hasbro Family Game Night - Pictureka (World) (Addon)
032869C5AFB72DB1316136A845023F204137CE1E45,Rock Band Network - The Fury - Beauty Queen (World) (Addon)
033FA81AB574E4E10433E04FFA010405EE8DDFFF45,Rock Band Network - Raven Quinn - Catalyst (World) (Addon)
03482EDADECB593F18F1491FAF711ADAA2B32B0E45,Rock Band - Foo Fighters - Monkey Wrench (pro) (upgrade) (World) (Addon)
034B4282D1AE2CA60963831A10FC1618AB4C5F5D45,Rock Band - Sleater-Kinney - You're No Rock N Roll Fun (World) (Addon)
035060864DC30B049B94B10335A79315683CC03345,Rock Band Network - Massive Slavery - Humanity's Last Hope... (2x Bass Pedal) (World) (Addon)
0356B3AC18B2EE3F40E6AE87C9392DA0CBDFABA145,Rock Band Network - Hellfire Society - Run Rabbit Run (World) (Addon)
035F10E4E05E0B3807B6F7F6F36C6CAF8ACF220545,Rock Band Network - Kings Queens & Fairytales - Fallen Into You (World) (Addon)
0369ED350AA9D170560A795B21816D17275BA2A24E,Clash of the Titans - Hades Challenge Quest Pack (World) (Addon)
0375906EC05DFABEB42A221F234EE05DB6F1E17645,Madden NFL 12 - Online Pass (World) (Addon)
0379E33052513AE0C935FE2046F9A0BA1BFB8F7545,Rock Band - Hot Chelle Rae - Tonight Tonight (World) (Addon)
03917DFB0EF9DEF086A47C8AD26B017D9C35ED3645,Rock Band Network - Sam Morrison Band - I Gotta Ride 2010 (World) (Addon)
039A44E94F157DF531AEC4877A258F2ECB194DE94D,Lips - Ash - Shining Light (World) (Addon)
03A13546073B78BCB58DEF6E1BC63EB276E5890145,"Rock Band - The Hives - Die, All Right! (World) (Addon)"
03AA224CCD3F2DC0917DC7F7CB4507B8CB50516445,Rock Band - Nightwish - Amaranth (pro) (World) (Addon)
03CDA1F20634CFEFB7020E7848ECD2FFB6F7F71445,Rock Band - Megasus - Megasus (World) (Addon)
03D273536B30F1F316F36BA3E4C03A79AACA9F1945,Rock Band - Yellowcard - Ocean Avenue (World) (Addon)
03E1C7833F4FA0F3BDA74251F80B19AA2DAABA264D,Lips - Jet - Look What You've Done (World) (Addon)
03EAF4889BBFAF09C7FE4299F83555C264FE864558,Hell Yeah! Wrath of the Dead Rabbit - Pimp My Rabbit Pack (World) (Addon)
03F13E017DA331AEDD48FAFC5CF409D820AA26E345,Rock Band - 30 Seconds to Mars - Kings and Queens (World) (Addon)
0431D91CE0CD9FC3BDFB94581A500558FEFF398245,Rock Band Network - All That Remains - For We Are Many (World) (Addon)
0449A73CA87076908D37DD1CAAC26285F84F83DC58,Soltrio Solitaire - Game Pack 3 (World) (Addon)
045674ED426A195154CDABBE34D8F83F571C329442,Fallout 3 - Mothership Zeta (World) (Addon)
045F044FC3520311D024F8E2D406F28A2560A94B47,Senko no Ronde Rev. X - Extra Costume - Cuilan A5 (Japan) (Addon)
046229F9937812C630C54B381CD7934DC9CE4CAE45,Rock Band - Johnny Cash - Tennessee Flat Top Box (pro) (upgrade) (World) (Addon)
04805A4558D8127F58BBA00B06EC2E27E8D672C145,Rock Band Network - The Bronx - Past Lives (World) (Addon)
0480D8D6684FED6BBC1D9D5F66DFBB55BD38733B45,Rock Band - White Zombie - Black Sunshine (World) (Addon)
048398FF682779033A9DF5ACBA5145B724BACEF745,Madden NFL 13 - Online Pass (World) (Addon)
0494C7FD9FBEC36882444511922749F557CD631745,Rock Band Network - Amberian Dawn - Sons of Seven Stars (World) (Addon)
04BAC02B67AB902AD2F24D5DEF99FE746E02764358,Yu-Gi-Oh! - Millennium Duels - Gusto Deck (World) (Addon)
04CCBB7F6DDACB18B609E050B69BB015CF054D0845,Battlefield - Bad Company - Conquest Pack (World) (Addon)
04CEBD73E2481D93143A8976D81C50883B2EC88B45,Rock Band - Superchick - Stand in the Rain (World) (Addon)
051C8C4B7E90369E70A998CBEED6333C4885770B45,Rock Band Network - Gang of Four - A Fruit Fly in the Beehive (World) (Addon)
0520D0098B4FCCC05FCEC9211EFBC78800BE9A1645,Rock Band Network - Akira the Don - Steven Wells (He Was the Greatest) (World) (Addon)
0531F3B249B386C02C1ADDAE0449F20146C5B1E345,Rock Band Network - Grynd Rodd Muse - Blood & Scars (World) (Addon)
055AC0E481D24F9D70FA85D03B08AB439CDD72CF58,Magic - The Gathering - Duels of the Planeswalkers 2014 - Deck Pack 2 (World) (Addon)
055FA56364B46002E132A3C06935BD9A798A603D45,Rock Band - The Black Keys - Pack 01 (World) (Addon)
0579B7396D6257A69E9CBD998DC234B88DCB0A3845,Rock Band Network - Flight of the Conchords - Business Time (World) (Addon)
0591C997FC7629D18C8B24E1962C5D78CCD39EF64D,Lips - Sister Hazel - The Dreidel Song (World) (Addon)
05AD99D6154FC015DF1EF9380750013AFE51EAB645,Rock Band Network - Johnny Cooper - Don't Feel Like That Anymore (World) (Addon)
05AE3978DEAAD7A6543E9EDB77382AC7DC0050514D,Project Gotham Racing 3 - Pack 2 (World) (Addon)
05B16A23128C684A27E68356ED5EA40CB0E717DA45,Rock Band Network - Kylie D. Hart - Firehouse Bar (World) (Addon)
05BEEE7120680D6A0ABA328135E14BA18F42B75B45,Mass Effect 2 - Blood Dragon Armor (World) (Addon)
05C3CBAF66CE6A9F01502133584E43BCA91838C345,Rock Band - Rascal Flatts - Me and My Gang (World) (Addon)
05E578FA4E2D79BCCFE642D7B4FA988124EFF95245,FIFA 09 - Live Season - Primera Division de Mexico (World) (Addon)
05EDE10A88076566C0188CF270B854A59654A19B45,Rock Band Network - Grieve for Tomorrow - Beauty is Deceiving (World) (Addon)
05F76113F683B4CDC4269FCA6C2894B6D4B4F5D945,Rock Band Network - Of Montreal - Heimdalsgate Like a Promethean Curse (World) (Addon)
05FEDBB031AB046B3DF74464EAFF6A21CC75469F58,Choplifter HD - Ostrich Chopper (World) (Addon)
060AD1DD45E6EB5A56FB5C46A2578CFC6314C80A58,Magic - The Gathering - Duels of the Planeswalkers - Deck - Teeth of the Predator (World) (Addon)
061312043AF9A4125CD8206D6B156CCA2A22659753,Hitman - Absolution - Agency HX UMP (World) (Addon)
062414787A814070FA177E1C472BA36D3884B1134D,Forza Motorsport 4 - January Jalopnik Pack (World) (Addon)
062F0C73428D357A4CE13E58A5777B593A77B31A45,Rock Band - Blondie - Rapture (World) (Addon)
06303EFF617AF6EDF5CA8EA0B3893B4714BA472845,"Rock Band Network - Woe, Is Me - & Delinquents (World) (Addon)"
0630E6C49BA70820789DDBF2C6F602DCD15C2BEE45,Rock Band Network - Bang Camaro - Nightlife Commando (World) (Addon)
0642F20E3734D53CD5AE31A82F53C1C032627C1345,Rock Band - The Runaways - Cherry Bomb (World) (Addon)
06476152842AD19B3566CDDCA3A4848AB507C0F342,Dishonored - The Brigmore Witches (World) (Addon)
0659A7F248A426D85C032AE9ADE4BAB553AF649A45,Rock Band - Soundgarden - The Day I Tried to Live (pro) (World) (Addon)
065D05E4C954B73A787D0A619CEB3EBFCACB682045,Rock Band - Caesars - Jerk It Out (World) (Addon)
0666256C868D12CF69A042607BED8653AC1A06A845,Rock Band Network - Amberian Dawn - Blackbird (2x Bass Pedal) (World) (Addon)
06789BDB07C18DA008635D191A5B795D7C3CF80C45,Rock Band - The Police - Walking on the Moon (World) (Addon)
068AFF740FD787EE11AD24FA0C2F374DAB4220C358,Tetris Splash - Fresh-Salt Water Pirate Theme (World) (Addon)
069C10A81E137F29DB82DF863D1786BC34DB111645,Rock Band Network - The Gracious Few - Honest Man (World) (Addon)
06A09337E8DAB06A787E15AAF97D312389B1126F45,Rock Band Network - Motionless in White - Abigail (World) (Addon)
06A50AD088367D801B723F56697F21A02D274EB245,Rock Band - Foreigner - Waiting for a Girl Like You (World) (Addon)
06A7AEE23BB86C5BBB1226458EAE0341BE22EFF145,Rock Band Network - Amberian Dawn - Shallow Waters (World) (Addon)
06B32E8FF3447106A687BBEF7EC9649AADC1E1EB58,Dollar Dash - Winter Pack (World) (Addon)
06B440EFC446C0CCADF27CEC797D47665B4C64BF58,"Maw, The - Deleted Scene - Speeder Lane (World) (Addon)"
06EAA6DED99EEEAC424E4E61CA5E29597A3DAB0B45,Rock Band Network - Death of the Cool - Everything I Hate About Myself (World) (Addon)
06F085F3001CCAE5284C4988B0DB87429194496A54,Dance Central - Gwen Stefani - Hollaback Girl (World) (Addon)
06F439CC53706583597C6763DCE3446B3A87426045,Rock Band - System of a Down - Aerials (World) (Addon)
06F6F56E40E072AAB1B9E0B60ADC6C8A126C4E6045,Rock Band Network - BulletProof Messenger - Control (World) (Addon)
06F9BC1CE6BF3E238503EBF0CE0C3E7B62DCA2D245,Rock Band - P.O.D - Boom (World) (Addon)
0700FA13A67A698C6942D82F4BC76E5546CFF8B945,Rock Band - The Jimi Hendrix Experience - Are You Experienced - Rock Band Edition (Album) (World) (Addon)
0703F7F85E40E000391F39F65A0383F7B112ED9745,Rock Band Network - These Three Poisons - Light Up The Eyes (World) (Addon)
07081434AE8C6D7120C5718115BF28181ED3850E45,Rock Band - The Police - Every Breath You Take (pro) (World) (Addon)
070AFC192EC6A99B33B7819C327377D422E1A28945,Rock Band Network - Iwrestledabearonce - You Ain't No Family (World) (Addon)
071989A3BB6451E6B3DCF1F0E7FA376990F6C59358,Minecraft - Xbox 360 Edition - Skin Pack 3 (World) (Addon)
071A76E07ADDF787EA4DA6156FAC0C2B7F8301B645,Rock Band - Dave Matthews Band - Ants Marching (pro) (upgrade) (World) (Addon)
0749E1F75594A9C90E3A418F17BF3A48DB7EBF3D4D,Lips - Chicago Song Pack (World) (Addon)
076005BBC909324A6446C8A65D2F282E161E16014D,Viva Pinata - Accessory Pack 6 (World) (Addon)
076012A02ADACEEF6DD513D5E3003E8122143C594E,Ace Combat - Assault Horizon - Downloadable Content 7 (World) (Addon)
076B6E9EDD8F04F058CD1AEBA10A3240F1501D0F4D,Lips - Vanilla Ice - Ice Ice Baby (World) (Addon)
077F3B90019B091AE46A05438921D4AD459D0EA158,Quantum Conundrum - The Desmond Debacle (World) (Addon)
078E3C1CD8FD4FD6719768401365C1076C6EB79945,Rock Band Network - A t o m - Satellite (Live) (World) (Addon)
07938D4A2CCA892520A5738F5DA2F75DFB0C91FC49,Test Drive Unlimited 2 - Amazon Pre-order Bonus - Aston Martin V12 Vantage Carbon Black Special Edition (World) (Addon)
0799A236D0506732141A5243D0DD40468A428ECE58,Skullgirls - Data for Title Update 1 (World) (Addon)
07CC4F3824C0C643E6BF1F2B9AE1464E08F8EB844B,Def Jam Rapstar - Young Dro - Shoulder Lean (World) (Addon)
07D897E7F0C7CC556F695E822EE7717719DEABD24E,Dynasty Warriors - Gundam 2 - Additional Mission 02 (World) (Addon)
07E1A2C93DC5D45F06ABD64EA79E5E9331DBBE4845,Rock Band Network - Minnesota Sex Junkies - Burning Rome (World) (Addon)
07F18DB1BCB6389104B81AD56F0FFDF1D0CA91BA45,Rock Band Network - The Cold Goodnight - Hurricane (World) (Addon)
07F9BBE8A6107070E04F149D3AD9C844CA1BB32045,Rock Band - The Von Bondies - C'mon C'mon (World) (Addon)
08140FADE23212EBB4A5DAEEF94B3B7941E0FA3B45,Rock Band Network - Sonata Arctica - Flag in the Ground (World) (Addon)
081713B4AD09E6B293BDC579AA574529D163DC5C58,Chessmaster Live - Spheres Chess Set (World) (Addon)
0845C18853117CF89450A904A57545DA4F1C7ECF45,Rock Band Network - John Parr - Monday Night Football (World) (Addon)
085189FC17D8E6E619074DF5A5ACFBCDD90AF75D58,Tony Hawk's Pro Skater HD - Tony Hawk's Pro Skater 3 HD Revert Pack (World) (Addon)
08541EC0BB1E1505D1A6BE3395589C6A6CD5A96058,Gotham City Impostors - Bats Logo - Macho Bat (World) (Addon)
08589F8597A72F3882D88A01FB40BDEF984052EC4D,Lips - K-Ci & Jojo - All My Life (World) (Addon)
0858D9A0C4063A012912C638BEF43857CB415F7545,Rock Band - 30 Seconds to Mars - Closer to the Edge (World) (Addon)
0869F66FB404770A9269733469E6696A273EE63F4D,Lips - Cheap Trick - I Want You To Want Me (Live at Budokan) (World) (Addon)
0882D86F3215EF4C8543322E6D1F71A64B3F8AD458,Yu-Gi-Oh! - 5D's Decade Duels - Card Pack 20 (World) (Addon)
08B39415844A0F7930500FC57189C855B5D28B2858,"Maw, The - Deleted Scene - Brute Force (World) (Addon)"
08C896D464B01A142A3C4F4569A63FBAE635409145,Rock Band Network - Drivin' N' Cryin' - I See Georgia (World) (Addon)
08DAD1D65BBAC3F2B802885DA69B7FACDE77DB4445,Rock Band Network - Minnesota Sex Junkies - Fly on the Wall (World) (Addon)
08DAE1E8D4A13A952C63AE5265CDFB4B9857794F45,Tiger Woods PGA Tour 11 - The TPC Blue Monster at Doral (World) (Addon)
08F0014BEA77FEB77EA8153A1E9A08E0D38B97B34D,Lips - Creedence Clearwater Revival - Who'll Stop the Rain (World) (Addon)
0908891E87FF2774CA5D5200CEA148BDEDD6C42445,Rock Band Network - An Endless Sporadic - The Triangular Race Through Space (2x Bass Pedal) (World) (Addon)
092203D3493B734E5177E2DAE6F107D8F792509854,Dance Central - Keri Hilson - Turnin Me On (World) (Addon)
09314000486BF54F05D81128A8CD93A1864A71C258,Magic - The Gathering - Duels of the Planeswalkers - Deck - Eyes of Shadow (World) (Addon)
093DE152C561AB1AE7626C680006A297D5B8B2544D,Lips - Owl City - Fireflies (World) (Addon)
0949175391DC42A20D3846B371BE0EC01019A39745,Rock Band Network - Raging Meats - Splosion Man Theme Song (World) (Addon)
094C0F0D694DAB48737254326675315DE6F60B0658,Defense Grid - The Awakening - Map Pack 4 (World) (Addon)
095484B18E0638F20924A12329E6399CFF7B601845,Rock Band Network - Warbringer - Living in a Whirlwind (World) (Addon)
095748A0A0E575EF5CE7A078E9059B53DA818A0D45,Tiger Woods PGA Tour 11 - International Pack (World) (Addon)
0964C390D5E66FCF4BA35F0311F618052409ED2245,Rock Band - Foreigner - Urgent (pro) (upgrade) (World) (Addon)
096C06776167410573284AC9413C4F139E2A29DF4D,Game Room - Game Pack 011 (World) (Addon)
097CA5A844BB6FF2A695EAF10B337874698F3C5845,Rock Band - Blink-182 - Dammit (World) (Addon)
09BA2DA0BC21E99779CA12C1E0D1E3284F2529AF58,Gotham City Impostors - Bats Shirt - Justice Pro (World) (Addon)
09BCE0B69F21E41C920BB9B7C632F9B679681A0A41,Transformers - War for Cybertron - Map and Character Pack 2 (World) (Addon)
09C10B6B80C0F3F016EE32150EC22F308200A82D58,Gotham City Impostors - Bats Gloves - Fingerless Fury (World) (Addon)
09DDC34BA7630C7051B7DD52EEC632B93AA2CBF945,Rock Band - Angels & Airwaves - The Adventure (World) (Addon)
09E20D8EAB32024DB1A91BC3FC09BC48EC6456AD45,Rock Band Network - The B.O.L.T. - Homeless (World) (Addon)
09E681C8467F0BD2B41BE2316DC289EA779771E254,Borderlands 2 - Sir Hammerlock's Big Game Hunt (World) (Addon)
09F63AB36A742B549C244AF18BAF7FEDA102F6FA45,Rock Band - X - Los Angeles (World) (Addon)
09FE99B4BAF2F06ED1F12132E7FBC9E2AEC651D245,Rock Band - The B-52's - Love Shack (pro) (World) (Addon)
0A0516A484523E3E4E8915EFCACD2EBA2266A03545,Rock Band - Reba McEntire - Fancy (World) (Addon)
0A13331B37FB8296E55360AC4C51C7A7822DF93358,Game of Thrones - Season Pass (World) (Addon)
0A22C5B740C57A65D9FC6635232A11DBDC6360FB45,Rock Band - R.E.M. - Losing My Religion (World) (Addon)
0A31E0F21591672969F5F1935FF9DA1FFBF3688145,Rock Band Network - OWL - Charmed (World) (Addon)
0A354CD6D5F7255E79B284FA0E029765B5AEA94758,Alien Hominid HD - PDA Euro Pack (World) (Addon)
0A6224610BD8C9C0DFF37525B40456D86CA6D8EA45,LEGO Rock Band - Export Pack (World) (Addon)
0A780B9603F98C52D0461BE73574C0EB5BFB61E045,Rock Band - 30 Seconds to Mars - Attack (World) (Addon)
0A8E0B700FA202A34238177134262B4E5DAFA27A58,State of Decay - Breakdown (World) (Addon)
0AC7A0F00ECD3E0191341F072796975BFD0D50CE45,Rock Band - Black Tide - Show Me the Way (World) (Addon)
0AC8F4A5A2B6E47B3391A84854BC86B039E4FA0745,Dante's Inferno - Dark Forest Pack (World) (Addon)
0AD1749799DE8FD78C209C76B5AC739BE790147154,Borderlands 2 - Captain Scarlett and her Pirate's Booty (World) (Addon)
0B29DE5BCD4B5BE802CC6B57D8C9B8696BD4D49658,Double D Dodgeball - Get Bent Pack (World) (Addon)
0B335CBB87AD8382757573CE6513DB843245B08341,Call of Duty - Modern Warfare 3 - Elite Drop 15 - U-Turn-Vortex (World) (Addon)
0B3A288F283F78130BFCDE9B7163514E3F4FE07C45,Rock Band - 38 Special - Hold On Loosely (pro) (World) (Addon)
0B4E34D312B61C7D54465B54E10E2AA0BB392CCF45,Rock Band - Bullet for My Valentine - Waking the Demon (World) (Addon)
0B5E7EF3020CAD9A20C869A7AEF766C6606440144D,Lips - The Cardigans - Erase-Rewind (World) (Addon)
0B67DF0C7D375F6E5EBBAD43DE7BF52109006ACE41,BlazBlue Continuum Shift - System Version Data Pack (World) (Addon)
0B7553637B0C3FB289C6A9416C21AF82CB48B3FF45,Rock Band - Iron Maiden - The Wicker Man (pro) (upgrade) (World) (Addon)
0B8E7753A8BE76A27D270321060ABBA3FD10267243,DiRT 3 - Monte Carlo Track Pack (World) (Addon)
0B916823B71160D22DF93BDDB7D30D4C9FE402A645,Rock Band - Turbonegro - Wasted Again (World) (Addon)
0B97E2D223A836D3C1F7F6636E0CDDD8610F6E864D,Lips - Blondie - Rapture (World) (Addon)
0BA1774CB1F1F2C3D121D3300CAE3A94D085CD9C4D,Game Room - Game Pack 010 (World) (Addon)
0BBE8A49F8D22AB247CB4824FC5C5236E066BF3245,Rock Band - Rush - Moving Pictures (Album) (World) (Addon)
0BCB745E2F08FF2101EA1701FEB72295F74E99CD45,Rock Band Network - Taproot - No Surrender (World) (Addon)
0BD9440759B32F48936A07D018E396951EB840E758,Minecraft - Xbox 360 Edition - Moana Character Pack (World) (Addon)
0BE10F3081F854739141DFF23125390C24B4C38E45,Rock Band - All Time Low - Weightless (World) (Addon)
0BE2E506784D57FF9BA09D04A0F22ACEECC2BC8E4B,Def Jam Rapstar - Drake - Over (World) (Addon)
0BF27D94DC1575E5591899190DEAFAE0C2EF227845,Rock Band Network - Suicide Silence - Disengage (World) (Addon)
0BF60F002BBD693E7BAAFC36982DB0A1A092BF2745,Rock Band Network - Freen in Green - Halftime (World) (Addon)
0BFF077ED6480227EDF52A3F276EC4535856FD3758,Kinect Fun Labs - Bobble Head (World) (Addon)
0C005C463E2FD2CB30B23BC6BA376512059BE15545,Rock Band Network - The Slackers - Every Day Is Sunday (World) (Addon)
0C0A26F57B1AAFABAA6C77E350D8C0835683504E58,Jam Live Music Arcade - Jaytech - Overdrive (World) (Addon)
0C1E44A5FFA4BF0DC42E38F5DC05C7F732A33FC645,Rock Band Network - John Garrison - Lost (World) (Addon)
0C427A64E32E311950C3D5FFCF5401BB6042F23B49,Test Drive Unlimited - Test Drive Collection - Volume Three (World) (Addon)
0C489C0B0EBB21C7FA892D5966AF54BB424476C645,Tiger Woods PGA Tour 11 - The Predator (World) (Addon)
0C4E864B6F087A1D579700B11FD49C564D8B474445,Rock Band Network - Buckner & Garcia - Froggy's Lament (World) (Addon)
0C7631AC5F4BA77B57C9E48E7FC15D08266297FF58,Monopoly Plus - Monopoly My Little Pony (World) (Addon)
0C7C3029A7DD4C13636AA7327E90F4E5563439F854,Borderlands 2 - Compatibility Pack (World) (Alt 1) (Addon)
0CBE46A2A8650D47AEB0790F6DC8E9565C37B1A845,Rock Band Network - Saint Vitus - Blessed Night (World) (Addon)
0CC6D34058221982F68AA3B501380E6977C7F2A65A,Two Worlds II - Defense (World) (Addon)
0CEBF752A25CDA821FAA54CCEA54C30922AC257E4D,Gears of War Map Pack 1 - Theme Pack (World) (Addon)
0CF812419F6DA098858C1408AFBA896FF76D751845,Rock Band - Flyleaf - Again (World) (Addon)
0D0123F0CE19A1D7B3FFD43C50B6B87D78EDEF4058,Frozen Free Fall - Snowball Fight - Autumn Pack (World) (Addon)
0D0674230316B745F5F182AFACE1C923CE78926B45,Rock Band Network - Amberian Dawn - Kokko - Eagle of Fire (World) (Addon)
0D172E1F5C7A8D95C8BD2603EAD28D0A8690867958,"Wolf Among Us, The - Episode 4 - In Sheep's Clothing (World) (Addon)"
0D1C30B57E40939349BFE65206A04FF74485F1EB45,Rock Band - All-American Rejects - Dirty Little Secret (World) (Addon)
0D22C2441D1CA50C185F7A3942259ED17874193958,Worms - Retro Landscape Desert (World) (Addon)
0D2A2114F018F1BA361529F6B4B7D3A9FA2997CD58,Game of Thrones - Episode 4 - Sons of Winter (World) (Addon)
0D3B8001DB5AADDF7AA5278281678A31CBCDEBBD45,Rock Band Network - Andromeda - Another Step (World) (Addon)
0D44EAEB9D82CC3240A896898A4B9FC652F554E858,Batman - The Telltale Series - Episode 2 - Children of Arkham (World) (Addon)
0D533B81F1CF06F8E52852F6A53CED3E8015638545,Rock Band - Flobots - Handlebars (World) (Addon)
0D54B4991BAA9FC123C6F902EB81411870817F7C45,Rock Band Network - 3 Inches of Blood - Battles and Brotherhood (World) (Addon)
0D645FEAE62BF14D42475D8807180554DA28B51D45,Rock Band Network - Shylo Elliott - Alpha Strike (2x Bass Pedal) (World) (Addon)
0D6DDC965FA58180C9E09E99BFB3E2ACF95B443E45,Rock Band - Morningwood - Best of Me (World) (Addon)
0D7436F2F2FB38408D5FD0B2E4CDBD1BE665C82E45,Rock Band - Green Day - Pack 02 (World) (Addon)
0D76123EB46107A4AF9FBA817A20F7840C856BD345,Rock Band - Serj Tankian - Sky Is Over (World) (Addon)
0D89B73C58E54EB719A512A96AA3BD5BC911B3D945,"Rock Band Network - Mayday Parade - When I Get Home, You're So Dead (World) (Addon)"
0D9AB06E4D7319E72139881A7E8661569E78686F45,Rock Band - Thousand Foot Krutch - Fire It Up (World) (Addon)
0DB3A299E4333375E3F0177D11DA1685573050C64B,Otomedius Excellent - Kokoro Belmont (USA) (Addon)
0DD699EAA503B50AB213DE6AA9CD1FB2A0F3B4AC4B,Tropico 4 - Modern Times (World) (Addon)
0DE0DBF49737ED400A667AFDC3BC5F1FA3F606DF45,Rock Band Network - The B.O.L.T. - Genius (World) (Addon)
0DF81066CD69ED0D46EC1BF95964380F4CBDADCD45,Rock Band Network - Distant Autumn - The Christmas Song (Live) (World) (Addon)
0E1E847C1F3C4B1AC9C3501F38EC0B9EDAFA342558,Minecraft - Xbox 360 Edition - 1st Birthday Skin Pack (World) (Addon)
0E239CFDAF66CDC22944093F53D6197899BE561758,Rhythm Party - Master Level Pack (World) (Addon)
0E507BE4D5C302581252B97B0C23A595D5BB4B9558,Mega Man 9 - Proto Man Mode (World) (Addon)
0E708821F8A9C0F6E1823CB611878EF4AB86332B58,DeathSpank - Thongs of Virtue - Tankko the Warrior (World) (Addon)
0E72A9235BB15E656C97638C9EC4F158EC6530DC58,Mega Man 10 - Special Stage 3 (World) (Addon)
0E8068C38D78556265301454E1C57C640C0C0C084D,Lips - 3 Doors Down - When I'm Gone (World) (Addon)
0EABA65657A183564096BF85C848C618A4EAD65345,Rock Band - Relient K - Must Have Done Something Right (World) (Addon)
0EAD4EB5E7E36B9C58ECE8A8CE453E09E3A3FA9A42,Oblivion - The Orrery (World) (Addon)
0EB2273B2FF8D781FAF98E89ECADE415C658BB0845,Rock Band Network - Silent Descent - Beyond Grey (World) (Addon)
0ECBD8C241A4746A93F4BCEED9598A11BB9674F845,Rock Band - Against Me! - Stop! (World) (Addon)
0ECE02961906BF3D7E12967C15FEE937926481FC45,Rock Band - Motley Crue - Saints of Los Angeles (World) (Addon)
0EDAA2F40FB4D3A22F4F2398FD91DF4B5E0012DD45,Rock Band - Phoenix - 1901 (World) (Addon)
0EF38912A6356683E35F83D1BE098A545AC3955845,Burnout Paradise - Cops and Robbers (World) (Addon)
0EFB96DEE56DCD911735C4C02486C3CB82095BCD4B,Port Royale 3 - Harbour Master (World) (Addon)
0F07C1CAE2C3B24FC1EBA127EEFE3C409798648045,Rock Band - No Doubt - New (World) (Addon)
0F1EF4EE4BD72E1A18316B7835A8CE913D428BF841,Arcana Heart 3 - Additional Character Colours for All 23 Characters (Japan) (Addon)
0F4C0ED5D48449ED5B251684040F5B708D79AD3245,Rock Band - Live - I Alone (World) (Addon)
0F53107AE532717160FD089AC30A8EFA73AC16ED45,Rock Band Network - Jonathan Coulton - The Future Soon (World) (Addon)
0F5CBADAF2412A93D27D1A7A0DC110C06BC8F7DE45,Rock Band Network - Otep - Smash the Control Machine (World) (Addon)
0F7266FCA9F710526AD767640A9F0949426AC79745,Rock Band Network - Color Theory - We're Not Getting Any Younger (World) (Addon)
0F7B5D7E1BDAE49F9680217C165CF6BDE9BA8E3158,Yu-Gi-Oh! - Millennium Duels - Hazy Heraldic Pack (World) (Addon)
0F82F352C291C208E4835025694184880C1F971E45,Rock Band - Bon Jovi Greatest Hits - Rock Band Edition - Livin' on a Prayer (pro) (World) (Addon)
0F876FFA8741CCFAE7D92994C1ECA328B840D9BD45,Rock Band Network - Giraffes - Giraffes! - Werewolf Grandma with Knives (Part Two - Don't Die) (World) (Addon)
0FA0F4786BF1349DA19EA0EFCC9C04C96C8DFC3E45,Rock Band Network - Rodrigo y Gabriela - Hanuman (World) (Addon)
0FA92D0C704F5E405D40646ADA027DDBE78B51C858,Guardians of Middle-earth - Thorin Oakenshield - Playable Guardian (World) (Addon)
0FC0F0508A1F7F32C7036BF22E22881B4CFDBA0F58,Capcom Arcade Cabinet - 1984 Pack (World) (Addon)
0FC28CB66E22D1F7B6AAB1DE1022B9D771085E0545,Rock Band Network - Man Parts - Motorcide (World) (Addon)
0FCA51EA44566C2F8A0184AAB6EB102D9197126558,Pinball FX 2 - Fantastic Four Table (World) (Addon)
0FCE719DFA17EAC1D12284ED8A3D4C39BD74000958,Fruit Ninja Kinect - Flower Power (World) (Addon)
0FEFC213A6D7B79E3C51E72FABC6B6470B355EF858,Fruit Ninja Kinect - Space Capsule (World) (Addon)
0FFBAEE5525419B4F045048C72ABC2A8F5C0C9A645,Rock Band Network - The Novocaines - Cup of Coffee (World) (Addon)
100301F59FBE23D269703B5465696CAB6FBC28B345,Rock Band Network - Don Tetto - Adicto al Dolor (Lagrimas) (World) (Addon)
1005658DC5D03340EEC6EDC78E53B49FFF2E89264B,Otomedius Excellent - BGM Pack 8 - Arnval (USA) (Addon)
100F0D97D7ABA5566969B62D5F3A4BE64F0A3AE958,Crimson Alliance - All Class Pack (World) (Addon)
10193000C2AF94AFD4C987BAD6D7F633497E51BB41,Call of Duty - Modern Warfare 3 - Elite Drop 7 - Sanctuary (World) (Addon)
1037E140AAE095A114EB9BCA055CE2B41255964845,Rock Band - Siouxsie and The Banshees - Peek-a-Boo (World) (Addon)
1042461AB976F202076D1E31232B4CC611DB7E474B,Dead Island Riptide - Alternative Skins (World) (Addon)
104898459FF64F37C562685B238DCC543F489E8045,Rock Band Network - The Knew - By Yourself (World) (Addon)
10583E21BBC81088E20A318F75FB24A63680808545,Rock Band Network - Cynic - Evolutionary Sleeper (World) (Addon)
106597A79C2C9F17EB8D4AC2938810D7759BD0AE45,Rock Band - Toto - Rosanna (World) (Addon)
107174E58457AB5E31A0FB52654FCBC3AD37AE5158,Goat Simulator - PAYDAY (World) (Addon)
107801CC8E6F17B0F5FA6D1A2D04C81938BD0B1945,Rock Band Network - Killbody Tuning - Seestrasse (World) (Addon)
10865909AEB0AA98AECE0D89688C690A4AC714EF4D,Lips - Travis - Why Does It Always Rain On Me (World) (Addon)
1093AAA0482FB74C94C62EBAD7AE8DBF9E2E0EAB45,Rock Band Network - John Parr - Naughty Naughty (World) (Addon)
10A2B6CAEA892066BF018B14538C0B1740A89ECF58,Minecraft - Story Mode - Season One - Episode 5 - Order Up! (World) (Addon)
10B23082CC5A9BE457B45A45E15FB07CB964605A45,Rock Band - Garbage - Why Do You Love Me (World) (Addon)
10B32DA688536B460C2C8AA46A09538C9728918E53,Hitman - Absolution - Agency SPS 12 (World) (Addon)
10BF81BB42A6D7CCE3B3D7BFAB2538AEEFA2CE8A4D,Lips - Duncan Sheik - Barely Breathing (World) (Addon)
10C6F0CDBD6B6D97BEB96019C87E8FDA8593DE5145,Rock Band Network - Murder FM - Machine Gun Kisses (World) (Addon)
10F0397F5E876A3C7D6B9C56D0871AC2FD626C6C45,Rock Band Network - I Am Cassettes - The Exit (World) (Addon)
10FA8E891FC4D9A0F6D11CB6A04819F72EF9190445,Rock Band - Celebrating Band on the Run Pack (World) (Addon)
10FED4519CA69AB697155B3D7F2F365999A0B9394B,Def Jam Rapstar - Gucci Mane - Wasted (World) (Addon)
110CF2D690ECC5583863FFB358320A512BC333D258,N+ - Level Pack 3 (World) (Addon)
1116AAB91301EBE91BE7105B033E851179B971FE45,Rock Band - Little Fish - Am I Crazy (World) (Addon)
1117B884AB03B946F5788CC349A41E7DDE60AAC345,Rock Band Network - Fear Without Reason - Home (World) (Addon)
112BFF752E7FE439EAE217396C8104200186B5DB58,Guardians of Middle-earth - Compatibility Pack #4 (World) (Addon)
113DABFDC44637D15DEFB886003D9790BE22F88145,Rock Band Network - Close Your Eyes - The Body (World) (Addon)
1151F44C4390BFC02C9A3550F55EA1489D62E46553,"Last Remnant, The - Challenge Pack 2 (World) (Addon)"
1154900CB3705606E799F0DE3EC4D0BB554FF1A553,Sleeping Dogs - The Movie Masters Pack (World) (Addon)
11801CFE1CF69746B0508B38F3651E5FAEC4947B58,Buku Sudoku - Puzzle Pack 02 (World) (Addon)
11812284746A0214130B9E1312E458FF56FF6B3B43,Dead Rising - Grandpa Key (World) (Addon)
11885AA78BE75CC9A421A8D0511249AAE2A3B37E4B,Otomedius Excellent - Strarf (USA) (Addon)
11A358E0C418CA673B710AE68ED3068601B0B9AA58,Gotham City Impostors - Bats Cowl - Rubber Justice (World) (Addon)
11A6F0E4EE9991F11986CBE085875AB184FC13CF43,Resident Evil 6 - Siege Game Mode (World) (Addon)
11B4749F01BD13E7C157FF91555D68DF2FE166F158,"Pinball Arcade, The - Season Three Bundle (World) (Addon)"
11B9E0BEC8A038EB9AC13766FA6D5394DFEBDC1645,Rock Band Network - Modern Skirts - Bridges and Overpasses (World) (Addon)
11C03790801889F32033942A9E6A6F3A3DA2D8FA45,Rock Band Network - Of Mice & Men - Those in Glass Houses (World) (Addon)
11D3DEF3CF8C83CC99F8F4699DFD36B67CC6BBCA4D,Lips - The Cure - The Lovecats (World) (Addon)
11DA2EEFDCA16A0BAC1C2969E1B30F7C64813C6841,Call of Duty - Modern Warfare 3 - Elite Drop 24 - Parish (World) (Addon)
11DCC654377FD562A6FF86D7002F25EA4FD4D75945,Rock Band Network - DeBaser - Happy Little Tune (World) (Addon)
11E224B873EF9A7D25F197493A3CEC5009101C2E45,Rock Band Network - Emmure - Demons With Ryu (World) (Addon)
11E6AA94D24E2AA501023F931BA05CAB1FF31B1E45,Rock Band Network - Nothing More - Fat Kid (World) (Addon)
1210A0E34B3B51308DAAC14904C8197ABCDAD99A54,Prey - Tunnel Rat (World) (Addon)
1220DC9F868E603CF3EE592967D96E44936E55E654,Sid Meier's Civilization Revolution - Map Pack - The Surreal (World) (Addon)
1235E3EB92ECEB75B419E298E0A79709C742BCFC45,Rock Band Network - Thunderdikk - Bra Off Party On (World) (Addon)
12379835522D8DDD43854879D2CA6CF66834E66945,Rock Band - Bad Religion - Sorrow (World) (Addon)
123A3176EDC2DEE4DC6D52A50733DF93ED0AC58654,Borderlands - Mad Moxxis Underdome Riot (World) (Addon)
125369524AFFBE46F964EFF9EFCF30C774E5D88458,Guardians of Middle-earth - Survival Game Mode (World) (Addon)
1266B34A16BC9BAFE93DA457F021597FE54E54FA58,Pac-Man - Championship Edition DX+ - All You Can Eat Add-on Pack (World) (Addon)
12885435F78229C6BA91CB303A8432231FA8328447,Under Defeat HD - Additional Player Aircraft - VKL7.04(V)W (Japan) (Addon)
129BF469DB9C6149840D4A082D13A04E221CC0E158,Moon Diver - Score Attack Modes - Orbit and Rage! (World) (Addon)
129CAF5A5F7FA39961A28A69ECB82BE335295B1D4E,Dragon Ball - Raging Blast - Alien Warriors Pack (World) (Addon)
12C72E516478C744D4B5582F449F92BCC85C733245,Rock Band Network - Blue News - You've Got Someone (World) (Addon)
12D53B3A2496B1BBDACB57D672FB9B0A2399D39C45,Rock Band - White Stripes - Pack 01 (World) (Addon)
13062F8323811A8296AC4EEF377BF85B814C789245,Rock Band Network - Amberian Dawn - Lost Soul (World) (Addon)
1307D4E3992694426A04813C5B3845F1FB95D09145,Need for Speed - Carbon - Dump Truck (World) (Addon)
1308A8226B73780BC8ECFD32239E9991A6AF882858,Might & Magic - Clash of Heroes HD - Advanced Opponents! (World) (Addon)
131523A373AA5720EDB9438112D608C1E16B9F0F4D,Lips - Coldplay - Clocks (World) (Addon)
132363ED667525404EA1B8ADCB95945A3B3A4E6744,Onechanbara Z - Kagura - Accessory - Devil Ornament (Japan) (Addon)
13255BB2AB46078F7073ED5B9E03908A297D430445,Rock Band - Audioslave - Gasoline (World) (Addon)
133302FD45E2780FC8B5BC0D5BF48AF9E9FF180C4B,Def Jam Rapstar - The Sugarhill Gang - Rapper's Delight (World) (Addon)
133C099393A283B85C3555F56470B6C12BE4C95F44,Onechanbara - Aya Extra Costume Data (World) (Addon)
134AF789FBB0B6414590F5CCC9E30BBCE41001DD45,Rock Band - Judas Priest - Pack 01 (World) (Addon)
134BD7FDD1A0585F8D45FA17EE79863E4390252358,Yu-Gi-Oh! - Millennium Duels - Watt Pack (World) (Addon)
134DBB69864F5FD698F32167F5954F7DB947522E45,Rock Band - The Flys - Got You (Where I Want You) (World) (Addon)
1354BF5096DF5977A5B6EE9FB7BEB6CEE2DD246145,Rock Band Network - A Day to Remember - Better Off This Way (World) (Addon)
13590915029512BB6AB96B26E5C518318E82444D45,Rock Band Network - Brownies - Fool (World) (Addon)
135A5A21C38F99F45CFE920C02B3D4225E8D7E3A58,Pinball FX 2 - Bethesda Pinball (World) (Addon)
13688C33458E09A815DB58668CBD61CFCF5591A258,Gotham City Impostors - Jokerz Face Paint - El Muerte (World) (Addon)
138E17C1205AE13A63820C18F10DD510C5A7555158,Yu-Gi-Oh! - Millennium Duels - Machina Meklord Pack (World) (Addon)
139730E25C8192867F6D4E8592950D79EFF1662444,Onechanbara Z - Kagura - Kagura Costume - Mainyuu (Japan) (Addon)
13C0D48B459E9F77556C136F47D76BCC3C22590542,Disney Universe - Phineas and Ferb Level Pack (World) (Addon)
13C4E5CA894FFD091CD95FF9F940A6EAA0A25EE445,Rock Band Network - Mudvayne - Happy (pro) (World) (Addon)
13E02B726D35144EB46E9AA5B96900B2B811F0AD45,Rock Band - The New Pornographers - Use It (World) (Addon)
13E2064584A4BA7759BA105051C2199ABC5FA5554D,Forza Horizon - Pre-Order Car Pack (World) (Addon)
13E6A6D0B6E86DF5530B39280F5A5975018C1F6E45,Rock Band Network - No Justice - Love Song (World) (Addon)
1404B3CA7F92609C1AE7D50A53B3560330D3E9B454,Mafia II - The Betrayal of Jimmy (World) (Addon)
1416CB3B8333BF6B234B01401B9C338A4D73D49C58,Marvel Puzzle Quest - Dark Reign - Volume 1 - Science Friction - Hulk & Punisher (World) (Addon)
142A339B078D8A44B1ADCAA69E19B25FCDA7B30045,Rock Band Network - Mortice - Mayhem (World) (Addon)
142DD41D998DDA0AD2A445634043D80B97A2B1D558,Minecraft - Xbox 360 Edition - Battle & Beasts Skin Pack Volume I (World) (Addon)
1430C1B634CBE96594466DBE37ACF6C4269F48C645,Rock Band Network - High Voltage - Supernova (World) (Addon)
14412796590A02C3C6CCC06F3501DF948BAE71CE55,Rabbids Invasion - The Interactive TV Show - Pack 2 - Season 1 (World) (Addon)
14536BDF42E22D9A7C9C9FC6A61D595548C4AAB545,Rock Band Network - The Dillinger Escape Plan - Gold Teeth on a Bum (2x Bass Pedal) (World) (Addon)
1454322DACFFA4CADBAB1F0C4455DAACB6273AAD45,Rock Band Network - Cory Wong - Upstream (World) (Addon)
14618792C7C51D46666E626AA3C8868E59ADC3A758,Snoopy Flying Ace - Suppertime of Destruction Pack (World) (Addon)
1463A8FC079DBF045B446F2CAB187421F8A3AEA945,Rock Band - Counterfeit Pennies - Say What You Want (World) (Addon)
146FA55F5E4CB29F3D9CAE6A250E7666DBB904A745,Rock Band Network - Amberian Dawn - River of Tuoni (World) (Addon)
147D05F067DAADE1CD5F7D84DA7ADBBB85E867E445,Rock Band Network - Order of the Crimson Wizard - Scream Ceremony (World) (Addon)
147E8D4EDA767DEF4C3AFE01498C36FC596BB6F945,Rock Band Network - The Apples in Stereo - Dream About the Future (World) (Addon)
148C543B7388B491F42782BDA61600C0FD02C2F545,Rock Band - Maroon 5 - This Love (pro) (upgrade) (World) (Addon)
1491CF51BFAFCC27DB467825A15B7EE39C19D31D45,Rock Band Network - The Strokes - Under Cover of Darkness (pro) (World) (Addon)
149E9DEFEDAB27B059941FF507E38B5E5E05167345,Rock Band - Shinedown - Devour (World) (Addon)
14B0F292E580A3492C978B5EE851958148118E7358,Game of Thrones - Episode 5 - A Nest of Vipers (World) (Addon)
14B2E852271885F13FEFD3E097B5A664D3116BB045,Rock Band - Billy Joel - Movin' Out (Anthony's Song) (pro) (World) (Addon)
14B647132A76FD365F991A24010A0D2E7C9B7B0345,Rock Band - Soundgarden - Jesus Christ Pose (World) (Addon)
14D22F140D379F43EC6DEF36A631EA01E1940EE041,Call of Duty - Black Ops - Classic Zombie Pack (World) (Addon)
14E010B54008E4FFC64058AE87D90E31B538147545,Rock Band - The Offspring - Days Go By (pro) (World) (Addon)
14E724D2F7313F592B39DFF40F73B0D74A82840D45,Rock Band - Smash Mouth - Why Can't We Be Friends (World) (Addon)
1500532E905DFBC7913E621E4F9EB9F4FF7EB57545,Rock Band Network - Iwrestledabearonce - Tastes Like Kevin Bacon (World) (Addon)
151003FFFD951BBE4616D26659B98904FB59792358,Fruit Ninja Kinect - Art Box (World) (Addon)
151E0EEA8F244C08270749297665F9405476795741,BlazBlue Continuum Shift - System Version Data Pack (World) (v1.03) (Addon)
151F73EBE303C0088B173ABFA96D6AAF3E025CD34D,Lips - Snow Patrol - Spitting Games (World) (Addon)
15228BA2C73F93B9021A6132D349C959246BD18D45,Rock Band - HIM - Pack 01 (World) (Addon)
1578C56F46BDA93E46F36D52967D1EE2CE5BE4A245,Rock Band - Carrie Underwood - All-American Girl (World) (Addon)
1588B7EBFD74695E47FC81B87CF7E0A6F57E5CB645,Rock Band Network - Emery - Butcher's Mouth (World) (Addon)
158A8470AB382B18116E811F5669E6FCE4154A8B45,Rock Band - Staind - So Far Away (World) (Addon)
159F3DAA7CC119487FF9CF7672A39A2D69993EA545,Rock Band Network - Texas in July - Uncivilized (World) (Addon)
15AA7A2DB834BA986FEB9130A722CE37D8BF4F214B,Otomedius Excellent - Diol - Tita - Esmeralda - Library (USA) (Addon)
15AECE70C1946693C6A22FF7EBDA732DE250382D4D,Lips - Robbie Williams - Eternity (World) (Addon)
15BC400692EAD1FF1B80894DEFAA50463BE174EE45,Rock Band Network - The Bunny the Bear - Lonely (World) (Addon)
15BECF1CBF6CD9E14D332B1FFE71DDBBC4FC112C45,Dragon Age - Origins - Promo Item Pack 1 (World) (Addon)
15E23A6DA64346873BB463F67B8CEDB1277DC34445,Rock Band Network - Merlot - Angeles (World) (Addon)
15E7D80C51B8AEFA298F7446F9A617C3B5D735D954,Saints Row - The Third - Gangstas in Space (World) (Addon)
160DD8D0510558CEDCB69E944E4E17BF0D0922A345,Rock Band - Lynyrd Skynyrd - Saturday Night Special (pro) (World) (Addon)
160E5F514DB2D6183C6C5CE140F1357B09966DAE4D,Lips - Snow - Informer (World) (Addon)
16267480E17E412B3AF49CC5FCCA615678DC35A44D,Lips - OneRepublic - Secrets (World) (Addon)
1629695D200D5C9291E7558D202D0A4BB4FBD46E42,Fallout New Vegas - Classic Pack (World) (Addon)
1657D0F0B368AE76ED22674265AFFE8C336C50A958,Minecraft - Xbox 360 Edition - 2nd Birthday Skin Pack (World) (Addon)
1664BE775C56A4F841928DBB64A7BC352F1DA75E45,Burnout Revenge - Spike TV Car (World) (Addon)
166D291967ADAD33A776B09F44B8230C0918E9D545,Rock Band Network - Garage A Trois - Power Patriot (World) (Addon)
168CBC0A6768A7493857BD0FDDAD142ACFC275FA58,Pacific Rim - The Video Game - Add-on 01 (World) (Addon)
168E96392C945FFB1CBEFD0D2043CB3CC32AA2C645,Rock Band Network - Soil - The Lesser Man (World) (Addon)
168F315AF9D4A436C3E5BF13321C399407E684B045,Rock Band Network - Madlife - Tantrums of a Giant (World) (Addon)
169055BEEAF62BF29525B52B455DF26BED32B8454D,Lips - Nickelback - Photograph (World) (Addon)
16B7BC8903318D8A94D949EDB6E21A25A2178CBE58,"Pinball Arcade, The - The Phantom of the Opera (World) (Addon)"
16C513718D0DFA111DB24D69D2961EECDBE97DEA58,Pinball FX 2 - Classic Collection (World) (Addon)
16CBF935BD35305B49F22E1B57B85BCD15C2F14C45,Rock Band - Kasabian - Shoot the Runner (World) (Addon)
16DED57CDA46C458720A88AF9B77A0EA14A2A63045,Rock Band Network - Slightly Stoopid - Closer to the Sun (World) (Addon)
170C93E0BE41F99347BC3D20FE13C52DC5AAAF9845,Rock Band - System of a Down - Hypnotize (World) (Addon)
17287C3598A8B39FF334B4BFCFA562B9E0F061D741,DJ Hero 2 - Trance Anthems Mix Pack (World) (Addon)
1748D5F4F7E6131A093A626598302D9E4DC4B5444D,Lips - Mary Wells - My Guy (World) (Addon)
176EF2BE8644BB4633F810D35EBFC25842CCE10E4D,Lips - The Kooks - Naive (World) (Addon)
177FDBAAF6723084AC39821A33444453502ABEB445,Rock Band Network - Attack Attack! - Stick Stickly (World) (Addon)
17CAB64DA79462A47045C61CA022FA4E6CA8186345,Rock Band Network - Ayreon - Dawn of a Million Souls (Rock Band Mix) (World) (Addon)
17E2EA1EEE87931F32835BD6C48246929D01821845,Rock Band - My Chemical Romance - Teenagers (pro) (upgrade) (World) (Addon)
17E950FCD3A866A14DFE86B43188C3795961BFE845,"Rock Band Network - Van Friscia - Epic Symphony in A Flat Minor, Third Movement - Zero Hour (2x Bass Pedal) (World) (Addon)"
17EEB204E28AB4383A2940274FEC5C464BA3FC694B,Otomedius G - Gorgeous - St. Gradius School Costume - Aoba Anoa (Japan) (Addon)
17FE33391AC9FC3FA8250B77A2664A37E0BBB4CC45,Rock Band Network - Freen in Green - Nocturnal Wasteland (2x Bass Pedal) (World) (Addon)
180964E40FDF2EF553D21EFA2F506394F96FFCD254,Red Faction - Armageddon - Recon Pack (World) (Addon)
180E1BF669D3CE0F79160D145C5263ED10E8D1CE58,Gotham City Impostors - Bats Logo - Celtic Bat (World) (Addon)
1811EA34AFC1B44C0B72E522A16E7356F1DB1E2358,Yu-Gi-Oh! - Millennium Duels - Gishki Deck (World) (Addon)
1814949F8D093517CBFFBCDCB310624427EE72EC58,Minecraft - Xbox 360 Edition - Biome Settlers Skin Pack Volume III (World) (Addon)
181AA4ECE1849139F2186F821F10EB29A443194C43,Resident Evil - Revelations - Catalog Data - Weapon Pack (World) (Addon)
181F8367572E7ABF508B2EA49A53A06DA1B701EF45,Rock Band Network - Broadcast - Love and the Triumph Of (World) (Addon)
183BC998A2A302AA010B858ED5EAC4143703272358,Real Steel - Add-on 05 (World) (Addon)
1846B4242BBB6532CA2E3FD0B43D0F9C0F6338EB45,Rock Band Network - Dying Fetus - Your Treachery Will Die With You (2x Bass Pedal) (World) (Addon)
185496AAC12911BC6FE9466C99AB86171F2C0D1845,Rock Band Network - Riverboat Gamblers - Robots May Break Your Heart (World) (Addon)
1859337987680E4BFF39417E67D7040051022ECE54,Homefront - Battle Code (World) (Addon)
18BA8A3A660CFABCB88E0409C79AB0DD9DE21A5A45,Rock Band Network - Of Mice & Men - Second & Sebring (World) (Addon)
18BAFF13C97579715E2D9E16015FD7175404757F45,Rock Band Network - Chiodos - Lexington (Joey Pea-Pot With a Monkey Face) (World) (Addon)
18DF2CD78EFE0A01CF649B58765E322E4E443D4B45,Rock Band Network - Ultra Saturday - Dawn of the Condoms (World) (Addon)
18E46172E221902F6AE4E80969648B380C1985D64B,Def Jam Rapstar - LL Cool J - Luv U Better (World) (Addon)
18E59EFD8CBE177E552900CAC2A8E10B9CB480024D,Lips - Yellowcard - Ocean Avenue (World) (Addon)
18F7F6979F805CEFB3A040258DCE01933E75EB4945,Rock Band - Tom Petty and the Heartbreakers - Even the Losers (Live) (World) (Addon)
1913338B7A64582BC9E87C44E4214A9D6907A4A145,Rock Band - Devo - Girl U Want (World) (Addon)
191D909E2390AAB5F313FDCC8F53430E875CB4CC45,Rock Band Network - Longwave - No Direction (World) (Addon)
19232D38F162C6DCC05CF4A5454AE499B84DF18045,Rock Band Network - Andy Kirk - Beautiful (World) (Addon)
1930ABBB8D6084C5F53D5D956B90197C5208508441,Call of Duty - Black Ops - Annihilation Pack 3 (France) (Addon)
193CF3C58ACBDF6024B0842FA20D0E1FBA880C5745,Rock Band - 311 - Pack 01 (World) (Addon)
194B26E9FAD222C6CAEFBEA1C400121BBCEB2EA758,Things on Wheels - ROOAR (World) (Addon)
19583206665CD6F315DAEB5F49B928C9A923FB5E58,Crystal Quest - Sketch Graphics Pack (World) (Addon)
1962AF6DD8B30C9152E9B068709171A4F59138A843,Operation Flashpoint - Dragon Risin Mission - Pack 2 (World) (Addon)
196D2E29ADF247BC42427B98F7EC89ED909D394158,Tetris Splash - Guppy Bundle (World) (Addon)
197578BA51EB6535C2E002C0ED67C8582CC2D56F45,Rock Band Network - Alchemilla - Bleeder (World) (Addon)
198544A5CE796E41E8F439FF4264FB2791BE404C49,BulletWitch - 7 Minutes (World) (Addon)
198ED30AB345A2E54FAA28905A2E2E78760486BC45,Rock Band Network - D Money Pros - Saw Down (He Knows) (World) (Addon)
1997759DD6CD721F194A571C6CB2CA818122138345,"Rock Band - Tokio Hotel - Ready, Set, Go! (World) (Addon)"
19A455CE866A39574A2A99F9B7F34D8F704A0F2345,Rock Band Network - Bright Midnight - Hotel Saigon (World) (Addon)
19A6C20493F93FBD8D1F42FD45865D43AA88759245,Rock Band Network - Kylie D. Hart - Leave Me Be (World) (Addon)
19F0E63E48AE486F31472F203D8980E7EE8D97504D,Halo Wars - Unique Unit - Fireball Warthog (World) (Addon)
19F60A5141DA89027B870CDDAEDE9BAF308B364B55,Your Shape Fitness Evolved 2012 - Pop Dance (World) (Addon)
19F88E6DFCD45E56A7FD11EC25B2568E12F8004542,Oblivion - Mehrunes' Razor (World) (Addon)
19F8C48F0EDC71D35B2C6E8438AF8E0FD6AD35014B,Def Jam Rapstar - Black Sheep - The Choice is Yours (World) (Addon)
19F96E2A870DC2D97D86A6C76E48588C0C05839145,Rock Band - The PAX 2009 Collection (World) (Addon)
1A2979698D4964D02904A6C89611E3843338612045,Rock Band - Queen - Hammer to Fall (pro) (World) (Addon)
1A2D9FBBD46EB12EF8E0F144BEDF8C9C0C46C8B245,Rock Band - Disturbed - Pack 01 (World) (Addon)
1A53F4B890E54752298C1E5B6AD755690DAD067045,Rock Band Network - James William Roy - Paper Valentines (World) (Addon)
1A6B3E4D21305D184C0786504C57B481DBFD56EA58,Bomberman Live - Bomberman Expansion 1 (World) (Addon)
1A7D92F38BD74893FF96FE93D290CD5BD3FEC0F845,Rock Band - Toadies - Possum Kingdom (pro) (World) (Addon)
1A8F249761F5D9789E4FC4A80523ABA9A14EF68845,Rock Band Network - After the Burial - Berzerker (World) (Addon)
1AC39B0E49529DCC00354C1B54C837EBD271632C45,Rock Band Network - A Wilhelm Scream - Skid Rock (World) (Addon)
1ACCDB4F97E8777EDC19261FC938AB8C4EC16C2458,Pinball FX 2 - Paranormal Table (World) (Addon)
1AD6D5B2515AA52708A225885F770AFD82BA0DF658,Minecraft - Xbox 360 Edition - Villains Skin Pack (World) (Addon)
1AE6D2E1F51F54A5A4608488350057BF19A64F7545,Rock Band Network - Mayday Parade - Jamie All Over (World) (Addon)
1AEF18B8FF0429AA18A652863360C7E85F36EB0458,Texas Hold'em - Environment - High End Casino (World) (Addon)
1AF6435FAF551FECE2FE3229FBBD9C1C7D32498345,Rock Band 2 - Rock Band Export Pack (World) (Addon)
1B0B0345C03A08F8F8B81BCFB4E9656DAC0EC1A549,Test Drive Unlimited 2 - Walmart Pre-order Bonus - Bugatti Veyron 16 4 Super Sport (World) (Addon)
1B0F33A12338C3F4887354C0D8AD58076E47838645,Rock Band - Serj Tankian - Beethoven's C--- (World) (Addon)
1B2981E8EE8CFFA85A25888EC97CEC782D4A79D254,Borderlands 2 - Compatibility Pack (World) (Alt 3) (Addon)
1B38A9892A5FE9AFB0F517917AD56B47E258397954,Dance Central - Rick James - Super Freak (World) (Addon)
1B3BEA08A3B645C6C32DCCA6318CDDA18BA184AD45,Shift 2 Unleashed - Unlock All Cars and Events Pack (World) (Addon)
1B5DEB327F7A939D4C850BEF5E08AADF1E0A1F3145,Rock Band Network - Spires - The Infinite Descent (2x Bass Pedal) (World) (Addon)
1B69F2435A7F415EB985F73673DB6308961040F445,Madden NFL 11 DLC - Madden NFL 11 Moments Live (World) (Addon)
1B6ED3D86C2462DA3B6234EBD9A3F2EA6BEB52F955,Assassin's Creed II - Sequence 13 Bonfire of the Vanities (World) (Addon)
1B7005109F3C852998BAF0150BDFF1FD10B0CF0645,Rock Band Network - Cauldron - All Or Nothing (World) (Addon)
1B844357CD9D6F41D2A8A2DD7E17E133222E71B64D,Kinect Sports - Calorie Challenge Pack (World) (Addon)
1BA1B69F5B49ADCBCA2BC9F0D03F7B4461B3D55A45,Rock Band - Pearl Jam - Ten (Album) (World) (Addon)
1BB3C7C86FA79A19192FB2591700C7F92837195F54,Dance Central - Taio Cruz - Break Your Heart (World) (Addon)
1BBBC4FC98BA717FA2D36DC6A386A6E67313E05F45,Rock Band - Stone Temple Pilots - Big Bang Baby (World) (Addon)
1BE2BED37184373F5EE34F1226A5A627754BF1C345,Rock Band Network - Safari So Good - Delaware Are You - I Don't Know Alaska (World) (Addon)
1BE82D1C3089988E095D89A1DE9C86A0EDC6FDDD58,Pinball FX 2 - Earth Defense Table (World) (Addon)
1BF92B0914657552FC1684AE51510607D6DCCB2845,Rock Band Network - Scratching the Itch - The Buddy Disease (World) (Addon)
1BFA4FD1FBBD9881DFDBC4085C9B0F101998DCE358,Band of Bugs - Tales of Kaloki (World) (Addon)
1C0239E54737515702E7970FCDCC14A47623189158,Minecraft - Xbox 360 Edition - Skin Pack 6 (World) (Addon)
1C1711D744861ADD82C8846BBD0E3CB6216FA66E4D,Lips - Fall Out Boy - Thnks fr th Mmrs (World) (Addon)
1C1E4E1F7B89B3322D8C2B97A0AB94C329CE4A6058,Dr Pepper Premium - Theme Pack (World) (Addon)
1C290DB819F65259F481D29DCB55BF0D1BA6375358,Guardians of Middle-earth - Mouth of Sauron - Playable Guardian (World) (Addon)
1C3C4F44958CEABFE950CDE79C045CB4FC0146A045,Rock Band - The Band - The Weight (Live) (pro) (World) (Addon)
1C4639A59ACC51C8F74834B850F8B6DCA06DF7204D,Lips - Deep Blue Something - Breakfast At Tiffany's (World) (Addon)
1C5C140B170036EA8F7A9FE56CC751B43FB2C02758,Crystal Quest - Super Synth Sounds Pack (World) (Addon)
1C652E5CA7CD20A43A8A379541F9C57285BB863554,Grand Theft Auto V - Collector's Edition Pack (World) (Addon)
1C7E0C18902838D4EBF60F9C07FC5324237E5CE447,Senko no Ronde Rev. X - Extra Costume - Lili A5 (Japan) (Addon)
1C860F2DD5EF4CB87568EE0CF3774F246ACB27DC45,Rock Band Network - Children of Nova - The Fall of Aphonia (World) (Addon)
1C8632F443232D50D97034A1AD0CB79C41476A3345,Rock Band Network - Made Avail - Walking Away (World) (Addon)
1C933A26B87E87EB3F25DCF027F2432237A42F3745,Rock Band Network - HourCast - Attraction (World) (Addon)
1C9A6BEC6D3E961816E25B920F421CE4E88A34BA4D,Lips - Kim Carnes - Bette Davis Eyes (World) (Addon)
1CAAE6A59341CC5906AA3DAA00C1BF02F34E3FE54B,Def Jam Rapstar - Flo Rida - Right Round (World) (Addon)
1CBF08ED6B0A558E45117952624EDFADA33332B245,Rock Band - Little Fish - Darling Dear (World) (Addon)
1CD27D27E189110FFB13B85C9701AAC52C5FF36A45,Rock Band - Killswitch Engage - Pack 01 (World) (Addon)
1CD36B6FFE877F3670A9B26382550FBF1CC7EFCD45,Rock Band Network - Free Electric State - Six Is One (World) (Addon)
1CD779A7EF14BC9FBC0027581B41F18766F2725545,Rock Band - DragonForce - Through the Fire and Flames (World) (Addon)
1CE7994D2F3C6DDFAB77D6BB2DDBA6900650A8E645,Rock Band Network - Stretford End - Stay Awake (World) (Addon)
1CEB67F668D83631F8E6C2A964416AC4044109D745,Rock Band Network - The Fetals - Afflicted (World) (Addon)
1D0CE21EEDA799B9227A0C42CE41C754862FCB0D45,Rock Band - Lady Antebellum - Lookin' for a Good Time (World) (Addon)
1D1B6C67C0134449FC2E47B91C113ACEBA21C96254,MX vs ATV Reflex - Track Pack 1 (World) (Addon)
1D1CF1F054F1FAA8BC0DA2AF6F8532F230C377E34B,Def Jam Rapstar - Method Man & Redman - How High (World) (Addon)
1D3773CB2A84597A41B0502D7D4706C8022F457658,Skullgirls - Data for Title Update 2 (World) (Addon)
1D3E4DE72A525BEC9DB9EB8104177DC2E9CA5D8745,Rock Band - The New Pornographers - All the Things That Go to Make Heaven and Earth (World) (Addon)
1D3F64599C611DAD10C84F36A181D31C378AC16545,Rock Band - Stone Sour - Pack 01 (World) (Addon)
1D443FE0B71378083E6C72DF769C05A30FF8486B45,Brutal Legend - Map Pack 1 (World) (Addon)
1D47F5FBE9E0FB609B312CCE3D4CDB13BC24926945,Rock Band - Nine Inch Tails - Pack 01 (World) (Addon)
1D4A29F629C4C5FDF35085CE929AD6CF36C19CE145,Rock Band Network - Shylo Elliott - Alpha Strike (World) (Addon)
1D5DD3E776BA355A0F0016F0F6A438A727E0EAAA4B,Def Jam Rapstar - Maino - All the Above (World) (Addon)
1D6390B075D3C1F8D970D0DC85CC297DE20E005549,Test Drive Unlimited 2 - Nissan 370Z Optional Parts (World) (Addon)
1D71851DF21A8DB3CA67C0F1FF72C90207DA8EEB58,Lumines Live! - Booster Pack (World) (Addon)
1D82C84A31DC180292A28A19FBD35BE0717940BB45,Need for Speed - The Run - Supercar Pack (World) (Addon)
1D881463FEAF181CA4624B46F345FB8316FCBF9F58,Gotham City Impostors - Bats Pants - Breezy Bat (World) (Addon)
1D9AD2CD801307886A39D0CF627506705C33CAD645,Dragon Age 2 - Mark of the Assassin (World) (Addon)
1DAE136B272D9938DECA8AF892B5AB6EFFDA50CD45,Rock Band - Weezer - Pack 01 (World) (Addon)
1DB6C36CF54CD9329F95EB071A4627F98369D05645,Rock Band Network - Children of Nova - Arcaedion (World) (Addon)
1DB8A1B21895F0F57E63F3E483C31D59F92D9ED458,Monopoly Plus - My Monopoly & Monopoly Rabbids (World) (Addon)
1DBD52CCEC36EB8B536DF6074A6848920DB1886858,Fruit Ninja Kinect - 8-bit Cartridge (World) (Addon)
1DC42FBA82FDF516498D99C7F14BD83CD33940EF4D,Game Room - Game Pack 007 (World) (Addon)
1DD557E115F3B21D8301E58978C3B6993D4FE67F58,Minecraft - Story Mode - Season One - Episode 2 - Assembly Required (World) (Addon)
1DDAAE10286941ACBE40D0A381C8518E5FA8AEDA57,Batman - Arkham Origins - Season Pass (World) (Addon)
1DE32E7C8ED7C279A7DA73874859946476FA6EFB45,Rock Band Network - Evile - Nosophoros (World) (Addon)
1E0AD8F6B50B9EF6F206ED760E6DDA3D23B8B2C545,Rock Band Network - CJ - Eency Weency Spider (World) (Addon)
1E18E5262C01CA9B9C17B76A0DD246344E41F7DB4D,Forza Motorsport 2 - Nissan Tournament Pack (World) (Addon)
1E325A55F734D388876E83FCEC8EC06209509E7758,"Full House Poker - Texas Heat, Summer 2012 Season (World) (Addon)"
1E469C96FDB8FA87C002486F7BFEBF0DF652293F45,Burnout Revenge - Monster Car (World) (Addon)
1E539FAC61DA9C3E189904F17B3F906A89ADADF545,Rock Band - The Subways - Oh Yeah (World) (Addon)
1E71C207CE51D8F6F85D3E36D909935BB29C02E945,Rock Band Network - Hellfire Society - Seed of Discord (World) (Addon)
1E7FA66755C730A03193245CE23546E8E870659B45,Rock Band Network - Silent Descent - Beyond Grey (2x Bass Pedal) (World) (Addon)
1E83B640FEDE3E4F9EEE664C32E2396CB175FA8845,Rock Band Network - Citizen Cope - I Couldn't Explain Why (World) (Addon)
1E8A74678A30AB267E805B767FA66692842FAB174E,Enslaved - Odyssey to the West - Sexy Robot Trip (World) (Addon)
1E947601AE415588C578DEF8DD10E06210EE0B2241,Guitar Hero - Guitar Hero Track Pack III (World) (Addon)
1EA6E89E7AE4DA32AB5C7CD7481701B480BE6DEE45,Rock Band Network - Rose of Jericho - Find Beauty (World) (Addon)
1EAAB9C78C5F93FD682146ABFBACF2ABA56E841C45,Rock Band Network - No Crossing - Midnight Daydreams (World) (Addon)
1EAEF2216ECB783DE82451A7E9483A0168C029424D,Lips - The Buggles - Video Killed the Radio Star (World) (Addon)
1ECB2E7647254100E30A9F82801E6027F4E82F6754,"Outfit, The - Multiplayer Map Arnhem Mayhem (World) (Addon)"
1EED95BFE9F2A9C9BACDB367BDA8F5D308FF321645,Rock Band - The Naked Brothers Band - I Don't Want to Go to School (World) (Addon)
1EFFAC1293120242992B970BEC13AB7CE1D2184445,Rock Band Network - Wargasm - Underground (World) (Addon)
1F2601BE8AEBB281BFD8F87DD974CD67CECFB1424D,Lips - David Bowie - Let's Dance (World) (Addon)
1F36DC3DF06C12C0EE70572C7D84D1269895077E45,Tiger Woods PGA Tour 10 - Course Cog Hill Golf and CC (World) (Addon)
1F52A6B8EA7511D733EB41FD1BC0EA9F89BF2B4058,Capcom Arcade Cabinet - All-In-One Pack (World) (Addon)
1F54AECC499D45FD0EE99A86A90869F45CE0BB3858,Gotham City Impostors - Bats Pants - Leather Defenders (World) (Addon)
1F5AAC04F8ECB1169D5CFA20275E7BF314F043F04E,Dragon Ball - Raging Blast - Ginyu Force Pack (World) (Addon)
1F5C26ABD3A1F1737D9C5E28E0D8E8C083BDF82F45,Rock Band Network - The Night Life - Holiday (World) (Addon)
1F66BB221AA2222854C62FBDB334483871B68BF64D,Lips - Missy Higgins - Scar (World) (Addon)
1F72DDFC8B107415046ACA9177A7865EC41D55A358,Bellator - MMA Onslaught - Muay Thai Style Pack (World) (Addon)
1F72F30D7E69B6F9458011B0FA5AEF0149707A5358,Dollar Dash - More Ways to Win (World) (Addon)
1F7FC5778849F35873057F2C36744905AD09CFD345,"Rock Band Network - Kiss the Girl - 999,999 Girls! (World) (Addon)"
1F96B14D5CB1D45C5B1C77D929E7EE7871968D1E45,Rock Band Network - Those Among Us - Disco Ball (World) (Addon)
1F9CD4031B4A567548866C32B0D9049EA512524558,Trials Evolution - Origin of Pain (World) (Addon)
1FAC40D9A47B4DE2B0CAD7B426880A9D47958C9F45,Mass Effect 2 - Overlord (World) (Addon)
1FCCDE97EFDF7255346ADF8D8AF3EDF525F8BF744D,Lips - Booty Luv - Boogie 2nite (World) (Addon)
1FD201F5874A26FACED37DC4DFDF2A165E31999645,Rock Band - Faith No More - From Out of Nowhere (World) (Addon)
1FDD89E5E456BDB4206697FF4DF7963D70E628F745,Rock Band - Foreigner - I Want to Know What Love Is (World) (Addon)
1FE991E80A790ADD6733162F23902D200484FC7445,Rock Band Network - You Me and Iowa - Howling at Summer (World) (Addon)
1FF0DA4D201037DFDDDE6F88D70751418CFD032545,Rock Band 3 - The Doors - Free Launch Pack (World) (Addon)
2004B9167E56A862A64A0D33CBC1FBA0FD0E326145,Rock Band Network - Emperor - Curse You All Men! (Live) (World) (Addon)
200AE3A12A56EEE069AA85D131F507B688E33DC545,Rock Band Network - Broken Equilibrium - Epitome of Misery (2x Bass Pedal) (World) (Addon)
200FF53E19FE48E47E72971D60929A50BCE112E545,Rock Band - Matchbox Twenty - Pack 01 (World) (Addon)
201B905BD12ADF781AC93A072A43239083FF0D7545,Rock Band - The Zombies - She's Not There (World) (Addon)
202C4A3E6A4420571A8A69311319D878BA6C275745,Rock Band Network - New Rising Son - Holy Ground (World) (Addon)
202FE071B2CF3EF493327540BBAC40E3E9137A9F44,Onechanbara Z - Kagura - Saaya Costume - Bloody (Japan) (Addon)
20440E1A9C9AC474E75877708310BDC8C32639AF45,Rock Band Network - Zack Wilson - Rearview Mirror (World) (Addon)
20461C1E5BC87689409C0623E8F05BEBD14B7EC34B,Def Jam Rapstar - Diddy - Bad Boy For Life (World) (Addon)
204FFA2B9D4293E04ED46B269AB3EE1D9BCA0D1558,Red Faction - Battlegrounds - Origins Pack (World) (Addon)
2067C25CC3636FFCDA8CF34FB96211F3F622912F45,Rock Band - Foreigner - Hot Blooded (World) (Addon)
209039E222C3711BEF8E262E6102A6AB0F9DFCD341,Call of Duty - Modern Warfare 3 - Elite Drop 2 - Liberation (World) (Addon)
20921A271B053CF8ACD313753DA2AAEF8EE105D64D,Game Room - Game Pack 006 (World) (Addon)
209ADBB9A4897CE2330620101BD303B75C1DD29358,Yu-Gi-Oh! - 5D's Decade Duels - Starter Deck 04 (World) (Addon)
209D0604E07A1C89EC926877AF4D471FE2C40ABC45,Rock Band Network - Slim Cessna's Auto Club - Americadio (World) (Addon)
20AE5EFC00EED6E9493DF9D8E099E290882AF60D45,Rock Band Network - Sunny Day Real Estate - Seven (World) (Addon)
20B3FFA459023B9DBFF2998854F1774878DA270645,Rock Band Network - All That Remains - Hold On (World) (Addon)
20C04A7E1EC6B9ED0AE3BA7331AB119E4C9F275B45,Rock Band - The Offspring - Pack 01 (World) (Addon)
20D2186A6A8E8810016C41930BC8A22AD177BB5B45,Rock Band Network - Teenage Bottlerocket - Skate or Die (World) (Addon)
20E243BACE29DE130B6D2E9C0DDC48D815F25A0245,Rock Band Network - Band of Skulls - I Know What I Am (World) (Addon)
20EEEB3B2B851B18791704FB35AA0195FD1F1D624D,Lips - Ben E. King - Stand By Me (World) (Addon)
20F74CE30FD5BFB345E677E20CCEEAAF82589A9345,Rock Band Network - The Main Drag - Montana (World) (Addon)
20FD34EB9A6DAB22A3622E9EC974C3A3119A576858,Frozen Free Fall - Snowball Fight - Marshmallow (World) (Addon)
210BB00587D95ACFD8CEDCA23B7E16AE2C59C3DB4D,Forza Horizon - VIP Membership and Cars Pack (World) (Addon)
212B6FFAA485ACCD358A61E2987CC04974FE1A4A4B,Def Jam Rapstar - Black Eyed Peas - My Humps (World) (Addon)
2135C8F5235A209FBD59FDFA6AD85BBEB3774C7854,WWE All Stars - All-Time Greats Pack (World) (Addon)
213D69368E8BD45F374DCC224696A750FC4B151145,Rock Band Network - Super Gravity - Makeup-Breakup (Original Version) (World) (Addon)
214CF9E4CC023F2011C21D28691BE3F5417BF04F58,Yu-Gi-Oh! - 5D's Decade Duels - Card Pack 17 (World) (Addon)
215743D37B2182DA9AC6F3907C7F4FFDC697A8E845,Rock Band Network - Portugal. The Man - Do You (World) (Addon)
21656E695D3C477A0665BA73272D6083906DA95258,Minecraft - Xbox 360 Edition - Mini Game Masters Skin Pack (World) (Addon)
216FE732DBC3F22F97A325158BD94083B7F3223A45,Rock Band Network - Jonathan Lee - Close Your Eyes (World) (Addon)
21A8716E585A0012A21F9E4DD9A8315DA1C01BF045,Rock Band - Sheryl Crow - All I Wanna Do (World) (Addon)
21EC4A75D256B62DCE55505C6F7998198C5AAA474D,Lips - Pat Benatar - Hit Me With Your Best Shot (World) (Addon)
21FFB445A8AE1760EAB878DD05DDCA296A7EFAD243,F1 Race Stars - Europe Track (World) (Addon)
220480A4DDEF7C7BF2EECE5922130867676EEBF64B,Otomedius Excellent - Yebisuboshi Stage - Library (USA) (Addon)
222536E86990B8BE31BAB5BF39D5CA54EA07F0CC45,Rock Band Network - Scale the Summit - The Great Plains (World) (Addon)
2229FE80DB48100D06A19FE3B2FAB53A18433B0B45,Rock Band Network - Insomniac Games - (pin)Ballz (World) (Addon)
222CF0762825395DECEC3D90423B94664F93C80145,Rock Band - All-American Rejects - Move Along (World) (Addon)
2232BD5D3C28535E52B5A6F21833C0E7803430EF45,Rock Band - Smash Mouth - All-Star (World) (Addon)
227A1365616F2E9AEF4DE165BE82079BB96D643A54,Dance Central - Marathon Pack (World) (Addon)
228E8A0DB65E47D3C1A97141397D68BC4D48E79B54,Prey - Becky (World) (Addon)
229298C9BBE934CE69A2B17C097DDA71C8F68A3745,Rock Band - Kula Shaker - Hey Dude (World) (Addon)
229E2D2B8A45C4798007F46B2CB6C86FFE02CD5B45,Rock Band Network - Enemigo - Rehen (World) (Addon)
22A1278B583EDB98F45BBD5A01437EC04B7103A245,Rock Band Network - Earl Greyhound - Oye Vaya (World) (Addon)
22A5F7BC2AF7F80E8C71EED12E5A7BB70DC60AB845,Rock Band Network - Lee DeWyze - Princess (Reprise) (World) (Addon)
22AAFD36D4552037833FCA946F73224FE5EEAF0A54,Dance Central - Dance Pack 04 (World) (Addon)
22ACED3F480758416D2841C05D22B845A02547B558,Worms 2 - Armageddon - Time Attack (World) (Addon)
22CAA3A233215C2B72BFD8AA9E97CA99EA36CCBE45,Trivial Pursuit - Movie Pack (World) (Addon)
22E04BA4D2312BAEE5B7C98F8EBDACB73E39915E4B,Otomedius Excellent - Donburi Island Stage - Library (Japan) (Addon)
22E2F1C17FD9FCB651D1B032864C907309B537A345,Rock Band - Billy Squier - The Stroke (pro) (upgrade) (World) (Addon)
22EA2F3BDF197DEAA7E89EB9C98E8F996ED4499745,Rock Band Network - Arena - Volver a Nacer (World) (Addon)
22EAD4CB8BFEC301E185B4DCCDEC376441081A6558,Yu-Gi-Oh! - Millennium Duels - Samurai Boxer Pack (World) (Addon)
22FA6CECF51897CFF9E3F1B4E97B7970D6C6FD0645,Rock Band Network - Mile Marker Zero - A Thousand Nights (World) (Addon)
230942EEDA078462EAB1CCDAC57A0BFB76E373EA45,Rock Band Network - New West - Bend (World) (Addon)
23114CE39654E30C284D5783284B60121367BA6747,Senko no Ronde Rev. X - Extra Costume - Ernula A4 (Japan) (Addon)
231F5829CB1A82DECC5AFCFD50033E1C6D334BE94B,Def Jam Rapstar - Luniz - I Got 5 On It (World) (Addon)
232ADF59F93C36979DAAE3A0E8A5397EB906F02E58,Space Invaders - Infinity Gene - Bonus Stages 5-1 to 5-6 (World) (Addon)
232CC901D099351F9F62CBA7A7ACD6BC9ECE8A7145,Rock Band Network - The Main Drag - Tricky Girl (World) (Addon)
2332BC4217C03358C689B7C6687C0368C551D4EE4D,Lips - Creedence Clearwater Revival - Bad Moon Rising (World) (Addon)
2342BAB14D3CF994289FCCAC7C4C9462F801E67E45,Rock Band - The Jimi Hendrix Experience - Axis - Bold as Love (Album) (World) (Addon)
2343104FFC790887A77444BF23553AD86B35933845,Rock Band - Alien Ant Farm - Smooth Criminal (World) (Addon)
23471E7296C26144C5E083E1E18E125C50F48F0845,Dante's Inferno - Relics Triple Pack (World) (Addon)
2352B94AF80EFCFB0E57B45847D383495F14BA4B58,Buku Sudoku - Puzzle Pack 15 (World) (Addon)
2370F6CB7EC339CA0350443CEC2A5F1187AF5D3658,Joe Danger - Special Edition - Showtime Pack (World) (Addon)
23809BB8EE912B8D5F8EDCA76ACBC53DD463107158,Magic - The Gathering - Duels of the Planeswalkers - Deck - Hands of Flame (World) (Addon)
23830BB112107B95E8129F8960E63B887866E72253,Sleeping Dogs - The Law Enforcer Pack (World) (Addon)
238C1413DE7066E7045A34B44D1906530415D5C745,Rock Band - All-American Rejects - Real World (World) (Addon)
23A58F052F16C2D245AF4718046A5847072693A445,Rock Band Network - Amberian Dawn - Sampo (2x Bass Pedal) (World) (Addon)
23A79813AEFC1CB457174403518FC5A3E8C469F254,Dance Central - The Pussycat Dolls - Don't Cha (World) (Addon)
23B2999950B55B2DAE4015DCAA8BBDD15158FE9A58,Game of Thrones - Episode 2 - The Lost Lords (World) (Addon)
23D97AFDF571D17614ACC778FF43658457FFB03F58,"Maw, The - Deleted Scene - River Redirect (World) (Addon)"
23D9831F675E410FC1F1757EF3B71A80E8595B1058,Yu-Gi-Oh! - Millennium Duels - Fire Fist Deck (World) (Addon)
23F632F6EF6C04E4906357BCAF53DA6D25CEECC845,Rock Band Network - Amy Courts - Shiver (World) (Addon)
241FD31C71D786692A9A83DBFC381B9F0565346445,Rock Band - Neil Peart - The Hockey Theme (World) (Addon)
24259CA0E9068A555894CF5DE99E967F6903135145,Rock Band Network - Single White Infidel - An Exercise in Futility (World) (Addon)
244D7D3235205BF64B9E4A0B3EBD533DE390E13D47,Senko no Ronde Rev. X - Extra Costume - Cuilan B5 (Japan) (Addon)
244FFD7316B0ECD67EB33CBBC6B2623C207DAF3045,Rock Band Network - Amberian Dawn - Come Now Follow (2x Bass Pedal) (World) (Addon)
2467C79C35D6B9C1A3AD1B019BAC7DADB35259B145,Rock Band - Save Ferris - Come on Eileen (World) (Addon)
2485C1193FD6BD67F7C6123D0B25491B917AADFC45,Rock Band Network - Cracker - Teen Angst (What the World Needs Now) (World) (Addon)
249317D1B8DD23092E1A4CA6A693E3570F650E0F45,Rock Band Network - Admiral of Black - Bitten by the Rattlesnake (World) (Addon)
249EE12DF16AA8C24B68DB49E70FCB51A8E470974D,Lips - Devo - Whip It (World) (Addon)
24A8EAD08E972F38D09AC5FCE39DD80DACF98BBE45,Rock Band - Foo Fighters - Something from Nothing (World) (Addon)
24BB495BAA9579CEAEA344B642332FE60BC04A2C45,Rock Band Network - Since October - The Way You Move (World) (Addon)
24CF445F1D9C0021D5DF060D339E8F0B7295D35045,Rock Band Network - Megaphone - Gravitate (World) (Addon)
24E54DF69CA80EFA12C2C63487FB1FB94AEF9E7C43,Divinity II - Wild Dwellers Set 2 (World) (Addon)
24FAFEFC37F7128DB5F6E30DBC1F814A135CC9E04D,Lips - Commodores - Three Times A Lady (World) (Addon)
2514D3C35EF877905AD99F15FD89D8496DB28E7D45,Rock Band Network - Ron Wasserman - American Hero (World) (Addon)
25178A3D77F1D77EF243FC9FC767FD44FDEC25D04D,"Lips - Pixie Lott - Mama Do (Uh Oh, Uh Oh) (World) (Addon)"
25520740612DC3215E8B2188F9F9C636383B788A53,Final Fantasy XIII-2 - Snow - Perpetual Battlefield (World) (Addon)
255380180A2F42A30BFFD6C5956AA88CB0F03E5745,Rock Band Network - Zing Experience - Faster Than a Bullet (World) (Addon)
255A344855F786D599A1474BB2C78CE9310DE6C64D,Lips - Diana Ross - Upside Down (World) (Addon)
257AE94250EBA2738F846009CC9C49C12FBD7C8F58,Life is Strange - Episode 4 - Dark Room (World) (Addon)
2588554DFFFADF6B31F073A269EE34EB6962125845,Rock Band Network - Sullivan DeMott - Here and Gone (World) (Addon)
258C71641E8C9B52D73D157C89F22A28BE5FD23358,Minecraft - Xbox 360 Edition - Skin Pack 5 (World) (Addon)
259117DA2CE97AE348046388AE2370694A8F8F0A45,Rock Band - Morningwood - Sugarbaby (World) (Addon)
25D4CACE019E1E84BC57BD9074F35E619056DC2945,Rock Band - Queen Extravaganza - Pack 01 (World) (Addon)
25D7FF2E0A184A8495A88AF061740BFE8EBD3CD045,Rock Band Network - Drugstore Fanatics - The Distance (World) (Addon)
25DA9B65DD7122616AFD6E7F1B0EBA526345375B58,Are You Smarter Than a 5th Grader - Make the Grade - Brainiac Pack (World) (Addon)
25DF614A65BED55DD0835E7284B7B7745D93183045,Rock Band - Jimmy Eat World - Pack 02 (World) (Addon)
25E8D7D7FD4ED05ABB528A5B3EFEE10E962CD35B4B,Castlevania - Lords of Shadow 2 - Dark Dracula Costume (World) (Addon)
260411A34B7FFC70404056236A31AF2E420E122B45,Rock Band - Silversun Pickups - Melatonin (World) (Addon)
260525D06811D38E851F5C6F67F369BB5D24D73658,Hell Yeah! Wrath of the Dead Rabbit - The Virtual Rabbit Missions (World) (Addon)
26142EA05E0AFB561C068A2CBC07646BE43EA1DC58,Minecraft - Story Mode - Season One - Adventure Pass (World) (Addon)
261DF940C107430BECC2D5B7D8E9FF3A52BB195F55,Far Cry 3 - Dr. Earnhardt Trailer (World) (Addon)
262FFDD23B29C9FBDE204B5B1EEB1187E464A85C45,Rock Band Network - Mindflow - Destructive Device (World) (Addon)
263F67D64CF19B385CB3BE67DD2F9558FE832E8E45,Rock Band - Roy Orbison - 75th Birthday Pack (World) (Addon)
26471AA1DC2FEEFF65C1DF2CDA427E7852553D2754,Mafia II - Jimmy's Vendetta (World) (Addon)
265943D5F586CB8B3A840F2850ED08FF6045081B45,Shift 2 Unleashed - Legends Pack (World) (Addon)
2660137CCEBEC1594D8B624C21A9348F000B994A4D,Lips - Coldplay - Lost! (World) (Addon)
267CE1B708BBEF14FE387E982A5F457AB957F45D45,Rock Band Network - Shylo Elliott - Bittersweet Melancholy (World) (Addon)
26865AEBFC75B26E9CA6FF84A0F9FB43F899DFAE45,Rock Band - Queen - We Will Rock You (RB3 version) (pro) (World) (Addon)
26A6228DDCFD4AF668136E7A823E80AE24DD0EBD4D,Lips - The Go-Go's Song Pack (World) (Addon)
26B12DEC9E5887C5D2D72FE7B1175EFE1E43656745,Rock Band Network - Children of Nova - Moments of Clarity (World) (Addon)
26B6D4505DAD7D4E3FE6EC0145E21352CD91FA4B45,Rock Band - Liz Phair - Rock Me (World) (Addon)
26D36B650726FEB43E21B09F175BA094C11CED6658,Mad Tracks - Bravo (World) (Addon)
26DC0F075AEC2CC220C6946A52D5F32FD0C862CF4D,Lips - Trace Adkins - Ladies Love Country Boys (World) (Addon)
26DCFDAEF5EF2842C76ADEF1B9689DEA2350960045,Rock Band - Santana - Black Magic Woman (pro) (upgrade) (World) (Addon)
26F6A29B59FD93EFB728A021ECE685643A48757F4B,Otomedius Excellent - Poini Kune - Apron Dress (USA) (Addon)
2705A4595CEF4270B58903C5094BF9C38F5418A145,Rock Band Network - Amberian Dawn - Field of Serpents (2x Bass Pedal) (World) (Addon)
271C8A40B7E6536770BCBFE3A1B32B60CEF3867645,Rock Band Network - The Asbestos - Jack and the Harlots (World) (Addon)
2728B1B58A8D1BC2CBD18F51ACC271FF4D85AF6D58,Darkstalkers Resurrection - Huitzil Arcade Cabinet (World) (Addon)
2728D321CC66F021D1E2E772244AF5D478E981AA4D,Lips - Johnny Cash - Ring of Fire (World) (Addon)
272CD3E549C0F3EC8807FFE8D0F4F6B102032F6258,Fruit Ninja Kinect - Storm Season (World) (Addon)
2732E447A949AEE0667F401E272AEE23C963DB7458,Minecraft - Story Mode - Season Two - Episode 5 - Above and Beyond (World) (Addon)
27457D6D987247F46C8F3137DCDF720388AE63714D,Project Gotham Racing 3 - Pack 3 (World) (Addon)
276B64C61AFED98E4573F02C3B738534F52C91ED4B,Def Jam Rapstar - Geto Boys - Mind Playing Tricks on Me (World) (Addon)
27777F86DCBB54DDC8045367CDDF23FC7BA29DCE4D,Lips - The Proclaimers - I'm Gonna Be (500 Miles) (World) (Addon)
27890547A37BF011E69F7F3DC966B3E92E4C7E0245,Rock Band Network - Decrepit Birth - The Resonance (World) (Addon)
27B87EA9AA9E4A0384A32670A45D245756922B4945,Rock Band 3 - Rock Band 2 Export Pack (World) (Addon)
27BD9EB4C0573EBE3925EC9405AC90896950D81058,Lumines Live! - Advance Challenge Pack (World) (Addon)
27C9143B2A70554ACBEF3B2DDD00FED4BCCE42904E,Ridge Racer - Unbounded - DLC3 Bundle - Ridge Racer 7 Machine & The Gallows Pack (World) (Addon)
27F474AA08F3F1B52335DF3927D04BD4B673935E43,Dead Rising - Miami Nights Key (World) (Addon)
27FC1228852162F06C3D900E4FFBD7DD4B5EC5B745,Rock Band - Kiss - Rock and Roll All Nite (Live) (World) (Addon)
280253E2598D2D18201B4D9A0926185457FAEAD941,Guitar Hero 5 - Megadeth Track Pack (World) (Addon)
280411B4DAC0BE7F1B9F6E3091A893A0A843D6D94B,Dead or Alive 5 - DOATEC Divas (World) (Addon)
280609D6821A45D7671ABDE4693FBE9E11B799854D,Lips - Black Eyed Peas - Hey Mama (World) (Addon)
280B00D0D119DB178E79CFB9CD066FA462A17C5745,Rock Band - The Jam - Going Underground (World) (Addon)
2826E38CC7D8BD26B8BE9821EAE658088D186A5241,Call of Duty - Modern Warfare 3 - Free to Public - Erosion-Aground (World) (Addon)
282EC49CED075611D29E448E1238B6048279407645,Rock Band Network - Ricky Graham - Refraction (World) (Addon)
282F689A2DCEDBCBBBDC18831DEC6D121CCDAF5F54,L.A. Noire - Walmart Pre-order Bonus - A Slip of the Tongue Traffic Case (World) (Addon)
282FE1F7963A553664FC64A9E5444E43E75C2C4345,Rock Band Network - Possible Oscar - Dead Again (World) (Addon)
2831B6FA60BF55808546C9636894793F8BD84A1345,Rock Band Network - Mystakin - A Fresh Start (World) (Addon)
283764934ED3DCA3147C504BB8C4E42251D483F041,Guitar Hero - Metallica - Death Magnetic (World) (Addon)
283B3ADD37FE4DE0189E72144B93E04197A8AA684D,"Lips - Plain White T's - 1, 2, 3, 4 (World) (Addon)"
284DE9788A0677F4F067E075D8AC2132E0F2619747,Senko no Ronde Rev. X - Extra Costume - Sakurako A4 (Japan) (Addon)
285A790A1746CF1F46172F99E7A8ABE149DB1A7D58,Gotham City Impostors - Jokerz Flair - It's Yer Funeral (World) (Addon)
286142E9B114D74D3467A76C92F3808E2A6593514D,Lips - LL Cool J - I Need Love (World) (Addon)
2885B3F1191F299607280E06AFCB5C282A2A671745,Rock Band Network - Robby Suave - Electro-Heaven (World) (Addon)
288628AF7B949B9C14BC4C8C359BA337098BB94F45,Rock Band Network - Stretford End - Suffer (World) (Addon)
28A08C0F0F684577F652DAA310BA628E7E70EE4153,Hitman - Absolution - High Tech Suit (World) (Addon)
28A2EE7A74B264FE4B450D50459A2B89181BE6624D,Forza Motorsport 3 - Hot Holidays Car Pack (World) (Addon)
28D234428208F863C187090776B2D7F578FAF56D45,Rock Band Network - Hip Kitty - Other Personality (World) (Addon)
28D61D2DB026A82C28AC66FE562B70627526046B58,LocoCycle - Datapack (World) (Addon)
28F5CDD97E410DB339940338B8629EE50E76AD9845,Rock Band - Slipknot - Pack 01 (World) (Addon)
28F8D9A6F68F0F78D288F30120D6C7B22D7D509B45,Rock Band Network - Inkubus Sukkubus - Wytches 2010 (World) (Addon)
28FE0FB7E9CF080CFD17D8091D845943B379B37A4E,Clash of the Titans - Athena's Request Quest Pack (World) (Addon)
28FF68E54369D61863BBFA326535913088B913CE55,Tom Clancy's End War - Veteran Map Pack (World) (Addon)
290E2C6ABF7539A05DBD3B7BE1D785FAB263265458,Fruit Ninja Kinect - High Tech Vault (World) (Addon)
290ECB572EF5C921B2ECF0F11B6E95673E52365258,Outpost Kaloki X - Challenge of the Gods Scenario (World) (Addon)
2921658545F5518CF99C031C86623B7BCEEFC87745,Rock Band Network - Nightrage - Shed the Blood (World) (Addon)
2926C0738F3A14E32E0F2DC8382037FB225448C145,Rock Band - Incubus - Drive (World) (Addon)
2928B94E820126825A67B7A3FA66C468CE70794245,Rock Band Network - Action Action - Masters of Puppet Rock (World) (Addon)
293741CB8CA705ED97541BE9DFD3D0A32139992145,Rock Band Network - MJ Kroll - Believe (World) (Addon)
2937BC90EF94F4636CA8B3CC5D0506F643D57AF545,Rock Band - T. Rex - Bang a Gong (World) (Addon)
293EEAA644AFF0856BD1EF0C28D0329C31ECA86545,Rock Band Network - The Motion Sick - 30 Lives (World) (Addon)
2953E4796CEE3557AD4FDA3F6557774D9564D01745,Rock Band Network - A t o m - You Take It All (World) (Addon)
295CF275E00B6B1ED46ACA9C5C5DA6E47CD3C2CB45,Rock Band - Young the Giant - My Body (World) (Addon)
296D0D2D4E7F84F11F0DABFAAA4BE03361AD82E858,"Full House Poker - Texas Heat, Winter 2013 Season (World) (Addon)"
297F5FD278BE1C2947CDF21007E938AC2A74ED2A58,Space Invaders - Infinity Gene - Bonus Stages 3-1 to 3-6 (World) (Addon)
299A54C762324762AF7FF7A5D1F087E1FE0C92C841,Call of Duty - Black Ops - Escalation Pack 2 (World) (Addon)
29AA74B10039A41015A99AFF8309AA76E3477B9545,Rock Band - A Flock of Seagulls - I Ran (So Far Away) (World) (Addon)
29D0896BD35E2CFB79503D9E85B5D3C2FD394CD458,Chessmaster Live - Mechanica Chess Set (World) (Addon)
29E2FCC04BEF1D2532C48269EC42EF2E3DBFC45845,"Dead Space 2 - Severed (Europe) (Es,It) (Addon)"
29E6ABC507EA9B8A5467A9778BDF125C763B64AD58,Yu-Gi-Oh! - 5D's Decade Duels - Super Pack 01 (World) (Addon)
29FF5847CBC69B04E87BD70F0418DA1B369D16E645,Rock Band Network - MC Frontalot - Bizarro Genius Baby (World) (Addon)
2A0736F974FDE63585C7732B5C70EC6640F04ABB45,Rock Band - Dinosaur Jr. - Pick Me Up (World) (Addon)
2A1CCD0EEFFD010DD5A21DA64F183D95E469D4C245,Rock Band - The Vines - Pack 01 (World) (Addon)
2A290DC44A0FE422D49083EA4B650702FD8ADF4045,Rock Band Network - Red9 - Last Mistake (World) (Addon)
2A2D1E09AB1A7BD08FAE7234C971627B107F539C45,NBA STREET - Homecourt Rucker Park (World) (Addon)
2A3826B812D605BA16B213A5530218B6451F949E45,Rock Band - Grateful Dead - Pack 01 (World) (Addon)
2A513CFFB82F891EB97DA31F2ADF64F2F7EA54CA58,Darkstalkers Resurrection - Pyron Arcade Cabinet (World) (Addon)
2A5504003C5165297FB5852D1AE3BF0F8EDD5D3858,Apples to Apples - Fun to the Core (World) (Addon)
2A58B06171A26316D33588E79E5C2AF1BE68318A55,"Black Eyed Peas Experience, The - Dance Pack 2 (World) (Addon)"
2A67A02E381DF6379E5A27037496C9A3EC289D394E,Beautiful Katamari - The Weaver Girl (World) (Addon)
2A6D4E17664C64DFAEDC3DDE65BB5792437E16E145,FIFA 09 - Live Season - All Leagues Pack (World) (Addon)
2A6D964806A8F6DC0743C13C6049DE8C68B8D51B45,Rock Band Network - Bornholm - Where the Light Was Born (Thule Ultima a Sole Nomen Habens) (World) (Addon)
2A703A92AC194F5C5823E144A348AA8B31D39B6245,Rock Band Network - All Hallow's Evil - The Cold Taste of Nickel Plated Steel (World) (Addon)
2A706662768AF3640C0AA85517596176AB8044454D,Lips - Nirvana - In Bloom (World) (Addon)
2A7BEE17A6E663805AC58668213F81D01152E6F245,Rock Band Network - Five Finger Death Punch - Hard to See (World) (Addon)
2A7D7771F2BC46EA562369EF2846C3817F6B967C45,Rock Band Network - Mason Douglas feat. Blue Morning - Right Now Romeo (World) (Addon)
2A7DB9C44A390A2BF7F093C36F19A193024B71BF45,Rock Band Network - Between the Buried and Me - All Bodies (World) (Addon)
2A954A901B11AF81C0B6F77F699FA051A30985104D,Lips - Mika - Happy Ending (World) (Addon)
2AB76C70FBB0482BF331669B1C6F9A6C6468A07C58,Defense Grid - The Awakening - Map Pack 2 (World) (Addon)
2ABDBC90104117C14ECD2F50C82652188536416445,Rock Band - Josh Turner - Would You Go With Me (World) (Addon)
2AC1499D5873317B6029E56F960B68F93D9B6A5045,Rock Band Network - Gandhi - Arigato (World) (Addon)
2ACCCA8576262AAE8635A2A799E110012BA6223558,Magic - The Gathering - Duels of the Planeswalkers - Deck - Scales of Fury (World) (Addon)
2ADEFB0FA6F1E00D10F25D1E83342A961CA1CF0645,Rock Band Network - Umphrey's McGee - 1348 (World) (Addon)
2AE2C4F88E0BBACEE8F188B8918D46714286B0FA4B,Def Jam Rapstar - Bangladesh - Tango Cash (World) (Addon)
2AE6A7F6FCEBF79319431F129861CAEB58F39B8445,Rock Band Network - Daryle Stephen Ackerman - Tear My Heart In Two (World) (Addon)
2AE6D09219E087FF7BCEB37B4B861020F00D1F0345,Rock Band Network - The Project Hate MCMXCIX - Descend Into the Eternal Pits of Possession (World) (Addon)
2AEC8B31BF8A386307E001E0AFC84059FBA043544B,Castlevania - Lords of Shadow 2 - Armored Dracula Costume (World) (Addon)
2AEF9F58C476749C908A8581F56DD30F6C3F83E258,Space Invaders Extreme - Expansion Pack (World) (Addon)
2B28CA2F9ED97F97F0C561AEE1C39EACD850B3D858,Frozen Free Fall - Snowball Fight - Halloween Pack (World) (Addon)
2B32591392B5AEFEDAB6BD1FB8F7141B041BCA2C54,Dance Central - Justice - D.A.N.C.E. (World) (Addon)
2B4199CA001315861A235A0C7C0A20F8CEED762F58,Gotham City Impostors - Bats Logo - Bat of Approval (World) (Addon)
2B419B4CDFB137F13732E5A8DC8DF687037F27F745,Skate 2 - Time is Money (World) (Addon)
2B4E56A224809C60901DA7F794EF92EF0DCE543245,Rock Band - BAP - Verdamp Lang Her (World) (Addon)
2B5CD1C7303CDFE8EA10C24198C8AD3E705373EF58,Resident Evil - Revelations 2 - Samurai Edge (World) (Addon)
2B6C1D6A05A9A3BFFE2C03152F99B927D1DA89F345,Rock Band 3 - The Doors - Greatest Hits - Rock Band Edition (World) (Alt 1) (Addon)
2B78B332AA13C7B9B66CD1902ABCA90523EA999558,Pinball FX 2 - Doctor Strange Table (World) (Addon)
2B8A6F1391A8A77204E270C97C502522CC13196945,Rock Band Network - Richard Campbell - A Christmas Rock Medley (World) (Addon)
2BB411B9B6507EC3153AC62E1B07EAC9A248126D58,Golf - Tee It Up! - Clothing Pack 1 (World) (Addon)
2BD230F3B75057CCD096CFE5236E5212B0DEB41645,Rock Band - Willie Nelson - On the Road Again (World) (Addon)
2BE47DA710C5897814868051EDEA1A1A3F772AB845,Rock Band Network - Sullivan DeMott - Live For Today (World) (Addon)
2C18FA014A3828AD3158FBB70258BA06B6E79ABE45,Rock Band Network - Tobey McTired - Acvodad (World) (Addon)
2C311B6E1D568BDEECF8BEA8F8BC4A619816BF7545,Rock Band Network - Emmure - Protoman (World) (Addon)
2C430E6129EF2E4ECF2B7C1EACADA5600E9CF43145,Rock Band - Century Media Girls of Metal - Pack 01 (World) (Addon)
2C43443E7296F833AF2236A1B5724346DC164B0C54,Borderlands 2 - Headhunter 1 - T.K. Baha's Bloody Harvest (World) (Addon)
2C461AF6071A07EC3A2CE7445F3C965C11D867A54B,Def Jam Rapstar - Kanye West - Jesus Walks (World) (Addon)
2C4727ED95503D1A038AF115F4F0436DFE10009745,Rock Band Network - Toby Turner - I Can Swing My Sword (ft. Terabrite) (World) (Addon)
2C77615BFA378D0A93C70959DEB62DF36FF1D26A45,Rock Band - Fleetwood Mac - Dreams (pro) (upgrade) (World) (Addon)
2C82D8B812D93C2EC14CBAE67C77978E25ABA81C45,Rock Band Network - Tub Ring - Stop This (NOW!) (World) (Addon)
2C92CEFC807F0926FEBB064AEA97C55EA53B0CD758,Minecraft - Xbox 360 Edition - Fallout Battle Map Pack (World) (Addon)
2CC1D91C9BE135AF3335E1D5B3D5EF808E00C9A44D,Lips - The Temptations - Ain't Too Proud To Beg (World) (Addon)
2CE71878BA74498F2000224117CBF5DB2340E6EA45,Rock Band Network - The Minotaur Project - Rampage of Kronos (2x Bass Pedal) (World) (Addon)
2CF2F9F1BD87E26FCB20BC259441B1E39F1DF8AC45,Rock Band Network - Andy Timmons - Redemption (World) (Addon)
2CF35AA04DAD7A082EBD88E4ED224603B0AE29E658,Fruit Ninja Kinect - Trick or Treat Bag (World) (Addon)
2CF93973C9A1CEA807FD0A2F99E2B0791E1E569541,Call of Duty - World at War - Map Pack 2 (World) (Addon)
2D08FA237CAC922FE2FBCF0F76A876C54B69843245,Rock Band Network - Twin Atlantic - What Is Light - Where Is Laughter (World) (Addon)
2D15EB5CB513F188149993FA5CA34F77ECF3607F45,Rock Band Network - Pink Flag - Dirty Hair Party (World) (Addon)
2D18EA31C2416493E53334F89B137C70800E55BD45,Rock Band Network - The Minotaur Project - Shattered Satellites and Brutal Gods (2x Bass Pedal) (World) (Addon)
2D1A55F19BE1A093C6F060CF4674B099C21DABC141,DJ Hero 2 - Tiesto Mix Pack (World) (Addon)
2D1B2B0649C4087CB019A3FB176621077BDA092558,Real Steel - Add-on 03 (World) (Addon)
2D1DE1482ABE59DCC8DD68BC448A2CDD59C436E645,Mass Effect 2 - M-29 Incisor Sniper Rifle (World) (Addon)
2D29D1CE0CF79179F17BF2B84E4D4C11CFBA765645,Rock Band Network - Francisco Meza - The Restless Mind (World) (Addon)
2D4D7DABE9C37741501883063B6A84E1B6D231E645,Rock Band Network - Jonathan Coulton - Chiron Beta Prime (World) (Addon)
2D9502F7BA437FD0FA9BCCA511EA35FB100556AC45,Rock Band Network - The Pauses - Go North (World) (Addon)
2DA1A2D26D825F10140237AF49AB0B1ED718A8C054,Homefront - Weapon Camouflage Pack (World) (Addon)
2DA592AF479B331C2A1225F5B937E2C63A21F70458,Guardians of Middle-earth - Kili - Playable Guardian (World) (Addon)
2DABDF69CC3F854DA3F9DCDA98F85D6E81DC734754,Dance Central - Chic - Le Freak (World) (Addon)
2DB63D42D10DB70EADBF798125E068407E7C433A45,Rock Band - Mission of Burma - Pack 01 (World) (Addon)
2DC633C41B5C525365B5850AA1765EDE942A178945,Rock Band Network - Kataklysm - Numb & Intoxicated (World) (Addon)
2DC7075ECE5D45ADF69ED31189BC4EF3E417C78E45,Rock Band Network - Counterfeit Pennies - Five More Minutes (World) (Addon)
2DCE5C2F339111E7693C31180D4F2C3ED98DD0114D,Lips - Commodores - Brick House (World) (Addon)
2DDDED33CCD325389B199663F638317861AB353745,Rock Band - David Bowie - Ziggy Stardust (pro) (upgrade) (World) (Addon)
2DDDF40B6964DCA7CF2335530DD5B0BC0C2E57BE4B,Def Jam Rapstar - MIMS - This Is Why I'm Hot (World) (Addon)
2DE1C25E52D07B7A568C55A2798876762B743F4245,Rock Band Network - Bumblefoot - Real (World) (Addon)
2DFBA40020122B64483033DAAF9ABDCA3D88E1CB58,Castlevania - Harmony of Despair - Simon Belmont Character Pack (World) (Addon)
2E013C274773D749FEA3BB3217F432559D9549D74D,Lips - Lady Gaga - Bad Romance (World) (Addon)
2E3AFD58D0415710170B71410305E899AFA4663245,Rock Band Network - C&O - Here Comes Tomorrow (World) (Addon)
2E530CE504E4EAF0B6FFEBAC33F323B8E7D50BC845,Rock Band Network - The Guild feat. Felicia Day - (Do You Wanna Date My) Avatar (World) (Addon)
2E6BC380939519D23A68E9C5F2A34921D6F1B01D45,Rock Band Network - BulletProof Messenger - Lose It All (World) (Addon)
2EA110F0E8AA789C050A34E23B7A6EDE6511A6AC4D,Blue Dragon - Ultra Hard Mod (World) (Addon)
2EA4C0C5B9D8D7435B2CE1389879BB7652E39F7B45,Rock Band Network - An Endless Sporadic - Anything (World) (Alt 1) (Addon)
2EBA4BF1DD4FBE179007E191CA02296B6218349458,Worms - Jungle Landscape (World) (Addon)
2EC60A100C546B92560C4EEE88D114DC76E7F04E58,Guardians of Middle-earth - Saruman - Playable Guardian (World) (Addon)
2EDFD3D0054EA43605A868CEB3EFD762E33E4A8E43,Devil May Cry - GamesCom Trailer (World) (Addon)
2EE2ED420A705835078EE64B8562E6EF3BCABFAC4D,Halo Reach - Legendary Edition Bonus Content (World) (Addon)
2EE49AF648F8892418B00E5DF1C97931D819C00345,Rock Band - The PAX - 2008 Collection (World) (Addon)
2EE53197BD0CCE3C03EC6E019F4B777CA90B41A045,Left 4 Dead - The Sacrifice (World) (Addon)
2EF17EF69E1C78C97A059BD455F7B59DA662A94343,Strike Witches - Hakugin no Tsubasa - Time Attack Mode (Japan) (Addon)
2F0186372DDADB3B2C8557688F02D2587EEAFBC84D,Mass Effect - Pinnacle Station (World) (Addon)
2F09B369CF4E28F9C5FA62427847DC0A2DA299074E,Enslaved - Odyssey to the West - Classic Monkey (World) (Addon)
2F0F32CAFC09D45027E39E69C68D3B618951DB7B4B,Def Jam Rapstar - Eric B. & Rakim - Paid in Full (World) (Addon)
2F1FB9693F1FD39C771B7092C261D213D7C289C34B,Dynasty Warriors - Strikeforce Pack 2 (World) (Addon)
2F2D4900A2AABE13A11D9D2151F24E003C8369084B,Def Jam Rapstar - Marteria - Zum Koenig Geboren (World) (Addon)
2F32E4A73C0BC838FBF525B52556BA6955E4762358,Zombie Apocalypse - Never Die Alone - Pure Pwnage Pack (World) (Addon)
2F3709F13BA8FC2F4CA1979316E5B6B3F668F5F44B,Otomedius Excellent - RV Vic Viper T-301 - Library (Japan) (Addon)
2F3D17794D74A11F9A6428DD73E98B51E8468D6C58,MLB Bobblehead Battle - Roster Update Oct.11 (World) (Addon)
2F4A3741B2EA8064571558F6383EC43F0A5CA2E445,Rock Band - OK Go - Shooting the Moon (World) (Addon)
2F5DF3FFC9BF2582C3B48D7395ADD0D20359BD1D54,Red Dead Redemption - Legends and Killers Pack (World) (Beta) (Addon)
2F84A563EF87C025C58BD5B24A8151B7B35320B245,Rock Band Network - Flogging Molly - Drunken Lullabies (Live) (World) (Addon)
2F8512A54F4DAED20024CFA737C1725A9704224058,Orcs Must Die! - Lost Adventures (World) (Addon)
2F925B2EE47864006265150C4342ED7AD3BD81B845,Rock Band Network - Full-Source - Red Sky At Morn (World) (Addon)
2FA688A0A06F7D02C66A11E6CEA902AE989B697245,Rock Band Network - Where the Ocean Meets the Sky - We Are But Instruments (World) (Addon)
2FA753EDA31082D43CDBA41F4341233DACFEBE3045,Rock Band Network - Nonpoint - Crazy (World) (Addon)
2FB11BBF146E8654171C4C5912519AD76876868A54,Mafia II - Vegas Pack (World) (Addon)
2FCA1DF9FDDE008C834104F30980881C9F65FC6254,Dance Central - Cameo - Word Up! (World) (Addon)
2FDDA216C3D7B33BD2C345B970B103489025854245,Left 4 Dead 2 - The Passing (World) (Addon)
2FE256862E25EE7D9CEDD1E694A3A5A2A40C456043,Dragon's Dogma - Challenge Pack (World) (Addon)
2FEA30734179050FBD925CDEC89029ED686073CB4D,Lips - Michael Buble - Everything (World) (Addon)
3007971F52402C5FC5B0D4AB68ED7FE3FF2FD3E145,Rock Band Network - Chaunce DeLeon and The Fountain of Choof - Tadpole Search and Rescue (World) (Addon)
300BE7F8F917B934456436AF36DD457F17A228F445,Rock Band - Joe Satriani - Surfing with the Alien (World) (Addon)
30137F9DE013BC14637A3D34D89FE7620073662D45,Rock Band Network - Jonathan Coulton - Betty and Me (World) (Addon)
302926C7FBE68CCE2B05C61CE64C716A68B2AD1B45,Rock Band Network - J.A.C.K. - I Cut Off My Arms (World) (Addon)
302C2267B179FA89491BD01A55E9AA4460E9D5B945,Rock Band - Gorillaz - Pack 01 (World) (Addon)
303D76C31440625195B6B338D4F88241661B782E41,Call of Duty - Black Ops II - Revolution (World) (Addon)
304C27269C48369686386F66A0A878D30D0DD96B4D,Lips - Cher - If I Could Turn Back Time (World) (Addon)
308382732020E811FC3B6B74E4D0CA2AC52D865955,Ghost Recon - Future Soldier - Khyber Strike DLC Pack (World) (Addon)
30A024CB98B73B4409C427F66D180EC926BFA93858,Naughty Bear - Panic in Paradise - Pennybear Costume (World) (Addon)
30AA18C446CBD475299C926F722C39B124E29A5C45,Rock Band Network - Andromeda - My Star (World) (Addon)
30AD2F0280BD588970C53C6B4DF189A323CEA31A4D,Lips - Kaiser Chiefs - Ruby (World) (Addon)
30BF25F9EA5E8AB748ECFA4C91F16B96D9E5359345,Rock Band Network - Bumblefoot - Guitars Suck (World) (Addon)
30C8CAE6EA5AC996E25D274BF9EE1845CE93854345,Rock Band Network - Flight of the Conchords - Demon Woman (World) (Addon)
30D9E198FB46980EA1241302CE75D9840F07B35A45,Rock Band Network - DoubleShot - Creative Warrior (World) (Addon)
30E1883271BB86B886B69B2C9B1702378D528AF158,Kinect Fun Labs - Mutation Station (World) (Addon)
30E28CDA632B9D082831ECF4D499305C194E76B94D,Lips - Rihanna - Shut Up and Drive (World) (Addon)
30EA565F20D511BE586C9A0AAE16A2A7D9CA38DB45,Rock Band - Weezer - Buddy Holly (World) (Addon)
30F386F3DAFD1D14B8A4690347C8D001A0F6BBCD45,Rock Band Network - Chaotrope - Pandemonium (World) (Addon)
3101A341193403166A240AC9E11B83EE59DABF3C45,"Rock Band - Morrissey - Irish Blood, English Heart (World) (Addon)"
310C8C9D88FEEE6E93E79294F9C45BBFB42F9B4145,Rock Band Network - Ultra Saturday - Zombies!! (Coming Out Tonight) (World) (Addon)
3126FE6EE0C110FD1EE5AEE415953BFA4D1790E658,Yu-Gi-Oh! - 5D's Decade Duels - Release the Iron Core Deck (World) (Addon)
312E2180D1B7886901DA8BEADFBB8B70C316D90858,Crazy Machines Elements - Brainfood II (World) (Addon)
31384BB0909DA57B00E5923E039D4291BAA1D7DA43,Marvel vs. Capcom 3 - Costume Pack (World) (Addon)
313EB55E965CBD2308E32785060A59E03BD89C0A45,Rock Band - Spinal Tap - Pack 01 (World) (Addon)
313F5B8E03D77BDD4181E79070527331CC254EED45,Rock Band Network - Hugh Cornwell - Wrong Side of the Tracks (World) (Addon)
31461C9A0C16DA9942D36F0A8935FC30757A02A045,Rock Band - Extreme - More Than Words (World) (Addon)
3157C3C6109FC8219EC07B64D7EA36A1D202E70F45,Rock Band Network - Strayplay - Vuvuzela Anthem (World) (Addon)
318918E3D59A464776CB9869DEC1C07A5268D57458,Worms Revolution - All The Fun Of The Fair! (World) (Addon)
31901D7ABAAC9F7F581B40DE15C1065BC0673D3C45,Rock Band Network - The Pursuits - 24-7 (World) (Addon)
319143B00C605B32FE7622B5C0089E17296AA0E44D,Forza Motorsport 4 - July Car Pack (World) (Addon)
319F03C5BF923BFF8C33C10CD6D97ECB41A4DE3358,"Pool Nation - Cues, Balls and Decals Pack (World) (Addon)"
31A1167CA9BBC86A279274948C4E91B69BC3DD4B41,DJ Hero 2 - Electro Hits Mix Pack (World) (Addon)
31B707B7AC630F2BD7C2AB708F4D83AB4F1909AA43,Resident Evil 5 - Lost In Nightmares (World) (Addon)
31D1C859545A33A737B7CAE1BA2A797AE02B4A8445,Rock Band Network - Calous - I Cannibal (World) (Addon)
31DFB2848A16CDE4B0FB475BE7123B0FFFF0842145,Left 4 Dead - Survival Pack (World) (Addon)
31E80C853853BFC14C9208AAC730649CF3863E3B43,Dead Rising - Pink Paparazzi Key (World) (Addon)
31EF2968AF2C21F0895FB49EC03982D617E9A8B658,Pinball FX 2 - Iron & Steel Pack (World) (Addon)
31F0944AB0FF2C2325516B5AD5160C1A0A5EBA4B4D,Lips - Leona Lewis - Bleeding Love (World) (Addon)
31F305405AF206E76399B949976CC7936B6C3CDF45,Rock Band Network - Lightwires - Magician (World) (Addon)
32096C5A57F0047CD125FEBDC51BF354C643248945,Rock Band Network - With Life in Mind - King of Frauds (World) (Addon)
320E5C381482BDBDDDD2F68B2478D0DCEBF66AC958,Frozen Free Fall - Snowball Fight - Hans (World) (Addon)
3224BA6CD0EEFC2223DEB48FBC5BF5A2A6AC2D2758,Worms - Ultimate Mayhem - Multiplayer Pack (World) (Addon)
323B57FEF5C697FEEB3867466928EF1D903313984D,Forza Motorsport 2 - December Car Pack (World) (Addon)
323C4FC47416223CC8A2D0C9082F5A3D7B36FB7858,Dollar Dash - Robbers Tool-Kit (World) (Addon)
3241DD00399C7988F29E587E9EA1F534791573D745,Rock Band Network - Asking Alexandria - The Final Episode (Let's Change the Channel) (World) (Addon)
32438E1475B7B45D698989C3A78876F332FE9A6558,Dead Block - More Dead to Block Map Pack (World) (Addon)
32447B57AF05D69D530231C537CB466C0C0B190858,Yu-Gi-Oh! - 5D's Decade Duels - Returning to Mist Valley Deck (World) (Addon)
3256AB12CA3DF2168495966160B0853DA5D2EF7845,Rock Band Network - The Sex Generals - Warmachine (World) (Addon)
326012E8D7ACE59C10FB68C69953F0AC3855DEF845,Rock Band Network - My Morning Jacket - I'm Amazed (World) (Addon)
32A16BC34FE79C073DFFE6F31C07427335D24C0A58,Naughty Bear - Panic in Paradise (World) (Addon)
32EB590502D3390B2E3B1889FBF8007CCCE354624D,Lips - Wings - Mull of Kintyre (World) (Addon)
33050047D0A12B2CF625993816E8ECBECBF22D034D,Lips - Bryan Rice - No Promises (World) (Addon)
3315297F7EFF0B5B4589A164C1EA9AE17FC81EC04D,Kameo - Design-A-Skin Pack (World) (Addon)
333097C283DFB55959A60779B8BC92EF50C8926558,Magic - The Gathering - Duels of the Planeswalkers - Deck - Thoughts of the Wind (World) (Addon)
33547DB61C188A1965702034F37B630DBDA1C8C941,Guitar Hero - World Tour - Activision Music Track Pack (World) (Addon)
335A216E95BD954F250BD37B87925A6224CB6A1641,Call of Duty - Black Ops II - Uprising (World) (Addon)
336D1D8DC057A1CDCC4C93A80822D5FFEEFA055B45,Rock Band Network - My First Earthquake - Outta the Band (World) (Addon)
337200D39DA52F0A9C67A63C3325B84264961FFD4D,Lips - Depeche Mode - People Are People (World) (Addon)
3381012DC3CBC38143BADFA8B6306D3C70195AE445,Rock Band Network - Damone - Serial Killer (World) (Addon)
3388509C4DD22992B6010A35BD3D4133EDA5783242,Cars 2 - The Video Game - Cars 2 Pack (World) (Addon)
338F8AF0FDED641F882DB68A0B441773146407E345,Rock Band - Smash Mouth - Can't Get Enough of You Baby (World) (Addon)
339F6CAC19FE1B87FF701CE69418D9B20B3FACAE45,Rock Band - Nickelback - Pack 01 (World) (Addon)
339FBFFC5818DE02DA315A40AC065A23126B429458,Life is Strange - Director's Commentary (World) (Addon)
33D8876AE51F027FFF6B2D1EF0B219FF0FA7B68045,Rock Band Network - NightShade - The Depths of Memory (World) (Addon)
33ECB88217283B6DAD6968404F84FF88772E8A9045,Rock Band Network - DoubleShot - What's a Man to Do (World) (Addon)
33FA07FB3DA3017E64664BB8F432DE4A8306A2FD58,"Walking Dead, The - Michonne - Episode 3 - What We Deserve (World) (Addon)"
3412C47F031C18202C7C4C4D26D1E6561EA1E04C45,Rock Band Network - The New Regime - Take Control (World) (Addon)
3445ADB396BDBAB298EFD092BE0B27AEE47AD0DF45,Rock Band - Spinal Tap's Tap Ten (World) (Addon)
3457C26E31C3D815B007F3782F2843F141D12BE94D,Lips - Peter Bjorn and John - Young Folks (World) (Addon)
34585BDDDF18CF96034199DC9145A0F3E5A099A54D,Gears of War 3 - Fenix Rising Map Pack (World) (Addon)
345CC5285190DF0820A3BEC3A0453037AA9A2E1545,Rock Band Network - The Japanese Frog - Where We're Goin (World) (Addon)
346558C9FA8D56CB325A74291F090BF27D9FBAE745,Rock Band Network - The Dillinger Escape Plan - Gold Teeth on a Bum (World) (Addon)
34A728F24DB659A69D4CEB1171A1FC81152D257945,Rock Band Network - BS (A. Whiteman) - Swallow My Children (World) (Addon)
34B68E92695769ACECEF8135F3726334910F084A58,Fruit Ninja Kinect - Christmas Present (World) (Addon)
34C3688CB2ACDAE08C0B9A58609311381C9554204B,Otomedius Excellent - Donburi Island Stage (USA) (Addon)
34D7E0DF5BEB6433C6E1FBAA53DE42AC4457B36A45,Rock Band Network - Raven Quinn - Decadence (World) (Addon)
34E02D411AF8FB80AA4066FD2F7E6B4A114B8A3641,Guitar Hero - World Tour - Guitar Duel Track Pack (World) (Addon)
34FEDD9D52689C3F04BF16E860EA2182C6F37DFC45,Rock Band Network - Rainbowdragoneyes - Creatures ov Deception (World) (Addon)
350B3C480F2A669B7D1FB4BD9DE2A7594262611D54,"Carnival Games - Monkey See, Monkey Do - Monkey Dancin' Pack (World) (Addon)"
35130D8F04644182331AAAFEEAF5DFB11D1FF4CF45,"Rock Band Network - Full-Source - It's Not You, It's Everyone (World) (Addon)"
35182CCDB76A606658A06FD906CF19B609711A4758,Ugly Americans - Apocalypsegeddon - Randall's Misadventures (World) (Addon)
3555E9D31222548B1259F415B5ED779E00EE139E58,Yu-Gi-Oh! - 5D's Decade Duels - Card Pack 07 (World) (Addon)
357C055031D1D45FBE2BF6AD6CD59642FC0F86AB45,Rock Band Network - Hip Kitty - Stuck in a Rut (World) (Addon)
35842B90831CD80F27BBF2537BC8CD7115ACB83558,Mad Riders - Zambia Pack (World) (Addon)
358A85442A7004B753AA5916DAC44E1DFB6A8B6658,Kinect Fun Labs - I Am Super! (World) (Addon)
35921D4E350E68D3076DA0E3A90B6AADBBCA3E1658,Skullgirls - Eliza (World) (Addon)
3594F88BD983F8C236ED9DA17F735FAF39F508E645,Rock Band - Puddle of Mudd - Pack 01 (World) (Addon)
359625BAC9C940C0C5F63A71E54770421DDAF1F745,Rock Band Network - Anti-Flag - We Are the One (World) (Addon)
359A9ED96893E22FE640EA90F3AA8484C3B080F245,Rock Band - Soundgarden - Pretty Noose (World) (Addon)
35AF86E5D08805B8198E29CAB30B10ECB8B584DE45,Rock Band Network - Andrew Buch - Trippolette (World) (Addon)
35CED9155C8C8A2A509FEB47B0BF7C92D03F3D4358,"Wolf Among Us, The - Episode 2 - Smoke and Mirrors (World) (Addon)"
35D5A6F05D431E0E8F55E59AB417A7D3B467FAC345,Rock Band Network - All Shall Perish - There is Nothing Left (World) (Addon)
35D7B15EF3F2A5CFAE713B03A4D609824DB8BD5B45,Rock Band Network - Mafia Track Suit - Forest for the Trees (World) (Addon)
35D8EE10DE2C31620B46F0A57BB5734C1AD56DF045,Rock Band Network - Songs To Wear Pants To - Stevie (World) (Addon)
35DC5EA686E2F21AA63A0BC3C050D68BE8E4DF604D,Lips - Robbie Williams - The Road To Mandalay (World) (Addon)
35DD5AD98DB4A4D68B6B09189F75871721DCFD6445,Rock Band - George Thorogood & the Destroyers - Bad to the Bone (World) (Addon)
35F2AA65A0CDDB099F21E3280F7CE1054B5E080245,Dragon Age - Origins - Leliana's Song (World) (Addon)
360DFAEA64C90DD70EC12CBEA85C8D9006F10E9145,Rock Band - 3 Doors Down - Pack 01 (World) (Addon)
36178CF65C8447729A82431760C6712EECB24EFD45,Rock Band - Sonic Youth - Kool Thing (World) (Addon)
364982CE7E17634AAB51E083320B17EC40BB597B45,Rock Band Network - The Reverend H Chronicles - Daughter (World) (Addon)
364C4B68FFE227233EED63B37506AEEC51B0B81845,Rock Band - Nightwish - Amaranth (World) (Addon)
3668E6696AE654A73303DF0AB193545A0DDADF1C58,Kinect Fun Labs - Air Band (World) (Addon)
3669D15331B58D855190DE4CAEA9BE8BA3FFCFC558,Real Steel - Add-on 10 (World) (Addon)
366DE2CED894AF760C670B40E0EB475AC68F69AD4D,Lips - Queen - Another One Bites the Dust (World) (Addon)
366EB6219105F5ED92CA44A610C82905AD0366DA49,Test Drive Unlimited - Test Drive Collection - Volume Five (World) (Addon)
3676FE8F423415307738F8C8077EC155DF41BBCF45,Rock Band Network - Hella Donna - Good Things (World) (Addon)
367731E6329F9738B3B82E6933D23FC7BCFD72C145,Rock Band - KISS - Pack 01 (World) (Addon)
3677BAA6D85608A7FADF57AE19DF8AFA58E91DD558,Raskulls - Reinforcements 1 (World) (Addon)
367E2DC06F8D27EA7EAEF525373689B4950C054C58,Yu-Gi-Oh! - Millennium Duels - Mecha Phantom Beast Pack (World) (Addon)
36821133F240E8543350F483963E978F9159BC7458,Outpost Kaloki X - Fireworks Scenario (World) (Addon)
3691DE1D9E8D54E492DF1CB7AB44527F12905EBE4D,Forza Horizon - February Jalopnik Car Pack (World) (Addon)
369EF84E488734C57E563DF6BE514F67CADED05A45,Rock Band Network - Broken Equilibrium - November (2x Bass Pedal) (World) (Addon)
36A416D67B0D1BD1CCE51A022164E2B6BCEAEB4358,Tetris Splash - Tang Pack (World) (Addon)
36BF2B4E0105C2E794103F6343F4C4F2EA33FA2545,Rock Band - Simon & Garfunkel - The Sounds of Silence (World) (Addon)
36C35FBB11CA854CCF60EF24D53A73B1BD22374B45,Rock Band - Hoobastank - Crawling in the Dark (World) (Addon)
36C6DE8CF7F198FBBDC432C501B898D23DC614AD45,Rock Band Network - Amberian Dawn - Field of Serpents (World) (Addon)
36CE6275E1549464D92D21F7E57082B58928778E45,Rock Band Network - Flight of the Conchords - The Most Beautiful Girl (In the Room) (World) (Addon)
36D3999E33ACDB077512901834845BEBDB034C4758,Zombie Driver HD - Apocalypse Pack (World) (Addon)
36D9D614973AF7776B0FE8BB810B3E1AA004892158,Gotham City Impostors - Bats Cape - Cape Fierce (World) (Addon)
36DA99294F4789606BB6ECDC910DB6CAD78E373D4D,Lips - Maroon 5 - Sunday Morning (World) (Addon)
36DA9EF296B35F21C2470D71D9A21F5F8DFC6DDE58,"Castlevania - Harmony of Despair - Beauty, Desire, Situation Dire Map Pack (World) (Addon)"
36DDB8888043BE80F0FA0079E03A8932DBCEF1384D,Lips - R.E.M. - The One I Love (World) (Addon)
36F0FA570C01BA9F0FED91C6FAEDF2035AAACC244D,Halo 3 - Legendary Map Pack (World) (Addon)
36F34154B88A1FDB5DF964D94AA596ABD5D2720445,Rock Band - AFI - Pack 01 (World) (Addon)
36F500D841D0444D211D46DD293248BF2B8B25E745,Rock Band Network - Kiev - Crooked Strings (World) (Addon)
371AC8F60E003BBFAD9B16B18288173FA79FCFB758,Gotham City Impostors - Bats Logo - Danger Bat (World) (Addon)
373555F42F44DA7C6B12BAD15BB67EFAA4D93DFC4D,Lips - The Cars - Drive (World) (Addon)
3750C256F959E47CC5CAFDD7DA9676D44CD546C945,Rock Band - Foo Fighters - Pack 03 (World) (Addon)
3751F74AE026FFC86155B796EA5FD989DC31C23F45,Rock Band Network - Sin Direccion - Para Ti (World) (Addon)
375CB2065C6DC5A355524A4E0861711CD7AA47F345,Rock Band Network - Self-Titled - Indulgence (World) (Addon)
375D397F101C798B6C0B6223849B22C4C80CD65D41,DJ Hero - Domination Pack (World) (Addon)
376593775C5D7A018DD964976086AEA6FDA64D284B,Otomedius Excellent - Arvnal -Summer Kimono (USA) (Addon)
37755D8851EA285DAA9984FFAF5DDB2A4C8EB05842,Brink - Agents of Change (World) (Addon)
377E01114B97B039CCCB379B88B507A51D74EF1845,Rock Band Network - Midnight Oil - Power and the Passion (World) (Addon)
3788BD59E258DA14F998FB60A48618502A1EA83A45,Rock Band - Queen - Under Pressure (RB3 version) (pro) (World) (Addon)
37C6E315F52A0DB8A7ABF91162D4393CCA59690245,Rock Band Network - Cult to Follow - Leave It All Behind (World) (Addon)
37DA9E08ABACB7E7033A8ED2DF401D4ADCD2F93C45,Rock Band Network - Daryle Stephen Ackerman - One-Night-Stand Man (World) (Addon)
37DF29130E80F92BB5BBCFA7D387035AA3C6BF6058,FunTown Mahjong - Moon Festival Theme (World) (Addon)
38092AB4A1D1F4963E1803FA4A5F2320D7BD96124B,Castlevania - Lords of Shadow 2 - Revelations (World) (Addon)
3839017EDCBF273CA39BCC2EDAEE73483256238858,Minecraft - Xbox 360 Edition - Candy Texture Pack (World) (Addon)
384334EEDB6E137D68002EE58163E7492B44A79458,Castle Crashers - Necromantic Pack (World) (Addon)
3858D96477E6BE5364BAF9934AD1AD860B55EFC745,Rock Band - The Ramones - Rock 'n' Roll High School (World) (Addon)
386131BE872EEFDF71352F255D619343FBA8C41858,Kinect Fun Labs (World) (Addon)
38751262616EC5A6E1BC7E71871DCAC0CC9D4ED247,Senko no Ronde Rev. X - Extra Costume - Fabian B5 (Japan) (Addon)
38BE09DDDB7AA54E0AA96E5003D539DD487A9CE258,Skullgirls - Beowulf (World) (Addon)
38C581501F0E12CD63191A630BCF5A755153434745,Rock Band Network - Steve Vai - The Attitude Song (World) (Addon)
38CD518F5FEF90B448ED712C832C0B078053295345,Rock Band - Picture Me Broken - Dearest (I'm So Sorry) (World) (Addon)
38DE79D90150EB8E231CAABBBB13ECA17BF801CC58,FunTown Mahjong - Zen Garden Theme (World) (Addon)
38E2AA1F0D9ED19B439298F1DF3DF75912FA45F442,RAGE - Anarchy Edition Pack (World) (Addon)
38EF8637BE1A8E2BDC776504A051F77BA448913F4D,Game Room - Game Pack 013 (World) (Addon)
3900AAE59308FD2409BCBDDA5F871333820B0DAF58,Minecraft - Xbox 360 Edition - Fantasy Texture Pack (World) (Addon)
390E3E3FAA16193262334AA8DFEAC1AC327A711A45,Rock Band Network - Indestructible Noise Command - Rain (World) (Addon)
39212A6EBFE21BFAB409DC8CF3EDD0992EA761C045,Rock Band - The White Stripes - You Don't Know What Love Is (You Just Do as You're Told) (World) (Addon)
395BB94F31F97F9CCD5EC45BBDABD6FF5D81DF1058,Yu-Gi-Oh! - Millennium Duels - Wind-Up Deck (World) (Addon)
397072BB1B2864D84192E20C7D2A9577803D988F43,Overlord II - Battle Rock Nemesis (World) (Addon)
3983441265E83C1A33944157FD416E20B696AEE845,Rock Band Network - HourCast - Hell or Hollywood (World) (Addon)
3985C43133DBBD1EC8AB49757A0E6ADB72AE9AD458,Pinball FX 2 - Marvel Pinball (World) (Addon)
399A9F8619B04F51316B85E104E7BF2A2BF89B6E49,BulletWitch - Dawn in the Valley - Great Spells Unlocked (World) (Addon)
39A5F0785B91D9C9BD608C7CF2D4C9617FBC37EC45,Rock Band Network - Seppuku With a Straw - Death By Cancer (World) (Addon)
39B32CFE5D8F03FB1680DEF05DEEF54870A7025D58,Yu-Gi-Oh! - 5D's Decade Duels - Card Pack 03 (World) (Addon)
39BA332A8DDD99E97579AF28985D2F08F8940C0C45,Rock Band Network - Nautiluz - Chasing the Light (World) (Addon)
39BDF34B653A672B0DB8AC929FF07411F48AB0BC43,Dragon's Dogma - From a Different Sky - Bundle Pack (World) (Addon)
39BE170339C2A3B6F7332A6FEEA9FB993D9C3D0F45,Rock Band Network - JOANovARC - Say Sayonara (English version) (World) (Addon)
39C51118F92E9AB346F13388C6FB38FE6D1442A654,Dance Central - Blur - Girls and Boys (World) (Addon)
39D582F7B8C28ED4F969079CD3F1C723008D8D8045,Rock Band - Vesuvius - Promised Land (World) (Addon)
39DC83B2479AE12DB113CCA1D05C725986FC9D2058,Pacific Rim - The Video Game - Add-on 02 (World) (Addon)
39E212868909816AEE36E661E2A6A58A37E9159245,Rock Band Network - Robby Suave - Around the World (World) (Addon)
39E9347C1063A8D3E36DEDA60C64BE64FA8C85764D,Lips - Monrose - Shame (World) (Addon)
39EE6611FC4AFE51A7D83A111CD6E5E876F5984245,Rock Band Network - This or the Apocalypse - Lamnidae (World) (Addon)
39F000E479601B98ABDE09E1166B92D9CD132A2545,Rock Band Network - The Bronx - Young Bloods (World) (Addon)
3A00B04EBCEDBA77F518150F25732E5AE13FDA9145,Rock Band - Alice Cooper - Pack 01 (World) (Addon)
3A24B4409B66819971A00708D998477CBB0E80B645,Mass Effect 2 - Normandy Crash (World) (Addon)
3A346D1B48AEB784C5D8C225F4BD29BD1AC59C1654,Red Faction - Guerilla - Demons of the Badlands (World) (Addon)
3A35EB24F0C97F31859B2AC895FE46AC3E0A87354B,Otomedius Excellent - Strarf - Library (Japan) (Addon)
3A40313631BAE8C3E01A74B2D1B8B76B6E25195358,Dungeon Defenders - The Quest for the Lost Eternia Shards - Part 2 (World) (Addon)
3A66E1B99E08A5A92DEC0FEC21EC5ECD42D9121145,Rock Band - Phoenix - Lisztomania (World) (Addon)
3A6A6D2748855DA36FE26C340847954F92143BF345,Rock Band - Whitesnake - Still of the Night (World) (Addon)
3A6B1CB01AE323FC3560920BF3114E7118E7DBCD45,Rock Band - Les Wampas - Manu Chao (World) (Addon)
3A6FE18236EBD2125A1C898E7982C6E974286C2D42,Fallout New Vegas - Courier's Stash (World) (Addon)
3A703E4F223B3B0554F1A94B6A9461CBE6D405FC45,Rock Band - Big Dipper - Pack 01 (World) (Addon)
3A8EAE8949879D8B9D03F4E8AF46329FB960805E4D,Lips - Men at Work - Be Good Johnny (World) (Addon)
3A93DDA4B63A49CDB5094D97AD631DE2EC22094D45,Rock Band - Chicago - Pack 01 (World) (Addon)
3A967ED649C3BDDD8E5C49770D1BDD61CB2CFFE158,Yu-Gi-Oh! - 5D's Decade Duels - Ritual Victory Deck (World) (Addon)
3AA3053C96A545BA9EFB467F4636E523FBA6073745,Rock Band Network - Sideburn - Cherry Red (World) (Addon)
3AB9BCD308F3F9CF452A490B286E6F05A46DAED741,"Amazing Spider-Man, The - Lizard Rampage Pack (World) (Addon)"
3AB9D67FCFB290559B0A2F02B4D745D7093ECE6B45,Rock Band Network - Timeless Miracle - Curse of the Werewolf (2x Bass Pedal) (World) (Addon)
3ABDD8EADA3D7FD5A17C588F230CC40FD087B83858,Skullgirls - Data for Beowulf's Title Update (World) (Addon)
3AC62E07E7D6C67501C7A81F35C56EC13855632053,Infinite Undiscovery - B Voucher (World) (Addon)
3AD0D552A5FF748AA8E0F54AC01D5742C044C37945,Rock Band Network - The Word Alive - Battle Royale (World) (Addon)
3AE9976B379818C91BCB630BE7A4A3EC5DA8E65F45,Rock Band Network - Kataklysm - At the Edge of the World (World) (Addon)
3AEC651E4C9806D3424B9B9B45CCDC4BE118996147,Senko no Ronde - Dis-United Order - Extended Sound Select (Japan) (Addon)
3B3163A70251E4897267EDEC52F230F0EEA713BE58,Pinball FX 2 - Street Fighter II Turbo Tribute Table (World) (Addon)
3B3555CFBD5A59EDB0980DCAA2803AA630327C0049,Test Drive Unlimited 2 - Mandatory 01 (World) (Addon)
3B3F965AEB06CFC7B9C1700503D8D433D5E269724C,Star Wars - The Force Unleashed II - GameStop Exclusive Edition Pre-order Bonus (World) (Addon)
3B5A7517623E1B19D64A1D316951A7280DEE0E3D4D,Lips - Jason Deruelo - In My Head (World) (Addon)
3B62AD9490DE15190F85F9CF3066E7E4A54EA7CC45,Rock Band Network - dB soundworks - The Battle of Lil' Slugger (Remix) (World) (Addon)
3B9EAD7EC2F352082E180BC7B82FE3547D9675F045,Rock Band - The Knack - My Sharona (World) (Addon)
3BE3D41E1D5EA697087BA088BF9AA38D8DEA797B45,Rock Band Network - LeetStreet Boys - Expert Mode (World) (Addon)
3BEAAE32A712045636F31738E1A9E3DA3B4AA0BA45,Rock Band Network - Amberian Dawn - Dreamchaser (2x Bass Pedal) (World) (Addon)
3BEE1650C03FDA005BCAC2C6C1CE13A8652A14F245,Rock Band Network - The Get Up Kids - Your Petty Pretty Things (World) (Addon)
3BFA7374412A9C48F741C73360E0EDD9506FF47F54,Fantastic Pets - Flight Pack (World) (Addon)
3C105D7F2D0CA4BFC3837D67A3F81EA3F27E36AD45,Rock Band - The Police - Track Pack 01 (World) (Addon)
3C28A922F168C29F039DA168A6A3057F5F98725842,Fallout New Vegas - Gun Runners' Arsenal (World) (Addon)
3C2B30F5C07C04E5E250F7EC2DDAAA5673F194ED45,Rock Band Network - Die Hard Till Death - The Will (World) (Addon)
3C32DFB525F9C6B74603626D2E6F20B23CB7852745,Rock Band Network - Lyrics for Monday - Runaway (World) (Addon)
3C406FCD00B96C1A8BCE366066FDDBB9A5DFC74545,Rock Band - Marilyn Manson - The Dope Show (World) (Addon)
3C492D5A0190CE00FD325939E22B2A0CC039AA224D,Lips - The Pretenders - Back On The Chain Gang (World) (Addon)
3C5B56313F7C453C14A947BD43C9484F657EBF7545,Rock Band - Stone Temple Pilots - Pack 01 (World) (Addon)
3C6C230C6D6B709910879A563CA22843E30D096D45,Rock Band Network - The Lora G Band - Mary (World) (Addon)
3C86C813CC24D3281AE19423F4DA059D92B77E5645,Rock Band Network - Alien Downlink - I Wanna Be An Alien's Pet (World) (Addon)
3C91B683ACD6AFD94948C0E0DFDC34D78AB78C4645,Rock Band Network - The Dirty Love Band - Moonboy (World) (Addon)
3CADBBA4E4FA2ED9DEC816DDF2AC9EDEC6C6A6194D,Lips - LeVert - Casanova (World) (Addon)
3CB88D0C96F8925BC4D883CE37D2BC73A06AA8354D,Lips - Elton John feat. Kiki Dee - Don't Go Breaking My Heart (World) (Addon)
3CB9E93B022560938ABE65318012B00B1035FFE958,Chessmaster Live - Calvert Chess Set (World) (Addon)
3CE7E054B1076B10704A8E861E485986B7AC3C5045,Rock Band Network - Spires - The Infinite Descent (World) (Addon)
3CFD6B8695425A981EE2B377C4879334F0D9809B45,Rock Band Network - Judy Buendia y Los Impostores - Rompecabezas (World) (Addon)
3D0053DABC404E51878BE17BD79E79117FB3AED745,Rock Band - Freezepop - Sprode (World) (Addon)
3D20026A5F89F3816002829961A48C378D14388F45,Rock Band - Caesars - Jerk It Out (pro) (World) (Addon)
3D4A1BA598FC6665A9ACB676BAB5F72312EBEE224D,Lips - Death Cab for Cutie - Soul Meets Body (World) (Addon)
3D56F90400DE6FBCED7852DF085F04AD75728F8F55,Naruto - The Broken Bond Chunin - Outfit Sasuke (World) (Addon)
3D57D0FA5187D9080588C34CA44D5E51DBB62C5645,Rock Band Network - An Endless Sporadic - Anything (World) (Addon)
3D5D05776F7FDC28FC0499DE3DDF3917FC28D04345,Rock Band Network - DnA's Evolution - The Heist (World) (Addon)
3D76C82EF4F6912B360C1C934D8E10EF46F6295058,Pinball FX 2 - Aliens vs. Pinball (World) (Addon)
3D79F7C75CF38D6E32E063E96EBBC423E5730F104D,Lips - Rihanna ft. Ne-Yo - Hate That I Love You (World) (Addon)
3DA163D8D41AB420C6FC7679F9F4F894E1DE9D3E45,Rock Band Network - War of Ages - Redeemer (World) (Addon)
3DB5AA29C520530E185B4DC77AD7EDC64A4BF37D55,Assassin's Creed II - Sequence 13 Bonfire of the Vanities & Secret Locations (World) (Addon)
3DC4B69F30A37035E3C45F37850398F44ACAF1A445,Rock Band - Rick Springfield - I've Done Everything for You (pro) (upgrade) (World) (Addon)
3DC5A17B68A90D443E1321EE2BF04F6E3A446FCB45,Rock Band Network - Evanescence - Going Under (World) (Addon)
3E1A8AA2C28BCCF2791C28C6478DCB60C956DB5145,Battlefield 3 - Multiplayer Update (World) (Addon)
3E2715E4CE0353E561C5E74A5B431ECCED1DA87845,Rock Band Network - Internal Corrosion - Legacy of Blood (World) (Addon)
3E278F4F13A74C377E1C14D001F9B069633260814B,Def Jam Rapstar - Fabolous - Make Me Better (World) (Addon)
3E2B353D66BFCFFF06C3948EE2852AC0F54BB8F058,Mark of the Ninja - Special Edition (World) (Addon)
3E4D3678BF1454DADE6B96E9136C71C41E5EE81645,Rock Band Network - Halcyon Way - Our Finest Hour (2x Bass Pedal) (World) (Addon)
3E893062FB29E9759795B25BFE5081431522A0CA58,Buku Sudoku - Puzzle Pack 05 (World) (Addon)
3E9A161965CBC9C2E3568AA87D4FD42BA76DBB7258,Real Steel - Add-on 20 (World) (Addon)
3E9CB87BCAD875759289B04EF9760B3C6B75944045,Rock Band Network - Simone Bacchini - L'alfabeto (World) (Addon)
3EA725186D5AC4D674A8AA1D803EE85DCE1E01314D,"Lips - Matt Chainsaw Chaney - Donuts, Go Nuts! (from 'Splosion Man) (World) (Addon)"
3EAB6A9A9D62B72AD760F1B1281C9E252851964345,Rock Band Network - Nova - California (World) (Addon)
3EC97A7086DD7AC4B6FF8D16E49A6A391455361045,Rock Band - Deftones - Pack 01 (World) (Addon)
3EDA9D20D39E61CDA202953C5CB26D17C736172F45,Rock Band Network - Third Eye Blind - Semi-Charmed Life '09 (World) (Addon)
3EE540B01A666D5F9DD7C7209CA3F75EE2BDBFBB58,Yu-Gi-Oh! - 5D's Decade Duels - Super Pack 04 (World) (Addon)
3EEEDC9698056220D1E7001943821C02DBEF5B5F4B,Otomedius Excellent - Diol Twee - Heirloom Dress (USA) (Addon)
3EF14E4A94E962A8F2409CC13B14046841FA629C45,Rock Band - Tenacious D - Rock Your Socks (World) (Addon)
3EF514C7D46B842DF0B3BA34E8D69EA44281971345,Rock Band - Queens of the Stone Age - In My Head (pro) (World) (Addon)
3EFB961BD2FF2E1228413051FFB8C373498A9C5558,Marble Blast Ultra - Marble Fu! Expansion Pack (World) (Addon)
3F296DFDD4DA8EF3F9053FB619816889A08EDC0345,Rock Band Network - Ashland Court - Hell's Sweet Hands (World) (Addon)
3F3A8F51CCD8C29D2AAA55E5D75C00ED8B599B464B,Castlevania - Lords of Shadow - Resurrection (World) (Addon)
3F4FBE9F30C2E52DF7318B406969E93A94BB660A45,Rock Band Network - Rose of Jericho - Beautiful Machine (World) (Addon)
3F5C42285668FC8572784BD994D185CFDCF909E058,Soltrio Solitaire - Game Pack 8 (World) (Addon)
3F69D0AFB52E54FC9E3F5F1D3760E01C5B0AD70045,Rock Band Network - Those Among Us - I Thought I Knew You (World) (Addon)
3F7E38C07065DBA5FC67297A957381A9496D562E45,Rock Band - Blind Melon - No Rain (World) (Addon)
3F9D25638FBCD5391C94C36ABE0B6E8EECA5C58F45,Rock Band Network - Blanks. - Lodger (World) (Addon)
3FC38403BA856691014FC0734F5602B237224A6158,Crimson Alliance - Wizard Class Pack (World) (Addon)
3FE13A974D42CB55D1CE401D277792946688118258,Dungeon Defenders - The Quest for the Lost Eternia Shards - Part 4 (World) (Addon)
3FFC114BD46DADEEAC3A124743AA1EC59375EDB858,Yu-Gi-Oh! - Millennium Duels - Hieratic Dragon Pack (World) (Addon)
40006CC8B5A37A64826B258984B3A3AA5AC4591845,Rock Band - Frankie Goes to Hollywood - Relax (Come Fighting) (World) (Addon)
4003E8B8C2775CC1C95CB41A747536298D9CAC6845,Rock Band - Fall Out Boy - I Don't Care (World) (Addon)
402EAECDF84A1037886EEB2ED8CD1562FDB0031845,Rock Band Network - Lead the Dead - Rip'er (World) (Addon)
404DF9EC3D6FB139037614922D1AC952B71DDA3B4D,Lips - Elton John - Crocodile Rock (World) (Addon)
404E5296C6B56FC3C2DF431A0CCCA052C3C671844D,Lips - Nu Shooz - I Can't Wait (World) (Addon)
40510C3C4B91D42CF2CDDD455B48E4583E1E429C45,Rock Band - DC Talk - Jesus Freak (World) (Addon)
4052051C380CCB1C8823EAAAC3F4A4778E903D6158,Buku Sudoku - Puzzle Pack 07 (World) (Addon)
4057A0BB8BC3DAAA76C922FA4DDEF6DAFB14A42245,Rock Band Network - Wretched - Dilated Disappointment (World) (Addon)
4063155C1F2666CF4F12CA57C21DF3468A01FE4445,Rock Band Network - LoveHateHero - America Underwater (World) (Addon)
40733D65381C96BF5BFC363AC6E69A12EC16697E45,Rock Band - Paul McCartney - New York City - Pack 01 (World) (Addon)
408B0EE5118E0B6FC58EEE7064C9F063F58415DD45,Rock Band Network - Evile - Infected Nation (World) (Addon)
408E3ECB28995A39BDE17B9A51EFE5A273B5825158,Virtua Fighter 5 - Final Showdown - Customisation Pack Bundle (World) (Addon)
4098CA917652D5330137C8D00F7FB816B6222BDB58,"Walking Dead, The - Season One - Episode 4 - Around Every Corner (World) (Addon)"
409D5C720D1D7A5EECF587D83075CBC54153D51045,Rock Band Network - Tora - Higher (World) (Addon)
41281D418DC64EA2F1818C1F9579A50764A2912A55,Naruto - Rise of a Ninja - Jiraiya And Sarutobi (World) (Addon)
4178AAB77BB51AE56888B20C51C0C47D22B58ED945,Rock Band Network - Barefoot Truth - Threads (World) (Addon)
419533996955865AFE54E53018C9B2ACFF07EBC345,Rock Band Network - Memphis May Fire - Action-Adventure (World) (Addon)
4197B647721EC56AE76486229329C1A44CD59D4445,Rock Band Network - The Dangerous Summer - The Permanent Rain (World) (Addon)
419AC7544EB9FC4D3819FFEB07A5C5041DB7674945,Rock Band Network - Kink Ador - Animal (World) (Addon)
41C7ACB14EB364D37452B74FDB1608ED91775AE845,Rock Band Network - Voodoo Pharmacology - Minnesota (World) (Addon)
41E1BFFE392AAAA646487EBB99391DE50C0FE62758,Crystal Quest - Animal Madness Sounds Pack (World) (Addon)
41E71548968763E2E57EB101362EEB1F4807FA7945,Rock Band - Bee Gees - Stayin' Alive (pro) (World) (Addon)
41F19B72487C15301740850B39960396DAD19AA245,Rock Band - Andrew W.K. - Party Hard (World) (Addon)
41F468A6E41DB75D4FD6AD8C603003E7B99DE8F945,Rock Band - Rockin' the Holidays - 2008 Pack (World) (Addon)
41FAB4AA5B89210EF766B4078CE5F0DE8FC8118F54,Dance Central - Fatboy Slim - Weapon of Choice (World) (Addon)
41FC6E55F80108850B8AAF8ADC4BD31CF40D71A958,Yu-Gi-Oh! - 5D's Decade Duels - Card Pack 11 (World) (Addon)
4200BF2926F9841EA2D71B8A1EDF5BB86B6074F743,Marvel vs. Capcom 3 - Shadow Battle 09 (World) (Addon)
42031F58D8C855F7062E5BEFB58FF9990952A7F845,Rock Band - Queen - I Want To Break Free (RB3 version) (pro) (World) (Addon)
42144A26B2145EC6E3BFF29D02E5FD716825DFA84D,Viva Pinata - Accessory Pack 7 (World) (Addon)
42166856C15B19126ADA2F60253E4FFD382939714D,"Gunstringer, The - Real Big Shootin' (World) (Addon)"
421E278299A6CBE3A9CDFEDD11758F389351358D45,Rock Band - Orianthi - According to You (World) (Addon)
421F0FC28CE16E0009CE54AE989804FB832F8BB745,Rock Band Network - Edenshade - Things I'll Just Pretend (2x Bass Pedal) (World) (Addon)
423F1E908D1C1AE60CE9EEA7F4CCAE509475031645,Rock Band Network - Graveyard BBQ - BBQ Nation (World) (Addon)
424AF6E0689D1DC0C48A689B0FBD647D6A4A40E558,Yosumin! Live - Yosumin Adventure (World) (Addon)
424F1FF11E44ADB90B368A5FFAD3E93B2D9CC5954D,Lips - Pat Benatar - Love Is A Battlefield (World) (Addon)
4262266344C2E50E875C9A81B62496590CDCA7DB45,Rock Band Network - The Knew - United (World) (Addon)
4279FBF1DCCDFD5621ECEE9FCC5EFF6A75E19A6E45,Rock Band Network - Nonpoint - Bullet with a Name (World) (Addon)
42801E08BCECAE9611F8669D405B09C00CB82C8458,Choplifter HD - Night Avenger Chopper (World) (Addon)
4289DC78FCC44E77367C7310162E6399CE09C1E34D,Blue Dragon - 6 Treasures (World) (Addon)
428DE0A789E9B3D49ED6E870A1E2F12B15FC44ED45,Rock Band - Weezer - Back to the Shack (World) (Addon)
429171F22CE37888A81D1462C652CEBF889307A445,Rock Band Network - Freen in Green - Nocturnal Wasteland (World) (Addon)
4293FBFA4D9A1570FFE5E4885659CA2F2462724F41,DJ Hero 2 - Ultra Mix Pack (World) (Addon)
429B88666A41C61B3B0776D1A543B9C5A20BA4D645,Burnout Paradise - Update 1.9 (World) (Addon)
42AB2BFF2375E2308BDB7C78AD0742E7F8DA4C2245,Rock Band Network - Dying Fetus - Your Treachery Will Die With You (World) (Addon)
42B2BDCBD22AE3B90FF4DD956A886DAC5061144A45,Rock Band Network - Amberian Dawn - Circus Black (World) (Addon)
42B2C8C645A4E82F0113F30B80BDA13C4C3D7ADA4D,Lips - Rick James - Superfreak (World) (Addon)
42BE6D8BEA97DD817B183F0D3ED8F1B2B5AB63EA58,Dogfight 1942 - Russia Under Siege (World) (Addon)
42C19C7BB795A9045D6940BE525C0FD71ACC8C8358,Minecraft - Xbox 360 Edition - Glide Giants Track Pack (World) (Addon)
42C4A9E3524B7A1CA18962CE3B90111566FBFCEB45,Rock Band - The Black Keys - Tighten Up (pro) (upgrade) (World) (Addon)
42CE23FC33117CCB63B05D4F86EE5F4821AD323B54,GTA IV - Theme Pack (World) (Addon)
42D062E77847D4497E51158354F735FEFB26E47258,Hasbro Family Game Night - Girls Room Theme (World) (Addon)
42D5DBFD10C92711EE937AF704568406C4F52C634E,Dynasty Warriors - Gundam 2 - Additional Mission 10 (World) (Addon)
42E7B0D6AF5D02D4CF3243FE30CF27596989E82645,Rock Band Network - Freen in Green - Iceblind (World) (Addon)
42FDF63B26AFA83E24554446D866BE8F8D133B6158,Goat Simulator - Goat MMO Simulator (World) (Addon)
4314D2145FF4E76E96F6CFB0FC2353AED8388ECA4D,Lips - Sara Bareilles - Love Song (World) (Addon)
436D31EEA9C7F28400462A49069CCBE8612B508558,Darkstalkers Resurrection - B.B. Hood Arcade Cabinet (World) (Addon)
437B81AA08F9E9826FA4A07B60DA4B8512A43A974B,Def Jam Rapstar - 9th Wonder - IWW (World) (Addon)
43A3CADD3422C52A7BDBE2361DC6FAAFDD16D0E045,Rock Band - Rush - Subdivisions (pro) (World) (Addon)
43C41CA882B7F71E7AA6FDD9E3E71F23B1D1729045,Rock Band Network - Full-Source - End Quote (World) (Addon)
43C9198C8428EC6BCB8F045B4454CB5D2B1B67BF45,Brutal Legend - Hammer of Infinite Fate (World) (Addon)
43D063E2C1B1DDB10DAAE614B6C8536A86B44CDC45,Rock Band - Jimi Hendrix - Valleys of Neptune (World) (Addon)
43D3D9D58F79A72A70643898F10DAED471FBD4F158,Gotham City Impostors - Bats Pants - Tight on Crime (World) (Addon)
43DCDA6D66B27F60D00E64FC24270814C4DBBABB45,Rock Band - The Stone Roses - Love Spreads (World) (Addon)
43E5480D7FD8AE2FBAB1C2A054BD2337ADCA12F058,Yu-Gi-Oh! - 5D's Decade Duels - Card Pack 16 (World) (Addon)
4400C99EE215FB1CD62734EFA1CE9B3E2902220B49,Test Drive Unlimited 2 - Bugatti Veyron 16 4 Grand Sport Sang Bleu (World) (Addon)
4409D8560E8F59DEDB448006A29C59A848CD5EE358,Castlevania - Harmony of Despair - Getsu Fuma Character Pack (World) (Addon)
442E67B76A342E090B1C431A764330FF1599708A58,Sanctum 2 - Expansion Pack (World) (Addon)
44587EADADF4C8350B910D9510B0036807FD901A45,Rock Band - Matchbox Twenty - How Far We've Come (pro) (upgrade) (World) (Addon)
445BEF35FB5B6B8ECA4FCC09AF8C79F5D6A7F0AB58,Lara Croft and the Guardian of Light - Kane and Lynch Character Pack (World) (Addon)
445CF2DBA8ABCE6DF05B398D211AC1B1EB4A47AA4D,Forza Motorsport 3 - Motorsport Legends Car and Track (World) (Addon)
4466052054BC37B03448C0D49C43A11CC7A6701658,Street Fighter III - Third Strike - Online Edition - Music Pack 1 (World) (Addon)
449EE131F761CFF079CC89CE6C36E0EA77E2E4864D,Lips - Mark Morrison - Return Of The Mack (World) (Addon)
44A3984AF1B5767522F89607332CB9E679D8983745,Rock Band Network - Fang Island - Daisy (World) (Addon)
44A5051F3290E155F49E858939A1C5F3CFB50A7F58,Dungeon Defenders - The Quest for the Lost Eternia Shards - Part 3 (World) (Addon)
44BCB03434B8D7EBDD66586C42208107098B5D2F57,Injustice - Gods Among Us - Lobo (World) (Addon)
44CE5BF113A1541D90EF3A0F7C5A43E36354ACDD55,Your Shape Fitness Evolved - Toned Body (World) (Addon)
44FD54DEDCA1353DECB447A854537A1F409CD6214D,Lips - The All-American Rejects - Dirty Little Secret (World) (Addon)
4500BAAA2F357658F09D8FF21EF3642B55BDAD0755,Assassin's Creed III - The Tyranny of King Washington - The Betrayal (World) (Addon)
450BC3C77BE7F94AF62FB13E481C67A0B5692E7C58,Yu-Gi-Oh! - 5D's Decade Duels - Silent Levels Deck (World) (Addon)
45288B8C898EECA0F5AF1435999A4CC39608D3A345,Rock Band - Pat Benatar - We Belong (pro) (World) (Addon)
4529EDE1EFF342E75C68C9C0371C2065ED06899458,Golf - Tee It Up! - Desert Course (World) (Addon)
45684BDAD083FCC04F252F41A25B67798519276A41,"Amazing Spider-Man, The - Rhino Challenge (World) (Addon)"
456DECC383A528290D9A15A4521FD1E6ADD9D1FA58,Minecraft - Xbox 360 Edition - Merry Bundle (World) (Addon)
458754E2243851BF14B2D703F579C337CBC8B9EB45,Rock Band - Daughtry - Pack 01 (World) (Addon)
458D660649E089E92D314A5A06BB52BCE21ADFCB58,Real Steel - Add-on 11 (World) (Addon)
459148372FCD1DA554B00A9BC191B3B7BA6FCB4945,Rock Band - X - The Hungry Wolf (World) (Addon)
45916A3D9BFDFB10214E7EBF2DD691918AEB1A5545,Mass Effect 2 - Sentry Interface (World) (Addon)
45ADA5D22194734872E72074FFDB2C8F269EA1A245,Rock Band - Crue - Fest Pack 02 (World) (Addon)
45DE9EEEB118B038F3EDFFE42E2226C05F60A8DA58,3D Ultra Minigolf Adventures 2 - Fairy Tales Expansion (World) (Addon)
45DF64651C73652ECE11353A2B42903AB76EFABC4D,Lips - 3 Doors Down - Here Without You (World) (Addon)
45E6E08694CD22C818DC1A9A2D65BD5AEEE6F4A945,Rock Band Network - Analogue Revolution feat. First Be - What a Trip (World) (Addon)
45E9FE854B287D857D5EF903A69B29EC643321724D,Lips - Flight of the Conchords - Ladies of the World (World) (Addon)
45F29FBB7B9CAA07DA26370687F499919D5CD89245,Rock Band Network - Not Above Evil - The Duel (World) (Addon)
45F8CD3067FFD8459A6A5A0ECF49856647D6C12F45,Rock Band - Creedence Clearwater Revival - Fortunate Son (World) (Addon)
460243E92D197081E6E5253CD0CD1842EE8DC9BA58,UNO - Kameo Theme Deck (World) (Addon)
4603A14843569C5865D2D5BC0DA4151598BA10BC45,Rock Band Network - The Everybody - Surf Spy (World) (Addon)
4603F7B988D1D8913C200CA88F0B67218A1D4D1A45,Rock Band Network - Let's Get It - Do Not Disturb (Tell Me How Bad) (World) (Addon)
46040079564C25A1E31C40CA07E3C6F47DE79CDD58,Bomberman Live - Bomberman Expansion 2 (World) (Addon)
46159817DDF123ED6CC12255C1C1EBBF3AA9E87445,Rock Band Network - Arkaea - Years in the Darkness (2x Bass Pedal) (World) (Addon)
46362334A6753CB9269A918CE49EBF77DD3003C258,Minecraft - Story Mode - Season One - Episode 8 - A Journey's End (World) (Addon)
46422C74983D61C703B5D167799EF648C939F9E145,Rock Band Network - Timeless Miracle - Curse of the Werewolf (World) (Addon)
464E4403DE4A3AC75879C704FF927C78C733221A43,Overlord - Split Screen Pack (World) (Addon)
464EECE35B44C52AC27AB83A8C1C4C0C0C1ECDA358,"Pinball Arcade, The - Earthshaker (World) (Addon)"
4656B420153A0308B6F67A2969861077283B6A454B,Dynasty Warriors 7 - Legend Stage Pack (World) (Addon)
4669650EFB210436989D575478F10F7F091D6C5544,Onechanbara Z - Kagura - Accessory - Black & Red Sunglasses (Japan) (Addon)
466A262BE0CF623E894D3B755E8369A50710A90645,Rock Band - Universal Motown - Pack 01 (World) (Addon)
467439A82169EBE28CC7482DD2CB2425F2CA390649,Test Drive Unlimited - FREE Launch Pack (World) (Addon)
4687B57F84185A4193CF3CE5F0548B46FC68C60245,Rock Band - Fleetwood Mac - Don't Stop (World) (Addon)
469567F770AC434915C8C320D2740CBDFDFB283345,Rock Band Network - Chaotrope - Chiasm (World) (Addon)
469B1495B5B795282ABAE91002C6AEFED0F3507D54,L.A. Noire - Amazon Pre-order Bonus - The Broderick Detective Suit (World) (Addon)
46A5DFAFF6819FA4D2F6E1A12A771C81F7E268B645,Rock Band - Crooked X - Rock n' Roll Dream (World) (Addon)
46A7061DF9ACC9B608474F099D5D7494A594D6EB45,Rock Band - Oingo Boingo - Weird Science (pro) (upgrade) (World) (Addon)
46AA66BA2ADE64500EA1E8F55790D394F99A28CE45,Rock Band Network - Terror - Keepers of the Faith (World) (Addon)
46B29D98DF1D8BB98281753633F7FC41055BA1484B,Def Jam Rapstar - SX Beats - Power (World) (Addon)
46B4340738929E6A9661F1B5BCF6398EFE00AB4C45,Rock Band Network - Evile - Metamorphosis (World) (Addon)
46CE854EEB58826458B0CD6C9B3EA9334DCE92D354,MLB 2K8 - Card Series 2 (World) (Addon)
46D3E2C0A76D00FAA5DBC5010F77805B3B8C52E84D,Lips - Dido - White Flag (World) (Addon)
46E87CF00CB1995EF41D709F9D657A6A486914344B,Def Jam Rapstar - New Boyz - You're a Jerk (World) (Addon)
4708AB5C435D45BEF3C49CAD6EA9E98E64DCCB874D,Game Room - Game Pack 005 (World) (Addon)
473FAF855431539029797FFF96A989A6610A762543,Resident Evil 6 - Additional Stage - Rail Yard (World) (Addon)
4741EE1FB7F12796A4DA18C7024B9F58453F002645,Rock Band - Three Days Grace - Animal I Have Become (World) (Addon)
4744C709F64182E37E509112D209582540C3920B45,"Need for Speed, The - Most Wanted - Ultimate Speed Pack (World) (Addon)"
475031EC6756E27DC541C37C30511E55EC6F9F4E45,Rock Band Network - Dear and the Headlights - Talk About (World) (Addon)
47611AC3AF71B39A411D68CEF1DACC92AED3981A45,Rock Band - Bon Jovi Greatest Hits - Rock Band Edition (World) (Addon)
47614455E2DAF14ADFBD142C44DEABB7AA4298D14D,Lips - Roxette - Listen To Your Heart (World) (Addon)
477630A8217D790BD7346A5533ED47B7A283C8A558,Naughty Bear - Panic in Paradise - Squeaky Mallet (World) (Addon)
478947BDD39118670697173E914B3E61F893DE9D45,Rock Band - Breaking Benjamin - Pack 01 (World) (Addon)
4791EFF304D08D19C3A7F56DEAF0A8827DC0162245,Rock Band Network - The New Pornographers - Crash Years (World) (Addon)
47A69C1FDD786B85D31AC21AB13E7F6421C8D6D245,Rock Band Network - Daath - N.A.T.G.O.D. (World) (Addon)
47C861976962C83D6F9077E724AA59635C044DF245,"Rock Band - Johnny Cash - Cry, Cry, Cry (World) (Addon)"
47CE80D320D03979FB37152BC599DCDAD72ECF354D,Lips - The Contours - Do You Love Me (World) (Addon)
47E0949D5171A04E75093725034E2C4040F58A7845,Rock Band - Pearl Jam - Even Flow (pro) (upgrade) (World) (Addon)
47EAB624A5D2D6D8415E0A639EE349608C05C5A945,"Need for Speed, The - Most Wanted - Deluxe DLC Bundle (World) (Addon)"
47EAD0E5840202F3C460DB96ADE2AD626ADB851345,Rock Band - Disturbed - Stricken (World) (Addon)
47EED2751B30AD4BF0BC0A5CB53A1C4A00D5ECA658,Guardians of Middle-earth - Great Goblin - Playable Guardian (World) (Addon)
47F1A69AAF4618E56B6558EFF5EA78FCC8EF9D824B,Otomedius Excellent - Madoka - Dynastic Dress (USA) (Addon)
48212C860AB5C1669361637D18800813374C9BFC45,Rock Band Network - Sophie B. Hawkins - Beautiful Girl (World) (Addon)
48248B63C5F33E7562215499E2D1BB545544A1F954,WWE All Stars - Southern Charisma Pack (World) (Addon)
482EB9B299AE96E1CC5796624054EEF77BEE2CAA58,"Pinball Arcade, The - Two Table Add-On Pack 2 - Cirqus Voltaire and Funhouse (World) (Addon)"
483F7262490387219E6A47A15B9ED85775D6C0E745,Rock Band Network - Dance Gavin Dance - Lemon Meringue Tie (World) (Addon)
4859CE39F604FAE3469004A64EEC1FDBC407216545,Rock Band - The Bee Gees - Pack 01 (World) (Addon)
486487FDB9D2B02EF3109BDC8AAD3C2F8233C01F41,Call of Duty - Modern Warfare 3 - Map Pack 03 - Subscribers (World) (Addon)
4865AC06454F710BD91BF3B2B864030B273F2FAC43,Resident Evil 5 - Extra Figures (World) (Addon)
4883EBC6E126826DF4745FDA1D050D6D6F894FF745,Rock Band Network - We the Kings - What You Do to Me (World) (Addon)
488519095EEEAD73CEB4A274A39FFB71A255DF2658,McDonald's Fries - Theme Pack (World) (Addon)
488A3BD45F17DE42170A713F6CB04BDD2CB741E845,Rock Band - Queen - I Want It All (RB3 version) (pro) (World) (Addon)
489A8FC4B6CCC0B57555E1B262C40215E5F4711D4E,Soulcalibur IV - Customization Equipment 1 (World) (Addon)
489C4047DEFDA3D01CEBE69C6E0493917AB556C24B,Castlevania - Lords of Shadow - Reverie (World) (Addon)
48A0DD1993F1D8FBAB3613BF1A33ADD4E1DD163041,DJ Hero - Extended Mix - Pack 01 (World) (Addon)
48B29B02C7CC2B82BD4423BFCAEFC2120FC2F23658,Gotham City Impostors - Bats Cape - Triumphant Towel (World) (Addon)
48B3A58211963F64CDD4756013CE23F20F8918924B,Def Jam Rapstar - Young Money - Every Girl (World) (Addon)
48D07F982FED24DF636A28A1A2E1D694C005B83E45,"Rock Band Network - Iron & Wine - Flightless Bird, American Mouth (World) (Addon)"
48D544DFF77FA6FBA1A37359D8FD25D1D09A823B45,Rock Band Network - Heaven Ablaze - Parhelia (World) (Addon)
48ECC1C9A9AC40C8AB02B2EAF401A732124B243D54,Dance Central - Rupee - Tempted to Touch (World) (Addon)
48F5CE5BD677047BADCDC93C92659D7A8E82608245,Rock Band Network - Arkaea - Gone Tomorrow (World) (Addon)
48FC7789E195538B61E1D866F52DCE361BBCB34F4D,Lips - Donna Summer - She Works Hard For The Money (World) (Addon)
48FE36FACA6195F8683C48E755AD866C7EEACA734D,Lips - Alicia Keys - No One (World) (Addon)
492FB00BD448292BA5B3907CE9DF480EC3F1768358,Trials Fusion - Riders of the Rustland (World) (Addon)
493C155AAD4171F6399904A5BA4DFEB46DB051BD45,Rock Band Network - Shylo Elliott - Phantasmal Cruise (2x Bass Pedal) (World) (Addon)
4942E61AFD9154744E668C0B9AEFE57800AAEABE58,0 Day Attack on Earth - Night Missions Map Pack (World) (Addon)
4944C38E7257DA9BE69B02EFF90D3C7387236C1258,Gotham City Impostors - Jokerz Face Paint - Serial Clown (World) (Addon)
494EC7B42D8F2825AAE099BEDED47EAD3E01BF2A58,Mad Tracks - Encore (World) (Addon)
495099018CEC8375A1745EA4FCB6B8689480E5C145,Rock Band Network - A t o m - Light of Day (World) (Addon)
495AFDBA4DAD1933ED4CAB5FA8D8DBB1B3B5CC4945,Rock Band Network - State of Shock - Money Honey (World) (Addon)
4972F04E0678D858D3056A8846066B2FF18C48074D,Lips - Editors - An End Has a Start (World) (Addon)
49785DB1E985E30F3D175BE369CB43829A9272E545,Rock Band Network - Bonded By Blood - Prototype Death Machine (World) (Addon)
49B411FC398295D3131C5145A37B1074A2D9649C45,Brutal Legend - The Love Giver Guitar (World) (Addon)
49D8C546E77FDB409741684EF641CFE7756F3BEE54,Dance Central - Black Eyed Peas - I Gotta Feeling (World) (Addon)
49E0B5956E857E376C3751F52F240D5D1F6086E045,Rock Band - Disturbed - Pack 02 (World) (Addon)
49ECA3FF15926656B459E900C5CFDC2EB0A8830754,Dance Central - Lady Sovereign - I Got You Dancing (World) (Addon)
4A00ECCB5C115A3F3093624376EB800A550238E545,Rock Band Network - Moses Tucker - Damn Good Man (World) (Addon)
4A011159E0D75F8C205BCF45A1374FA8ACB2A8324D,Lips - Duran Duran - Ordinary World (World) (Addon)
4A13CD5860D8BB643D3D4128C1E1B181A5D775CA45,Rock Band Network - Wretched - Cimmerian Shamballa (World) (Addon)
4A15A52E5D0B95BB690D98336F2DC6B5BD6EC6DB45,Rock Band - The Black Crowes - Pack 01 (World) (Addon)
4A3D243EA7C974153DC364BCC43DC50AEE0CD4FA45,Rock Band Network - Revocation - Chaos of Forms (World) (Addon)
4A4EA7F81C5512D861AC8F5FCDA542DA3036D6A854,Borderlands - New Revolution (World) (Addon)
4A66DC74DC09E794D1692B358A3B34D243F7FAF745,Rock Band - Thin Lizzy - Pack 01 (World) (Addon)
4A7616E53A5ADC77ECD8566E0192229D52C0D77658,Pinball FX 2 - Deadpool Table (World) (Addon)
4A96D2F0C8EFA872C8202515B39AB03DB1EFCDF455,Tom Clancy's Rainbow Six - Vegas - Red Edition (World) (Addon)
4AC011245908404097E494DFBBBEBC071B0FCFD945,Rock Band - Avenged Sevenfold - Unholy Confessions (World) (Addon)
4ADE86B3197C6038AA8E10427CA3007415CF204045,Rock Band - Lordi - Hard Rock Hallelujah (World) (Addon)
4AE208E13BDB595AD8444DFF2555A19E7212918158,Minecraft - Xbox 360 Edition - Doctor Who Skin Pack Volume II (World) (Addon)
4AE2C3E3EF5A94D99B959316376901627AC0395F45,Rock Band - Pantera - Five Minutes Alone (pro) (upgrade) (World) (Addon)
4AED89D03400BCD35F45ED8492CA0072C292AF7845,Rock Band Network - The Main Drag - Swine Houses (World) (Addon)
4AEF4E1CDC84CE7026F8B5A59D98D9359D98353845,Rock Band Network - All Shall Perish - Rebirth (2x Bass Pedal) (World) (Addon)
4B06153678D2539E03196475BA3FD338A73EA38A45,Rock Band Network - Ill Nino - Against the Wall (World) (Addon)
4B080B9736AA069130394D44796DAD48AAE8792345,Rock Band Network - Eurobeat Brony - Discord (The Living Tombstone Remix) (World) (Addon)
4B1B5EBE184876E2AEC780A57129305BCC62186D45,Rock Band Network - Askari Nari - Mercury Blooming (World) (Addon)
4B247E545D0306D250A7E85BBE005003956E428F58,Gotham City Impostors - Bats Pants - Heroic Jeans (World) (Addon)
4B29A918D4276F68E141656368A55BD5EA8FBFE045,Rock Band - Grateful Dead - Pack 03 (World) (Addon)
4B3D77ED038716F29E75B55C939517886C8397F545,Rock Band Network - Songs To Wear Pants To - Shoot the Zombies (World) (Addon)
4B51E677BE16EE3047B5B91D1B95689A2EA74B8F43,Divinity II - Blood Echelon Set 1 (World) (Addon)
4B5F019CD8547B574523B952C1ECCD9E4B91F77C45,Rock Band Network - HourCast - Clockwork (World) (Addon)
4B743551BCE1045D5A6E1E02D514226BFDC9A5FC45,Rock Band - Dead Kennedys - Pack 01 (World) (Addon)
4B76FCB807AE0B687039964FB5EB6AF681C46CBA45,Rock Band - Dio - Stand Up and Shout (World) (Addon)
4B7BD78765A2761182EAD4BF92C33588EE730B9545,Rock Band - Stone Temple Pilots - Big Bang Baby (pro) (upgrade) (World) (Addon)
4B865FD61B1B5250CAEEA8F6B6538A13D63FD47345,Rock Band Network - Terrorhorse - Packet Flier (World) (Addon)
4B91FE8DC88CB614D8FA97EE1D85B9B27A1DDD7958,Puzzle Quest - Revenge of the Plague Lord Expansion Pack (World) (Addon)
4B93104FB681B82A6FB0341E89B37B60313C7A2B4B,Def Jam Rapstar - Die Fantastischen Vier - MfG (World) (Addon)
4B95C808763967CDCFDC0EF94E94D84EBF70E6ED58,Yu-Gi-Oh! - Millennium Duels - Scrap Pack (World) (Addon)
4BA057E6A4AE2070DE5515EF93DCF3CD2ED8638F45,Rock Band Network - Amberian Dawn - Arctica (World) (Addon)
4BB1A0215E2A48A1601FCB366FB6E3A2C190F7A745,Rock Band Network - Bang Camaro - Blood Red Rock (World) (Addon)
4BBA0DA7B08CCDCAFC5A23C097E008656ACBE36258,NCAA Basketball 09 - March Madness Edition - Bracket Pack (World) (Addon)
4BC2342DE15B3494942E25FD4F6015615F0C4AB245,Rock Band Network - Meshuggah - Bleed (World) (Addon)
4BD0F8C2D25AC074C789F64F5C0472A80F6AA5F245,Rock Band Network - HourCast - Big Deal (World) (Addon)
4BD149CA73475B284111322ACEB3FC98176A9B0545,Rock Band Network - Amberian Dawn - Lionheart (World) (Addon)
4BD7DD79916685F183D74C0DC5F0121174C536D058,Marble Blast Ultra - Agoraphobia Expansion Pack (World) (Addon)
4BD937FA735D4FFAE6858F8ADE51EFF9A085D2E14D,Lips - Montell Jordan - This Is How We Do It (World) (Addon)
4BF30381679DAD49C7BB8593C24597CAFC96E3EA4D,Lips - Lady Gaga - Paparazzi (World) (Addon)
4BF8FD1CB67E020C36D6BC32665200109A6B7D3345,Rock Band - The Who - Magic Bus (Live at Leeds) (World) (Addon)
4C0138ECAEC4B0F0B92D0A709FDF7B9DD888FA7245,Rock Band Network - C&O - Step on the Throat (World) (Addon)
4C2C0F21653156896065525F633025F2FDDB5FEA58,Who Wants to Be a Millionaire - Special Editions - South Park (World) (Addon)
4C3421EF6E2C831E12B5F794C3F1E99E2BA5527A4B,Def Jam Rapstar - Ghostface Killah - Cherchez LaGhost (World) (Addon)
4C3626FA0AAFF2636ACEAEFFDA3AEF8FAC3F666E45,Rock Band Network - Matter in the Medium - Persistence of Vision (World) (Addon)
4C3D1978CE03698BD350729BA47D4B3217EE0BCE49,Test Drive Unlimited 2 - Amazon UK Pre-order Bonus - Caterham Superlight R500 (World) (Addon)
4C434987A406BEDBD14968151E2AFA57EA5B024745,Rock Band Network - Sea Wolf - You're A Wolf (World) (Addon)
4C45CA447D617ADE64D44C78FCD75E936C132A4C55,"Black Eyed Peas Experience, The - Dance Pack 5 (World) (Addon)"
4C4D2D5FC8B9FE7D358B0AF62A1D69AEA32B68E045,Rock Band - The Vapors - Turning Japanese (World) (Addon)
4C526F5275130ABB7264B6E8FDFD1AC461C2EBFC4B,Metal Gear Rising - Revengeance - Blade Wolf (World) (Addon)
4C5440AAC3CB3D8BCCA0CCADA4CC70F47E109B6445,Rock Band Network - Drivin' N' Cryin' - Detroit City (World) (Addon)
4C6781860A04C6B05573C8CA5F1E1D44AEAA679E45,Rock Band Network - Hyro da Hero - Lights Out (World) (Addon)
4C70C6B842642761643084957128B5E62AA0018145,Rock Band Network - Pink Flag - Roman Candle (World) (Addon)
4C89E30FFDFD0956E1AAB2F54DA426AD84CB6A2A45,Rock Band - Jimmy Eat World - Pack 01 (World) (Addon)
4C9918A4598B87AD2A41086A82CAEB76C778C96F45,Rock Band Network - The Early Strike - Shut Up (World) (Addon)
4CA047B05748FBA9F5741F9BA427680711C04D7455,Splinter Cell Conviction - Deniable Ops - Insurgency (World) (Addon)
4CAAD441F5DD515F4E1D563963A3D6634BB24A794D,Viva Pinata - Accessory Pack 1 (World) (Addon)
4CB67D482E88633DDA29509515B59BB65C37490B45,Rock Band - The Zombies - Tell Her No (World) (Addon)
4CBE4CEEE7FBFB8AE6F223EDE07C34589C48602345,Tiger Woods PGA Tour 11 - Emerald Dragon (World) (Addon)
4CC0E667BC8D17BE843F703CD54BD22185CD77EE41,Guitar Hero - World Tour - Neversoft Track Pack (World) (Addon)
4CC5DB6E040E30331965EEE4B4BF15B09A4829BC4D,Lips - Dean Martin - Let It Snow! Let It Snow! Let It Snow! (World) (Addon)
4CE22800B40595E2906957FFA20CD9970A00A12158,Mega Man 9 - Endless Attack (World) (Addon)
4CF9971ED0E3639C1AE4AAD30BB704CDF1E23D4045,Rock Band Network - Amberian Dawn - Saga (World) (Addon)
4CFA83E54601596928DF0CCFBE05E8815BC60BD345,Rock Band Network - Fake Shark - Real Zombie! - Angel Lust (World) (Addon)
4CFDE85AEAFEE95756C8C6CDCEF9B6C774C70F8054,Red Faction - Armageddon - Ruin Pack (World) (Addon)
4D01E53D19CE9F0B207B8D93AC5F9455E0589B8E45,Rock Band - Underoath - Writing on the Walls (World) (Addon)
4D14C717C597A6254CF5F5B59489E00DB4994BD943,Resident Evil 6 - Stage Map Pack B (World) (Addon)
4D2C93051E55309082B0B8354799D385D6B3FE7C45,Rock Band Network - Stars of Boulevard - Sabretooth (World) (Addon)
4D40E5A08E0FA42CDBB65E9FB2DC27BD218888DF45,Rock Band - Rush - Subdivisions (World) (Addon)
4D43B8040738C38B5A373968C91FC581C4C410E345,Rock Band Network - Between the Buried and Me - Obfuscation (World) (Addon)
4D49601F9A2C1C39AE97FEDD46760634F5EA760945,Rock Band Network - Inkubus Sukkubus - Queen of the May 2010 (World) (Addon)
4D4DF26CB3C44C9C154302F1D624B6CC8639E3B845,Rock Band Network - Symbion Project - Synthesized (World) (Addon)
4D5210517B21161DB9D458632868AD8065B18FC14E,Dragon Ball - Raging Blast - Androids Pack (World) (Addon)
4D7C1EF0DE29781F0EE2ECD948C28566C18F808545,Rock Band - Staind - This Is It (World) (Addon)
4D8C4F97A2D6BF74CEC8083786EB9AD6E05D80EA58,Pinball FX 2 - Captain America Table (World) (Addon)
4D906ED013E8CB7859C92E8E848B123579E305EA45,Rock Band Network - Bright Midnight - Hand Me Down (World) (Addon)
4D9C366CF1FD8F9CF516239C626F53B934A69C304B,Otomedius Excellent - Strarf - Library (USA) (Addon)
4D9D8ED366B293E6D1A4728BB114CF2F38975DD845,Rock Band Network - Kristin Dare - Anything (World) (Addon)
4DD185E7CEA74E771211DCAC63D2D345E496702845,Rock Band Network - The Main Drag - Car Windows (World) (Addon)
4DDA72FED1A976302879CAEC4432881A6096A3FA45,Rock Band - Rick Springfield - Jessie's Girl (pro) (upgrade) (World) (Addon)
4DE59F8435152E54468CAD2C68764ACD72B2885B45,Rock Band Network - Freen in Green - Erratic Eruption (World) (Addon)
4E02152DE531C59D759971A9DB526CBFEF1679FF45,Rock Band Network - dB soundworks - Betus Blues (Retro Remix) (World) (Addon)
4E24527133C3267AFF86F80B9EB3CDF260C11D6545,Rock Band Network - Mystic Syntax - Let It Change (World) (Addon)
4E270D316BFDA06060E4D194EFDC35AEA7F120F445,Rock Band - Social Distortion - Pack 01 (World) (Addon)
4E2933BF4A1DA44A169D4A15A8C32E49CF35B06B45,Rock Band Network - Hedras Ramos - Insanity of the Atoms (World) (Addon)
4E3F75BFCC84376EE86E536043BA308BF4F4F11958,Who Wants to Be a Millionaire - Special Editions - Who Wants to Be a Sport Millionaire (World) (Addon)
4E431EC6D907FAA4A0975C9396A5E5778494CB4558,Minecraft - Story Mode - Season One - Episode 3 - The Last Place You Look (World) (Addon)
4E49302A60F450A7FCF7328A29821170D47089DA58,Geometry Wars 3 - Dimensions - Blood Count (World) (Addon)
4E6414747B136F606B9D0B352D83D3C22392333F45,Rock Band - Rock Band Network Megamix 01 (World) (Addon)
4E67218E5823409716C6C5481D746DBD0A3324D958,Minecraft - Story Mode - Season One - Episode 4 - A Block and a Hard Place (World) (Addon)
4E7726AD39E6D9A791A3F3B2937994CFDF67959E47,Senko no Ronde Rev. X - Extra Costume - Changpo B4 (Japan) (Addon)
4E78F9223A118CFBB8A25A3319890A9C68BD66E54D,Forza Horizon - Meguiar's Car Pack (World) (Addon)
4E8C1E6BD3454F49B1FAD4B5F38BFDEC7656119D45,Rock Band Network - Forever from Now - People Like You (World) (Addon)
4E9ADDE08BD287A22512BB7A58CFA43E41DEE1574E,Ace Combat - Assault Horizon - Downloadable Content 8 (World) (Addon)
4EA9B975F7417A98AC4EB870673554FD31B9B26D37,Dance Central 2 - Lady Gaga Dance Pack 01 (World) (Addon)
4EABF9825ACAD59633CB11AB35B8CB9158B6226345,Rock Band Network - Loni Rose - Trying Hard (World) (Addon)
4EE3A841BDD75413B1A26F03FC863C77A70952F745,"Rock Band Network - Jamestown Story - Touche, Miss Indenial (World) (Addon)"
4F0C8764F056475A4D76C305A7A785F8671EF91C45,Rock Band Network - A Life Divided - Doesn't Count (World) (Addon)
4F0EE23520FF382E4E141FB2589C74F1DDE7957345,Rock Band - Paramore - Crushcrushcrush (World) (Addon)
4F2D572389261F235432D0F81804F4BBD7F9885045,Rock Band - The Monkees - Last Train to Clarksville (World) (Addon)
4F3AD4B1E3AE0446A15A482180BC3D31283729F14D,Game Room - Game Pack 008 (World) (Addon)
4F57AA1CC175CCE7F3B3D9CF40704F9EE4B9F34445,Rock Band Network - Graveyard BBQ - The Clothes That Make the Man (World) (Addon)
4F6BCCDC26A3B9970508FC822534ADBF0EABF80D45,Rock Band Network - Charmaine - Run (World) (Addon)
4F8383F730574C84C1672FC81036E9BC375B112D41,Call of Duty - Black Ops II - Apocalypse (World) (Addon)
4F95C0EACFC9BBA17E0EB5E85432F6332DD6404F58,Section 8 - Prejudice - Blitz Pack (World) (Addon)
4FA0357AB280BD8757708915DD774BF45A468B6A49,BulletWitch - Geist Search and Destroy (World) (Addon)
4FC0FF3FEB07509B53840020AB5A3BA7F9F2718145,Rock Band - Tom Petty and the Heartbreakers - Live Anthology - Pack 02 (World) (Addon)
4FD93E3388163A1186D491874B4C0D5BF9C9C03145,Rock Band - Rise Against - Pack 02 (World) (Addon)
4FE1D946D206FC6F57C1A08415A8D5ECE82BC52C4D,Lips - Mans Zelmerloew - Cara Mia (World) (Addon)
4FF07171C37B52D0DA136DF8D005465E00DBC8B241,Transformers - War for Cybertron - Map and Character Pack 1 (World) (Addon)
500C9D692128D219FA7F6FB9F77640CDACB25E1145,Rock Band Network - Your Heart - Spring (World) (Addon)
500F0BE8916C76EEB31EBBFD4A0B430A2BCED67C45,Rock Band - Harvey Danger - Cream and Bastards Rise (World) (Addon)
5014721CF0BAF9EE3E0806C69933DE117D4029D745,Rock Band - Avenged Sevenfold - Welcome to the Family (World) (Addon)
501CE01C5F865D3B1CEC0D2542101C0A92E3C53258,Magic - The Gathering - Duels of the Planeswalkers - Player Personas (World) (Addon)
503025D620987A7AE4BAB083FB461F76A5A93F8354,Prey - Jen (World) (Addon)
5055E18D6F17F0E7E98756D25835AF37D575C3414D,Lips - Smash Mouth - All Star (World) (Addon)
505E4C64694235066319378C16AD6F5723A6385558,Yu-Gi-Oh! - 5D's Decade Duels - Card Pack 13 (World) (Addon)
5066C3C4E59D1224A520D80F22228D7554FD107345,Rock Band Network - Scotty Don't - Refugee (World) (Addon)
5081251147E4738B1E1E9A506CA04FC42AEDCF2843,F1 Race Stars - Canada Track (World) (Addon)
508ACB38F199E3DE77B8E754D4F43F22F819974C4E,Ridge Racer 6 - Unlock Key 32 (World) (Addon)
50AC13DF792B54D3763C3E418190AE5D53D2A5774B,Otomedius Excellent - Kokoro Belmont - Library (Japan) (Addon)
50BDA57B098778463D56FEC06E3A277F16222F2045,Rock Band Network - The Get Up Kids - The One You Want (World) (Addon)
50C0F08DAE01ADD26C374538DC28610B457BBE8A45,Rock Band - The Allman Brothers Band - Blue Sky (World) (Addon)
50DEF2F0098B0C821DC815C4EA17887065719CA845,Need for Speed - SHIFT - Exotics Race Car Pack (World) (Addon)
50EDE6CB0D0A11327935E14B28D4A76442242F6A58,Worms 2 - Armageddon - Puzzle Pack (World) (Addon)
5102EEED63C1CEE5FA4DE8104B92ABD498B940DB45,Rock Band Network - Solarcade - Rise (World) (Addon)
510551C98861C9E4379FF46F2D8ABA76F28521E341,Call of Duty - Modern Warfare 2 - Resurgence Map Pack (World) (Addon)
51097294C2EE750DE8B4EC55FCA565057200447D47,Senko no Ronde Rev. X - Extra Costume - Fabian B4 (Japan) (Addon)
5123EAA6ED44438BEBCEC838C84464B09E52989645,NHL 11 - Bauer Preorder Boost Pack (World) (Addon)
513F9E01B0456705E61CF7D5F63327B760A886A645,Rock Band Network - Ween - Gabrielle (World) (Addon)
514E12B978B4CFE1646424CCC2E35751FE43582C58,3D Ultra Minigolf Adventures - Lost Island Expansion (World) (Addon)
5153268C4FEA163A5114BEEDE4969335A3A58EE158,GripShift - Turbo Boost Expansion Pack (World) (Addon)
516230DA5FA0A0FB1FEDF71CA4E99BC41B24D3764D,Lips - Iyaz - Replay (World) (Addon)
51633EE35BFCCED5EBA6B179CB1108502CD0375F45,Rock Band Network - Jerry Naylor - Whole Lotta Shakin' Goin' On (World) (Addon)
516B326436AB1E262F7D3BF15D714762C15A50C345,Rock Band Network - Rain Dogs - Dirt (World) (Addon)
516F1AADBA7D47E5D7E49A9B8F0A12A36065318558,Toy Soldiers - Cold War - Evil Empire (World) (Addon)
5194C68CBE34BE0B775ADEE4485C4694D676F66A41,Call of Duty - Modern Warfare 3 - Elite Drop 16 - Decommission (World) (Addon)
519BC7467A599A07BE3651487FA22F29BD02EE9645,Rock Band Network - Dirge Within - Forever the Martyr (World) (Addon)
51A0BF57EB36BFA52AD96A70A4A3AE8E3464FA5744,Earth Defense Force - Insect Armageddon - Pounds of Pain! Pack (World) (Addon)
51A2C53B540C571A70E5AFD67D115B5AB47ADD9C45,Rock Band Network - Blackguard - Firefight (2x Bass Pedal) (World) (Addon)
51A36D8B3D51B0E5983B9A0A63EB5EB4877F582358,0 Day Attack on Earth - London Map Pack (World) (Addon)
51A7A4F9DE8871B2D7EC6BA7DFDACB3ADEF341A145,Rock Band Network - Family Force 5 - Radiator (World) (Addon)
51ABC186E3BF2FA5A826D3E3B0740D0BCCE3A31F4D,Lips - ABC - The Look of Love (World) (Addon)
51B7684B203554FA8562AD08C5F8A5489FAFFFEB45,Burnout Paradise - Bikes (World) (Addon)
51BF915CBC8BA60E149065FEA519CC756D20E2FC45,Rock Band - Fleetwood Mac-Stevie Nicks - Pack 01 (World) (Addon)
51D9FF58CE42D7926DA4C867475657F42C03DF0258,Real Steel - Add-on 14 (World) (Addon)
51DD22FD8D0EC4DB4640CFDE7C42881F3707A31258,Bastion - Stranger's Dream (World) (Addon)
51E21A7902A0B796CC7F29F9CA219D41D57B674854,Dance Central - Afrika Bambaataa - Planet Rock (World) (Addon)
51F347A70B965D2567E4BF58E4DF0563AB01D4B545,Rock Band - Roy Orbison - Pack 01 (World) (Addon)
520F48E55F13F97CE378BAC1B7FC3FDC987D3F4F4B,Otomedius G - Gorgeous - Additional BGM Vol. 1 - Aoba Anoa Pack (Japan) (Addon)
5212AD8C1647389A8F6FAB559BAED66F44280BAF45,Dante's Inferno - Godlike Pack (World) (Addon)
52366171B0D4EA06F1966282671A46D914813AA049,Test Drive Unlimited 2 - Bugatti Veyron 16 4 Centenaire (World) (Addon)
523B3C771BF8FD1A655960B83F1E5225F417F9D445,Rock Band - Nikko - Don't Tell Me (World) (Addon)
5259C73E9BD0BFCEA24516D6647969A372ACB2D941,Marvel Ultimate Alliance - Playable Character Pack (World) (Addon)
527681EE4EF427C444D216534C23080D0D0264D745,Rock Band Network - Jonathan Coulton - Mandelbrot Set (World) (Addon)
527AC197F71C8BDED6951F4619A155D62956A8FF58,Spelunky - Explorers (World) (Addon)
527D86809D0B92598894B787799113EB7B7BE87D58,Buku Sudoku - Puzzle Pack 13 (World) (Addon)
528656DC562ABE75BA7B0AD51E2537AA46FD9FBF58,Gotham City Impostors - Bats Logo - Respect the Bat (World) (Addon)
52970127CCEA22E9584C19816DF0D953E9D8922358,Golf - Tee It Up! - Clothing Pack 2 (World) (Addon)
52AB002DA9F2AF2A8E9671E13F5FFF520D821E1445,Need for Speed - SHIFT - Ferrari Racing Series (World) (Addon)
52ACC5D511C1456C09DAF84E54BF0367025F373E58,Worms 2 - Armageddon - Mayhem Pack (World) (Addon)
52BACA3CBE2B7A48C1F46D05B456B55887C274A945,Rock Band Network - Vampires Everywhere! - Undead Heart (World) (Addon)
52BDBE2B5B4756A560FDC35E26825D911B3167A645,Rock Band - Country Track Pack (World) (Addon)
52C87C79F7CE48DF885111717A931C46309AA66345,Rock Band Network - Pink Flag - Nancy Drew (World) (Addon)
52E4ECC0D213049C6D4FB2D046D965F5AE42DE4745,Rock Band - Linkin Park - New Divide (pro) (upgrade) (World) (Addon)
52E5CEB886D344DF5BDD52EDFC6FD46A0B6435C445,Rock Band Network - Carousel Kings - Baby (World) (Addon)
52E5FA1648266FBDA2B084E940479D916394E4AD45,Rock Band Network - Sideburn - Live To Rock (World) (Addon)
52E84AA6C538495A748C456901710272621F8B4B58,Yu-Gi-Oh! - Millennium Duels - Mermail Deck (World) (Addon)
52F2A268A8800A9E0C7A36EE6185730DD3BF6C6745,Rock Band - 311 - Down (pro) (upgrade) (World) (Addon)
52FB340D07CDAF68D15ECF46ABCA1EE0552DE9ED4D,Viva Pinata - Accessory Pack 2 (World) (Addon)
5301F61996CA88D54429371617CF8EC64E9E2FCA58,Darkstalkers Resurrection - Morrigan Arcade Cabinet (World) (Addon)
530582EAC5E34403605AA3C672A002904753EB4C4E,Dynasty Warriors - Gundam 2 - Additional Mission 07 (World) (Addon)
530FC27452C7A65572A9CBA92F46574CE3AC365458,Gotham City Impostors - Bats Shirt - The Shogun (World) (Addon)
53149DDA2106B5E889D07C23C065E69A8CB42A2C58,Bomberman Live - Bomberman Expansion 3 (World) (Addon)
5330BF5DD9EAB80C343D2A7458C4E6E7C2B4439645,Rock Band Network - The Strokes - Under Cover of Darkness (World) (Addon)
5334A8EFBE0CD9996F44301D927C64AFB67DB2D958,Chessmaster Live - Pyramids Chess Set (World) (Addon)
5334B767211B05A957C9D58FD85D83FD1F6AB1D745,Rock Band Network - 500 Miles to Memphis - All My Friends Are Crazy (World) (Addon)
5335F6D3A5148B4F457C5C1DB040491117A4574C45,Burnout Revenge - Alienware Car (World) (Addon)
533B1EF8EF4FCEF4802B854929A935FE6922C0B453,Sleeping Dogs - The Dragon Master Pack (World) (Addon)
533C4089C4BFEE5F71A603D1EB15C4CF46F0C58145,Mass Effect 2 - Firepower Pack (World) (Addon)
534C7771E082A73E3EC0FBAE3DF0E629ECDBE02C45,Rock Band Network - Cliff Lin - The Countdown (World) (Addon)
53680E2B83E8E56D42073C826BED197261DA4EBB41,Call of Duty - Modern Warfare 2 - Stimulus Package Map Pack (World) (Addon)
536D84961494DE517C6B831779A858FA808F0D4745,Rock Band Network - The Tragically Hip - Blow at High Dough (World) (Addon)
537506B9B1E4669A05434D4908C90A2E2C36A99A45,Rock Band Network - Octavio Sune - Caiamos (World) (Addon)
537AE60047C0C56AA663148C5D19AFB84BC65E6D49,BulletWitch - Clad in Streaming Black - Extra Edition (World) (Addon)
537B832A05540A0E296E7B21DD0BE038BC10A8EF45,Rock Band Network - Rotary Downs - Bullet on a String (World) (Addon)
538720C3A9334B43D02F4C5C52726E233EBAB16A45,Rock Band Network - Evan Olson - Life is a Roller Coaster (World) (Addon)
538FE713BACC5E1C80E629E45EF2D2DF392B046F45,Rock Band - Bon Jovi Greatest Hits - Rock Band Edition - You Give Love a Bad Name (pro) (World) (Addon)
53934F98CD5852778E9AC8231711453E40EB105A45,Rock Band Network - All-American Rejects - Gonzo (World) (Addon)
5395A1D16FCAECA2F93C031307AB7711D224216345,Rock Band Network - We Are The Illusion - The Podium (2x Bass Pedal) (World) (Addon)
539BC49A790D4DA38C5704AE6E4AC36632D2347D43,Marvel vs. Capcom 3 - Shadow Battle 10 (World) (Addon)
53B1ABA5C84199E1A580350B2044A99FFE8B02584D,Lips - Seal - Kiss From A Rose (World) (Addon)
53BAEDF11AC5E87C39DE0DA63F91886EBA52FBB445,Rock Band Network - Flogging Molly - Requiem for a Dying Song (World) (Addon)
53D2F31B922D476BCED9D1E758DF7648362B88E258,Pinball FX 2 - Super League Football - Zen Studios F.C. Table (World) (Addon)
53DBDDB537BA95155E96D6CB9BF0D2D3D4D7ADF445,Rock Band Network - Band of Horses - The Funeral (World) (Addon)
53E2723FEAD33D43F0B79A6A899D0E7CA207A9D358,Magic - The Gathering - Duels of the Planeswalkers - Expansion Pack 3 (World) (Addon)
53E41F85DC94467E19E5195DC26AAF17B2A12DD458,Domino Master - Bone Slammin' (World) (Addon)
5408F293E91C59720273213CF91F9BBE6572272758,Monopoly Plus - Monopoly Just Dance (World) (Addon)
540D9B8627E3D4E8470F3D31CCCD46D35C99A91F45,Rock Band - Stone Temple Pilots - Sex Type Thing (World) (Addon)
541250E873C2A71CD0CD3A9D0740A78DF2AF082E45,Rock Band Network - The Gufs - Beautiful Disaster (World) (Addon)
54223881B22E1105E474E3310F71B042BAA9038158,Renegade Ops - Coldstrike Campaign (World) (Addon)
54297572FFEBF1C5852B6BA2DE507CC0084D87654D,Lips - Seal - Amazing (World) (Addon)
545DD3F3BE41F6F9ADE5E5397C22917FD788304658,Outpost Kaloki X - Bounty Hunter Scenario (World) (Addon)
5471477CA638C7C02C1C9CF7FB65DBB34298F8794D,Blue Dragon - Shuffle Dungeon (World) (Addon)
549251A3346F983256888BB71E7103B69B3A93DB45,Rock Band - Nine Inch Tails - Pack 02 (World) (Addon)
54A23E67B823DC7394A9519E5492A32E36B0269453,Kane and Lynch - Dead Men - The Dope Bag (World) (Addon)
54AD2A7DBFB7B34D48783DB18B3DE8B1209E7ED345,Rock Band Network - Megaphone - Not Your Enemy (World) (Addon)
54B65491EF01AD16B6B7147DB958C4D7FDDD495745,Rock Band Network - XTT - Fighting Back the Bullies (World) (Addon)
54B67309D0D4D16C452924B14248B9A36937168F45,Rock Band Network - Mystic Syntax - Blasphemous (World) (Addon)
54C3E44B0787BCBE763FEE3AEC8F0E349094F5BC45,Rock Band - The Guess Who - No Time (World) (Addon)
54D8EE67DC74252404B96F83F1F26CCF6AA1122745,Rock Band - Alanis Morissette - Ironic (World) (Addon)
54EC1AABB4E27F0AFB45E0A5FA480B5BE9D90B2C5A,Two Worlds II - Pirates of the Flying Fortress (World) (Addon)
54EE4F5841C0CC45B07AB01E85B35FD8FC743D0243,Mushihime-sama Cave Matsuri (Japan) (v1.5) (Addon)
54F129328DB64A6C446B67D12CEDC8F8511FE23358,Street Fighter III - Third Strike - Online Edition - Unlock Dip Switches (World) (Addon)
552789CC804AD3E8B33B62425E6EC0B758024DAF55,Michael Jackson - The Experience - Another Part of Me (World) (Addon)
5536095B03E12BDDA37515ACE64304EF308A8FB258,Pinball FX 2 - Star Wars Pinball - The Force Awakens (World) (Addon)
55363A44C784EBB3DE45C3F98BA2A18A0C6EE57F45,Rock Band Network - Gov't Mule - Steppin' Lightly (World) (Addon)
554AF20A98D6945C264076EEBF846C70989FA9D455,Just Dance 3 - Blondie - Heart of Glass (World) (Addon)
55590C97EE996DEDA22064277679A3CEA240A93E45,Rock Band Network - Graveyard BBQ - Creamskull Boogie (World) (Addon)
55758F029A0F5743D325411B3AF76F3277824F8645,Rock Band - The Who - Super Bowl S-mashup (World) (Addon)
55991B58441E563EF4FAFE80D50532762AB2DA3F43,Marvel vs. Capcom 3 - Shadow Battle 04 (World) (Addon)
559B90F613DFA1136E1E7C7AB987CAFBF86E922445,Rock Band Network - Burning Twilight - The Resolve of Cowards (2x Bass Pedal) (World) (Addon)
55A22FDEB6F2CC5A9F19FAF0B8A3005E25A1D91145,Rock Band Network - Aiden - Scavengers of the Damned (World) (Addon)
55AD1E9EFA9AAFD20C54B1FD7B75170DB48AE24845,Rock Band Network - Bluefusion - Fighting Spirit (World) (Addon)
55B9B63A85D2CF0CDFAC4CE5BEF35DF0C9A9819A4B,Otomedius Excellent - Yebisuboshi Stage (USA) (Addon)
55BA58D96C332D846DAE0FB318654D0623740C5B45,Rock Band Network - All That Remains - Undone (World) (Addon)
55C15ADCB71EC677ED1B1E78035BC537B158463C45,Mass Effect 2 - Cerberus Arc Projector (World) (Addon)
55C4C6BF1E7B3E509AF934B8F84CD8BA643A1FCA45,Rock Band Network - Nightrage - Collision of Fate (World) (Addon)
55DC0D826B6D4A228F474331AB31220222A0593B45,Rock Band Network - All That Remains - Forever in Your Hands (World) (Addon)
55E60E6F520CA7E719B0371C6E871DEEED5FE0DE45,Rock Band Network - Black Gold - Plans & Reveries (World) (Addon)
560E7785DACBB4042728196989F144C4FE4E58DE4E,Dynasty Warriors - Gundam 2 - Additional Mission 08 (World) (Addon)
561B94BA3611F4D41BD956D50AAA4A55EAB9397845,Rock Band - Papa Roach - Lifeline (World) (Addon)
56400464E1EE134572C5B864DE0B6445D79FC7B045,Rock Band Network - Paul Henry Smith & the Fauxharmonic Orchestra - Hungarian Dance No. 5 (Brahms) (World) (Addon)
5642C6D2F122FC2FFAA7E8EE702A3A1FA92D4EB345,Rock Band - The Shins - New Slang (World) (Addon)
5651585CB6A58CFC162970C9BBBD70EFC2F0A5B045,Rock Band Network - Parry Gripp - Last Train to Awesometown (World) (Addon)
5654658917EFC6EA030E723E8193FC7406327D4F45,Rock Band Network - Kingsize - Miss America (World) (Addon)
5655C2EA3A704A7FE0E7399EB18F20BEA8EC058945,Rock Band Network - The Break Down - So Fine (World) (Addon)
5657C646765802A8FD4781CD01A7D438569446A558,Yu-Gi-Oh! - 5D's Decade Duels - Card Pack 08 (World) (Addon)
5677D1692F4A2B1B0BC4F00412E957DA5B00A60F45,Tiger Woods PGA Tour 12 - The Masters - Turnberry Resort (World) (Addon)
5686B40B0790E684E8E73630B5EB2799088CECBA44,Onechanbara Z - Kagura - Accessory - Stylish Sunglasses (Japan) (Addon)
568962FF2E3474FEEDEDA3562D03F0D45BE6E5304D,Lips - Metro Station - Shake It (World) (Addon)
569C0F44945B8617CC24D312B0FE8983B78E376F47,Senko no Ronde Rev. X - Extra Costume - Mika A5 (Japan) (Addon)
56A41823AAAFAD98E2647400E37B17CEF662677554,Saints Row - The Third - Genkibowl VII (World) (Addon)
56B11CEB41747698479BE49D3FB6F4DABFF61D7558,Yu-Gi-Oh! - 5D's Decade Duels - Card Pack 19 (World) (Addon)
56B1F15E4F4731DB1C620F4E988001150C9FE5124D,Lips - Death Cab For Cutie - I Will Possess Your Heart (World) (Addon)
56E890885BEB25F16D7CFC46B3244D882804B5C058,Scarygirl - DLC Pack 2 - Enemy Within (World) (Addon)
56ECC5DA0F1484104EF0B54E48C8BCD6A388711545,Rock Band Network - Stephanie Hatfield and Hot Mess - Can I Stay (World) (Addon)
56FC20BF442035B20DB6AB522536FF6AA1C9B0074D,Lips - R.E.M. - It's The End Of The World As We Know It (And I Feel Fine) (World) (Addon)
56FF727B7163594F30295074B1388DCFD202934858,Guardians of Middle-earth - Barrow-wight Lord - Playable Guardian (World) (Addon)
5706FB811EE6FC9E3D2C2A6E71FF1E014ECED8F258,Gotham City Impostors - Bats Logo - Myotis Lucifigus (World) (Addon)
5725C0B4EB3BD085FB33A229F55E633CF6F98A2C45,Rock Band Network - Loren Dircks - I Hope You're Happy (World) (Addon)
572A7CA3CE77CC88400EAD2B5EB7FAC849B6326E45,Rock Band Network - Foster the People - Helena Beat (World) (Addon)
5735FBAC8217111649445AB3B834BC2C7E02B0924D,Lips - The Corrs - Breathless (World) (Addon)
573F2D9ABDA3BDC959A71AABABD2B162DA6D56474D,Lips - Weezer - Island in the Sun (World) (Addon)
57907549AFDB69FDF31890AE7ACB577C2E6DB3FD45,Rock Band Network - Blow Up Hollywood - NDE (World) (Addon)
579495C0C03EA6B5C469133F3FBB11FDF6E0CDAC45,Rock Band - The Pretenders - Brass in Pocket (World) (Addon)
57A782D4DC0DBCF445DE973C846E1EC26E492B0D45,Rock Band Network - John Parr - St. Elmo's Fire (Man in Motion) (World) (Addon)
57C65245AA817BB1E03A12004A5A7ECFA44DEF774E,Ridge Racer 6 - Unlock Key 31 (World) (Addon)
57CAF0F8A780C85885DC45D2D9CF0048C771E35945,Rock Band Network - Amberian Dawn - Willow of Tears (World) (Addon)
57D104CBC8AA70D7B18E61667B5809C56D110A6645,Rock Band Network - Fake Shark - Real Zombie! - Running for the Razors (World) (Addon)
57E267EAD1E8B2F7C844C4230A7EBF0A799909DE45,Rock Band Network - The Apples in Stereo - Told You Once (World) (Addon)
57EFFFD36BA4E800951B4D930F99A03FE898B3BD45,Rock Band Network - Symbion Project - Exploited & Exposed (World) (Addon)
57F8391D06AFE7C97F0F5488CB6DE8D4A7DB6C7845,FIFA 10 - Ultimate Team - Francais (World) (Addon)
5811CE7986ADC90E98B4A18D97D9C0117376B12D45,Rock Band - Rise Against - The Good Left Undone (pro) (upgrade) (World) (Addon)
58123E0DA0931DE47F30F726B674CB6CD8FE1C6158,Minecraft - Xbox 360 Edition - Pattern Texture Pack (World) (Addon)
581C31D6A74D2EF3F2499CECFEBCD3BAF613BF5B45,Rock Band Network - Rishloo - Turning Sheep Into Goats-Systematomatic (World) (Addon)
581CC613C675E76CA334598B0B2245DCBD87B72C45,Rock Band Network - Jenium - Desperate Days (World) (Addon)
582DAF362F82D11FFEC436FD501BFC3DB7D70B8D53,Deus Ex - Human Revolution - The Missing Link (World) (Addon)
582DC5E389F573C84D8CCA61A7A59C2140360A3944,Onechanbara Z - Kagura - Saaya Costume - Sailor Uniform (Japan) (Addon)
582FC6C0F8D5DA2AC885526A70C3E5269A1EC35E58,Pac-Man Museum - Ms. Pac-Man (World) (Addon)
587A3A8E96E53D3F351429E713C0DBAF33ACBB9958,Yu-Gi-Oh! - 5D's Decade Duels - Card Pack 10 (World) (Addon)
588FB95A3DF8CE19C836498CD3276FB0E84C960445,Rock Band Network - Kutless - Strong Tower (World) (Addon)
5893F50C4CF8C953F669E0E74630A21A1FC64F4145,Rock Band Network - We the Kings - Rain Falls Down (World) (Addon)
58C08600D7BA6B1A995A71B5FFE75E37249FCE5E4D,Lips - Robbie Williams and Nicole Kidman - Somethin' Stupid (World) (Addon)
58C9A4004FA0945B99A0CF56D82BD670108602EC45,Rock Band Network - Robby Suave - Bean (World) (Addon)
58D4129BD35C91D56007A4CD94862BB9B560B84445,Rock Band Network - Bang on a Can All-Stars - Evan Ziporyn - ShadowBang (Head) (World) (Addon)
58DC2621552BAED710061752FF89866E31EB5EA757,Batman - Arkham Origins - Extra Skin Pack 2 (World) (Addon)
58E393CC3CF2167EAA5FEFCABD9FCE512D59798B49,BulletWitch - City of Screams - Great Spells Unlocked (World) (Addon)
58E81BC6F6A66C5F496295026302CB2183EE135E58,Vigilante 8 Arcade - High Octane Pack (World) (Addon)
58ED7EA61ACF5F84CF1B4113D21C165FFE8F6F0D58,Trials Fusion - After the Incident (World) (Addon)
58FAD36B0C524590127A13CD45587D4F19AC7EE858,Tales from the Borderlands - Episode 3 - Catch a Ride (World) (Addon)
59237BFB37E9034B6F9CF14A5EB896A4407DB20C47,Senko no Ronde Rev. X - Extra Costume - Lili B5 (Japan) (Addon)
5924351D9956DEA92AA62467E43846BA8254C08345,Rock Band Network - Jukebox the Ghost - Schizophrenia (World) (Addon)
593059291ED57E835CBC293DEC394BFFF1CA9F6358,Skullgirls - Big Band (World) (Addon)
593DAF498DECEDE0AEDEF46691E05915C94D74F045,Rock Band - Toby Keith - Pack 01 (World) (Addon)
59734DE5BEC22B2D0C65FA442CDE6A849E9B93DD45,Rock Band Network - The Main Drag - Don't Let Me Down (Slowly) (World) (Addon)
59870FBCE016E0C55408E7B95209821C0C57655258,Worms Revolution - Mars Pack (World) (Addon)
598C120494AD5493A2111BEEDE66242BC24F0B3058,Pinball FX 2 - Core Collection (World) (Addon)
599B8C0C799926EF81C8BEF4DC5F308F54058DDE45,Rock Band Network - Hyro da Hero - Dirty South Rock (World) (Addon)
59A2BA7CB4D0F04210C4D8B2B71C682B0FA2990A45,Rock Band - REO Speedwagon-Styx - Tour '09 Pack (World) (Addon)
59A3505C2B88ED9B5E8A77583D7B5879A4CBD0FE45,Rock Band Network - Pollyn - Gave It Up (World) (Addon)
59AA11F236809822EA3401C0D9FD690C8D6EF39E58,UNO - Project Gotham Racing 3 Theme Deck (World) (Addon)
59BCC4A8C9E5D7DA7778E9C227441324476F70CF58,Pacific Rim - The Video Game - Add-on 04 (World) (Addon)
59D0F6857295409CC6F18DD40A40B5EF8EAB1A8A58,Guardians of Middle-earth - Compatibility Pack #3 (World) (Addon)
59EF6B6B6457DB14A8040E0C49674E10F1CEEBCD58,Outpost Kaloki X - Love Story Scenario (World) (Addon)
5A08E7E63759676672FA995018E1EF1D7A7A45F245,Rock Band - Stevie Nicks - Edge of Seventeen (Just Like the White Winged Dove) (pro) (upgrade) (World) (Addon)
5A52D6612539B8F6F8B4660D9A02E26556835EEF4E,Dynasty Warriors - Gundam 2 - Additional Mission 03 (World) (Addon)
5A579A3B1CFC198D4C60D3CC43727698573F216F58,Resident Evil - Revelations 2 - Season Pass (World) (Addon)
5A57B06B2AC57642968C7EB25E10E57B27BC4BA745,Rock Band Network - Asking Alexandria - Dear Insanity (World) (Addon)
5A5EDCF8923CC77C18539FB43F050677070C868245,Rock Band Network - Majestic - Voodoo Treasure (World) (Addon)
5A649DF1DCE6C0A165032B4A9A3DABCF0BC2D39742,"Evil Within, The - The Executioner (World) (Addon)"
5A68F616AEC716300E68F8AB205624A4A7B120DA58,Yu-Gi-Oh! - Millennium Duels - Evilswarm Deck (World) (Addon)
5A78315A2EFECE415CF078B851DE1DA804BA66704D,Lips - Fools Garden - Lemon Tree (World) (Addon)
5AAA69F9DA66260816EEB77F8FCD3D76FAB3A2E645,Rock Band - Sweet Billy Pilgrim - Future Perfect Tense (World) (Addon)
5AAB3E2ECB0BA47D810B3DE07F3A7F93ED62783245,Rock Band - Aerosmith - Sweet Emotion (pro) (upgrade) (World) (Addon)
5ABC5D6E6E455FE8349CB483A536B21DF22DD32954,Homefront - Fire Sale Map Pack (World) (Addon)
5AC5BC1C1682B6FEBA4E0C21F703C82C2165CEB945,Rock Band Network - Heaven Shall Burn - Endzeit (World) (Addon)
5AD1BA20C61DCA39B583BC3163DFB44E88D5865758,Who Wants to Be a Millionaire - Special Editions - Who Wants to Be a Football Millionaire (World) (Addon)
5ADE7AD168640D20C32BCAA5FBE66C316C399D7345,Rock Band Network - Heaven Shall Burn - The Omen (World) (Addon)
5B2440040A0E5C1BC452AA5DFD600A942AF0A9A458,Buku Sudoku - Puzzle Pack 06 (World) (Addon)
5B24E1C59EAC5A1937D3B729875F02C43754DDAB45,Rock Band Network - Jon Black & the Winter Hearts - Gravity (Don't Let Me Go) (World) (Addon)
5B279ECF81CCE7ED9831385705ED6220A374869D4D,Lips - Huey Lewis and the News - Stuck with You (World) (Addon)
5B2BE4CADA36991C60A2070E0737678DCC0E920545,Rock Band Network - The Trews - People of the Deer (World) (Addon)
5B2CE7BA33129B1695A1D70F4909D90D47B32F4E45,Rock Band - Queen - Somebody To Love (RB3 version) (pro) (World) (Addon)
5B5A179EA1AFDDDE48264A5D3E1CAEC94CC0C40245,Rock Band - Blink-182 - Pack 01 (World) (Addon)
5B757C474B9B17BDE0EADF2625E53F753223D85745,Rock Band Network - Yesternight's Decision - Dying Wish of a Living Man (World) (Addon)
5B7BD43195040F36F06507F79D222E0F72E437D558,Magic - The Gathering - Duels of the Planeswalkers - Deck - Ears of the Elves (World) (Addon)
5B7DBB2B18940C715455F0F06F7B6DA0BBA93CCF4D,Lips - Culture Club - Do You Really Want To Hurt Me (World) (Addon)
5B905B02BE6A6BEC4BBFE3F33925618B1FA49F0E58,Who Wants to Be a Millionaire - Special Editions - Star Trek - The Original Series (World) (Addon)
5BB61B64AF9BCCB6DDD2F429329161CC29B6330D42,Fallout New Vegas - Mercenary Pack (World) (Addon)
5BBB11E23527D5993527D3C8C431D55A759AD02945,Mass Effect 2 - Kasumi Stolen Memory (World) (Addon)
5BC3423F694E6AC9C83EB3AFB940F9FF655D0AFA45,Rock Band Network - Eulogies - Day to Day (World) (Addon)
5BE4035E5E0B72B3AC03E4F2C53692BC4918708045,Rock Band - Silverchair - Tomorrow (World) (Addon)
5BF5191986B1D32C094D7338B9E5363B224609CE45,Mass Effect 3 - From Ashes (World) (Addon)
5BF64709AD0754ABD484595F448751484490DDD145,Rock Band Network - Amberian Dawn - My Only Star (World) (Addon)
5C1889BE2F1520D46C5055AFEFEE7F118B1D677745,Rock Band Network - Steve and Lindley Band - Backyard Buildyard (World) (Addon)
5C24DF8A5075601D2C512708008C25B6617848D445,Rock Band Network - Soma Dark - Resolute (World) (Addon)
5C3779E66DBC1F436C0049DF303D1CD388BEE03945,Rock Band Network - Fake Problems - Soulless (World) (Addon)
5C46455FA4722C77F7BBDB4197E8918F8408805458,Yu-Gi-Oh! - Millennium Duels - Ninja Pack (World) (Addon)
5C5E4648EC4191422AD927380710447E3968017158,Doritos Crash Course - City Lights (World) (Addon)
5C66A88469D639A33B0A338F3F54695080DA266845,Rock Band Network - Rose of Jericho - Wrong Side of the Sky (World) (Addon)
5C870F092C82B6F064047C1A02FE70F1C101D3A545,Rock Band Network - Evile - Plague to End All Plagues (World) (Addon)
5C9087A0468534C5C9394330479698CCB7F7EDB658,Minecraft - Story Mode - Season Two - Episode 3 - Jailhouse Block (World) (Addon)
5CD38A3D058BC2C8DBA7B05F18FB3F5BE079D2ED45,"Rock Band Network - Primary - In My Head, Out My Head (World) (Addon)"
5CEDAEA9670D114593BEAFCC0A440BC853D77DC558,Magic - The Gathering - Duels of the Planeswalkers 2014 - Deck Pack 3 (World) (Addon)
5CFF9488A4DACEAA54697A7398F22818C49C6D9A45,Rock Band - The Go-Go's - Our Lips Are Sealed (World) (Addon)
5D0D903EFACBFBFB22AEDBAA0C7B53929B21D06554,Prey - Space Oddity (World) (Addon)
5D2AFF9F1FEED0F3697A1F8767D24CB497D4C1FF45,Rock Band Network - Felsen - Two Utensils In One (World) (Addon)
5D2C01F054C5A82471148CAA1A6BC5852202703645,NBA LIVE 09 - Oklahoma City Pack (World) (Addon)
5D2DE0D52DA7753834E42D250E0A1CC974B78F1C58,Zombie Driver HD - Tropical Race Rage (World) (Addon)
5D3526FCD65EA70DEA9193DD14ABB561831CFFDD45,Rock Band Network - Buffalo Mad - Muestrame un Poco (World) (Addon)
5D5CFFC84D9C3F92F34B2515F0021B4CC46E343945,Dead Space - Tank Pack (World) (Addon)
5D628FF10F07D3606FDB9C3821ED1850BCC0C3EE58,Poker Smash - Environment Pack 2 (World) (Addon)
5D7AD32A02E01D27990CA3AB7CFE43CEFCFF2E6E45,Rock Band - Soft Cell - Tainted Love (World) (Addon)
5D7BA77451F8E29CD75AC07953246296B87CC06F41,Call of Duty - Modern Warfare 3 - Elite Drop 18 - Vertigo (World) (Addon)
5D8899A4E3F8386FB11518CE979EFA0759B1F01443,Operation Flashpoint - Dragon Risin Mission - Pack 1 (World) (Addon)
5D914CFC64F343CF0BC2F21C5CB433C99B4CBBDE4E,Ridge Racer - Unbounded - DLC2 Bundle - Ridge Racer Type 4 Machine & El Mariachi (World) (Addon)
5DA03E425DD730BB2EA3AE7B3BD9FA4FC530645D58,Sonic Adventure - Deluxe Upgrade (World) (Addon)
5DA782DCB04E0DD0DBC3250CF3AEBA24858F8C5B4D,Lips - The Pretenders - Don't Get Me Wrong (World) (Addon)
5DA88EC964F8F6F376CADF27AC7BB4A3B1AB884445,Rock Band Network - Cephalic Carnage - Abraxas of Filth (World) (Addon)
5DBE3ACF0514CF451EDE551FCC69CED7A4A1716D45,Rock Band Network - Nightrage - Wearing a Martyr's Crown (World) (Addon)
5DC2CF46BC5528915E71E268AD4B9D8DEB54E5794D,Lips - UB40 - Kingston Town (World) (Addon)
5DE414BDECBCBEC414B9A71CAEFBB4E8F062C89841,Guitar Hero - Yeah Yeah Yeah - Dull Life (World) (Addon)
5DEB40D4E94662280E814AF864C3E0C8A06652BA45,Rock Band Network - Scratching the Itch - Lemon Juice (World) (Addon)
5DFECAE2283ED9EADB86DAEB1AC1CCAF012FF21858,Castle Crashers - Pink Knight Pack (World) (Addon)
5E0F32B9003C9217A398982C9F4401039F00185B4D,Lips - Young MC - Bust a Move (World) (Addon)
5E1CDF6BA75E783EA69B44A5C2F954B17065C89745,Rock Band - Trapt - Who's Going Home with You Tonight (World) (Addon)
5E428450255735C462BE9BFF5EE48C9441FB09C745,Rock Band Network - Decrepit Birth - The Resonance (2x Bass Pedal) (World) (Addon)
5E4D489C27330C3C3D0AA66CC31B9C835A0763A158,Phantom Breaker - Battle Grounds - Kurisu Pack (World) (Addon)
5E5624BB3B6CD14502030A2A8CE6378C3F449F0C45,Rock Band Network - The Myriad Burial - Death Quota for Purification (World) (Addon)
5E61356EC5A90830755151992652C52503CDA5F645,Madden NFL 11 DLC - Madden NFL 11 Rivals Pack (World) (Addon)
5E66881ADBE9AE1EDB101A958C1F711FE5F29EB945,Rock Band Network - Nonpoint - Miracle (World) (Addon)
5E7BCE8131D99938B57D52B9437C9E922DC4DC1B45,Rock Band - Supergrass - Sun Hits the Sky (World) (Addon)
5E840A5218AEE2671BC008AF6227968735E853814D,Scene It - Box Office Smash Award Winners (World) (Addon)
5E8D9F595453BC70FA5D84CE460035319484C1FB45,Rock Band Network - Dirty Filthy Mugs - Another Round (World) (Addon)
5E97A2F75FA8BF1303E0BF2A8FD1B47A165D7D5C45,Rock Band Network - Trial By Fire - From the Ground Up (World) (Addon)
5ED5D5835C009FF83F2C4D4FF394DB7051CD518E45,Rock Band - Electric Six - Pack 01 (World) (Addon)
5EDB0523A7E365CEDA6E8AFCF71A825F0608A67145,Rock Band - Pretty Hate Pack 01 (World) (Addon)
5EE52A0F5C95339DA918E70C6954462F13B9A5A245,Rock Band - Franz Ferdinand - Pack 01 (World) (Addon)
5EF42D0A1F2DF2D6E8C26B33A1D147CF421B445058,Pinball FX 2 - Marvel - Avengers Chronicles (World) (Addon)
5EFE8B3D1D78AF8990A2A2D3C19AB74425FD17B849,BulletWitch - White Witch (World) (Addon)
5F0C550C33B2470AC9355ADD5151B2ED222F017D45,"Godfather, The - In-Game Money 50K (World) (Addon)"
5F25360D703D2ECB3083B7CEB0FF97FE1FCC90F341,DJ Hero 2 - Old Skool Mix Pack (World) (Addon)
5F3E5D24A83E1278A2783FF0B38262AB0018E6FD45,Rock Band Network - The Humans - It's Good (World) (Addon)
5F40FDA77222E324AF878869FA1EE2C45CF9764F4B,Def Jam Rapstar - Foxy Brown - Get Me Home (World) (Addon)
5F496B63807F97B946B201D4F0D531302294903A45,"Rock Band Network - The Agonist - Thank You, Pain. (World) (Addon)"
5F4A85706A169765937EDEA1A0D051266A7D552B4D,Lips - Marvin Gaye & Tammi Terrell - Ain't No Mountain High Enough (World) (Addon)
5F794E936FE67608E78D253B8C41E52888B65F8145,Rock Band - Queen - We Are the Champions (RB3 version) (pro) (World) (Addon)
5FB635AAAD9874CD6A98C1EB88B1FE15AF330D6945,Rock Band Network - Parry Gripp - Spaghetti Cat (I Weep For You) (World) (Addon)
5FBAB316A2FC653DEFCDC15D150D6E977C97C1FD58,"Raven, The - Legacy of a Master Thief - Episode 2 - Ancestry of Lies (World) (Addon)"
5FC17B7CFBCCF003B953A1AFFFD69261C673576858,QIX++ - Expansion Pack 1 - Float (World) (Addon)
5FC224466D3F5AFEFDCDF84C16F56C930CFAE60D42,RAGE - Wasteland Sewers Missions (World) (Addon)
5FDB4E8623798FD3A0CD30DF69B631809474FF324E,Ace Combat - Assault Horizon - Downloadable Content 6 (World) (Addon)
5FE3B9CE49C65D3088BF5310CAE86E1F0F3C9CF04D,Lips - Soft Cell - Tainted Love (World) (Addon)
5FF46C1D37065E11DC5458F11B0917D0031D3E7258,FunTown Mahjong - Chinese Festival (World) (Addon)
5FF6506366E99F85363C7D05FB4C5AE9DE5080AB58,Batman - The Telltale Series - Season Pass (World) (Addon)
5FF9020C1AA0D25F2F2E3FC7FD238ED4A0311EB453,Deus Ex - Human Revolution - Explosive Mission Pack (World) (Addon)
600A12643FCDAC84003E6E0DBD0A1A8F7DAE9DD153,Tomb Raider - Underworld - Laras Shadow (World) (Addon)
6010554E0820ECE42AD2EE34509E159E376836B558,Guardians of Middle-earth - Radagast - Playable Guardian (World) (Addon)
601FD513EA61430E91BD639BA23F576F44D4AAFC45,Rock Band - Finley - Tutto e Possibile (World) (Addon)
603FD1621738D7B25D88BBB0FEABF7DDD28A3DF945,Rock Band Network - Lazarus A.D. - Thou Shall Not Fear (World) (Addon)
60825DBCA048B11C9DE0C3271FAE42E0C359D38645,Rock Band - February Heartache Duets' Pack (World) (Addon)
6083B1BD8735D2119BCAAAB92376D9D8294416C754,MX vs ATV Reflex - Track Pack 2 (World) (Addon)
60855FA237D9B5CB07780A9DF9E9D19AE3A9BD4445,Rock Band Network - Graveyard BBQ - Cheat on the Church (World) (Addon)
6087B59DCC44035A6442D2BAE8B88D6F148A35D353,Sleeping Dogs - Square Enix Character Pack (World) (Addon)
609D2A3103BCDAC4A65038EB390CCC44AAE44FAC45,Rock Band Network - Testament - Henchmen Ride (World) (Addon)
60B4EB43C4880093A3F45FE35FDAF6FF7D9C7F2445,Rock Band Network - Third Eye Blind - Jumper '09 (World) (Addon)
60C10E129F324131E3FFFEF3FD8DEEAC398EF53158,Resident Evil - Revelations 2 - Extra Episode - The Struggle (World) (Addon)
60C1C9BC5A7622385F1DE960C3E1DDAF744EC36258,SkyDrift - Extreme Fighters Pack (World) (Addon)
60D5CDA3FCBA10023AA8702F965A77789B43B7E145,Rock Band - Save Ferris - Come on Eileen (pro) (upgrade) (World) (Addon)
60D86EA065E37152EE904C5E283C53988FBB1CAB58,Yu-Gi-Oh! - Millennium Duels - Bujin Deck (World) (Addon)
60DB9E7E25775023069D0847A251F91C6AE031DB4D,Gears of War 3 - Forces of Nature Map Pack (World) (Addon)
60F60F9118BF024231CA4E54ABD97684C5C72FD74D,Forza Motorsport 3 - Hyundai Car Pack (World) (Addon)
60FC2427F8ED88DC8F4A065A2F399D81B41D0F7345,Mass Effect 2 - Firewalker Pack (World) (Addon)
610606236EC435B9A19DD58987DF565E54590A7358,Yu-Gi-Oh! - Millennium Duels - Karakuri Deck (World) (Addon)
610B61FFCA3E783C70320FCDD3C845194B397B7A45,Rock Band Network - The Shins - So Says I (World) (Addon)
61116FA815C7E9F263A68961E92E45743541EECF58,Buku Sudoku - Puzzle Pack 17 (World) (Addon)
6112B8F4A78C6854C9B67631C97CCEA1FEF9B0BD45,Rock Band - System of a Down - Toxicity (World) (Addon)
6116BDBD1864E9200FE51FACB5A04CA6BEB36C3B45,Rock Band Network - Garage A Trois - Rescue Spreaders (World) (Addon)
61186605C2DD9322D20D94E66D4A8C9749F13A8658,Naughty Bear - Panic in Paradise - Naughty Unlocks (World) (Addon)
61196BA34ED40D1EE09A7C32E81DFA5241D0683558,Undertow - Path of the Elect (World) (Addon)
613E404B80BD33C5637CA3F2E4DD096E0CD6F34045,Rock Band Network - The Waking Hours - New Revolution (World) (Addon)
61408E568A04473F48D18E5041340EF216E1ACDA54,Mafia II - Renegade Pack (World) (Addon)
6146A91F2FD6C51893E1FC871266E287A560392158,Minecraft - Xbox 360 Edition - 4th Birthday Skin Pack (World) (Addon)
614C403A018A37E2B4FC5AB0409FEBE75B401DE245,Rock Band Network - Coelacanths - Apocalypse for Breakfast (World) (Addon)
6160BD97996A14A56E22070325557EBC80F2A0EC45,Rock Band - J. Geils Band - Freeze-Frame (World) (Addon)
616D6A6BDFC5974FF15D203FEDD1ADB15E261B2158,Real Steel - Add-on 15 (World) (Addon)
616DF22D9435F9C63D07EDB9E2B869CE142803B758,"Walking Dead, The - 400 Days (World) (Addon)"
6184421CB40F8E71F089157C28F2B5DEA529A26558,CastleStorm - The Warrior Queen (World) (Addon)
61DFB8D026FFD94D3CB1F05F5FBF3FD71DF84B1343,Street Fighter X Tekken - SF Swap Costume Complete Pack (World) (Addon)
61E97F8911A1DE616300C5328E7A40A3ACA1DD0C45,Rock Band Network - TesseracT - Deception - Concealing Fate Part Two (World) (Addon)
62138F85356E99BD8C62911766E4B7A13471133345,Left 4 Dead - Crash Course Pack (World) (Addon)
623427F538724212E66735204EB95DEAA3D35CA845,Rock Band Network - Big Engine - Party Like a Rock Star (World) (Addon)
6238AA82676F777B0C32078687DAB5A4F6C095614B,Dead or Alive 5 - Santa's Naughty Girls (World) (Addon)
623E6828CC50029530391CD42E512F8E1B5974EE58,Joe Danger - Special Edition - Santa Danger ATV Pack (World) (Addon)
624FE40AEC3EDC915828288D82BD50900749C53B4D,Lips - Mika - Lollipop (World) (Addon)
62645DE096C842CD8E387886C38141A7B917E96A58,Scourge - Outbreak - Blindside Multiplayer Map Pack (World) (Addon)
62832C8D6BF57C838D8B4CA49DFA8E42A9AF0CFB45,Rock Band - Peter Frampton - Do You Feel Like We Do (Live) (World) (Addon)
6287253714DE3197ADBDD94FC279749012D739FA58,Section 8 - Prejudice - Overdrive Map Pack (World) (Addon)
629E6759B47E06774538512584502D1DE706DCEF4D,Forza Motorsport 3 - Jalopnik Car Pack (World) (Addon)
62A3614552DC8889590070534F4C469DA466B85058,Lara Croft and the Guardian of Light - Raziel & Kain Character Pack (World) (Addon)
62AB50FAB2D833EEE2CEE1CE7D95328935188FC858,McDonald's - Theme Pack (World) (Addon)
62B81AB6E89828A12A11EBCD226338C510A93FE945,Rock Band - Dierks Bentley - What Was I Thinkin' (World) (Addon)
62E4CD1109EFA3BCC4918C75622B9CBD05B7A5AB45,Rock Band Network - The Fisticuffs - Liverpool Judies (World) (Addon)
62E819DEC2E42D8184E9E3B7B8C2256CC676706545,Rock Band Network - SexTon - Burst Into Fears (World) (Addon)
62EC14F0C40E45E568BA3AB5A277F37236DA23A745,Rock Band Network - Ballyhoo! - Paper Dolls (World) (Addon)
62F9299005405F513DCBC7CCC73F6DA2784898294D,Game Room - Game Pack 012 (World) (Addon)
631898F8D8BEB07CA344BCC86729DDB6E8C83A6145,Rock Band - Sublime - Pack 01 (World) (Addon)
63454D276333ADAFECCD278F67D88D38C24D30484D,Lips - The Beautiful South - Song for Whoever (World) (Addon)
6349355F229F9DCE6B0C8972E8048ECFA3785F4654,Dance Central - Fergie ft. will.i.am - Fergalicious (World) (Addon)
63767F23F2AD8D6EAC4BB48FE43D2E75694065BA45,Rock Band Network - Yogurt With Sprinkles - Version 2 (World) (Addon)
6378368F6D17A6E897BBEA3A73B47E166E7FC6ED45,Rock Band Network - Timeless Miracle - Curse of the Werewolf (World) (Alt 1) (Addon)
637D904622B474E5748B24664A8A05E63F208EBF45,Rock Band Network - Kataklysm - Determined (Vows of Vengeance) (World) (Addon)
638152C719C45657B6640991BA6375D88A9D437D4D,Project Gotham Racing 4 - Vehicle Pack 1 (World) (Addon)
63840BC830C48C7ED95DF704C0B0444469F31EC045,Rock Band Network - Blackguard - A Blinding Light (World) (Addon)
638D52DDABC91F3732F5BACD647C2B98C652367A45,Dragon Age 2 - Legacy (World) (Addon)
638DD697CD7EE0AF5EF1C60CA4DB5275A30CBC4B45,Rock Band Network - Nightrage - So Far Away-Delirium of the Fallen (World) (Addon)
639060298F0AEED52AF27DDD7483F8EE9C7BC87B45,Rock Band Network - Cate Sparks - Whatever Happened to You (World) (Addon)
639419F53565BB08A84D6B303293042ED633B50445,Rock Band Network - 2nd Thought - Just Hang On (World) (Addon)
639ED8047D8533EF0651D0F605588357EBC062BE45,Rock Band Network - Freezepop - Special Effects (World) (Addon)
639FCF9BF50435BCE603AF9FAE373FEBBF60C2B345,Rock Band Network - Mafia Track Suit - Samiam (World) (Addon)
63A2E1DFF6416C94F89B4B14017874C3245D910745,Rock Band Network - Geronimo Jackson - Dharma Lady (World) (Addon)
63C360EAAEB1C38C760C1EF066547AF6AEEB45F958,Yu-Gi-Oh! - Millennium Duels - Heroic Noble Knights Pack (World) (Addon)
63D663FC2A63086435CCBC763AD4635B98FBF87E45,Rock Band - Going Country - Pack 01 (World) (Addon)
63DF77F736CBFAA796CF6B39FA92A8B9F238606645,Rock Band Network - Suicide Silence - Wake Up (World) (Addon)
63E28AE810C3072073AD5B0C1A591C03EBC8565158,Darkstalkers Resurrection - Lord Raptor Arcade Cabinet (World) (Addon)
63F587CB92A4E719BD175CD8FDB76B116A690F0353,Batman - Arkham Asylum - Dem Bones (World) (Addon)
6401DFCCAC03476BCD16AB4ECB236B929A4D5BDE58,Marvel Puzzle Quest - Dark Reign - Volume 2 - The Case of the Cold Chimichangas - Deadpool & Doctor Octopus (World) (Addon)
64072A05B1083A088DFE9058B034AE7C0431533A45,Rock Band Network - Tina Guo - Queen Bee (World) (Addon)
640E7A7290A08D4E929F1A501EFFBE55AB37462F45,Rock Band - Juli - Perfekte Welle (World) (Addon)
64338B9F5BE426957FF69E9BDF51A7EB75BB13F358,Minecraft - Xbox 360 Edition - Marvel Avengers Skin Pack (World) (Addon)
643DCB7F09A26161027897DFE8EEC1FF1DF351914B,Risen 2 - Dark Waters - The Air Temple (World) (Addon)
64410C6D6F59FCFCF2A3A4C52C1539CDB3A120BF45,Rock Band - Mayhem Tour 2009 - Pack 01 (World) (Addon)
64462F1B581194D6FE2C4F2969AC7AB30CB2468845,Rock Band Network - Skindred - Stand for Something (World) (Addon)
644B33E6237BF961D6D25393E0F70F3B37DF4CCD45,Rock Band - Green Day - Pack 03 (World) (Addon)
64570227AD480465D3C276B3B972ACD59C97645A45,Rock Band Network - Anybody Who's Anybody - Come Outside (World) (Addon)
64579D0027DFC2FCD4D9156799913C72AC55224A4B,Def Jam Rapstar - Raekwon - Ice Cream (World) (Addon)
64591E528E9521AF7E9D8196B708EBB9F232383845,Rock Band Network - Asking Alexandria - Reckless & Relentless (2x Bass Pedal) (World) (Addon)
64676DBC724EAC43F9FC7308141EE2519E4906F258,Lode Runner - Journey Expansion Pack (World) (Addon)
64709FE9F5AADAC4A6E230093E8188206653D52745,Rock Band - The Smiths - This Charming Man (World) (Addon)
64905833E3C10845E77EC2E68AE1A16DDB07940E45,Rock Band - The Giraffes - The Border (World) (Addon)
6493ABE6CE0553E6E383266F051D755B88AB950245,Rock Band Network - Jacob Chaney - Cluster #2 (RB2 Version) (World) (Addon)
6495C95665B201B1471C828F351FD3B02A10FEC358,"Wolf Among Us, The - Episode 3 - A Crooked Mile (World) (Addon)"
64A0A27D4C1D51EB3CF08153E5F12B0BEA40D36545,Rock Band Network - Magnus 'SoulEye' Palsson - Pressure Cooker (World) (Addon)
64A1E7AA98F887E1D4017D4EA369F44F3B33CC934D,Forza Horizon - TopGear Car Pack (World) (Addon)
64A3C1D3FEC97CD40F34FA17656B821725CD8FA145,Rock Band Network - We the Kings - Spin (World) (Addon)
64A4C58503937119CC2EA439E386FBB9B8C14F2F41,Guitar Hero 5 - Sum 41 Track Pack (World) (Addon)
64A8D1C55334822678E085999DCD0F8E4E959AEA49,BulletWitch - The Bound Soul - Extra Edition (World) (Addon)
64B16958C45E5AE976A6F4E112FAE78588D549714D,Lips - The Living End - Prisoner of Society (World) (Addon)
64CA591CA2EA8730D23946B95AAF75B44686F12D45,Rock Band Network - Crush Luther - We Are Kings (World) (Addon)
64D95BE3A03AC3E0F199C7C3781905ADFBB027904D,Forza Motorsport 4 - December Speed Pack (World) (Addon)
64FC44BE48D882F50A11815D49A6AE3B1D92419958,Naughty Bear - Panic in Paradise - Jason Pawhees Costume (World) (Addon)
6545231DFD1BE471E028D1437C4F9435B5AB2EF445,Rock Band Network - Bang on a Can All-Stars - Michael Gordon - Yo Shakespeare (World) (Addon)
654CBB633755931D0A7C5B56D95340595249056553,Sleeping Dogs - Gangland Style Pack (World) (Addon)
65685A1E0C45ACD7D668428BF6BB78CA6E6DA3FD54,Dance Central - Sean Paul - Temperature (World) (Addon)
657A5130425988BFE3C215BB2A557A29A0BD807B4D,Kinect Sports - Season Two - Maple Lakes Golf Pack (World) (Addon)
65810ADF4F2AED4EA6D21E6A919443129E071AEC45,Rock Band Network - The Acacia Strain - Dr. Doom (World) (Addon)
6583A4A9B01B16CBDD70399430FB2A7F8D00B91545,Rock Band - Locksley - Pack 01 (World) (Addon)
6583C8AD1258BC9E411A396BE60C352ACC32E31C45,Rock Band Network - Architects - Learn to Live (World) (Addon)
6585EFF9CC1CAB440688964C61151D43DAE6A4E045,Rock Band Network - Connor Christian and Southern Gothic - Sunday Suit (World) (Addon)
659B026CA9B6A6C902A52D13AB6CFDF65C6C5D1E45,Rock Band - Red Hot Chili Peppers - Blood Sugar Sex Magik (Album) (World) (Addon)
65B06D8D6F4F33DAA92DD89AB1E57060E68A422445,Rock Band Network - Furly - Icarus' Song (World) (Addon)
65BC1203C54ABEB3A96E6E1A78BC0EB16C87CB3758,Resident Evil - Revelations 2 - Episode 4 - Metamorphosis (World) (Addon)
65C9D6100BA4C843DE7BB1FE9EE86EF0DA5D582745,2010 FIFA World Cup - Adboards (World) (Addon)
65CC8CBB5AE04F1917CF420B5F6346F93109177445,Rock Band - Blitz - Soundtrack (World) (Addon)
65CF2A3885020FAD0E8A3A26E5C4D5B8371EB80058,Yu-Gi-Oh! - 5D's Decade Duels - Card Pack 05 (World) (Addon)
65D7D5B3BB5F79840E9646600240A229E7DBF4D345,Rock Band - KSM - Distracted (World) (Addon)
65D80A05F8714915058EB47331DF02C8E439B99D47,Senko no Ronde Rev. X - Extra Costume - Lili B4 (Japan) (Addon)
65E640A5A242F4460E49D33D24924D152131D2DE45,Rock Band - Stone Sour - Say You'll Haunt Me (pro) (World) (Addon)
65E77A5155210A62D3D3FBB282F9854013C357E345,Crysis 2 - Threat Awareness Module (World) (Addon)
65FD4462D549C0C71D7ADEF784BDEA7E4964309845,Rock Band Network - Gov't Mule - Broke Down on the Brazos (World) (Addon)
665B239A736112024994E1CC0CA3DFBE82A47C9F45,Rock Band Network - Asking Alexandria - Dear Insanity (2x Bass Pedal) (World) (Addon)
6664C913C53182960BA23295C3BFDB88B139CE1245,Rock Band - Smashing Pumpkins - Zero (World) (Addon)
6674A1F912536CAD7FB7F5DEAD5DB32FB09B146158,Child of Light - Stardust Pack (World) (Addon)
667C33A7F75A4D70DCAD62DA904A9B9E61E0BB7045,Rock Band Network - Stroke 9 - Kick Some Ass '09 (World) (Addon)
66916803B96F604F24DA1C700175ED61DDFCC23145,Rock Band Network - Dimmu Borgir - The Serpentine Offering (World) (Addon)
6693343815EF6699E34AC1487659B27A2B1D0F1845,Rock Band - Third Man Records - The Dead Weather - Pack 01 (World) (Addon)
66941A4BB4185C288B896AB817C0471B1793769B45,Rock Band Network - Tijuana Sweetheart - No Mercy (World) (Addon)
669C6EC94FCDE00D532002D2FEFDAA9BB236C9FC54,L.A. Noire - GameStop Pre-order Bonus - The Naked City Vice Case and Badge Pursuit Challenge (World) (Addon)
669C8215FC46EF4AD7B0B61C77548B2989A6A7C758,Small Arms - Ivar & Gullarp - Best Friends Forever - Frozen in Time (World) (Addon)
669CD19C27E03CD114A8B00661A64DE9E9D0CA4C45,Rock Band - Johnny Cash - I Walk the Line (pro) (upgrade) (World) (Addon)
66DDBC0737E30F5601DB537D02B04D6D9B4D018F45,Rock Band Network - Rivethead - Stay Alive (World) (Addon)
66F0F92C7FAF3CFC2DE7E9235421918EB5E38DE458,Prison Architect - All Day and a Night (World) (Addon)
672D9DC1F956494BB0CFE2D8207A9B049A93A05058,Magic - The Gathering - Duels of the Planeswalkers 2014 - Magic 2014 Expansion (World) (Addon)
674F0C6615292E7714328083B4E4FC247F5EB66D4D,Gears of War - Judgement - Call to Arms (World) (Addon)
67581C13993BE05C4EC7A3F919F9849F4137107145,Rock Band Network - The Main Drag - Even Seconds (World) (Addon)
675A4909FA6F9AD08697E459695582072F5FF4D558,Darkstalkers Resurrection - Donovan Arcade Cabinet (World) (Addon)
67696DA5590FA34FFD4DFF35ABE9F0E93FD9DCA645,Rock Band Network - Hellfire Society - Angel (World) (Addon)
676B3C347234081490B5BFFD5A9E100C2360515E45,Rock Band Network - Sweethammer - Robots (World) (Addon)
678979208771CCAE974EC8FD17F7C4B3A0E0C2B745,Tiger Woods PGA Tour 11 - The Highlands (World) (Addon)
678C39F55B1725E563D8FE62756329578A0DA88E58,Alien Hominid HD - PDA Classic Pack 1 (World) (Addon)
678D0067D06836E005DE3B7C290DE626F4028F2845,Rock Band Network - SexTon - A Better Forever (World) (Addon)
67AE68B66EDF4C9A7C55AC715A8D5679C894D67645,Rock Band Network - Drivin' N' Cryin' - Let Me Down (World) (Addon)
67AFBC43520452DBEB1538ED9F643F6F498588F758,Guardians of Middle-earth - Compatibility Pack #2 (World) (Addon)
67B7AFF2B5499DEBE360461E31D3AC6F982E68EF45,Rock Band - The Cult - She Sells Sanctuary (World) (Addon)
67BFF16771D4B5BA11057CC49F97E3BFB88D0AD858,Arkanoid Live! - Episode Add-on Pack 1 (World) (Addon)
67C702130F0A4A9E60DEE87DA7AFFF9FFEBEA17845,Dante's Inferno - Isaac Clarke Dead Space Rig Costume (World) (Addon)
67D4DD38D8A4DD1F0D4353BB2FA6A4CD0E9E13ED49,Test Drive Unlimited 2 - Audi RS5 Coupe (World) (Addon)
67E4B9D5F8E72D5B90096CCEB23CCED85D799C8445,Rock Band Network - TesseracT - Eden (World) (Addon)
680B56F8ADC34FABCB61890685338B5A6D7A372245,Rock Band Network - The Main Drag - Talk Them Down (World) (Addon)
68195D671084E5A7B554473473AD025F87708FE258,Minecraft - Xbox 360 Edition - Biome Settlers Skin Pack Volume I (World) (Addon)
6827D881AB0F9217AF8A760A608D91A25092B81958,Yu-Gi-Oh! - Millennium Duels - Photon Galaxy Deck (World) (Addon)
6834A36F77440FA759006CFF1A75EF18AF9337E345,Rock Band Network - Windtunnel Syndrome - Soldier from the Surface (World) (Addon)
683622B259EAE7440F4A9BE071A31D596287010643,Super Street Fighter IV - Super Tournament Mode (World) (Addon)
6837A849D739033C24022C40D2CDEE8F5E51B7A955,Assassin's Creed Revelations - The Lost Archive (World) (Addon)
683D234B622E5CD81D56CDD4BF08E44FEB8E35F845,Mass Effect 2 - Lair of the Shadow Broker (World) (Addon)
6873A525FE738735AD69E377BBE90826649996C445,Rock Band Network - The Last Good Year - Lipstick Cigarette (World) (Addon)
68967684117B09B8152F4ABE19ED736304A8B0904D,Lips - Burl Ives - A Holly Jolly Christmas (World) (Addon)
689CB8E6AD9C13C3311BBE129D3C41507B2ADFEC45,Rock Band Network - All Shall Perish - The Death Plague (2x Bass Pedal) (World) (Addon)
68B7740200A8F055617C9B4E53BB36B0641335D745,Rock Band - Bob Marley Pack 01 (World) (Addon)
68CE99B8155C159F68B301732342E8FDF5A029A545,Need for Speed - Carbon - Fire Truck (World) (Addon)
68DD83D2C7F5349E179438677FA47257725E9B4B58,Strania - The Stella Machina - Add-on Gamemode Side VOWER (World) (Addon)
68DF0AF7FB6858CED0F291D9AEB6C9658354F2C943,Dead Rising - Burgundy Wine Key (World) (Addon)
68FBBAC06BDE363CF3BC245065D22562435F813745,Rock Band Network - Brian Kahanek - Gemini (World) (Addon)
691E2D20806A35AB5B97EBD72228C8AEC0FDDD3141,Guitar Hero - Hark The Herald - Angels Sing (World) (Addon)
6924E58588F911F3215BE41BED1F36A8B39C6FC745,Rock Band Network - A t o m - You're Not Alone - Rock Mix (World) (Addon)
692986A236AE17E0598AE733B9C05DDE3840A23258,Tetris Splash - Butterflyfish Bundle (World) (Addon)
6933BAA089219E9C1D0FA1A3B05315F3342F523045,Tiger Woods PGA Tour 10 - Course Banff Springs (World) (Addon)
694B767D16A65A39C71E154033FB2ADBAC8F36C74D,Lips - Modern English - I Melt With You (World) (Addon)
6961CD7633693F239C543A6C7FCDE41D702B99BE45,Mass Effect 2 - Collectors' Weapon and Armor (World) (Addon)
696A3C6D5647140882EE2416557BC4B5FA1FE1DF4B,Saints Row IV - Enter the Dominatrix (World) (Addon)
696CE054C7102A3892A9F072065801528CE0A60F43,Street Fighter IV - Femme Fatale Pack (World) (Addon)
69AC50A0A3D3C2C864B793CEEAC452C03C1F63E545,Rock Band Network - We the Kings - Summer Love (World) (Addon)
69D22B236B21872FBE79DCE185A80C916ECF68EB45,Rock Band - Pantera - The Great Southern Trendkill (Album) (World) (Addon)
69D868BBF82BED2260E7935FAB95468A7358A19258,Magic - The Gathering - Duels of the Planeswalkers 2013 - Deck Pack 3 - Mana Mastery & Rogues' Gallery (World) (Addon)
69DE3053CBB38F82E4417327801213623544F12243,Strike Witches - Hakugin no Tsubasa - Character Nakajima Nishiki (Japan) (Addon)
69E33429C80122E5AF73EC1D012F5246CF8268E945,Rock Band Network - Joe Sibol - Hot Sexy Girls (World) (Addon)
69E739BDC429093C59D2F22B669AD0E71CFBAA0245,Rock Band Network - Strikken - Re-Live (World) (Addon)
69E7C9A880EED97F0437F9054366A844B163F21858,Tales from the Borderlands - Episode 5 - The Vault of the Traveler (World) (Addon)
69EED036CBC898E318936D5491A040D4BDAFF8B258,Who Wants to Be a Millionaire - Special Editions - Who Wants to Be a Music Millionaire (World) (Addon)
69F83A1742A008FD6D744FAC341D43156F59CD2D45,Rock Band Network - Nick Gallant - Turn Yourself Around (World) (Addon)
6A1354B86FC2A4037EC5F7974F60B27D11AA9D1E45,Rock Band - All That Remains - Pack 01 (World) (Addon)
6A1BDD6E02923003E70FF6D987F1E1FEFC14FAC145,Rock Band - Queen - Pack 01 (World) (Addon)
6A4AE1E373ECEE66B38163FCE2EF8D2B1715044B58,Minecraft - Xbox 360 Edition - Plastic Texture Pack (World) (Addon)
6A5E10BA11B682F1CDBD7D48B794D811CFD1947A58,Real Steel - Add-on 19 (World) (Addon)
6A606CE28A8D21F881CDD8EA27CFAA8F965AEBE354,"Darkness, The - Darkness MP Map DM Haunt (World) (Addon)"
6A9ECB1AD65D89CA659757CFB961CBD2833E949D45,Rock Band Network - Evile - Genocide (World) (Addon)
6AA1C2801F1751C2D93228054BBCF5640DA49E1945,Rock Band Network - The Hamster Alliance (ft. The Giant Bomb Crew) - Giant Bombstep - Reloaded (World) (Addon)
6AA5A3D9DEB095365B0821888A8BFF666BFA5ABF58,Life is Strange - Episode 5 - Polarized (World) (Addon)
6AAF0DA50BA3762703E8813514C45379E282AB174D,Lips - Polarkreis 18 - The Colour Of Snow (World) (Addon)
6AB04DD334B1EC3344E0AEC3E6801817D8B9EE8B58,Minecraft - Xbox 360 Edition - Star Wars Classic Skin Pack (World) (Addon)
6AB785DDB3A8E8C99A291736CDF7944D0EC6640242,Cars 2 - The Video Game - C.H.R.O.M.E. Agent Pack (World) (Addon)
6ACCF19096DA75789AF287A8FD253363AE4A54614D,Lips - Pat Benatar - We Belong (World) (Addon)
6AE5772224F8D86683B03E3A1B7509A48D1D4AAE58,Peggle - Peggle Nights Content Pack (World) (Addon)
6AEA31EE84E8BEA3F4B54E11550BE98EC94C68D758,Boom Boom Rocket - Guitar Pack (World) (Addon)
6AF38408BF1A4E6154F30F47A33FBCD66CD44EC345,Rock Band - Godsmack - I Stand Alone (World) (Addon)
6B0024B05A524E65F5E734EBB7B507926F33ED6A54,BioShock 2 - Minerva's Den (World) (Addon)
6B0311C60410AA50A61D6B6239A0ACC2CEBFFD5145,Rock Band - Nirvana - Pack 01 (World) (Addon)
6B066E523D08395F599E8FA8AED58659E2FF273245,Rock Band Network - Shylo Elliott - Phantasmal Cruise (World) (Addon)
6B111D720D904AD8157A9BF99E3399BED66BD66945,Rock Band Network - Gomez - How We Operate (World) (Addon)
6B31A63FDA0B672FD75B8E7E2D1ABCE69C52350145,Rock Band - P.O.D - Boom (pro) (World) (Addon)
6B3288174B104C3F6DAB3745EFD926FAE1633C9158,Castlevania - Harmony of Despair - Julius Belmont Character Pack (World) (Addon)
6B34C0BC9456CF161E51BDF7B5366E84F98DEEEE45,Rock Band Network - Stroke 9 - Little Black Backpack '09 (World) (Addon)
6B4371D72712D1D63F289D4A61E284B8FE5F509D45,Rock Band - Tutankamon - Starting to Appreciate (World) (Addon)
6B5540DC3850B9A7C3F5CC24F57775C2135DDCE14B,Def Jam Rapstar - DMX - Party Up (World) (Addon)
6B698F6EE1DD36E29AB97570792CBD3F53B8AEBE4D,Lips - Mans Zelmerloew - Hope & Glory (World) (Addon)
6B6E5367C3BB171B178BABB4479E9CF2294DEC1B45,Rock Band Network - Halcyon Way - On Black Wings (2x Bass Pedal) (World) (Addon)
6B82C4A2D06B5167B61B6AC7828F35132421854E58,UNO - Street Fighter Theme Deck (World) (Addon)
6B8AFBDBF50277842407A7A11D3369EE774F3B7145,"Rock Band Network - Van Friscia - Epic Symphony in A Flat Minor, Second Movement - Blitz (World) (Addon)"
6B995F395BF8D6B11F3EF30B854CC4EA54EED64C58,Lara Croft and the Guardian of Light - Things That Go Boom - Challenge Pack 2 (World) (Addon)
6B9C8435CB6745463C369833BD1CFAE994BBB14658,Minecraft - Xbox 360 Edition - Star Wars Rebels Skin Pack (World) (Addon)
6B9DC1897DB5DE03421D8AF91423A93E23101B7A58,Exit 2 - Original Stage Pack (World) (Addon)
6BE15962571BC3947EF96AADF7C272531E8F215B45,Rock Band - Cutting Crew - (I Just) Died in Your Arms (pro) (World) (Addon)
6BF1DE9BC1AFC5A7BD1D758DD970D7ED39B5511C58,Gotham City Impostors - Bats Logo - Merit Bat (World) (Addon)
6BFBF0B3B7F0C49E87126E751AC66971FDDEF70A58,Gotham City Impostors - Bats Shoes - Canvas Crusaders (World) (Addon)
6C24917BCC922DF9F18436CF3262E8F5ED8B401158,Naughty Bear - Panic in Paradise - Mjolnpaw Hammer (World) (Addon)
6C2A0E1B0548F49C695D4692D4F462E70DCCB3A058,South Park - Let's Go Tower Defense Play! - Unlock Professor Chaos (World) (Addon)
6C32FE6642E7DF5CD5FEF653D0F424F8832591CB58,Magic - The Gathering - Duels of the Planeswalkers 2012 - Expansion Pack (World) (Addon)
6C50E5BF6DF471216993190262EB3D4F243AE9FF4E,Dragon Ball - Raging Blast - Ultimate Warriors Pack 1 (World) (Addon)
6C54619DAB0C2C3D73F76898123A662604D6003A45,Rock Band - No Doubt - No Doubt - Tragic Kingdom - The Complete Album (Album) (World) (Addon)
6C555548993C72A57343C0CEE03237AF62CFB33D4D,Lips - Paula Abdul - Straight Up (World) (Addon)
6C58FA7CB404E9C0202BC5EC9A0D381684A2D7BE4D,Lips - Rufus & Chaka Khan - Ain't Nobody (Remix) (World) (Addon)
6C64439C03F6725F94975973397D4A25BAB9B51D45,Rock Band Network - Blue News - So Easy (World) (Addon)
6C8043AC9E7EABC0411F4E60386C6971138EB6AA58,"Walking Dead, The - Season One - Episode 2 - Starved for Help (World) (Addon)"
6C80CA1D616EEC36F54B4C04AED11266AC9474C74D,Lips - Pat Benatar - Heartbreaker (World) (Addon)
6CB02F912ABBB7A2927841A2732D9A95255480A645,Rock Band Network - The Riptides - Call Me (World) (Addon)
6CB94F803576508211230A090AB6F7858CCEF5ED45,Rock Band - 3 Doors Down - Kryptonite (World) (Addon)
6CDC6B52DED593B2CBA58BFDA8068E18E48D0F2A45,Rock Band - Avenged Sevenfold - Bat Country (World) (Addon)
6CE78EE15AB99E8120A8A5EC0A2BC9C0D53E1FD64B,Def Jam Rapstar - Nitti Beatz - Robbin Cru (Freestyle) (World) (Addon)
6D0B717662B10D6B5205E6214953CA240CFF0E8245,Rock Band Network - Kingsize - Elevator (World) (Addon)
6D1F8BAFDE82C9BD901083035942D493EB83AEC145,Rock Band Network - Firewind - Head Up High (World) (Addon)
6D326F618421295C33B14E8ECC28D0D11BBA8C0F45,Rock Band Network - Alternative Deficit Disorder - Pylo the Pylon (World) (Addon)
6D4CFA05048D02EF784439C5C18E6D18E534F2B145,Rock Band Network - Mystakin - Autumns of Optimism (World) (Addon)
6D5146E6A23B4F022D6222A35ECAC9B263ABCB334D,Lips - The Bravery - An Honest Mistake (World) (Addon)
6D85479C7E45FE5B75FEAB813F714F7D57B441B158,Yu-Gi-Oh! - 5D's Decade Duels - Starter Deck 05 (World) (Addon)
6D95A822C8A77D562B3C715B8BEC8D822188F6B858,Carcassonne - Rivers II Expansion Pack (World) (Addon)
6D9A2C3CC16F86D652E3105D3CCAE9CE043A121842,Oblivion - Horse Armor Pack (World) (Addon)
6D9BC840B9D493F064C6ECAA5F60DEB510637D5C45,Rock Band Network - Dash Rip Rock - Johnny Ace 2010 (World) (Addon)
6DA8B13DB354E15113AD0633BDC832CC8865157A45,Rock Band - Iron Maiden - The Number of the Beast (World) (Addon)
6DBC5530DDEB4E940ED6EABACD6009EEF323FF6345,Rock Band Network - Zack Wilson - Moonshine Hollar (World) (Addon)
6DC7F776AB43A6E2B2BA1426FD072A10530D02B545,Rock Band Network - Bang Camaro - Bang Camaro (World) (Addon)
6DF754B7AAD1838FE25F1DBBB1983224F361C38F58,Marathon - Durandal - Total Carnage Netmap Pack (World) (Addon)
6DF7A4886B84930CD2100E554B4F1CCBE498E40458,Magic - The Gathering - Duels of the Planeswalkers 2013 - Deck Pack 2 - Grim Procession & Berserker Rage (World) (Addon)
6DF969B78428E898235B21AF5D1D6B199FD2CCF958,Tetris Splash - Arowana Bundle (World) (Addon)
6E187ABA1FADCA477363336C5EF383EA6775576B45,Rock Band Network - WaveGroup feat. Becca Neun - Liquid Smog (StompBox Remix) (World) (Addon)
6E27B45C6F46F4719B4EA3208937C60F2C494C6144,Onechanbara Z - Kagura - Original Sisters (Aya & Saki) On Stage (Japan) (Addon)
6E289B36780FF5953A6C602B7F9CFE94C9B1FF5C45,Rock Band - Blink-182 - Pack 02 (World) (Addon)
6E3939B6431050C6ADE98BF76BD05F7431E1227758,Serious Sam 3 - BFE - Jewel of the Nile (World) (Addon)
6E4254ADC63C2BBC26C5403725DDF86A90A5850F58,Minecraft - Xbox 360 Edition - Battle Map Pack 2 (World) (Addon)
6E544A875FDDE6247F5EC23AD452628E903494834B,Def Jam Rapstar - Just Blaze - 8 Bit (World) (Addon)
6E59515702AF65331D0BF692EBB0169DAFFF60BB58,Lumines Live! - Heavenly Star Skin (World) (Addon)
6E5D059F85BB7368671D0603FFD6B19BAD03EE9E45,Rock Band - The Chemical Brothers - Let Forever Be (World) (Addon)
6E64C41C35090646B47886F808636938199E268B45,Rock Band Network - Children of Nova - We Collide (World) (Addon)
6E65BD67B61C826147B613334190526862A24B2745,Rock Band - Paul McCartney & Wings - Let Me Roll It (pro) (World) (Addon)
6E6EC9979F25EC6FE84922AD08E137AC3782383845,Rock Band Network - Modern Skirts - Eveready (World) (Addon)
6E6FF6286F4E06AA6DA91D704344D327A622CF1D45,Rock Band - Billy Joel - Only the Good Die Young (pro) (World) (Addon)
6E8355D313158461D7895653A3E0EDB15CE6A95A45,Rock Band - Bad Religion - No Control (World) (Addon)
6E84112570CE774F18FFF32899DE622489E3D25A45,Rock Band Network - Amberian Dawn - Dreamchaser (World) (Addon)
6E8FEAE84CE133B22AC76782F572A32B062C6CE558,Street Fighter III - Third Strike - Online Edition - Music Pack 2 (World) (Addon)
6EB9846573291B24E07C18394525CEDA72A8DAF74D,Forza Motorsport 4 - April Alpinestars Car Pack (World) (Addon)
6EC605328A3A735B0D569B0BA27648798FFB50844E,Dragon Ball - Raging Blast - Ultimate Warriors Pack 2 (World) (Addon)
6EF0CDC0A17589F6C823BB2DA5101DCBC3B1EBA445,Dante's Inferno - Large Soul Pack (World) (Addon)
6F0E7B2C4EC0ABE365FAD7CD2647ECDF39C2CA6C58,Pacific Rim - The Video Game - Add-on 05 (World) (Addon)
6F11ECCCD8838FF18AE4E9AA2CA2C051A505E9EF58,Gotham City Impostors - Bats Cape - Reign of Justice (World) (Addon)
6F12BD2B8ED7C1D9B2D3D4002A4F2FB6D22E3A2158,Yu-Gi-Oh! - Millennium Duels - Chronomaly Pack (World) (Addon)
6F1EC84021416BD7A4EF5D38BE122403846A37FD47,Senko no Ronde - Dis-United Order - Substory Vol. 1-2 (Japan) (Addon)
6F2F19CF1BADBBB0CF1C5A3156569F260E92F8BF45,Rock Band - Serj Tankian - Empty Walls (World) (Addon)
6F4083DF04D82E67F0AE17529AE2D56FD1163E3145,NBA LIVE 10 - Holiday Shoe Pack (World) (Addon)
6F480140ADE635C61103B47224368AF05575ED6B45,Rock Band - Litfiba - Proibito (World) (Addon)
6F53A42383B3CB86F14D6CDD74C52006F0FBA9F645,Rock Band Network - Lost in the Crawlspace - Spyglass (World) (Addon)
6F57E5832FE70E820C455840542D5E3650BF693D45,Rock Band - Phish - Tweezer (World) (Addon)
6F65B61ECFEB41D3350108BC41C7D6826727572158,Guardians of Middle-earth - Elrond - Playable Guardian (World) (Addon)
6F6992766050D818245ADD408031E280FB5F4E634D,Forza Horizon - Rally Expansion Pack (World) (Addon)
6F6D0F7286F7BDF53901C4418483F4859B7CFAEB58,Crystal Quest - Nano Graphics Pack (World) (Addon)
6F92E5A1329AE47C99D3661D3018A5412069D2F858,Guardians of Middle-earth - Compatibility Pack #1 (World) (Addon)
6F945B7F643C56DD89306C020843838B3704C7A058,Minecraft - Xbox 360 Edition - The Simpsons Skin Pack (World) (Addon)
6F9B4256BFCBF303CCAD2B60AE876D52274571FF47,Senko no Ronde Rev. X - Extra Costume - Mika B4 (Japan) (Addon)
6FAFB4652F633B6038E2D66FBF1FA6014481ACE045,Crysis 2 - Limited Edition Bonus (World) (Addon)
6FCCD4DBBB607B1DA72F62BA472EC653B61240A646,Adidas miCoach - Jozy Altidore (World) (Addon)
6FCEC2DBA0D65E1A8311ADF51FAFE43DE1E29DC557,Batman - Arkham Origins - Extra Skin Pack 1 (World) (Addon)
6FEA10C883023172B7C5D603187BF677370E0C4A45,Rock Band Network - Something Opus - The Girl Next Door (World) (Addon)
6FEB76FE44269EC66B0F59DF0C3A49054D0833CC58,Kinect Fun Labs - Avatar Kinect (World) (Addon)
700476D7F499F07BC0260E0C57F7D0765855B71745,Rock Band Network - The Fire Violets - Fence Jumper (World) (Addon)
700EC6CAA1DBB88B1204BA64EA923EA217577D7053,Batman - Arkham Asylum - Crime Alley (World) (Addon)
7018CBCE3909C3270F6E67715286D51B90893CB049,Test Drive Unlimited 2 - Chevrolet Camaro Synergy Special Edition (World) (Addon)
701B507A8A2761ABB83A09FD880AD8A13C81E81E45,Rock Band - Metal Track Pack (World) (Addon)
701F4A129239E7060AF7B601C61A9186F70BE24858,Castle Crashers - Blacksmith Pack (World) (Addon)
703F8C20A10148B6C3159E1B8277BB30F9A9786258,"Walking Dead, The - Season One - Episode 3 - Long Road Ahead (World) (Addon)"
7051E5BF2630633A2715F9B84D29EBC4E60DC35245,Rock Band - Johnny Cash - Folsom Prison Blues (World) (Addon)
7052D97B4D63199F91E272A2CFF91966C482EF7245,Rock Band Network - Of Last Resort - Fade Away (World) (Addon)
707230339232F6EABC58A9A5E74772D6AFF6C90754,Borderlands 2 - Mr. Torgue's Campaign of Carnage (World) (Addon)
7075105996985EBD77AE29E397A738C288253CEF45,Kingdoms of Amalur - Reckoning - The Legend of Dead Kel (World) (Addon)
707B8E96CF7AF944651DB0089B0EB1AA25C0FC5E45,Rock Band Network - Wargasm - Engine (World) (Addon)
707FBF0589C16E3A6F1E4903D27AFB178D7C70FB4B,Otomedius Excellent - Poini - Hanafuuma - Arnval - Library (USA) (Addon)
7085B7433884C6F7D11A0CE9E3FE622149F6038758,Minecraft - Xbox 360 Edition - Minecraft - Story Mode Skin Pack (World) (Addon)
709306C28D4ED3219AB9B086D894A6BC5FC7FAF64D,Lips - The Cranberries - Linger (World) (Addon)
709B6C0A0039C8597A9D93114006AB569A50F8E158,Yu-Gi-Oh! - 5D's Decade Duels - Structure Deck 05 (World) (Addon)
70AE4A6CB64BF5436CF44B6C813EA6A478B740B845,Rock Band Network - Scott Attrill - Twister (World) (Addon)
70D7B15761AFF21B4DEE7DE329ABE8ED4B0B05FC58,Child of Light - Dark Pack (World) (Addon)
70F08D6A6205E40988B3D36D98C5B18DF31F3B5A45,Rock Band - Mute Math - Control (World) (Addon)
70F6BC91485B2121B0910C4AEE8C21956F04CC4D45,Need for Speed - The Run - Italian Pack (World) (Addon)
710B85D1F36829116B46BAAC7CAC2E4A49A88AC14E,Beautiful Katamari - Milky Way Constellations (World) (Addon)
71225EE0C5AEC356E64CA8AA8ED3722380600F6545,Rock Band - John Lennon - How Do You Sleep (pro) (World) (Addon)
712E13F58BE578971C4BA92A544E73E6343619BA45,Rock Band - System of a Down - B.Y.O.B. (World) (Addon)
7131283C209087E7AEB4EA95061EAC09535C29C145,Rock Band - Carrie Underwood - Pack 01 (World) (Addon)
71479619B49C3CA367F119E9F23805B805F86CFD58,Gotham City Impostors - Bats Cowl - Dark Knit (World) (Addon)
717BB2C8E8022318E8354B799FE8AD2F86FBECC258,Minecraft - Xbox 360 Edition - Natural Texture Pack (World) (Addon)
7197BBC3ACE8BCA640DBBBEC99CBEC43A0FDC2B345,Rock Band - Count Zero - Shake (World) (Addon)
71A5F6385BA2B8BEF7404AC357240E74D86D88EC45,Rock Band - Metallica - Track Pack 01 (World) (Addon)
71DDF1B5C490C0AA1070E6B2949BFAA25F99F2EB45,Tiger Woods PGA Tour 11 - North America Pack (World) (Addon)
721D48FED5AF12AE9E2A67A795972F92DAD7931545,Rock Band Network - After the Fall - Stay Up With Me (World) (Addon)
7224B29677EA13E288828C15BDC8BAA4726F21ED43,Operation Flashpoint - Red River - Valley of Death (World) (Addon)
72401DD0A014255A68AB5576E519C81811F3D2CF58,Magic - The Gathering - Duels of the Planeswalkers 2012 - Deck Pack 2 (World) (Addon)
7241946CFEE8D04F0E9F1819AE1E0ECF865BBBEA58,"Pinball Arcade, The - Starship Troopers (World) (Addon)"
72735B623EB83A227AF19DD9FCC92A0D74A30CFB54,Dance Central - Dance Pack 01 (World) (Addon)
727EE956E7974F6203697DE759483C62DC7CEC7045,Rock Band - Glasvegas - Geraldine (World) (Addon)
7282774CED9D35359DC4B02C9295624950A7E91145,Rock Band - Silversun Pickups - Sort Of (World) (Addon)
72844F6973678577A1552335F61263DF8456D27758,Lumines Live! - Rockin' Holiday Pack (World) (Addon)
728A5A006BB0B67081D800F1163F9C8ACEC9BCB758,Pinball FX - Buccaneer Table (World) (Addon)
728B02C0F2FF747992CF5092323723929D564A9C42,Fallout New Vegas - Tribal Pack (World) (Addon)
728DCBDF0567140FD86FD878FC9EFEC668A9ED2D45,Rock Band Network - Justin Joseph Edwards - I Want You to See (World) (Addon)
728E16E580ED29F8FFABBD01695F08E53FBE6BA845,Burnout Revenge - XBOX360 Liveried Car (World) (Addon)
7295A18A5DF84FDF20F33F5D55B76A3FD2244C4445,Rock Band - Miranda Cosgrove - Headphones On (World) (Addon)
72AAAA30D6762B84A19BAA85A2CDEA5D0BA54F9A43,DiRT 3 - VIP Pass (World) (Addon)
72BD63F7E2D6FA026192D03E0DAC3700ADD8C1FC58,MLB Bobblehead Pros - Roster Update Oct.11 (World) (Addon)
72CE66102304DAA5FA6EEBE7D293B4CC9A58103E45,Rock Band Network - Scott Attrill - Disco Rocket (World) (Addon)
72D1E0D3C698D0064828B2E3AFCAD332C8E311B04D,Lips - Bobby Brown - My Prerogative (World) (Addon)
72D87786154065B6E6EE7F75FD4E9FBC2FB72E1F58,Yu-Gi-Oh! - Millennium Duels - Constellar Deck (World) (Addon)
72E1C42EA87E385A13568C3DC563FAA92B0CB4C158,Guardians of Middle-earth - Bert - Playable Guardian (World) (Addon)
72E27925508E2E29934DC5B9B3EE969F88E88D9C45,Rock Band - Joy Division - Love Will Tear Us Apart (pro) (World) (Addon)
72E84C621726CECF9F44B34B3E5EF1E6A96003AB45,Rock Band Network - No Bragging Rights - Death of an Era (World) (Addon)
72F0E8E10A92159F370901C009D4F06FCE15056145,Rock Band - Megadeth - Peace Sells... But Who's Buying (Album) (World) (Addon)
72F62E833EDB01B8B87D8B703AE3DF86B213ECE758,"Wolf Among Us, The - Episode 5 - Cry Wolf (World) (Addon)"
73083F8A102355EE2B47F4FF87DAF70E6D4E00D541,King's Quest - Chapter II - Rubble Without a Cause (World) (Addon)
73099F42A4F84235396017C0875258380F6AC9C245,Rock Band Network - Memphis May Fire - Be Careful What You Wish For (World) (Addon)
73168E136E602ACC9BEBAB434297CF803B03E30558,Hard Corps - Uprising - Sayuri (World) (Addon)
734D5E1623BF74D583DF673845862B819AE9DF5D58,Magic - The Gathering - Duels of the Planeswalkers 2013 - Deck Pack 1 - Act of War & Sky and Scale (World) (Addon)
7356F0F04CBF25A653DAEB55D6F2FBEFD6CE37214D,Lips - Elaine Paige - Don't Cry For Me Argentina (World) (Addon)
73663060E739131E58530A3151482A43106CCD6642,Fallout New Vegas - Old World Blues (World) (Addon)
7381FC970D23EAF4C305BAAC5B8531502586BF5645,Rock Band Network - Boney Mean - The Ending Is Death (World) (Addon)
739C0FAFB916B62FE1883B39A15C8369C3832E6D45,Rock Band Network - Active Knowledge - Supertronic Lazering (World) (Addon)
73BB886D0A4D48EA744ACED6BBD0E5493E61B0F758,Kinect Fun Labs - Kinect Rush - Snapshot (World) (Addon)
73C15F1A32109EAD321F5D5DEFE5F3FD6923786045,Rock Band - Soundgarden - Burden in My Hand (pro) (World) (Addon)
73D0CA3EBAB91C05D227B7FEF32E0BE59FF8937145,Rock Band Network - Kataklysm - Numb & Intoxicated (2x Bass Pedal) (World) (Addon)
73D2572028F3F88E5D464CD0908D6A720B5CAC3F58,Tetris Splash - Tetra Bundle (World) (Addon)
73D45A090BCD711D9DE288E036A892BC8823E76845,Rock Band - Elton John - Pack 01 (World) (Addon)
73D60EA7DBACB46455852DBE78C307FFACA3510058,Meteos Wars - Planet Pack (World) (Addon)
73E69263789F0B1AF6F2E8DCE84684D10DA508C245,Rock Band Network - The Minotaur Project - Rampage of Kronos (World) (Addon)
73EA83846E8693470287509CD2F655DAD2604D6347,Senko no Ronde Rev. X - Extra Costume - Karel B5 (Japan) (Addon)
73F034CCFE7AA7EB933386BB94CB91CB3F04F14D58,Joe Danger 2 - The Movie - Nasty Championship Pack (World) (Addon)
7400F09BDC3DD9F5477ED745E927D8E90D00BD7D45,Rock Band - The Doobie Brothers - Listen to the Music (World) (Addon)
7426C4D22AB827B89069318F6500DB257812060158,Double D Dodgeball - Big Bang Boom Pack (World) (Addon)
743DE2E800844BBBD97900D9AF4AA82FD05E851345,Rock Band - Foo Fighters - Rope (pro) (upgrade) (World) (Addon)
744170C383071503A269BE5E84B06B3D1D5F9BF455,"Black Eyed Peas Experience, The - Dance Pack 1 (World) (Addon)"
744C69FD0E879A1A3985689083B748B6BBF2DDDF4B,Dynasty Warriors - Strikeforce Pack 1 (World) (Addon)
746CEB1C57857C04BE45CC0D58587728A2885FF245,Rock Band Network - Asking Alexandria - Hey There Mr. Brooks (World) (Addon)
747AA1B1EE07B9CE43B9D2E2A80FCC03647CCA684E,Ridge Racer - Unbounded - DLC4 Bundle - Day One Edition Pack (World) (Addon)
749598B9A7C03C34FCC67FAB2256BF471789B91B45,Rock Band Network - Massive Slavery - Humanity's Last Hope... (World) (Addon)
7499E47449014B2499DDBBD5746D5D1F61E745FE45,Rock Band Network - Chaotrope - The Singularity (World) (Addon)
74A6C817CDBDEDE9A8D6A269F7690E6F9033BE9445,Rock Band Network - Scratching the Itch - Why Bother (World) (Addon)
74B35064CB2A8F1E25BED312AE38D8448D20057245,Rock Band - Them Crooked Vultures - New Fang (World) (Addon)
74B4CD8EBA2268747F7952B662E43FA54FA55E8C45,"Rock Band Network - Arcadia - Slaughterhouse, Obituaries and a Love Story (World) (Addon)"
74B7C3C033E67D240324A867BAA117F76D174EF858,Alien Spidy - Between a Rock and a Hard Place (World) (Addon)
74E29E6ED4A2D971AFE222560BD8D91785845CB645,Rock Band Network - A Hero Next Door - One Step Behind (World) (Addon)
74F3394572BB313E204E15C32871444F37B4D83745,Rock Band Network - A Day to Remember - All I Want (World) (Addon)
751B5625A383204F7EF4C3B4FD9C478361F1BD2F45,Rock Band Network - Shylo Elliott - Drum Exercises for the Sufficiently Masochistic (World) (Addon)
75329FF170575DF0D4159FB856FB8A64E3E68C5145,Rock Band Network - Chaotrope - Ceraunophobia (World) (Addon)
753D5BC99221DEE0551C57B16640E905234234F345,Rock Band Network - Cynic - Evolutionary Sleeper (2x Bass Pedal) (World) (Addon)
754AB27072061124D883E387E0421F79B4E3FBCF4D,Lips - The Police - Roxanne (World) (Addon)
754CC757D83C37875216DE9E0DBFF5F0E94B227F45,Rock Band Network - Edenshade - Another Purity Failing (World) (Addon)
7574813E01461077F777414D87B721443A1D49AC45,Rock Band - Johnny Cash - The Ballad of Ira Hayes (World) (Addon)
75762E2B0D8E7A8A03C5A1A81FB903DA869F257845,Rock Band - 30 Seconds to Mars - This Is War (World) (Addon)
7576C847102DD041ADA2BE11EDC36EE673CE2CF345,Rock Band Network - Color Theory - If Not Now When (World) (Addon)
7577EAF9BF960A87FAFB510011305FC24392D1B358,Batman - The Telltale Series - Episode 3 - New World Order (World) (Addon)
757EE96761440FFBDDE039F28A6F274B60C55A1D45,Rock Band Network - Spiral Trance - The Me You See (World) (Addon)
759266A6814A98F28F21BC012FA975AEF57A28B645,Rock Band Network - The Red Chord - Antman (World) (Addon)
7592770807885C8B01570A1B4419F03B6ED2E86445,Rock Band - Damone - Out Here All Night (World) (Addon)
7593F0580E4A5DA25140989A0B505E9ADEB10AAE45,Rock Band - Weezer - Pack 03 (World) (Addon)
75A32A4B3CEFA2C6757BC093CD21CC689A29E98E4D,Lips - David Guetta - Love Is Gone (World) (Addon)
75A9A9FD5D6EE8589842FDC2A0BBF6A71EE0A01245,Rock Band Network - The Summer Set - Chelsea (World) (Addon)
75AAE9F272CB5EB0714235383092CD87A20FD00445,Rock Band Network - Fake Shark - Real Zombie! - Horses in Heaven (World) (Addon)
75B8E91927AFBCC4328B38F12773E0DCAFE15E8345,Rock Band - Black Sabbath - Track Pack 01 (World) (Addon)
75BB3BD014B860711A575EFC29CA5F4970200D5B45,Rock Band - Miley Cyrus - Pack 01 (World) (Addon)
75D4D29CF2101626B194A6A0A8EA323C5049298641,Call of Duty - Modern Warfare 3 - Elite Drop 13 - Arctic Recon (World) (Addon)
75DB9C3420CC8AD6A28B057C545DB0B7F1E42A3F45,Rock Band Network - The Hold Steady - Sequestered in Memphis (World) (Addon)
75F70EDC9406896CD3D0DD98CDF45EBD1C684FB958,Frozen Free Fall - Snowball Fight - Elsa (World) (Addon)
75F9467F56E7BAF96805B5100D86B333CD5849C54D,Lips - Mika - Love Today (World) (Addon)
760946FF1DE572639B8CD31F73731457BBD3D17A58,Apples to Apples - A Bushel of Fun (World) (Addon)
761D44A379DD38AB189327232FB66629141E2E6A58,Buku Sudoku - Puzzle Pack 03 (World) (Addon)
762AEF68431E700C58B0E0E43B15BFC523DF533943,Resident Evil Operation Raccoon City - Echo Six Expansion Pack 1 (World) (Addon)
7630C934614516E3734196B913DD78C81E601C7358,N+ - Level Pack 1 (World) (Addon)
76341D31149ED6AE202CD34435DC591B4B26AD7645,Rock Band Network - Breathe Carolina - Hello Fascination (World) (Addon)
7664EA1245E4F6CD0F8C36C18A578C01681583B545,Rock Band Network - Your Horrible Smile - Shot at the Title (World) (Addon)
766D69D213002BFD549A288A263CC1C5D8536ADC45,Rock Band - The B-52's - Roam (World) (Addon)
767965C3EBCCCFD10C839B63A74E2B90B196305058,Child of Light - Faceted Oculi Pack (World) (Addon)
76836DD2246305CC8A476A8A936B54F86A03A1A545,Rock Band - Alt-Country - Pack 01 (World) (Addon)
76841213CDA7DCFA554919AE71ACBF538001F57745,Rock Band - Hautewerk - Pack 01 (World) (Addon)
768F0A937B391564BF4D93F44A0EF36D37BF82284D,Lips - Flo Rida - Right Round (World) (Addon)
769980BE93C590E9DCFB9B380573752CB4121CE84D,Lips - Maroon 5 - Makes Me Wonder (World) (Addon)
769C74F6F16999656CB2C331429DAB29B5E639C858,Minecraft - Xbox 360 Edition - Marvel Spider-Man Skin Pack (World) (Addon)
76A4A53848884D024669214164E3CCC150B9ADB44D,Lips - Norah Jones - Don't Know Why (World) (Addon)
76A77E3DF58D8B99EEFA5F888D50606EE68D713158,Pinball FX 2 - Ms Splosion Man Table (World) (Addon)
76C375D6E1A626E51FC579308282D89167FBC5E158,Naughty Bear - Panic in Paradise - Paradise Island Chainsaw Massacre Set (World) (Addon)
76C4FB20C701600F2A3DF7797F20B1CB3163077145,Rock Band Network - Nushu - Spill (World) (Addon)
76CF2019351EA1EA083C8AA5475A38BB3DD5E4D145,Rock Band Network - Monte Casino - All I Need (World) (Addon)
76E088EE3A8B03C3DF5D24A66227E5A02863AF0345,Rock Band - The Janitors - Get Your Rock On (World) (Addon)
76E4B6D35D64AAF65F01E7403F69374B6CB83C1058,Lumines Live! - Vs CPU Pack (World) (Addon)
76E7D5A6C0384BCA7FBB7EE0D20C22C5C0D6A38954,UFC Undisputed 3 - Contender Fighter Pack (World) (Addon)
76F2021F07047AA06FEC7F4DEC2DEE08B09A050145,Rock Band Network - God in a Machine - You Don't Know Me (World) (Addon)
7712D5050D94865828C712C406B3D82D18DD9C9258,Naughty Bear - Panic in Paradise - Ghostfacebear Costume (World) (Addon)
7724AAEECA88A92C6D1E61E772BB25502797056245,Rock Band - Killswitch Engage - The End of Heartache (pro) (World) (Addon)
773307702800E26F20C2C92B885CD354ADC2496541,Call of Duty - Modern Warfare 3 - Elite Drop 21 - Survival Chaos (World) (Addon)
773DA44DF6334B82C32B180B523429659A3F269345,Rock Band - The White Stripes - Fell in Love with a Girl (World) (Addon)
7742CBCE1AC11D0D6B540A407AEF9602C66A309F45,Lord of the Rings - Conquest - Hero Arena (World) (Addon)
7744DE5EDF4D1B69D5576F75A245B9B0FC304AC545,Rock Band - Chevelle - The Red (pro) (upgrade) (World) (Addon)
7747802C8847C8759AD38E2CDDC0182E17884D5B58,Kinect Fun Labs - 5 Micro Lab Challenge (World) (Addon)
774CEA81CE2596C43B2B66EC25A999F83458957845,Rock Band - Laura Bell Bundy - Rebound (World) (Addon)
774F99BDBC9B2D9139E9EE4769276E38CDDA639F45,Rock Band - Fleetwood Mac - World Turning (World) (Addon)
775BBBBCEBBE90A5FE533A042A8BBE3CB0BBD2EB58,Child of Light - The Golem's Plight Pack (World) (Addon)
77606F6C63E987B6197850EC2A4A1EEA8323936545,Rock Band Network - Rainbowdragoneyes - Creatures ov Deception (2x Bass Pedal) (World) (Addon)
7772E172F7800BF8673F7B43FC07FC993925A4D94D,Lips - Culture Beat - Mr. Vain (World) (Addon)
777369AB0AA963854264894CBC79B461CF2AB97045,Rock Band Network - Morgawr - Herlathing (World) (Addon)
778B9C327E38E9C05526AFB29310F6EE6730BA104D,Lips - The Fray - How to Save a Life (World) (Addon)
77B9CFE78912104776720C1DEE5CE69F327A87A841,Guitar Hero 5 - Neversoft Thanks the Fans Track Pack (World) (Addon)
77C23A8D468FA0030C9942591C8548979F0EBE1245,Rock Band Network - The Break Down - Peace of Mind (World) (Addon)
77CCF59E44C42795D9394AF7A67E4E530E4E471958,"Pinball Arcade, The - Two Table Add-On Pack 1 - Medieval Madness and The Machine - Bride of Pin-Bot (World) (Addon)"
77D7C6C0206DEA53F3534B2A2F599322794C540B45,Rock Band Network - Stagehands - Welcome to Our Town (World) (Addon)
77DEAA8CAB906A4F32A7BBF6C321809BF323DE924D,Lips - Duffy - Mercy (World) (Addon)
77EB0610512A2E9777547658F93A2361416ED1E654,Red Faction - Armageddon Commando Pack (World) (Addon)
77F879D68C8C4A798A00C0B1B3D824B8F2C9CCD24D,Lips - Erasure - Always (World) (Addon)
77F9691DA8D0B785D081E6C7D736BF60210252ED58,How to Survive - Heat Wave x 3 Pack (World) (Addon)
781E59E8043845A6F01ABC6FA1E34F8AC80BB2AE45,Rock Band Network - KickBend - Goin' Home (World) (Addon)
78212A4F80E798F178CBA3E6AAE64A0C486C8E3258,Mercury Hg - Heavy Elements Pack (World) (Addon)
7834D51B4D798C418B25308DCB4E004E79384D0A58,Who Wants to Be a Millionaire - Special Editions - Science Fiction Pack (World) (Addon)
783C62B3515E6B1547A54FCEE435F1D4033D641058,Pinball FX 2 - Marvel's Avengers - Age of Ultron Table (World) (Addon)
7841AEFC8C33B6D0BECAF57E4DD4DBAECD104C734D,Perfect Dark - Zero Map Pack Two (World) (Addon)
7849ED6DE3CA158BA374D78718AC35356900533545,Rock Band Network - The Unguided - Phoenix Down (World) (Addon)
784B327476B6EF86754A4CC75204CC3B3336235A45,Rock Band Network - Between the Buried and Me - All Bodies (2x Bass Pedal) (World) (Addon)
786DF3D2529C4A057956475FF4F0200C459F212A45,Rock Band Network - MANNA - Who Am I (World) (Addon)
78702519ED24C214B3F49AF753989080E78B52D245,Rock Band Network - Ron Wasserman - Fight Back (World) (Addon)
787872C23F00C7BE17D6AED56C894402918E085B44,Earth Defense Force - Insect Armageddon - Jet Armor Weapons Pack (World) (Addon)
788CEE43A65FCBD172198895B4D3F0E9003900D34D,Lips - Martha and the Vandellas - Dancing in the Street (World) (Addon)
788FF307CF21F9DBA4E7820AB14BEB6B732B047058,Worms 2 - Armageddon - Retro Pack (World) (Addon)
78C7DAB1AA6180D12A92C53BA98B6AFDC8873D944D,Lips - Nik Kershaw - Wouldn't It Be Good (World) (Addon)
78CF7ABF23E23946D2B11290B481EE45DAADD3C958,Gotham City Impostors - Harlette (World) (Addon)
78D806B19889374562440DE3641F748D5D404DAF45,Rock Band Network - Jonathan Coulton - Alone at Home (World) (Addon)
78E6A9D8F597964EFD8911E42CEC90979A219A734D,Lips - Tears for Fears - Mad World (World) (Addon)
78F4C35591DF21E5AF2851D07B715CC6F91F807245,Rock Band - The Stooges - Pack 01 (World) (Addon)
78F7C081090F0758E6DC594C8B5441A9D6D749DD58,DeathSpank - Thongs of Virtue - The Snowy Mountain Dungeon (World) (Addon)
790C6B622EF79C9F915DE7B07A9689061C04592858,Castlevania - Harmony of Despair - Richter Belmont Character Pack (World) (Addon)
790F00523425B6B231488028730E001B032C899745,Rock Band Network - Sadaharu - It's Not Paranoia If They're Shooting Live Bullets (World) (Addon)
791D5F4E673D94E722BA9508E89172A36C78E12F45,Rock Band Network - Zakk Tremblay - Platanos Con Sangre (World) (Addon)
791E013E009E536C564A1C1622ADBFFD003F655245,Rock Band - Maximo Park - Girls Who Play Guitars (World) (Addon)
79232EA637697CBAB311CDD16A5F8AA09191F98B45,Rock Band Network - Felsen - Lay Kenneth Lay (World) (Addon)
792EF11B1271E1781063D986C7C6FADC5A4F33EB45,Rock Band - BB Brunes - Dis-Moi (pro) (World) (Addon)
793850FBA31F64665CA2F4A0DE6E91FBE2847D0745,Rock Band Network - Free Spirit - Pale Sister of Light (World) (Addon)
793EB2F3410704076585B71D53564CD51FA0359845,Rock Band Network - Melissa Otero - Angels and Demons (World) (Addon)
795225D1A183D29620D6037725F3979097C025DF4D,Lips - The Jackson 5 - ABC (World) (Addon)
796205F6140FC95605BB998990E296D9ECCE6BC445,Rock Band - Pleymo - New Wave (World) (Addon)
796598A4E60B540FED1487DDEFD38F8201AFEFF945,Rock Band - Queen RB3 Enhanced Pack (World) (Addon)
796E18112F5017C10029A39EA0E20B44EC1404E545,Rock Band - Pat Benatar Pack 01 (World) (Addon)
797DB2ECBCBEB65798996DFF9962CE6D59376D5C45,Rock Band Network - The Audition - The Way You Move (World) (Addon)
79AEBECF38D08034F12D8EF08EA3ACAE15C7C4CF45,Rock Band Network - Free Spirit - Radiant Light (World) (Addon)
79B5238F71C9C0E368E28943B2223A04D0FBD61645,Rock Band - Green Day - American Idiot (pro) (World) (Addon)
79BC2CD95EC385317BDE00D561ECBC7EDCEDEF6058,Deadliest Warrior - Legends - Joan of Arc (World) (Addon)
79C49CF75D7B166FCFC1B233DE655CE9A333663058,Gotham City Impostors - Bats Logo - Twin-Headed Bat (World) (Addon)
79CABED827CD701458C0A342520F96DC122685A745,Rock Band - Nirvana - Bleach Pack (World) (Addon)
79D92A40B281C7E4621EB0F7DB796F71A1E8563F53,Sleeping Dogs - Nightmare in North Point Pack (World) (Addon)
79E565542F0A63E89A0D248EB882D619E821A7124D,Game Room - Game Pack 001 (World) (Addon)
79EACBE0F500AE8A1EC98FAE5FFBF90D0ECE161545,Rock Band - Siouxsie and The Banshees - Cities in Dust (pro) (World) (Addon)
7A02B8582AF150E0172F78AA4E488D1D8E6F67F458,Yu-Gi-Oh! - Millennium Duels - Utopia Pack (World) (Addon)
7A1F3C4A9E162ABB9411B82158FBFBAE7A928DFB45,Rock Band - Poison - Nothin' but a Good Time (pro) (upgrade) (World) (Addon)
7A2234B18B6F72939B53429BFCE57117175F010D45,Rock Band Network - Day of Fire - Lately (World) (Addon)
7A274A5C03038B45508AC8EF42EAED5F525E7D5E45,Rock Band Network - Horporate - Shorty On The Floor (World) (Addon)
7A2A2FBD7618DD90D9010CFE085A1F29A0D1FD544E,Dead to Rights Retribution - GAC Pack (World) (Addon)
7A56F969503EB6FC3B7D98866AFC10FDACB6738058,South Park - Let's Go Tower Defense Play! - Bonus Challenge Levels (World) (Addon)
7A88349A27CB084C5BED71E79B478AC1461A803841,King's Quest - Epilogue (World) (Addon)
7A8DF595A5916B24BCB61EE74B139CC444220D3D41,Call of Duty - Modern Warfare 3 - Elite Drop 6 - Negotiator (World) (Addon)
7A8E7042BE4961A258B50478FB0777A866B7C97558,Yu-Gi-Oh! - Millennium Duels - Prophecy Deck (World) (Addon)
7A9FF288E0835AAE09FBB23322AC7A89DD9DA09058,Madballs in Babo - Invasion - Obsidian Magmor (World) (Addon)
7A9FF7CEE9C328F78A1F0F26C1ED66027D51031645,Rock Band Network - Quiet Company - How Do You Do It (World) (Addon)
7ABBFDBFC27ABF61F6AE2424C241975B1FD6326545,Rock Band Network - All Time Low - Walls (World) (Addon)
7AC0CA60ECFDB37556EEE5969329BC70804ADE2D58,Pinball FX 2 - Mars Table (World) (Addon)
7AC551BF4BF45198B2C03E75A07323B20D7E799C58,Chessmaster Live - Breaking the Lines Mini-Game (World) (Addon)
7AD1A730509ABC486B20625D80CA2F0FC9D839F145,Rock Band Network - Jonathan Coulton - Big Bad World One (World) (Addon)
7AEE76C7C567BDE88E977ABF743370D982A1018245,Rock Band - Shinedown - Junkies for Fame (World) (Addon)
7AFF60173C99FC5D95B2B043C8EE8ED9A250B1C745,Dead Space 3 - Awakened (World) (Addon)
7B00ED80E365DA7C3D80765777B23EDB2A284EAC45,Rock Band Network - Severed - My Warning (World) (Addon)
7B0A8AFF9A1AD1566B742FCFE8D5B35C727AB9BD4D,Lips - Angels and Airwaves - The Adventure (World) (Addon)
7B0FF501EC0F590BA1BCD37A42838711762014B045,Dead Space - Scorpion Pack (World) (Addon)
7B25624BDB66A14D9A2D69291247C986629D0AA245,Rock Band Network - Kristin Dare - Til I'm Gone (World) (Addon)
7B48E37E47726006EA5DDB28E34EA2FFA622EC4E58,Yu-Gi-Oh! - 5D's Decade Duels - Pieces of Exodia Deck (World) (Addon)
7B5B409CF466107EE0BE9881F536536A4095E0CB45,Rock Band - Jane's Addiction - Nothing's Shocking (Album) (World) (Addon)
7B5CC539290AA06AB92C8A2D0AC0FE72985C7A7145,Rock Band Network - MyChildren MyBride - Lost Boys (World) (Addon)
7B6E5B11C09E36D99E9E2FD2FB92C929F3B4A8094D,Lips - Michael Buble - Haven't Met You Yet (World) (Addon)
7B74BF02284D4A3D197B0303ED413AE6BD5C9B304D,Gears of War - Multiplayer Map Pack 1 (World) (Addon)
7B76455B5021E455421CA06A809BB308DA87A15145,Rock Band Network - Last Day Off - Mrs. Right (World) (Addon)
7BA5F8AAAABCA1B3FFDAC60345A0D920FDB36B2458,Defense Grid - The Awakening - You Monster (World) (Addon)
7BAAC48B44327CD6AF5D2BBDF7B28560A8A66FB845,Rock Band Network - Something Opus - Circles (World) (Addon)
7BBEB47DC164C24C497E657F9AC2E125A77EFEFA45,Rock Band - My Chemical Romance - Welcome to the Black Parade (World) (Addon)
7BCC4D1584357909C3590FD2CF556CB5C461841758,Castlevania - Harmony of Despair - Maria Rendard Character Pack (World) (Addon)
7BDCA7FDB68495AF209816E7F5E10C8C8754C0194D,Lips - Joan Jett & the Blackhearts - Bad Reputation (World) (Addon)
7BE73F51800D77F7CC575523406F7C3484E51DB145,Rock Band - The Sounds - Song with a Mission (World) (Addon)
7BF9BC39C5FD5684540544A1C378F47DC3DC43EB58,SkyDrift - Gladiator Pack (World) (Addon)
7C02F4F64BA7F381C3689FAA71DAABCB7372B16045,Rock Band - Carly Rae Jepsen - Call me Maybe (World) (Addon)
7C049F018D1FB86A721B8D399AF851EA6F79749E45,Rock Band Network - Steve Vai - For the Love of God (Live) (World) (Addon)
7C09B9680DB86FCE3ED8EB30064249868799787245,Rock Band Network - Surfer Blood - Swim (World) (Addon)
7C0F4CA8637A2D21DADF8CFFD95FE4030DBC39994D,Forza Motorsport 4 - November Speed Pack (World) (Addon)
7C132CACA91E746378560435FC1CDBFCFFA9458A45,Rock Band Network - The Slip - Even Rats (World) (Addon)
7C1D6800AA6FBFD6EE176771CCDE6FDB65CA577B58,Pinball FX 2 - Plants vs. Zombies Table (World) (Addon)
7C30A4ED5985C08127B2C8614144BB491345D3774D,Lips - Coldplay - Yellow (World) (Addon)
7C4AC31021EA57A7259931D5B3FC61961E20023345,Rock Band Network - Flatfoot 56 - I Believe It (World) (Addon)
7C51E8D2F095A98415CFF3F6647EBE1A52AE27C154,Dance Central - Amerie - Heard 'Em All (World) (Addon)
7C7E3C555B750E81D672D6A5D2D8180E4AEDF88045,Rock Band Network - BulletProof Messenger - This Fantasy (World) (Addon)
7C8B56BD7606104EC90C18383AB6B7CB93C17C9D45,Rock Band Network - Firewind - The Fire and the Fury (2x Bass Pedal) (World) (Addon)
7C9D7633BF963AB14B7FAF23D447700C0B85868558,Worms 2 - Armageddon - Forts Pack (World) (Addon)
7CA4B07CE147FF5827CDC33C033C27768C902A1645,Rock Band Network - Surfer Blood - Floating Vibes (World) (Addon)
7CA92A3B94182B484ED8576471E9DFB919E2B5F345,Rock Band Network - The Cold Goodnight - Cool As the Other Side of the Pillow (World) (Addon)
7CAB0E6437685B40931DE3BEB15E09C658A1E28845,Rock Band Network - Cate Sparks - Angels We Have Heard on High (World) (Addon)
7CACC23EAECC50CD1BBA2D088A099A322D8F17ED58,Lara Croft and the Guardian of Light - All the Trappings - Challenge Pack 1 (World) (Addon)
7CB19316071727714CBE0A531086F11E70AF8DE145,Rock Band Network - CyLeW - Familiar (World) (Addon)
7CB684937F3E996B51AE15F3194FED7E114654B845,Rock Band Network - Abraham Nixon - Secondary Gain (World) (Addon)
7CD244DC7AB8C23EED9D61EF7790220E4C09D0AC45,Rock Band - Billy Joel - Billy Joel Piano Challenge (World) (Addon)
7CE02FD98FB59C2EDF5901A8AC5E10225BC93CB858,Yu-Gi-Oh! - 5D's Decade Duels - Card Pack 18 (World) (Addon)
7CEC3DB93011639E94BC753DDC94F51D4312C1EF58,Ticket to Ride - USA 1910 Map (World) (Addon)
7CF1B5D386667B623ACC57502E80F9C2AD1B7FB345,Rock Band - Neon Trees - Pack 01 (World) (Addon)
7CF2F003A5366A31D5C2B9F1EF16A3E2FCD3F0FB58,Pinball FX 2 - Star Wars Pinball - Rogue One Table (World) (Addon)
7CF52775A4B5D25FC34974BC6BFFA1143C81E58258,Chessmaster Live - Lewis Chess Set (World) (Addon)
7CF9FE1DC1B545CF6A9AAB1DB52AF44055DC575D45,Rock Band - Rush - Working Man (World) (Addon)
7CFC8240FB461BC6F8A15CE99E607CF91093ED9A43,Street Fighter IV - Shoryuken Pack (World) (Addon)
7D0DBBA9B183F059D5D444FA9A355D89360879B84D,Lips - Death Cab for Cutie - Meet Me on the Equinox (World) (Addon)
7D182384FD696D8443EBF2E6C0D656149005C34E45,Rock Band - Prong - Idealistic Types (World) (Addon)
7D3B6301CE25860669DF13BD5B0993C8A8808AE258,Hasbro Family Game Night - Sorry (World) (Addon)
7D3C85F2E5881216536B56B48BFC9DBA906721BA45,Rock Band Network - The Main Drag - Love During Wartime (World) (Addon)
7D4A18ADD1087EE736C94870BB964CB954AE512D58,Raskulls - Reinforcements 2 (World) (Addon)
7D6F60A175B66236C5958F897508DD11A247A3D645,Rock Band Network - Jesus Candy - Hitch Up (I'm So Stupid) (World) (Addon)
7D742A72180CD50E1580D4017D80BFB40D8C44BE45,Rock Band - Kenny Chesney - She Thinks My Tractor's Sexy (World) (Addon)
7D76AA8E3951FF8DDEB17032C324C009863BD2C345,Rock Band - Boston - Pack 01 (World) (Addon)
7D8F8E81E622656BB4D5D3EBC88C9B444DDFDB7E44,Onechanbara Z - Kagura - Accessory - Skull Face (Japan) (Addon)
7DB0ADC78BB686E5E61D9E0D79F2D7EC7DB96E7749,BulletWitch - Endless (World) (Addon)
7DC6ACBEB675F925F435AEAFC66203B9DF9F533745,Rock Band - Grateful Dead - Pack 02 (World) (Addon)
7DDF0302952FCC1182204EB9074D5617F1E2FA2554,Dance Central - Dance Pack 02 (World) (Addon)
7DE6127D9DC01A5C5CF1A0F906B9FDB0ACAE3C5E45,Rock Band Network - SexTon - Echo (My Only Regret) (World) (Addon)
7DE8CD6A92CA69D35E4E9A69F2FD32B4E78AA0DC4D,Lips - Boyzone - Picture of You (World) (Addon)
7DF95864B9EA70F8F1E14447F65EE6BD1B27DF4645,Rock Band Network - DRUOX - Ode to Stove (World) (Addon)
7DFB899F73016B384603E68C3272E4EC25867E0458,Darkstalkers Resurrection - Felicia Arcade Cabinet (World) (Addon)
7E02463C7A24EB92B8983711A566BFF8E89F4AE758,Mega Man 9 - Special Stage (World) (Addon)
7E0C6682905B5E4EB46FD9EBB725B464F25B85DA43,Super Street Fighter IV - Ultra Complete Alternate Costume Pack (World) (Addon)
7E178CE4269463FE55AB91CCD77FD031C9EF587D4D,Alan Wake - The Writer (World) (Addon)
7E2A3CCA2A41B1AB7F5626ACF68D7587CAA21BFC4D,Lips - The Cars Song Pack (World) (Addon)
7E2CFB29E723F7EA7E7F9AD9DA70914D7C04ED3745,Rock Band Network - The Kimberly Trip - California (World) (Addon)
7E3B598378455144D8CDE7271C6C77EAF26B9DCC58,Hasbro Family Game Night - Boggle (World) (Addon)
7E41ACF566FA692A36D1DE0659BC6B08C37DB53643,DiRT 3 - Mini Gymkhana Special Pack (World) (Addon)
7E48B7DFE3A2E901A301D129A3ED1440384399F943,DiRT 3 - Colin McRae Vision Charity Pack (World) (Addon)
7E4F22257982B18D4D30E85F51F10BA74ABB94A545,Rock Band Network - Stewart - Dance With Me (World) (Addon)
7E4FFDCD072DF2A2716145474655C06ABABF25FF58,Tales from the Borderlands - Episode 4 - Escape Plan Bravo (World) (Addon)
7E6D00E74ADBBD0853F2D3DF551C7B595EED4ADF45,Rock Band Network - Devin Townsend - ZTO (World) (Addon)
7E6FB58F4AE673195B0AD12430704A564F296E0945,Rock Band - 3 Doors Down - It's Not My Time (World) (Addon)
7E72E1B3B13BD859B0D46F4882029C7F7DEDE88D45,Rock Band Network - Ride Your Bike - Coat Rack (World) (Addon)
7E812D585171CFCC8173E3F07DB4D48E976DFBDF42,Oblivion - The Vile Lair (World) (Addon)
7EA1BF3BE74FD3EE8505EABB8DAA7DBB48A652D854,Midnight Club Los Angeles - South Central Expansion (World) (Addon)
7EBC859134D95F156EBD3927AE6517F1551696044E,Soulcalibur IV - Customization Equipment 2 (World) (Addon)
7EBDD947DCDE27DC8CE495EEA5850B519320208C47,Senko no Ronde Rev. X - Extra Costume - Sakurako B5 (Japan) (Addon)
7ECD22EBA7CF9950FC2590312CE61AB7B60A16A64D,Kinect Joy Ride - Chevrolet Volt (World) (Addon)
7EDD2F9FC515EF5406807F5196E30DB81ED19BE458,Doritos - Theme Pack (World) (Addon)
7EFE27807C8AD6106CC13094AA84B6F46917B6CB45,Rock Band Network - Hugh Cornwell - Philip K. Ridiculous (World) (Addon)
7F00E167F295A0AC46F0FC41939BC4B365CD162D45,Rock Band - Tom Petty - Runnin' Down a Dream (World) (Addon)
7F01725E26BF66C240FD164B2FCDDBFDA31E6CAA58,"Full House Poker - Texas Heat, Spring 2011 Season (World) (Addon)"
7F082D92CADEF46F25F57643ECBB1822C8871E2C58,Yu-Gi-Oh! - Millennium Duels - Aqua Pack (World) (Addon)
7F172EA2176DBEB72434DD79CE2D24B082F3D85045,Rock Band Network - John Parr - Tim Tebow's Fire (World) (Addon)
7F29A380BCF9EA8463CE40F51BBBAB008B4639F945,Rock Band Network - World Minus One - Still Alive (World) (Addon)
7F41FF09F43A641F187C16A6B19F7EE31EFE0D9158,Costume Quest - Grubbins on Ice (World) (Addon)
7F44BE4A7755A24B1F1854A46C19CC3BAAC0ACE254,Borderlands 2 - Compatibility Pack (World) (Alt 4) (Addon)
7F46AE9A283E99A670CACFC125001006E7231B1345,Rock Band Network - Audible Mainframe - Radioland (World) (Addon)
7F59086924DE688EE06D7AE6C05F61535A276FA345,Rock Band - Pat Benatar - Hit Me With Your Best Shot (World) (Addon)
7F6E8624894243F878C193D81961CE997DA5D98358,Alien Hominid HD - PDA Hot New Levels (World) (Addon)
7F8097209FDAF4FFBCC39F6C414156092600000002,King's Quest - Complete Collection - Compatibility Pack 1 (World) (Addon)
7F84F93F8B3F4CB7BEB2427D770353CAB6C06C9D58,"Full House Poker - Texas Heat, Spring 2013 Season (World) (Addon)"
7F85E9B0F53405A97418E62262158646780228B745,Rock Band Network - Kramus - Embrace Your Rage (World) (Addon)
7F88AE59DA84D7E80D29E4A3239822E4FCCD36FA58,Wreckateer - Mt. Adalmant Level Pack (World) (Addon)
7F953D53776B8E9F4A15917266E4D5C935094C6B45,Rock Band Network - Arkaea - Years in the Darkness (World) (Addon)
7FD109F2FD0BAC6C09C21E384168DE065AC92BFB58,Mighty No. 9 - Retro Hero (World) (Addon)
7FE1F50F80FD5E33FC4CF80EE1404A87E7A259B54D,Lips - Lady Gaga - Poker Face (World) (Addon)
7FE83DDE1FF6DE7C7123287BF0D01D533782506554,Prey - Hunter (World) (Addon)
7FF145D4754C99A6717D06094138E9E7D58446E545,Rock Band Network - The Carsitters - All Eyes on Me (World) (Addon)
801F1F85D931F1701B33C2E42A72C31C913B80FB55,Assassin's Creed III - The Tyranny of King Washington - The Infamy (World) (Addon)
801F7BCC215596925CFAA6937F5A534F250A269C4D,Gears of War 2 - Dark Corners Multiplayer Map Pack (World) (Addon)
8023ECD044C760C132BCAB312164BFF4702CA2564D,Lips - Duran Duran - Rio (World) (Addon)
8034235E5F61DAE91A26B257296E540FA192EED058,Iron Brigade - Rise of the Martian Bear (World) (Addon)
80343727966D1FEC2C40CFE544CC93567C99EE9145,Rock Band Network - Soulive - Too Much (World) (Addon)
804247A2D03CC2F8000586F82A9A28746219AC6C45,Rock Band Network - Damone - Roll the Dice (World) (Addon)
80614826B0B0DEF1151E54ED287D5A3B0F06C28745,Rock Band Network - Twin Atlantic - Audience and Audio (World) (Addon)
8069C471A4A8F0A5EA4934A750CE68C55FF0DAB845,Rock Band - Crossfade - Cold (World) (Addon)
80828E01E4B0DF7A093A041BEC5D0F9BF067337F41,Call of Duty - Modern Warfare 3 - Elite Drop 23 - Boardwalk (World) (Addon)
80945B70B2DEC94C34DBCACDA80D145788D3C88558,Naughty Bear - Panic in Paradise - BatBear Costume (World) (Addon)
809E7ACC1DF4724E16226C8C49CDA0BA8D6F413945,Burnout Paradise - Big Surf Island (World) (Addon)
80A145C58804E260E7A2A0A6F1D1E8A7204CD46B47,Senko no Ronde Rev. X - Extra Costume - Cuilan A4 (Japan) (Addon)
80A3E50B5C2740A6F0A1E8286022DF061658A49B45,Rock Band Network - Midnight Riders - Midnight Ride (World) (Addon)
80ABEB1CB5C0C3C27B8DE1A3CFADE127B1258D6845,Rock Band Network - John Parr - Under a Raging Moon (World) (Addon)
80C5BDC645D99CDA59CE1265D82126F9BBE3A1A143,Marvel vs. Capcom 3 - Shadow Battle 06 (World) (Addon)
80C79E161BA9EE6B74F970F81793873BA0EECBC158,Yu-Gi-Oh! - 5D's Decade Duels - Starter Deck 01 (World) (Addon)
80C9B1D0A0EAFD70A005C3632CC733210E0D391C45,Rock Band - Brutal Legend Pack (World) (Addon)
80E0211291E04C2BA7C9452E84A5F68ECE004BDE45,Rock Band - The Futureheads - Decent Days and Nights (World) (Addon)
80E755559428C55840F436B8DBD5A733FE2D53F058,Buku Sudoku - Puzzle Pack 08 (World) (Addon)
80FE057CFD5DCA68EFFF7A09619A705CCFCD85C158,Ghostbusters - Sanctum of Slime - Challenge Pack (World) (Addon)
8115AEE25552AEE91F1A307568DC28C49D231D9741,DJ Hero 2 - Hit Makers Pack (World) (Addon)
8115B1F2DFFE19DEDA51FAEC232930DC70DC95824D,Lips - Sarah Brightman and Steve Harley - The Phantom of the Opera (World) (Addon)
8116E46BD6F6741EA9490BE38B76B4866677190E45,Rock Band Network - Band of Horses - No One's Gonna Love You (World) (Addon)
811910AE080AEC872466EEF70F0A422519D5577458,Gotham City Impostors - Steamy Punk Pack (World) (Addon)
81235265A3A9ED366297CCA7A5830458AC8A537C45,Rock Band - Depeche Mode Pack 01 (World) (Addon)
813154798FF961B0F61DA48036438BA07D72208F45,Rock Band Network - Fiction Reform - Whites in Their Eyes (World) (Addon)
81515243027744FF9FE7386AEC4FC3F0C3E6E80D58,Tetris Splash - Angelfish Bundle (World) (Addon)
815D9E70216ED4D0A47815C45EF224C0D36E2ABB45,Rock Band - Maroon 5 - Pack 02 (World) (Addon)
816DF27418C35133719B901BE03D88533DB746D445,Rock Band Network - My Ruin - Deconsecrated (World) (Addon)
818FE34E4991C8AA4C57BC5E3D91AA448132748345,Rock Band Network - Enemy Remains - Live for Today (World) (Addon)
81A1CFCE7E68F9D19C8A7953549DF1BB6BEB255545,Rock Band - Smashing Pumpkins - Siva (World) (Addon)
81A8B464A4D1130B24034D94BFBD0F06D403C7BA45,Rock Band Network - Robotmakers - Building a Robot (World) (Addon)
81B9BAEFFA5F77DBEBD7E75A818DAC7F5715D73445,Rock Band Network - Hillcrest - Lady Luck (World) (Addon)
81BE96E9E4B9FB450862BB14DE547437B5835EE34D,Lips - Power Pack (World) (Addon)
81C2D53D53485005573064FEE5501098E95B268745,Rock Band - Foreigner - Urgent (World) (Addon)
81D22DC805338843D7255558D2626956CF6CA2AB45,Rock Band - My Chemical Romance - Pack 01 (World) (Addon)
81D4D19238298058AC5BD14114997222F1DE4B2D58,Magic - The Gathering - Duels of the Planeswalkers - Expansion Pack 2 (World) (Addon)
81D8CBF848B3E8F893F1D0236C7788061491AAA758,Frozen Free Fall - Snowball Fight - Pabbie (World) (Addon)
81DF095F5CBCAFC6DEE70ABAC9FB7D72978F4EAA4D,Lips - Huey Lewis & The News - Song Pack Vol. 2 (World) (Addon)
81ED7AF1470C863256F30B0D4E074F7F9332F71345,Rock Band - P.O.D. - Alive (World) (Addon)
8203DE4008C24A45C965EC3A097E985FAE5727BA58,Gotham City Impostors - Bats Pants - Urban Ultimatum (World) (Addon)
82469129ABB25BC4D26A26BE1E4594DF7F25028953,"Last Remnant, The - March to War Set (World) (Addon)"
824E635B8B0276D83601A320566864CB76BC33BE43,Resident Evil Operation Raccoon City - Echo Six Expansion Pack 2 (World) (Addon)
82524E310E9A073885981923159A44F7C15DC1494D,Lips - Ne-Yo - So Sick (World) (Addon)
828E5EB225D79151F1867FEA158ECF4889D27BE645,Rock Band Network - Single White Infidel - The History of Execution (featuring Bluefusion) (World) (Addon)
828EF3138BA03DC0D9F5E1D8F4B5C62A6DCA413345,Rock Band Network - Parry Gripp - Nom Nom Nom Nom Nom Nom Nom (World) (Addon)
82912657B0845E7278E2596DA90AD0D24FBD2BB54D,Game Room - Game Pack 003 (World) (Addon)
8295F2526FBA911F88491FCB397B566BAEDC31C445,Rock Band - Erasure - A Little Respect (World) (Addon)
829C711B630F8506575CC1B3DAC2C9C932D2109345,Rock Band - Snow Patrol - Take Back the City (World) (Addon)
82BFBE59CE9B509564DCC93D86D6AFE28A06BF6945,Rock Band Network - CJ - Mr. Sun (World) (Addon)
82C79868AA4AF8137ABC1F552D467D70DC495BBE45,Rock Band Network - Marillion - Whatever Is Wrong With You (World) (Addon)
82CBF5780FA13B50E5243E5653C2F69415A861AC58,Minecraft - Xbox 360 Edition - Summer of Arcade Skin Pack (World) (Addon)
82D5C5D9420757FB6CE995BC6467229D5DD27E4A45,Mass Effect 3 - Leviathan (World) (Addon)
83182381FDB6986CA2420C586F11F660CD329C7445,Rock Band - Aerosmith's Greatest Dimension Pack (World) (Addon)
8320F8D5E21319DA1822222F163F44CE6701AD944D,Forza Motorsport 3 - World Class Car Pack (World) (Addon)
83226B233A0526D7060AE5FD924B32ABC4335C7145,Rock Band - Boys Like Girls - The Great Escape (World) (Addon)
83227DD91E1D9360C6989D4CFE103404470AAAB04D,Lips - Pat Benatar - Fire And Ice (World) (Addon)
83231DD28E8E439348458B2ADC595242EB7CC58F45,Rock Band Network - Gabriel and the Apocalypse - Hey You (World) (Addon)
8327624DCA6B7B369FC9233967C3D1474445547357,Batman - Arkham City - The Arkham Bundle (World) (Addon)
8328BF36467F999BB0C6D99AEE3E980ABF7B0A9657,Mortal Kombat - Skarlet (World) (Addon)
832DAE03D6E1BCDCD43F0F7AFD84676E59C8CF3445,Rock Band Network - Drugstore Fanatics - Hangman (World) (Addon)
83702802658762D230D4C7DAD2B2E31584571C1945,Rock Band Network - Cosmic Tribe - All I Want (World) (Addon)
837470D78686B686E12843EEC6BAF37A402FE76757,Injustice - Gods Among Us - All DLC Unlocker (World) (Addon)
837BDE3995FFAFC2ECF743F2126AF24FD70EA8AA58,Minecraft - Xbox 360 Edition - Minecon 2016 Skin Pack (World) (Addon)
837D7272A941E3A661C44E1917A2C1D7A399408045,Rock Band Network - Rose of Jericho - Buried Cold (World) (Addon)
8382DC818BB00FBE2C513A2602EF60589E09DF1145,Rock Band - Weezer - Pack 02 (World) (Addon)
8390180212CAF13E30AF52E89A33F7287C70008545,Rock Band Network - Periphery - Icarus Lives (World) (Addon)
83966E3FA22CD7D683C4DEEBA71C81B70735E57843,Dead Rising - Locker Key 5 (World) (Addon)
83A746406F56C7F875AB993B5286502E8EDBC1CA45,Rock Band Network - Freen in Green - Frontier Factory (World) (Addon)
83AA4813F2F40163535562DAA81D0504A6383DDB45,Rock Band - Anais Croze - Peut-Etre une Angine (World) (Addon)
83C1924D193E1E3BC207769DFB6BDD7698D4451A45,NBA LIVE 10 - All Star Weekend Pack (World) (Addon)
83D040DB5A47383A5D947B3A889729566A0F441758,ilomilo - Autumn Tale (World) (Addon)
841C4682D43CAF8C61853A78418250B0FC39D57F41,Guitar Hero 5 - Queen Track Pack (World) (Addon)
8423CC204542314E0E51FF35B596D780FF2E6BE158,N+ - Level Pack 2 (World) (Addon)
842C5A3A875A1D297011EC8EC14EE0CD3BCFCE2B45,Rock Band Network - Cosmic Ballroom - Painprovider (World) (Addon)
84396C1C56AD782774E9EEB3FE53DF343088D3AC45,Rock Band - Linkin Park - Pack 02 (World) (Addon)
845313E574B8BA90E2610B70DB2535132A1525F857,Batman - Arkham City - Harley Quinn's Revenge (World) (Addon)
845E82BEDD3ADC86A064A280BADA78DA01FF7FA958,Pinball FX 2 - Star Wars Pinball (World) (Addon)
84679C73AA257B43751AC83108689DDC91AA331945,Dragon Age - Origins - Return to Ostagar (World) (Addon)
84776EAAF08189193BA9E756F530B4166D70C00E45,Rock Band - Silversun Pickups - Well Thought Out Twinkles (World) (Addon)
84795D7A40CCDC5868AE9D03528E38E61E06A08545,Rock Band Network - Tumbledown - Homeward Bound (World) (Addon)
84A651A0859C4B5F1EAC66895B0A10679387DED745,Dragon Age - Origins - Warden's Keep (World) (Addon)
84A891EF4BCBD472BE6A80DC19832BE5608098DB58,Gin Rummy - Theme Deck (World) (Addon)
84B4B10BE23DE627B800C49CBB46108832E508464D,Lips - Jennifer Paige - Crush (World) (Addon)
84CD593D8851156094292A5DC064AD92BE159EF658,Pinball FX 2 - Civil War Table (World) (Addon)
84CD86C382844351E73DB47658F55C2EC1450FFB58,Pinball FX 2 - Super League Football - Arsenal F.C. Table (World) (Addon)
84F6243B8D9D67A7BE820EA6D574334F835C3BC758,Kinect Fun Labs - Junk Fu (World) (Addon)
8512E9439AEE672515870F7FDAB5D5431B1F7EB358,Darkstalkers Resurrection - Talbain Arcade Cabinet (World) (Addon)
85160D94E47A40268506A0C5A361824132D68EF645,Rock Band - The Decemberists - The Perfect Crime # 2 (World) (Addon)
8519340358779C03B1FF29AF0124362446BE4A7745,Rock Band Network - Wounded Soul - Rx (World) (Addon)
85300929B38FE1A515CC6C96CE2563D2B92B792E53,Final Fantasy XIII-2 - Lightning - Requiem of the Goddess (World) (Addon)
854DAC9B1A58EC9D61CB31E9119AA19C798FA5EB45,Rock Band Network - Rose of Jericho - Signed With Love (World) (Addon)
8555221655497A505B6C5A76C762BBBBB09A955A45,Rock Band - a-ha - Take on Me (pro) (upgrade) (World) (Addon)
856014F705032E789E4A6DBD2546F470B06ED71F4D,Crackdown 2 - Toy Box Pack (World) (Addon)
8571061CBC143405E54DF62CEA32410CF76337AF45,Rock Band Network - Dante's Dream - Episodes (World) (Addon)
8576AE236D00CF0FD8836A72A2CC5B4E3FAC12D445,Skate 3 - San Van Party Pack (World) (Addon)
85806713A84F14C1B9DDAAB970A39A4AF2AD379F4D,Lips - Marvin Gaye & Tammi Terrell - Ain't Nothing Like The Real Thing (World) (Addon)
85869675EE4D1F3A36915A8E72494864AB8F30D245,Rock Band - Queens of the Stone Age - Track Pack 01 (World) (Addon)
85942E4D132C57D15E86AB2541764F12014D88B645,Rock Band Network - Freen in Green - Frontier Factory - Remanufactured (World) (Alt 1) (Addon)
85A491915F301967BA2B7940FA0B7B1D339F945B47,Senko no Ronde Rev. X - Extra Costume - Changpo A5 (Japan) (Addon)
85BBD0FF32F98B76009F242D185CC424A083A6F245,Rock Band Network - Amberian Dawn - Sampo (World) (Addon)
85C30B4A926E7D3FDE02499B6C2A4A3A58BC38E645,Rock Band Network - Free Electric State - Linear A (World) (Addon)
85CBDE6B74A6F05511DE769985DB3AD96EC6506645,Rock Band - Rush - Limelight (World) (Addon)
85D387661BEA5D335D11EA9D0E0BE3D55C9F122445,Rock Band - Sublime - Santeria (pro) (upgrade) (World) (Addon)
85D913A8A9AA818E2A06D8A06D9AC745CE97B7EB58,Yu-Gi-Oh! - 5D's Decade Duels - Chance for Gold Deck (World) (Addon)
85D9C4B2EB1E66F8C9139971CE4F51DCC268ABBA45,Rock Band - Foo Fighters - The Pretender (pro) (upgrade) (World) (Addon)
85DC707887A19052E44547E84B19498A917F142945,Rock Band Network - Amberian Dawn - Circus Black (2x Bass Pedal) (World) (Addon)
85EE1FE94F83C418FAE6EC70F4AFDDA71273AA1958,Gotham City Impostors - Bats Cape - Vampire Bat (World) (Addon)
85EF38ACBED6EC8A293171646B5F78D47BE25FDC4B,Def Jam Rapstar - The Pharcyde - Passin' Me By (World) (Addon)
85F354E7EA1059D615958A024B01349EED30B6C34D,Gears of War 3 - Booster Map Pack (World) (Addon)
85F70CCFFBDE4DF3FC846E26A3D13CB1E6FE73614D,Game Room - Game Pack 009 (World) (Addon)
8605EA749AAD08ADAE257807937B5C76BDA77E9445,Rock Band Network - The Main Drag - Goodnight Technologist (World) (Addon)
861C3DD4E601E221864FBC736553CEDF0E2E16214E,Ace Combat - Assault Horizon - Downloadable Content 1 (World) (Addon)
862FC7FEBC569FEA4E67E65736CEBE450C58B8AB53,Cyber Troopers Virtual-On - Force - 4th Operation Mission Pack (Japan) (Addon)
863C5F74B44C969C92A38F45830D9CBDF76DBD8154,Ninja Gaiden II - Fiend Hayabusa Costume Pack (World) (Addon)
8644D692DB57A6088096183D4CECB9B78624D5E058,Minecraft - Xbox 360 Edition - Battle Map Pack 4 (World) (Addon)
8650641768C92BE4D5834EEAC83035D9112C734458,Gotham City Impostors - Jokerz Flair - Corsage Barrage (World) (Addon)
866450C520B391DA2AC42CF93E097209D1FDFB1D58,Tetris Splash - Fresh-Salt Water Coral Theme (World) (Addon)
8669A543AFADCE26F6CBD08FB6345B69721991C145,Rock Band Network - A Day to Remember - Have Faith in Me (World) (Addon)
866E66929D8B2307024C7C5062D7B94973251AE245,Rock Band Network - TesseracT - Deception - Concealing Fate Part Two (2x Bass Pedal) (World) (Addon)
869AE98E18137D687E59CA7B1F721F8258472E7245,Rock Band Network - Pretty & Nice - Tora Tora Tora (World) (Addon)
86A01061D550ADBDF27A17B3228F6AD84608B2C541,DJ Hero 2 - Linkin Park Mix Pack (World) (Addon)
86A2704CC286FF797F446D926E8D3B611CBC56E953,Hitman - Absolution - Deus Ex Suit (World) (Addon)
86B5B72E21E319425B9A2EB1F6CB7691A4C1C23045,Rock Band - Snoop Dogg - Pack 01 (World) (Addon)
86B774277CB3B672D8D9278E54D2FC09F994093345,Rock Band Network - Burning Twilight - The Resolve of Cowards (World) (Addon)
86B988665D1359CFD1255DC5008DA50F1C133AFD45,Crysis 2 - SCAR Desert Skin (World) (Addon)
86BFC173DFE61DCEBDD656C06E320BB7A3936F7958,Pinball FX 2 - Super League Football - Liverpool F.C. Table (World) (Addon)
86D248D28398BF1409535D40FF32B7C91DBBAF4E58,Magic - The Gathering - Duels of the Planeswalkers - Mind of the Void (World) (Addon)
86D5F22F0F85B912096A71D36C2A15425FFDDCD145,Rock Band - The Raconteurs - Pack 01 (World) (Addon)
86D88A08FC179F7EF285DB910FDB3F8CD6F4362858,Minecraft - Xbox 360 Edition - Biome Settlers Skin Pack Volume II (World) (Addon)
86D8DBDDA353B73858957F99EEB18E5D3FCCDC7C45,Rock Band Network - Amberian Dawn - City of Corruption (World) (Addon)
86DEF27466AD302568F7A6AB0415123B2C41580F58,Resident Evil - Revelations 2 - Episode 3 - Judgement (World) (Addon)
86E90CF06911E635C1CE5CA94534DA4792CCBC3F58,Gotham City Impostors - Bats Cowl - Cardboard Crusader (World) (Addon)
86FBD85E01B16B475BE30058B88E0E27B6DC573C58,Band of Bugs - Map Pack 3 (World) (Addon)
86FDFE2BDF6E6D11C9AE23DF4D13BA687F3E722258,Yu-Gi-Oh! - Millennium Duels - Laval Deck (World) (Addon)
8700A151DA9293ED0D28BB72938A5C1A925321FC45,FIFA 10 - Ultimate Team - Italiano (World) (Addon)
8702DE692DF519A4100F34BEFFD86BC368C93D4845,Rock Band Network - Rosaline - Model Ships (World) (Addon)
870BF1CDCA2AE277A20765D0B5E8DCA3CDC187EE58,Minecraft - Xbox 360 Edition - Stranger Things Skin Pack (World) (Addon)
872D3E6C1F45D580C8B6944F0857DE5E7D09BC8F45,Rock Band - Aerosmith - Dream on (Live) (pro) (upgrade) (World) (Addon)
87568FF19A828D71F74FA97532D10AFAED2ABCC245,Rock Band Network - Bloom - Fight For Greatness (World) (Addon)
877279780907BCF5779ADE7E1A80CAC31E80BE534D,Alan Wake - The Signal (World) (Addon)
8777357B0DF0E4BB586900F3D6F9C1E52DF0F1D14B,Def Jam Rapstar - DJ Premier - Dots (World) (Addon)
878AB725BD69895C753926D6B913BEACCCBC31F045,Rock Band Network - Single White Infidel - Right to the Apex (World) (Addon)
87950470384CD7FB2C4D21723D119924AA6EB96745,Rock Band Network - Eric Harm - Stegosaurus Song (World) (Addon)
8798305B1C869E98C7FAB68E100315F05456853145,Dante's Inferno - Small Soul Pack (World) (Addon)
87A9D152D8F5C02FF81BB8136DCA8F8B1DE94F7E45,Rock Band Network - XTT - Come Along (World) (Addon)
87C1FAFD5A5A304A82BE3EC8E02C4CDA2F8224134B,Def Jam Rapstar - Chamillionaire - Ridin' (World) (Addon)
87D07F6A1AD1F30722F511BFAB587AEE01D2A04445,Rock Band - Journey - Don't Stop Believing (World) (Addon)
87D0A786687385033C2DFF4C795EF57D0B4991E343,Street Fighter X Tekken - TK Swap Costume Complete Pack (World) (Addon)
87F9562BCD5030E14702289D97424587F2FA914A58,NBA JAM - On Fire Edition - Time is Money Pack (World) (Addon)
880004C04F2C9C5CFB1EC907D681D1C491BE48724B,Def Jam Rapstar - Shawty Lo - Dey Know (World) (Addon)
8817A573122276F824FE376613E82A9430523E0154,Dance Central - Lloyd - Get It Shawty (World) (Addon)
88215CC6E9BF19CCF9541105BDAE40F67545B5244D,Lips - The Archies - Sugar Sugar (World) (Addon)
88395355DAD12B9498E682295F1805F3C8D4A2D64D,Lips - Avril Lavigne - Complicated (World) (Addon)
883BEE5CDDADCEDE642A98CFD4A6674452BDB62145,Rock Band - Tommy Tutone - 867-5309-Jenny (pro) (upgrade) (World) (Addon)
884B99788BC16C1D5C9FBCB38964F07735544BDB58,Pinball FX 2 - Portal Pinball Table (World) (Addon)
884BA3485507C349BE8C75B4027C4EF86D87599F45,Rock Band Network - Common Anomaly - Hate To Say (World) (Addon)
8856F58B11E0A63CD3310484780846EA985669E34D,Lips - Fall Out Boy - Sugar We're Goin Down (World) (Addon)
8869E0E67DAF594013FDDA3B29E369016CEA8F1058,Minecraft - Xbox 360 Edition - Spooky Bundle (World) (Addon)
8891668DB5E7AAA1077C32B9E72899362DD07B6658,Yu-Gi-Oh! - 5D's Decade Duels - Card Pack 04 (World) (Addon)
88A6816BEB3DD81206337A44D1657F5E8B731AF64B,Def Jam Rapstar - Plies - Shawty (World) (Addon)
88A9374AD68B7F40BAAB55B6B11976A9267C09F345,Rock Band Network - MxPx - One Step Further (World) (Addon)
88ABEB38DEED4856965B2C303F7853BBB80C41E245,Rock Band Network - Valient Thorr - Doublecrossed (World) (Addon)
88B6E85E6C64BCD882B516968803044A8F85FD8F58,Street Fighter III - Third Strike - Online Edition - Match Pack 2 (World) (Addon)
88B763A01E8B08048035E0A84E89AF0BC4D0A19355,"Black Eyed Peas Experience, The - Dance Pack 3 (World) (Addon)"
88C7794A4696B72AC4760D2E4179EDFEC6E301E645,Mass Effect 2 - Equalizer Pack (World) (Addon)
88DE397A566BB035121B98BCD2C67B2A76C69FF545,Rock Band - David Bowie Pack 02 (World) (Addon)
88E9F8144BE4204EEB50E54820E1625FF36FAD0345,Burnout Revenge - YellowCard Car (World) (Addon)
88FF90D036EAB28E65DE99E0B61B9364FC237A7F47,Senko no Ronde Rev. X - Extra Costume - Fabian A5 (Japan) (Addon)
891DDA123F93E00BEF3A7DD954722E4159D09FB243,Marvel vs. Capcom 3 - Shadow Battle 05 (World) (Addon)
892153248D206C4E8A7E58A4CCB4E8EA2DCAF1E841,Guitar Hero - Warriors of Rock - My Chemical Romance Track Pack (World) (Addon)
8927F137AA3B485401D00685050768E1706488A758,Darkstalkers Resurrection - Victor Arcade Cabinet (World) (Addon)
892A8E2767E3279D9565CEF8C2998EDB9E70686545,Rock Band - The Smithereens - Only a Memory (World) (Addon)
89446CD7D6E0B502955C7296D0C892FD928438A945,Rock Band - Keith Urban - Days Go By (World) (Addon)
8969057B027150401B05F61D4D535E8B124B7FFE45,Rock Band - Soundgarden - Outshined (pro) (World) (Addon)
897C165938BC282A92809151F82ABFACDCB035514D,Lips - Huey Lewis & The News - Song Pack Vol. 1 (World) (Addon)
898487707A7484CA476CDE0DAD600AA142EAD3E645,Rock Band Network - Amberian Dawn - Sunrise (World) (Addon)
89B62745F6D7D43F947CC8F35899B1F6F540D8564B,Otomedius G - Gorgeous - Additional BGM Vol. 7 - Esmeralda & Poini Coon Pack (Japan) (Addon)
89C9FA3F5DEB8BCD02CD0AC95717408CE9B453B345,Rock Band - Ozzy Osbourne - 8-Pack (World) (Addon)
89DED51ACD979E727253FB5B8AE9E733B744431945,Rock Band Network - AFD Shift - Crusader (World) (Addon)
89EB93791E10B6E2329E7B0B5CC670E54AEE43A145,Rock Band Network - Vangough - Drained (2x Bass Pedal) (World) (Addon)
8A0951191944213F4296724DF2FF486D33BE3D0445,Rock Band Network - Parry Gripp - The Girl at the Video Game Store (World) (Addon)
8A1272A227F3DB6DB98586C29798C7C98546D9EA45,Rock Band Network - FeelAbouT - Stop (World) (Addon)
8A14EF6F39FA3CBA379AB7F24B7C8A03258F39DA45,Rock Band - Staind - It's Been Awhile (World) (Addon)
8A21C727CE0158BF01C3A5EDD0A04A74855A325845,Rock Band Network - Senses Fail - Lady in a Blue Dress (World) (Addon)
8A6429AD98555711B19F61A216D608A3181DFC794B,Otomedius G - Gorgeous - Additional Stage - Library (Japan) (Addon)
8A897FEFD1C7AF6D074AD36B9DBFE9EBC096DF8445,Rock Band Network - Morgawr - Lindisfarne (World) (Addon)
8A8F183D537BE4B5F3932A06C233B1766F0BECFD58,Gotham City Impostors - Bats Gloves - Joker Chokers (World) (Addon)
8AB0846EAA39C21A94CE78B3BFF93D348DB16AD445,Rock Band Network - The Riptides - Return to Blood Beach (World) (Addon)
8AC6BAC4AE57060381BFEAD24C4AF64417B50FEE45,Rock Band Network - Children of Nova - The Complexity of Light (World) (Addon)
8ACAF1309D75DD9222CF36F20619AE0BE93D45B645,Dragon Age - Origins - Blood Dragon Armor (World) (Addon)
8AD23A63EBF59B7E1F7EE469A2F9F315CC4D8E3545,Rock Band - Scars on Broadway - They Say (World) (Addon)
8AD9BD6360F68D91FE17F419E0D86587D3FDAE1545,Rock Band - Kelly Clarkson - Miss Independent (World) (Addon)
8AE19B55EA25984AD263EBB6AAB521B7949CA4C44B,Def Jam Rapstar - Rich Boy - Throw Some D's (World) (Addon)
8AE88ADB24F4A1D511EED13D3C2BD3404F9A408A31,WWE 2K16 - 2015 Hall of Fame Showcase (World) (Addon)
8AF65A071E63160061DD4BC853A5004CCB6E0A9258,Buku Sudoku - Puzzle Pack 16 (World) (Addon)
8B0AA2D4952E9A982AB029E4AED9884165D352DC58,"Baconing, The - Co-op Character - Roesha (World) (Addon)"
8B0E6DD224F40198BD0F5448CFAFE427602E6EEC45,Rock Band Network - Jonathan Coulton - Shop Vac (World) (Addon)
8B2711283258B24124127EED6D0DA12668E48EBE58,Kinect Fun Labs - Musical Feet (World) (Addon)
8B2DBBD7045FC264CBD431E32F1C0796B288D3DD4B,Def Jam Rapstar - Sexion d'Assaut - Desole (World) (Addon)
8B2EB306B3E010188851531BCA57E5F7AB63F3CC58,Yu-Gi-Oh! - Millennium Duels - Gem-Knight Deck (World) (Addon)
8B4445C758D8A1628A4873206F530A6EEAC53D8841,Guitar Hero - World Tour - Guitar Hero on Tour - Modern Hits (World) (Addon)
8B52C12F7F1DE81CFCCA5FD9895A76A08942960F55,Naruto - Rise of a Ninja - Choji And Temari (World) (Addon)
8B6F7C5CCA3166DC6F422A8D5CE4D36322E46BE458,Gotham City Impostors - Jokerz Face Paint - Crime Mime (World) (Addon)
8B776F9699C27F2658E2D407447374EFDC33032845,Rock Band Network - Nachtmystium - Nightfall (World) (Addon)
8B7EA2FE7E0DA620E7901C73311656A863A2113C45,Rock Band - The Offspring - Hammerhead (World) (Addon)
8B84C16A3D9A926BADB0B054AD62AE897310ADB54B,Samurai Warriors 2 - Xtreme Legends - Command List (World) (Addon)
8B874A79D1E1491D06AF854EA59F6238F3EF848B45,Rock Band - Ohio Players - Love Rollercoaster (World) (Addon)
8B95344214A09F5F783FC36D03112CA47485098645,Rock Band - Wolfmother - Pack 01 (World) (Addon)
8BA0EFF5201628EC91EC80550933BB710C25844D45,Rock Band Network - Mystic Syntax - Flesh Pull (World) (Addon)
8BCB0A359A10F08E06077A002668BB37625DA2D647,Senko no Ronde - Dis-United Order - Substory Vol. 1-1 (Japan) (Addon)
8BCE7252243411E912CB52E1935328F29BEB1AF441,Call of Duty - World at War - Map Pack 1 (World) (Addon)
8BF212DD64F2B13C67FB530CAA7E14021DF8B83B45,"Rock Band Network - Quiet Company - You, Me, & the Boatman (World) (Addon)"
8BFD52799FB486DA02065FED513E165549183B1541,Call of Duty - Ghosts - Onslaught (World) (Addon)
8BFEA2063E406D6FC3FE59832E985330558F422245,Rock Band Network - The Bungles - Hey Satomi (feat. Justine Skyers) (World) (Addon)
8C010806B635C2A823A6B14527689A8693D84B9154,Dance Central - Missy Elliot - We Run This (World) (Addon)
8C0B7FFCFD1033B9CC492EDF8C386C5B691948574B,Otomedius G - Gorgeous - St. Gradius Academy Costumes - Library (Japan) (Addon)
8C1903B3BE953F3EE55A9ECC37266E6915D2409145,Rock Band - Muse - Hysteria (World) (Addon)
8C2599E4CC6E473F941E99F722A0B2931216764645,Mass Effect 2 - Zaeed Addon (World) (Addon)
8C614097DB52034E93DFDFB665BDE735176D033145,Rock Band Network - Steam Powered Giraffe - Electricity is in My Soul (World) (Addon)
8CB6B5136AD70A6F59309B8EC3352AE02907F7B145,Rock Band Network - Shelly Rastin feat. Randy Bachman - High Class Trailer Trash (World) (Addon)
8CD96C2BA7F4387F72F01D9FB6504E884060B3BD4D,Lips - Lily Allen - Smile (World) (Addon)
8CE4BED8B1AC36B34FC50697BC83523E52D78EE158,Resident Evil - Revelations 2 - Assault Rifle NSR47 & Parts (World) (Addon)
8D0E1782949BC44BA1FC311A13391DCB264CDC0358,Band of Bugs - Map Pack 1 (World) (Addon)
8D22A3260861DAF58D4A14246609942E7819346454,Red Faction - Armageddon - Commando Pack (World) (Addon)
8D2543D4811B4B8EF16AC30A2843253BC920CE524D,Lips - James Blunt - High (World) (Addon)
8D27A09E403D238F796309E6A79BF0B767B9780B4D,Lips - Howard Jones - Things Can Only Get Better (World) (Addon)
8D2CD375B7CC70A1156BE34F938FBEA1B418485045,Rock Band - Inhabited - Open My Eyes (World) (Addon)
8D3AD442E1D051AAC6152E835DD4809B7750783858,NBA JAM - Remix (World) (Beta) (Addon)
8D40FECCEB1D7BB846222F1881FCE9153B403AF745,Rock Band Network - Buried in Black - One By One (2x Bass Pedal) (World) (Addon)
8D4B89D7B48D487DB8EE744A36E562664F82E9B258,Yu-Gi-Oh! - 5D's Decade Duels - Structure Deck 03 (World) (Addon)
8D6437F2F1AB108B4CAE5CB6CEBC0ABCF1D8503045,Rock Band Network - BioShaft - Payback (Come On) (World) (Addon)
8D77F599F5FBE5BA8BA70C54E45825C75845BBC958,Yu-Gi-Oh! - 5D's Decade Duels - Card Pack 15 (World) (Addon)
8D84E296B0617C117D74F5F3E6DABA51EAE2422C45,Rock Band Network - Blackguard - A Blinding Light (2x Bass Pedal) (World) (Addon)
8D85FF2C97696828FAB9F9419785C87B526500BD4D,Lips - Rihanna - Te Amo (World) (Addon)
8D8673B3A5C7C04BE28ED96F215BA76B5D14958845,Rock Band - Ohio Players - Fire (World) (Addon)
8D87588DE5CE84A0D87615A7965F7CEB4B73C95245,Rock Band Network - SexTon - Ready for Anything (World) (Addon)
8D97DBA438D987805B7D29F84BD7C05F041EDF6745,"Rock Band Network - Christmas at the Devil's House - O Come, O Come Emmanuel (pro) (World) (Addon)"
8DB70085912C5829AC27A086CB48D8B39E2744FA58,Castlevania - Harmony of Despair - Extra Stage - Lord of Flies (World) (Addon)
8DCC2DA228A8A90B6779B50577552677467E899A58,Castlevania - Harmony of Despair - Yoko Belnades Character Pack (World) (Addon)
8DE7D97FB83CE54A13A77EE08947EBB6E5817A0258,Lumines Live! - Puzzle Mission Pack (World) (Addon)
8DF8D518254A7052CDDEFE008F81A482F75F36E745,Rock Band Network - Texas in July - Magnolia (World) (Addon)
8DFD4FD74BFF8CC7DC510D0D5A76211935705EB057,Injustice - Gods Among Us - Red Son Pack (World) (Addon)
8E14B12946744B9381BCF5D381781FA7FBC1473858,Red Faction - Battlegrounds - Armageddon Pack (World) (Addon)
8E1A98E26BA6302EE8572D038CDAFAC1785F940D45,Fight Night Round 4 - Free Gear (World) (Addon)
8E1B068A23124AF32AB9B4CE5175AD46F5AB3B5E4D,Lips - Jody Watley - Looking for a New Love (World) (Addon)
8E1D06DC16C05D008B36152C79DB8AD8FFBAEEE64D,Lips - Paula Abdul - Forever Your Girl (World) (Addon)
8E1D126AD6AD3A3BFD40FFF35044C4059335624A58,Minecraft - Story Mode - Season One - Season Pass (World) (Addon)
8E32AEE38C59B68EEE7DB0A6AB0BC0B493B4D37245,Rock Band Network - Stereoside - Trailer Park Scum (World) (Addon)
8E33919F8B8DE64D5772BB9E08D236DA116CF6E945,Rock Band - Grand Funk Railroad - We're an American Band (pro) (World) (Addon)
8E3907C7A8CB029A32A276BD3B8CCEFA20338FD845,Rock Band - Free - All Right Now (World) (Addon)
8E47EDBD467CE281E035877E0BA5D882D1DDE3FD58,Yu-Gi-Oh! - 5D's Decade Duels - Weapons of Power Deck (World) (Addon)
8E76E9AF9E23B1DF27DF83B06ED2FA89AE3DDCB245,Rock Band Network - War of Ages - Redeemer (2x Bass Pedal) (World) (Addon)
8E83AC8E06AA782A33C983FE51D10C2A0AC0682045,Rock Band Network - Pythia - Army of the Damned (World) (Addon)
8E8E85D710462D65F58EE3D42B4200F69494482F45,Rock Band - Simon & Garfunkel - I Am a Rock (World) (Addon)
8E97DB22295481F40EEEF0D21DB103E0E01BB41945,Rock Band Network - The Main Drag - Dove Nets (World) (Addon)
8EAB377AAC6360E2CFA10B89A3127FA88542D9C358,Naughty Bear - Panic in Paradise - Stabby the Knife (World) (Addon)
8ED1C1AA77B69E5F34D38F8EFE415B19205F5B5E53,Kane and Lynch 2 - The Doggie Bag (World) (Addon)
8EE2F6AFF98918F4AE3E37CC067D3BAD4A4827B358,Darkstalkers Resurrection - Mansion Theme Room (World) (Addon)
8EE6C277686E4261B322675A8A1CC810E7C16FF145,Rock Band Network - Rose of Jericho - Midnight Eyes (RB3 version) (World) (Addon)
8EE937E1DE20F1430C36225CFAE8A71A07F19C1554,Sid Meier's Civilization Revolution - Map Pack - The Elemental (World) (Addon)
8EE9B2BEB111CB06B76025628A7541F289E29BE753,"Last Remnant, The - The Key of Ancient Ruins (World) (Addon)"
8EEDFD8D3C84C8BCA44766E73FC3FF1F09B35DA858,Minecraft - Xbox 360 Edition - Skin Pack 1 (World) (Addon)
8F10633A4538FF92BEFFBA3AE31F5ECB9A3CAE3045,Rock Band Network - I Am Abomination - The Deceiver (World) (Addon)
8F13490B90BACC3DECB20DEEC8C23403B89384CF58,Ticket to Ride - European Map (World) (Addon)
8F1BB0305449451A0D31307685154A5BD296FDB745,Rock Band - Marcy Playground - Sex and Candy (pro) (World) (Addon)
8F1C52038BDEEE9B6D4129C7B49B11B18550735445,Rock Band Network - Lnk. Ken Kardashian - The December Experience (World) (Addon)
8F4112D6DDD96E7E86025B3C941CB8F1E28EE50345,Rock Band Network - The Stanleys - Kid's Gonna Rock (World) (Addon)
8F421FC5AF236DBAED0C3924DDBD41943691630A46,Naughty Bear - Episode 9 - The Treasure of Bear Beard (World) (Addon)
8F46DCF27823A82EE9A320CCEC75A25DF58F19D558,Minecraft - Xbox 360 Edition - Glide Beasts Track Pack (World) (Addon)
8F47719C204F88EABAF356BF28315AFC501988A145,Rock Band Network - Plushgun - How We Roll (World) (Addon)
8F5F57A1F01B56C2EFD6A150239C8D9345BE8C6345,Rock Band - Pink - Who Knew (World) (Addon)
8F631BDC1EDF1189695D4290E86077D6F99EF1704D,Lips - The Ramones - I Wanna Be Sedated (World) (Addon)
8F7603C2D22BF53C2A370CFDB0A3DD8862511B2B45,Rock Band - The Allman Brothers Band - Jessica (World) (Addon)
8F7A42E2131C53CFBF1BD17B49BA3D4A181C3C9143,DmC - Devil May Cry - Vergil's Downfall (World) (Addon)
8F87902B8D1E1CB9B47A0B43C803B68414DDE76045,Rock Band Network - Anarchy Club - Collide (World) (Addon)
8FB0724D6AB84DE967B9BAA7D144342551077E2345,Rock Band Network - The Guild feat. Felicia Day - (I'm the One That's) Cool (World) (Addon)
8FC1DE92A9FAF4AF8F54ADB1398E625A733DAB2345,Rock Band - Pink - Raise Your Glass (World) (Addon)
8FC3A3EB2149CE8364D07475E5CD4FC48A21B11245,Rock Band - Creedence Clearwater Revival - Pack 01 (World) (Addon)
8FC3FE9C149C0B193A548C36AFBC05FEBF24B22E45,Rock Band Network - Every Avenue - Where Were You (World) (Addon)
8FCEACAF3E356A40B7E3ED44D09146B8158C822145,Rock Band Network - Bang Camaro - Swallow the Razor (World) (Addon)
8FCEDA4A1A4C6F1508B5C6C00B1C88B63CF4550145,Rock Band - Foreigner - Hot Blooded (pro) (upgrade) (World) (Addon)
8FCEE6F63DD2A1B6A0C9BF29B47C7D73B5EBA00E4D,Lips - Paramore - Misery Business (World) (Addon)
8FD0B3F5DB43607D8F62F38B9328777974DE21AA45,Rock Band - Prong - The Banishment (World) (Addon)
8FE2B973BD1B0A9A7EA06FF7208E835AE8AF118447,Senko no Ronde Rev. X - Extra Costume - Ernula B4 (Japan) (Addon)
8FE6C897F8CD8DA3FA1110A3E212C4B9C44A6F2C41,Call of Duty - Modern Warfare 3 - Elite Drop 14 - Intersection (World) (Addon)
8FE9A0AB36C5A31D1E77638189B81E09D852C82443,DiRT 3 - Mud and Guts Car Pack (World) (Addon)
8FF0D674ADE42F3BE660DFE2F7CB68F17B39B88658,Minecraft - Xbox 360 Edition - Greek Mythology Mash-up Pack (World) (Addon)
8FF6F9C94DDFAAB72A811854143A6BA38206F00C54,Borderlands 2 - Psycho Pack (World) (Addon)
8FF9395BC0DB6AE5AD3548F633BC8BBDE0A3C3C84D,Lips - Michael Buble - Home (World) (Addon)
90163527ADD1406BCBEBAF1AAF52DC24B3E959B845,Rock Band Network - Rise Against - Satellite (World) (Addon)
902AF108CAF07F75951859FA0B12D0A5DC40EEAD45,Rock Band - Modern English - I Melt with You (World) (Addon)
903B22A3513EE470793742C37E3EB92EBF0ADD2958,Bomberman Battlefest - Bomb-Up Pack I (World) (Addon)
904C1DF4886086BB2000DE9F7B53DED1C30D7C474D,Lips - Olivia Newton-John - Magic (World) (Addon)
90577C55F6BBACBFB5595860766836D0CF495D9D45,Rock Band Network - All Shall Perish - Rebirth (World) (Addon)
90598FDD78B53C21F5B60F14AE274BB48102F52958,Pinball FX 2 - Marvel's Women of Power (World) (Addon)
9067504B78DF60C2FDA113495D9E429D98D51FA245,Rock Band - Belly - Feed the Tree (World) (Addon)
9075F444FE9FBC8105385151BBF11FAD799B1BED58,Gotham City Impostors - Bats Shirt - Tank of Tenacity (World) (Addon)
9089409730C93C11C841EA37A6619D4DD1EDB82957,Batman - Arkham Origins - Season Pass Skin (World) (Addon)
908DD47D20AD5E88E5D08E08C7EF5CB34A5AD51C45,Dragon Age - Origins - The Stone Prisoner (World) (Addon)
90A3EA01F0279189B815FD00A70E3C8DFD3EA80045,Rock Band Network - Free Spirit - Until the Night (World) (Addon)
90A8FC52B0475936133E12D9717091F5C5459EC645,Rock Band Network - Ava Inferi - Majesty (World) (Addon)
90AE36B60C947C1EE83A55395A0995F0046CAF0245,Rock Band - The Band - Chest Fever (Live) (World) (Addon)
90B9F6D7E2F3DBBA1DE2F34D495566FEEDD9512345,Rock Band Network - Rotary Downs - Promised Land (World) (Addon)
90E82B7C6355887719AA4CF469C84AE81EB9C4754D,Lips - Lil Mama - Lip Gloss (World) (Addon)
90FCE487AA893513DF4C1CB40680F4B6A7BA757547,Senko no Ronde Rev. X - Extra Costume - Mika A4 (Japan) (Addon)
911C96EB162B95346F0B81F6EC9FF53BA01FBE4145,Rock Band Network - Evile - Time No More (World) (Addon)
91374F54F1F115C1EE45C1E231BC3CCAE9F3C22145,"Rock Band Network - A Day to Remember - I'm Made of Wax, Larry, What Are You Made Of (World) (Addon)"
914483B91B5ED8F48E14E70604F90C5DFEA226B745,Rock Band - Disturbed - Pack 03 (World) (Addon)
914FC42561F0EBD0FA6E55C93834D4C3E38883004D,Lips - Keri Hilson - Energy (World) (Addon)
9151391BA93237C73589320B935F9C9B9F7F9EC045,Rock Band Network - Dirge Within - Forever the Martyr (2x Bass Pedal) (World) (Addon)
915229A897F45688EAA6D61BDDB625E0FF913BAE45,Rock Band Network - Mark Mallman - Do You Feel Like Breaking Up (World) (Addon)
91B62FD71CDD8A61A7F47199A578841E13B9D17958,Gotham City Impostors - Bats Pants - Knight's Nest (World) (Addon)
91CBEF49CFB13227F5DE5C3458B82ACE2BFDBD7D45,Rock Band - Mute Math - Typical (World) (Addon)
91CF12C4D53C40A296DD04DD17CD486C6755AA3B45,Rock Band Network - The Downtown Fiction - Oceans Between Us (World) (Addon)
91E5B0BF315E070BF5C06023A02CDB017ACF6D2049,Test Drive Unlimited 2 - GameStop Pre-order Bonus - TDU2 Casino Online (World) (Addon)
91ED8F9E3FCA6425897C2EE3E185734F4844EE6858,Real Steel - Add-on 04 (World) (Addon)
91F514AB1B17493356E1F220EC5F4BC35C8A289645,Portal 2 - Peer Review Downloadable Content (World) (Addon)
91FEB434F2CD0C488292B957056C085E775B638B45,Rock Band - The Mother Hips - Time-Sick Son of a Grizzly Bear (World) (Addon)
9204663A1A6561E34CD12956A2F9AF2422BCCE4645,Rock Band Network - Lil Deuce Deuce - I Like Trains (World) (Addon)
9209726D37B32DD69DBBC747189FC5BE467D708A45,Rock Band - 3 Doors Down - When I'm Gone (pro) (upgrade) (World) (Addon)
92188BA3A45181690B2CE00757146AE4412A90C655,Your Shape Fitness Evolved - NIVEA Tone-up with Sarah Maxwell (World) (Addon)
9219E07A011DCB3F711FA867E71C6DD6340F9ED74D,Lips - Funkerman - Speed Up (World) (Addon)
923DDB5DD6F47DDC8706F850C64D20E6CD349D3845,Rock Band Network - Bibleblack - I Am Legion (World) (Addon)
9252CB84636554C0DBA1F68095F32FE94C79880246,Adidas miCoach - American Football Pack (World) (Addon)
92ADDAEADC1CB122C17EABA7C1454A9AC6E5D90754,Dance Central - Dance Pack 03 (World) (Addon)
92AE30386E9AA93669757349E2430C1D45D4891145,Rock Band - Billy Squier - The Stroke (World) (Addon)
92BA67145AA8ECB0ADCB888C77B9591883764E3D45,Rock Band Network - KMFDM - A Drug Against War (World) (Addon)
92CE9110938B5598F1706366C5690524A02366BC45,Rock Band Network - Blackberry Wednesday - Hey I (World) (Addon)
92DD5F0D684FDBC090EE4BB82D3DE87CE1C192E245,Rock Band Network - Father Octopus - Blink (World) (Addon)
92FC52F026CDC6D438A053B95258E40EBB89C34A49,BulletWitch - Schoolgirl Costume (World) (Addon)
92FE8D3AFD506E22BD13BEB7D35DAA8EE756F85F45,Rock Band Network - Boney Mean - Rotten Cat Halloween Rat (World) (Addon)
930B14D2E7D051B1483E60CE3B0262A9624189D44D,Lips - Morcheeba - Rome Wasn't Built in a Day (World) (Addon)
931D4F94D0C0221D49BCD0456748E49546F72E4145,Rock Band Network - The Gufs - Smile (Live) (World) (Addon)
93222525CF5276610E34F8AF2498B04B28302E1258,Soltrio Solitaire - Game Pack 2 (World) (Addon)
9322D44065F606EB0A50938E45322E9960F989CB45,Rock Band Network - In This Moment - The Gun Show (World) (Addon)
93293A30D93975652E8A727791971023ADD9D5E445,Rock Band Network - Minutes Like Ours - Lights Out (World) (Addon)
932ADCD5ACD504F98B04CE9F9046170562566C7245,Rock Band Network - Megaphone - My New Favorite Disaster (World) (Addon)
936150FCBB19F71581D568F7765B192772E1D4274B,Def Jam Rapstar - Warren G - Regulate (World) (Addon)
93772D9F8C8BA75B845C798EC37DF5A234E20A3345,Rock Band Network - Destruction of a Rose - Rise and Shine (2x Bass Pedal) (World) (Addon)
939629A0F3D3B34F0825A9BC185ACD1EF552C86958,Defense Grid - The Awakening - Map Pack 1 (World) (Addon)
93A055CCC01D724CE0F234BB74AD0DF139CF802A4D,Lips - Keane - Somewhere Only We Know (World) (Addon)
93A1D86719D5160F9EC5738EEAD66811500FCBB645,Rock Band - Buckcherry - Out of Line (World) (Addon)
93CE1E1EB10427417D356A8E7D268981C01AF89245,Rock Band Network - The New Pornographers - Your Hands (Together) (World) (Addon)
93DBD6F4C214C5EF068602846C06259EBFCC3D5C4D,Lips - Coldplay - The Scientist (World) (Addon)
93EF6E63AE766689B22828593F8DAF9FA40B577B58,Gotham City Impostors - Bats Shoes - Courageous Kickers (World) (Addon)
940A21E419145FE4AB91DF88415E9BA4E65EC8154D,Lips - Jimmy Ruffin - What Becomes of the Brokenhearted (World) (Addon)
943B88D091E944136AD504ED74430EAE90F263EC43,Super Street Fighter IV - Super Complete Alternate Costume Pack (World) (Addon)
94458038CC232D1049DAF8FAD19B129F6D9B541845,Rock Band Network - Revocation - Chaos of Forms (2x Bass Pedal) (World) (Addon)
9447CE91C5AC20AE248F622D2BF18FBFF68FACE258,Chessmaster Live - Rayman Raving Rabbids Chess Set (World) (Addon)
944C1D73D7E446CFEE436BC4A07B5554B65723CF45,Rock Band Network - Widespread Panic - Chilly Water (Live) (World) (Addon)
944C876EED011E6B793319CD0C9294B0B96AB7AE58,Pinball FX 2 - Marvel's Guardians of the Galaxy Table (World) (Addon)
9456A7C16C1042B1466C5F142CF1F2D3AABD6AF549,Test Drive Unlimited - FREE Lexus car (World) (Addon)
947C1C345A21538DE408610CE470BC90B22F417445,Rock Band Network - Stars of Boulevard - Limousine (World) (Addon)
947F3713D997490452FEC55877184B16C198353B58,Real Steel - Add-on 21 (World) (Addon)
9488B6099122F93196838A163B6CECD4C47B78E24E,Beautiful Katamari - Dangerous Katamari (World) (Addon)
94961B054FDCEE7D534785B44346D4E5992A53614D,Lips - Depeche Mode - Strangelove (World) (Addon)
949B9AB08F3AA35C9411779C97475B9A2108132258,Minecraft - Xbox 360 Edition - Mini Game Heroes Skin Pack (World) (Addon)
94A0E3A7651B9A64ADFEA6DD60F1B7F3D44AC6CE45,Dante's Inferno - Free Soul Pack (World) (Addon)
94A1992EC39F52A98998FE4C4D7793EBDCCCB7AB45,Rock Band Network - After the Burial - Cursing Akhenaten (2x Bass Pedal) (World) (Addon)
94A54CEE6D0140F5774C27BF91565E56E42136DC58,Pinball FX 2 - Marvel's Ant-Man Table (World) (Addon)
94BBB59C6EC167E7427A05ADF2608630D8AA65CC45,Rock Band Network - Incordiales - No Pertenezco (World) (Addon)
94BCD61774FFF46A249DCC9AD0504F13EBBD13D645,Rock Band Network - The Minotaur Project - 77345_018 (World) (Addon)
94BD88999E5DFF8B0FC409FC91EC713A790A73EC45,Rock Band Network - Vargas - Hoy (World) (Addon)
94C227D6E3214BB1EC45B62DBEF405D803EDD09545,Rock Band Network - Fracture - Dominate and Overload (World) (Addon)
94C659329A894CFA993A7812251D576B679DA1894D,Forza Motorsport 4 - Launch Track Pack (World) (Addon)
94E2A5446BAF55FB3438CED89DD71439AA06DDB145,Rock Band Network - Rockapella - Bang (World) (Addon)
94EFCD4ADB312C4D0A138F6FDCC71859384FFDD54D,Lips - Wilson Phillips - Hold On (World) (Addon)
94F3039F323226C64990BC364A475FAA35A8212744,Onechanbara Z - Kagura - Kagura's Hair - Straight Twin (Japan) (Addon)
94FAB63623F87D5BCEB2A2287A4423FEDEBD6EA745,Rock Band - B.B. King - The Thrill is Gone (pro) (World) (Addon)
950F186FD180BA8BE72874AD7113AA487471766145,Rock Band Network - Assembly of Dust - Pedal Down (World) (Addon)
951A3CFBCBD76FA496B57FC542E5BAA8808EAD5045,Rock Band Network - No Bragging Rights - Ode to Logan (World) (Addon)
95231A7FEBCC22EB77063967B8EE42DB7124B5B858,Guardians of Middle-earth - Frodo - Playable Guardian (World) (Addon)
95388C55F40C0C4CEFA184FF57074372DB11210E4D,Lips - Coldplay - Violet Hill (World) (Addon)
954D9D75DF97CFED3E23C8F510EA4BD516C5621554,L.A. Noire - HMV Pre-order Bonus - The Chicago Piano Gun (World) (Addon)
95608CB9D73116706CC849A974A80BEC5812874C54,Bioshock - Genetic Enhancements (World) (Addon)
956A89E290EF639FE09CF113C030569B5DCF3AEB45,Rock Band Network - Dead by Wednesday - Pawns (World) (Addon)
957FFECB0D708FC61B940A3A7A7F339971F3577541,Call of Duty - Black Ops - Annihilation Pack 3 (World) (Addon)
95839F5B70BDB1C8B1B773CED4EB49950A4869A643,Marvel vs. Capcom 3 - Shadow Battle 02 (World) (Addon)
95C1A109509DF163E772B4683F99AC90F463907245,Rock Band Network - Big Light - Triceratops (World) (Addon)
95C406340A20265B696CF8B37C2017656FDFA9B245,Rock Band - Eric Cartman - Lady Gaga's Poker Face (South Park Version) (World) (Addon)
95C9B2C9A09F533898CEF288861CFACF54FC6F6258,Hasbro Family Game Night - Connect 4x4 (World) (Addon)
95D000BB4A50C976D01C0C4BDB012BBED76693024D,Lips - Billy Ray Cyrus - Achy Breaky Heart (World) (Addon)
96019D18D5E77AA2F47E5B3E20A8DA05545C824D41,Call of Duty - Modern Warfare 3 - Elite Drop 1 - Piazza Map (World) (Addon)
960DBD0BF8E4C4B000CC62CF7F7E4E8FAFD453FF45,Rock Band - Lights Resolve - Dreaming of Love (World) (Addon)
96272F61D1F41C66EBF812F3E51CFA04C55D672345,Rock Band - Rise Against - Pack 01 (World) (Addon)
962BB827CB406237FE3AB8B3A8197A01A3101F6A45,Rock Band Network - Scratching the Itch - You're My Everything (World) (Addon)
9647E16D71EBD2910FE56A4B08169FA4B4F2A7EA45,Rock Band - Motley Crue - Kickstart My Heart (pro) (upgrade) (World) (Addon)
96549D8A68D637BC0FD757B7A5F24EC7B21886E358,Band of Bugs - Red Kingdom (World) (Addon)
96629D803CA953EC1B11F6438EBEE624B0CAC2C74D,Lips - P!nk - So What (World) (Addon)
96674EF1CDE85A92257DF63ADC762025E9E95CF258,Magic - The Gathering - Duels of the Planeswalkers 2012 - Deck Pack 1 (World) (Addon)
966C0B521735FD19C3A16A802847FC3C26D876D358,"Pinball Arcade, The - Eyeball Custom Ball (World) (Addon)"
967B8D0C52774059D1C4651EEE5CFF265C5A9D8B45,Rock Band Network - The Main Drag - Megatron (World) (Addon)
9688F87CF0BD1DA417135D6637FA32DB2AFB66B64B,Omerta - City of Gangsters - The Bulgarian Colossus (World) (Addon)
96935B88F979B36335E7385102C2FB07500B8B5B47,Senko no Ronde Rev. X - Extra Costume - Karel B4 (Japan) (Addon)
969D4F419FD6486588F31F25A629ADD42F820BFC45,Rock Band Network - Husky in Denial - Would I Were (World) (Addon)
96A2C24BAE967C4FBD32E1CC0C41F266143F757045,Rock Band Network - NightShade - The Depths of Memory (2x Bass Pedal) (World) (Addon)
96B2B90D5C83DFFECA1CFC024E5E71327405D90D58,Gotham City Impostors - Crocky (World) (Addon)
96C7716F7DF59670A798BF29B6D6745798EA820053,Sleeping Dogs - The Drunken Fist Pack (World) (Addon)
96C87E4AB044B236F8A2272C65E8B7396172668A41,Call of Duty - Black Ops II - Nuketown 2025 (World) (Addon)
96D7B8C84A296CBE2B5F9FD3479DA7E2B797354D45,Rock Band Network - Psychostick - Political Bum (World) (Addon)
96FE81ADB97520499A0FF64CD9F5F3636EFEA5A445,Rock Band Network - Astra Kelly - Like Never Before (World) (Addon)
9705747CA6B4E62A8264441219F4391E8D5F5B1545,Rock Band - Lush - Sweetness & Light (World) (Addon)
970C4E11DE25B95FB4EF524BD769B1E7B790C8A24B,Otomedius G - Gorgeous - Additional BGM Vol. 2 - Eru Tron Pack (Japan) (Addon)
97243B2ADB34E1CA93D0214B9F8B5F3A88EAD5374D,Forza Motorsport 4 - Meguiar's Car Pack (World) (Addon)
972B8FC3FED7E8E94B7CCDFE4A020A98DAF7DF3545,Rock Band Network - Dance Gavin Dance - Tree Village (World) (Addon)
972E34DE84733D2741C3045E79D05D27F4786A8B45,Rock Band Network - Zoo Seven - Painted (World) (Addon)
9738B58642ABA3EE4BDE4F2544F2630ADDAEDEDC45,Rock Band Network - Analogue Revolution feat. Wendy Drown - Leap of Faith (World) (Addon)
9738D02A97044547A5BB50A0BF94AA0CC474AB3445,Tiger Woods PGA Tour 10 - Course The Predator (World) (Addon)
973C3A9C8408F8EA98F4AC2F4D985D16B1099A2654,Borderlands - Zombie Island of Dr Ned (World) (Addon)
97403AAE6387F8F073505DEE893322CA80BF91C145,Rock Band - Avenged Sevenfold - Unholy Confessions (pro) (upgrade) (World) (Addon)
9741129ECF496B1326D2334DF2BA39757961A2B645,Rock Band Network - Florence and the Machine - Dog Days are Over (World) (Addon)
974E58CAC2B625E43EC58E327A30D8B5E936E37745,Rock Band - Children of Bodom - Are You Dead Yet (World) (Addon)
975C4778CE43A6D88F0A1CDF9D27EE2D0A360C7A45,Rock Band Network - Kiev - Rational Animal-Layered Line (World) (Addon)
9787978944ED91560C01386E7B03D03426FA529D45,Rock Band Network - Deadlock - The Brave - Agony Applause (2x Bass Pedal) (World) (Addon)
9794D4BC7374291FCA90D6100A767CE350FCDC8B45,Rock Band Network - Foreword - Watch It All Go Down (World) (Addon)
979BEFB84200F47FC37E6E7BA167A7690D31AD8C45,Rock Band - Ozzy Osbourne - Pack 01 (World) (Addon)
979C81A134CD68EBAA2028D3214B37CEE59581E645,Rock Band Network - Emperor - Inno a Satana (Live) (World) (Addon)
97AC70003F6974EE333546DB7495B9DEA371E98E4D,Lips - Rascal Flatts - Stand (World) (Addon)
97B16AC8CB1EB9666A83CB47BB0AD6C4E55677D14E,Dragon Ball - Raging Blast - Saiyans Pack (World) (Addon)
97C3011919B697CAA81FD74F1CF818862B531CD445,"Rock Band - John & Yoko, The Plastic Ono Band - Happy Xmas (War Is Over) (World) (Addon)"
97CEB254CFF92789F7F16F144B82F7E398C70F6458,Gotham City Impostors - Rodeo Pirate Pack (World) (Addon)
97E711E7EE79DBA77843B417F35677C31714DF9345,Rock Band Network - Sunny Day Real Estate - In Circles (World) (Addon)
9807917C5B65E32D878ADD831D1C2BF653CD60AA45,Rock Band Network - Benighted - Let the Blood Spill Between My Broken Teeth (World) (Addon)
980993C972D5A3ED7CEFC9F355BF64181D97DDE658,Tales from the Borderlands - Episode 2 - Atlas Mugged (World) (Addon)
981672E396A207E8DD39661EC3AFE5D5EF0610E845,Rock Band Network - Madlife - Everyone (World) (Addon)
981E81F418E99D98CCE9336E0DD6BFDC9F3EFE9045,Rock Band Network - Terrorizer - Subterfuge (World) (Addon)
981ED33639F0A6275BA34BDD2E3D276C16F94A6D43,Asura's Wrath - Lost Episode 1 (World) (Addon)
9827C977F2FD2876EE7F6B8C0B359A605551A22B4B,Def Jam Rapstar - Kanye West - Can't Tell Me Nothing (World) (Addon)
9847AC54B7E426885CC9E36AB53DA689387AACAB45,Rock Band Network - Winds of Plague - California (World) (Addon)
9871EF57769D89B2217E30CDCFEE1347FF62C54D43,Resident Evil 6 - Additional Stage - High Seas Fortress (World) (Addon)
9874A1D237F71813B050E8360C0530288AB18BD245,Rock Band - The Presidents of the United States of America - Pack 01 (World) (Addon)
98924EC181AFCACF9E7E6BB3AD9A59DC09BAB02A4D,Lips - Kool & The Gang - Get Down On It (World) (Addon)
9899FD0AA3398928B00791E632154A0E07AE238D45,Rock Band Network - Robotmakers - Rocket Car (World) (Addon)
989C25D6FDEB2A0733F655EC45F950C416BC30E058,Gotham City Impostors - Bats Shirt - Courageous Camo (World) (Addon)
98A209CD7FB63504BA7876E72B966F341E707E9845,Rock Band Network - Aittala - Filthy Dog (World) (Addon)
98AF5DB2FA89086895F13712CE5B2C56F3AADB6945,Rock Band Network - The Main Drag - Cease and Desist (World) (Addon)
98BB6926042CE1E201B21D4609A88B7D5E37710954,Bioshock 2 - The Protector Trials (World) (Addon)
98C14B4AD41F92123B71CD8B1B2419F26141ABC049,BulletWitch - City of Screams - Extra Edition (World) (Addon)
98C341C923AEC5D79DD4742E50DC46C2AF355E9E58,Minecraft - Xbox 360 Edition - Minecon 2015 Skin Pack (World) (Addon)
98DD9EAA1DB2245D1DCEE16F7DB361CBA55A25784E,Dynasty Warriors - Gundam 2 - Additional Mission 09 (World) (Addon)
98E926405CA8BC2E65CB9586A878A33DE4C8C30358,Yu-Gi-Oh! - 5D's Decade Duels - Super Pack 05 (World) (Addon)
98EB391FE6C77DEF445CEB1D5ACCAECBC5F26CF345,Rock Band - The Used - Pack 01 (World) (Addon)
990B7CA30EB5BE2AE134A1FBBC2CA0404F7981BA45,Rock Band - Ohio Players - Love Rollercoaster (pro) (upgrade) (World) (Addon)
9915BB0F53BBFD40094A2D7A4846658BDFD435074B,Otomedius Excellent - Gesshi Hanafuuma - P.E. Outfit (USA) (Addon)
9919E90719787759917F63E5F924675D3DCF022A45,Rock Band Network - Sleater-Kinney - Jumpers (World) (Addon)
991C9619E63805B0E46E51799E25192B70FCCA094C,Star Wars - The Force Unleashed - November Costume Pack (World) (Addon)
992E93614F3FF9A5A84BED9C4DF654C4B8CEA84C45,Rock Band - 30 Seconds to Mars - The Kill (World) (Addon)
9932484C6C1BC3534349C2585ACC466F93FBEEDA43,Resident Evil 5 - Costume Pack 2 (World) (Addon)
993FCA844D6F2AFF9E8E41922747387FBF54F44F54,UFC Undisputed 3 - Knockout Pack (World) (Addon)
994A9913D367612644A0852D5940384BED7F322E45,Rock Band Network - The Fury - Picture Perfect (World) (Addon)
994AB9FF48C34EB9B0EC420A5F6FCC5A6B85D18F45,Rock Band Network - Public Radio - Forgot Love (World) (Addon)
9981998428C6B8A4107C6E56B48FE9D6572AABD845,Rock Band Network - The Giraffes - The City (World) (Addon)
99844D256ADF73EF3CA5903AE450814C0328D76458,Trials Evolution - Riders of Doom (World) (Addon)
9984FEC722A0599AC5AF2FED442CF09F1463B45345,Rock Band Network - Bang Camaro - Push Push (Lady Lightning) (World) (Addon)
99913DA8B4BC40FD8C8EB90D9B4D17C3E2C0005849,Test Drive Unlimited - Lexus Collection - Vol III (World) (Addon)
99B68FF512E9A23E10BC9503078DBF014EAEE22043,Divinity II - Wild Dwellers Set 1 (World) (Addon)
99BC09ED921EAC338903E0CB7A40E7F275088D9345,Rock Band Network - Audio Fiction - Race The Hourglass (World) (Addon)
99C87EDC026EF39FECC03C1461E3795A2529D99045,Rock Band - Anthrax - Pack 01 (World) (Addon)
99CFD1838DAA460EA53674F7640FFA41C61FC8B94D,Lips - M - Pop Muzik (World) (Addon)
99D3B447EAC3174C9F3A4547B047CD47D225335058,Game of Thrones - Episode 3 - The Sword in the Darkness (World) (Addon)
99DB15B97E6BACED1A1E13FBF20916C6C9BE301445,Rock Band - Weezer - El Scorcho (World) (Addon)
99DBB87467B840FC03E7F034CA0843618508C84454,Red Faction - Armageddon Recon Pack (World) (Addon)
99EBEA85AEC5752EE0FAD4242E7496BD6EEC76C645,Rock Band Network - Deception of a Ghost - In Case You Forgot (World) (Addon)
9A0700C5A13A645C0439B3501E06D1902B3ECA7F45,Rock Band - Motley Crue - Down at the Whisky (World) (Addon)
9A0BE337AB149300B4897141548F96A0316A1AC145,Rock Band Network - The Pinstripes - Come On In (World) (Addon)
9A19E475CD568BD3866DA1BD77BF7977017A83B745,Rock Band - Culture Club - Do You Really Want to Hurt Me (World) (Addon)
9A32EFC7FBF80BF835E0578E943F6D63FE94443845,Rock Band Network - Comeback Kid - Do Yourself a Favor (World) (Addon)
9A38D3F112A9FBCBC6A7255C4B56A66F8045F87F58,Minecraft - Xbox 360 Edition - The Elder Scrolls V - Skyrim Mash-up Pack (World) (Addon)
9A47B19446A604B9781077A94B63BCDAEE2EE34645,Rock Band Network - Glass Hammer - Sleep On (World) (Addon)
9A4F0E2960CB7B81BE2A99BACC38257149B7C1C545,Madden NFL 10 - Ultimate Team (World) (Addon)
9A5E2E7B803B1E402998F7FCA99373B097D9FF5D45,Rock Band - The Psychedelic Furs - Pretty in Pink (World) (Addon)
9A605B32CD643472D95C6B97A1B3F97CAF954E2045,Rock Band - Rise Against - Audience of One (pro) (upgrade) (World) (Addon)
9A652C81F9D7C4A6B8328BC0106CBC5D659641B645,Rock Band Network - James William Roy - Shiny Dark Bar (World) (Addon)
9A672E1BD49B0542F9C54353F013445FEAC9072A45,Rock Band Network - In This Moment - Mechanical Love (World) (Addon)
9A79CC5E8E89615B4167AC7C3530DE8F13D23D6C58,Yu-Gi-Oh! - 5D's Decade Duels - Structure Deck 02 (World) (Addon)
9A7C88D4E0745CC6901D46921C36A99F0CBC394858,"Kingdom for Keflings Kingdom, A - Kingdom Pack 1 (World) (Addon)"
9A83392ADE3220AA28D8EB13FAF7FD8358BB08FF45,Rock Band Network - Amberian Dawn - Talisman (2x Bass Pedal) (World) (Addon)
9A8855B6A4160E76F33AB5BFE8C5F38594836D1945,Rock Band Network - Me Talk Pretty - Wake Up (World) (Addon)
9A8EC101917B3225A41E74D9987FB3312C9606B045,Rock Band Network - Astra Kelly - These Days (World) (Addon)
9A8FE6458C2593EE985EAD9FD9B8801C9FA4AA1145,Rock Band Network - After the Burial - Aspiration (World) (Addon)
9A91A60F5FFC94ACB6E76A175229566300A4712245,Rock Band Network - Sin Direccion - AY (World) (Addon)
9AD2CFA08344AB94C4385D9B045F00FD7FF1C1A145,Rock Band Network - Blackberry River Band - Santa Fe (World) (Addon)
9ADDFEC505768A7C07D238416D0174A20A33A27D45,Rock Band Network - You Shriek - No Heroes (World) (Addon)
9AF419527A53BEFFD0064D0EA680AC512AE1F99B45,Mass Effect 3 - Resurgence Multiplayer Expansion (World) (Addon)
9AF54AC610BAF12C433C7E6B2EDED9D9C0512D2F4D,Forza Motorsport 2 - September Car Pack (World) (Addon)
9AF84271A654E21220C76B75887084050F51B4A158,"Raven, The - Legacy of a Master Thief - Episode 3 - A Murder of Ravens (World) (Addon)"
9AFF9188631D89BD74E06F564C793ECDFBEF1C7358,Yu-Gi-Oh! - 5D's Decade Duels - Card Pack 02 (World) (Addon)
9B0E0B9A9629EF4B553F2ADA7F7144A01DB73EF255,Assassin's Creed II - The Battle of Forli (World) (Addon)
9B13707749E8ABB48E36CDEC46D47C697D1F94CA45,Rock Band - Judas Priest - British Steel - 30th Anniversary (Album) (World) (Addon)
9B178E76FCBFF175E8CC54EEA75FC7DFB882DF1645,Rock Band Network - Paul Henry Smith & the Fauxharmonic Orchestra - Night on Bald Mountain (Mussorgsky) (World) (Addon)
9B5FEB47707E34035603F58D7DC0A44C289CC5AA54,Prey - Elhuit (World) (Addon)
9B651273163810E6FFAB92DDE441FE6D9BAE2C3B55,"Your Shape Fitness Evolved - Bundle New Year, New You + Dance Workout - Bollywood (World) (Addon)"
9B6B3E34B81F0AD3252A2471B950FFF59D183CF74D,Lips - Kylie Minogue - Love at First Sight (World) (Addon)
9B724CFB21B344C6B815916422516FF3FBFF5A2E43,Resident Evil 5 - Costume Pack 1 (World) (Addon)
9B72A22E714F1CC53EF5D0D12CB60DE5808DC54758,Gotham City Impostors - Bats Shirt - Sons of Gotham (World) (Addon)
9B79B41D1B0E3B406649E710FFB38C41084A9D3A4D,Lips - Heart - Alone (World) (Addon)
9B79E12C4D0C8EE497A77B2AE457CE331CF96A9C58,Buku Sudoku - Puzzle Pack 10 (World) (Addon)
9B7EB9C7CFFBA4B9A54625E31E6136276EF8D99A4D,Lost Odyssey - Triple Bonus Pack (World) (Addon)
9B8C33FC46F10EC1F33293E65858A1655FA4F5214B,Def Jam Rapstar - Rick Ross - Hustlin' (World) (Addon)
9B970BABFF0DA8D0AD5989C8CE677B97150DE61145,Rock Band Network - Farther Snake - Shape 3 (World) (Addon)
9BA6A0FD894515150B74027D026393740FAFD6654D,Gears of War 3 - RAAM's Shadow - Pack 2 (World) (Addon)
9BAD3CE327B390412EB059B9AB77A0AC58232B0345,Rock Band - The Mother Hips - Third Floor Story (World) (Addon)
9BDBE52C7937936880ADAA9ED52DD4D4E535697145,Rock Band Network - Attack Attack! - Smokahontas (World) (Addon)
9BDC7847EC91572BC6C952BFAD9FF1098BDB05CE58,Gotham City Impostors - Bats Logo - Bat on a Chain (World) (Addon)
9BF7ED4CEFB76358ED1FEA993A1441CC5FED54C845,Rock Band Network - Kid Beyond - I'm Alive (World) (Addon)
9BFD7B2969C7389C542A43F05F76080B17548BB345,Rock Band Network - Gatling - Nihilanth (World) (Addon)
9BFFB296D72306CE6EF63B3EC853DAA32DF7E9DF4B,Otomedius Excellent - BGM Pack 3 - Madoka (USA) (Addon)
9C27E4FBDF2C0267342FDD8B682D8A11E7581B784B,Otomedius Excellent - BGM Pack 6 - Esmeralda & Poini Kune (USA) (Addon)
9C2879818B803A683011157F12B67E2A438F170045,Rock Band Network - Firewind - World on Fire (World) (Addon)
9C333D1EAADFCD85DBF55FD95C64ABA9662E709D45,Rock Band Network - The Fire Violets - Dead to the World (World) (Addon)
9C358DBC46DA35B60C03D2BF74F1538039992BBA45,Rock Band - Warped Tour 2009 - Pack 02 (World) (Addon)
9C38F53C3EC428C92FAA88CB8924791578F2460C45,Rock Band - GLaDOS - Still Alive (World) (Addon)
9C7A038D069B151787834C19C9929FDDD308CF5445,Rock Band - Elvis Costello - Radio Radio (World) (Addon)
9CA70CF0EDA43654D158C2E37470D301DFA850E753,Tomb Raider - Underworld - Beneath the Ashes (World) (Addon)
9CA80B673A96AAC0F0BBA5DE87EA02D096758D2341,Call of Duty - Modern Warfare 3 - Elite Drop 17 - Offshore (World) (Addon)
9CB354D2C3DB7B62A51D667C39ECB0579F6B74A858,Yu-Gi-Oh! - 5D's Decade Duels - Card Pack 06 (World) (Addon)
9CB921395E45F7E43E2851292C20A4F2C0A002E058,Tetris Splash - Marine Angelfish Bundle (World) (Addon)
9CC2C513FC9F7CF9AC4525A488C21923B392326845,Rock Band Network - Tetrafusion - Last Chance (World) (Addon)
9CCD86350276602EA095605D79DC54599DB60D5B45,Rock Band - System of a Down - Aerials (pro) (World) (Addon)
9CE5AFFE59065CBAAB9FC54D8C34EDC2D4AF567845,Rock Band Network - Shylo Elliott - P.W.M.O. (World) (Addon)
9CE8CAC11AAFA0972FC5BB06B65B45C06786812145,"Rock Band Network - Van Friscia - Epic Symphony in A Flat Minor, Third Movement - Zero Hour (World) (Addon)"
9CEA779EB3D6B75B30F9264ED6AD067D3F52F33145,Rock Band Network - Perfect Hero - Passion Of My Life (World) (Addon)
9CF520072EB8FA1F1BFFAE7F2C4CC375043CDA9658,Castlevania - Harmony of Despair - Extra Stage - The One Who is Many (World) (Addon)
9D055DED434381433C04C516C4A2DE8A9B8C86FC45,Dead Space - Heavy Damage Pack (World) (Addon)
9D084822F04F432996F56500296C139935EBEAD854,"Carnival Games - Monkey See, Monkey Do - Coasterama Pack (World) (Addon)"
9D185D3ED176B0AB09861192E8753DA85E9B09A558,Band of Bugs - Map Pack 2 (World) (Addon)
9D1898102761B53FDF16F3CC3F682748C36B7BDF4D,Lips - Katrina & The Waves - Walking On Sunshine (World) (Addon)
9D1A0E903240965FE7458C4B1A666CB0AD3045FC45,Rock Band - Ace Frehley - Outer Space (World) (Addon)
9D1C64E211A04D75E5E90E717ECEA33EB58366E445,Rock Band - War - Spill the Wine (World) (Addon)
9D380152E0D6432279061C010968B07AE1D08CB945,Rock Band Network - New Rising Son - Rain (World) (Addon)
9D46626546AF81FC274F239B805A8B488759D35456,Time Shift Futures Past - MP Map Pack (World) (Addon)
9D67BBB08DC8636A2D6A89E5F0C8DB4290A5F57058,Mega Man 10 - Endless Attack (World) (Addon)
9D7157A1640EFD26E5FCB0819190CBE2541BE87545,Rock Band Network - Escape The Day - Turn Back Time (Rock Band Edition) (World) (Addon)
9D762E0B49FC0DE9C20145C3256345E0717D07E158,Eets - Chowdown - Puzzle Pack 1 (World) (Addon)
9D86CA157C451579C7CCED96E07E98C640E2936845,Rock Band - Coheed and Cambria - Ten Speed (Of God's Blood and Burial) (World) (Addon)
9D92E958C0EEC958744429257DF9F617A48D911F58,Capcom Arcade Cabinet - 1986 Pack (World) (Addon)
9DABC2DD01883771B17FBCFEB2DA23B6E98CC94845,Rock Band Network - Amberian Dawn - Passing Bells (World) (Addon)
9DB38360ACE9D94CF369BF60F4425EFE4C4ADC954D,Halo Wars - Historical Battle Map Pack Addon (World) (Addon)
9DCB00439958D01366B16565826DB5E2DD4750F14E,Ridge Racer - Unbounded - DLC1 Bundle - Ridge Racer 1 Machine & The Hearse Pack (World) (Addon)
9DE3124514CAE65FA1B9A736B61D9E17E559825D45,Rock Band - Green Day - Pack 01 (World) (Addon)
9DE5B7E839515B5F0BB1CA8BA13EBA2C8B92C6C958,Minecraft - Xbox 360 Edition - Adventure Time Mash-up Pack (World) (Addon)
9DEA3B06A2561F1EF87CBFE46D35CC6C082378B64D,Lips - Violent Femmes - Blister In The Sun (World) (Addon)
9DFA70B94C2DCFE20F68DF9517CAFEEF3B258D3645,Rock Band Network - There for Tomorrow - A Little Faster (World) (Addon)
9DFAEF82B7DAEE4FF1EFE177F5A304D9A15BBD8C45,Rock Band Network - Andy Kirk - Love Is the Only Thing (World) (Addon)
9E026C75609AB6623FE777603374EBF705D7780545,Rock Band - One Night Only - Just for Tonight (World) (Addon)
9E10E66DA121CF5141E6C5C990A359B1B99E648B58,Alien Hominid HD - PDA Classic Pack 2 (World) (Addon)
9E1D9AC19E866C53B752DB268D21DE4B1CC9E75545,Mass Effect 3 - Omega (World) (Addon)
9E2A13232CF9327941460E6317BF2115F67BFE8C45,Rock Band - Blur - Beetlebum (World) (Addon)
9E3272E0991C9A6F6AB27147D168CAB238C297E447,Senko no Ronde Rev. X - Extra Costume - Lili A4 (Japan) (Addon)
9E36696A815669537163CED8A0409B4B3DC0236C58,Mercury Hg - Rare Earth Elements Pack (World) (Addon)
9E3D599CCBAE1E9CF0D3C23C055B38B17B0CDAA545,Rock Band Network - Inkubus Sukkubus - Death Comes (The Wedding Night) (World) (Addon)
9E59C3596BFCA0E570407AACFAABBE2278C0493145,Rock Band Network - Daryle Stephen Ackerman - Sarah (World) (Addon)
9E76A804B2F907E7F3C3A93936DE22634B4B584D45,Rock Band Network - Foster the People - Don't Stop (Color On the Walls) (World) (Addon)
9E863B782D090F127D2CD8A8A9DC5E172A055D3F45,Rock Band Network - The Shazam - On the Airwaves (World) (Addon)
9E8ABF787A75A8E166EC26F5AFE0B3CA4F4743E645,Rock Band - Lady Gaga - Pack 01 (World) (Addon)
9EAB0DC0CF87113BDB9727560E81B6CD245C36C44B,PES 09 - Data Update March 2009 (World) (Addon)
9EB05DACB56D0437BC6CA8E559DEFDBE172EEE3645,Rock Band Network - The Shazam - So Awesome (World) (Addon)
9EB9D09DFDC07F95CE0A4E6FB49FA6796D85118E58,Zombie Driver HD - Brutal Car Skins (World) (Addon)
9EC705C8005E3AC654A5EA581EC4451596EC88DB45,Mass Effect 3 - Firefight Pack (World) (Addon)
9EE0FAD8109C428C7690363851B9DDDC2217DA6545,Rock Band Network - Madlife - I Hate (World) (Addon)
9EE16AC4D506D744C38689A486816E0F0A4A910345,Rock Band Network - KMFDM - Juke Joint Jezebel (World) (Addon)
9EF1DED027FA28B3FCBD8E19AB2F4A97FB8518744D,Viva Pinata - Accessory Pack 3 (World) (Addon)
9EFE73BEFBE2E27319FBCD2EDB0BED4F0B3F5CB747,Senko no Ronde - Dis-United Order - SubStory Vol. 2 - G.S.O. Hen (Japan) (Addon)
9EFF3AB477BF32C6C72BF2EDD1D60F15E6C48BC345,Rock Band Network - Jukebox the Ghost - Half Crazy (World) (Addon)
9F0CA74849DBDF2FE62B315D455C064CF31FB70E45,Rock Band - Eels - Saturday Morning (World) (Addon)
9F12A35E5B76B4175CBD9E0DCB0790688503D4E345,Rock Band Network - 8 Inch Betsy - Doomed (World) (Addon)
9F44AFF85DC7260FE14B4EB28E3914A69BAE50044B,Def Jam Rapstar - DJ Khalil - The 15st (World) (Addon)
9F49D44ACD1AF8224DA24AF93FE62E31603CF3F345,Rock Band Network - Seether - Country Song (World) (Addon)
9F59B01DDAD111550CA4D9968C64E4EA3169204645,Rock Band - Duran Duran - Rio (World) (Addon)
9F8727266784BE343DA2DA80CECBAB79D4546E6845,Rock Band 3 - Schick Promo Pack (World) (Addon)
9F88C81D762D6DF88B43221795AD951141EC7D4858,FunTown Mahjong - Merry Christmas (World) (Addon)
9F9FC2CA63FF0EAE74CD0CE933BA50F186795B5245,Rock Band Network - Circus Circus - India (World) (Addon)
9FA243720CC2CC957A88038ED29C20C5089DE80458,Darkstalkers Resurrection - Q-Bee Arcade Cabinet (World) (Addon)
9FADEB6F88BB04846B5D5B4CB7FF9C4449FB46DD58,Serious Sam HD - The Second Encounter - The Lost Levels of TFE (World) (Addon)
9FD359DC8527A79A340242801766E6D79A9D834C58,Magic - The Gathering - Duels of the Planeswalkers - Backgrounds (World) (Addon)
9FD9BCEB5CA3ECC7A928A46AF6A8255C8D0EED9C58,Who Wants to Be a Millionaire - Special Editions - Who Wants to Be a Millionaire Trivia Booster (World) (Addon)
9FDDD06617D1016DE468ACF53AC663E8BA2AD41853,Tomb Raider - Underworld - Classic Costumes (World) (Addon)
A0076E8F1F30D80A67ED64BAF12C27F7DFA0163D41,Guitar Hero - World Tour - Reggae Track Pack (World) (Addon)
A03128B3F69CEF735982A4F7AA17080781FB2BC145,Rock Band Network - The Riptides - Friday the 13th (World) (Addon)
A03F5468E5A68B9907B9290EC9E61C642D465F014E,Dragon Ball - Raging Blast - Revivied Warriors Pack (World) (Addon)
A03FDCDCD8C1218F428CEAF3FA48F4A7E02492D358,Domino Master - Basketball (World) (Addon)
A050B4B50A98C32B660FA12620BBF58BD0C1287F4E,Clash of the Titans - Zeus Challenge Quest Pack (World) (Addon)
A051BE33C85A23CF2EB97D995A94353056592B1D45,Need for Speed - Hot Pursuit - Super Sports Pack (World) (Addon)
A069170BDB34DE5C8336EAC2FB1CEC385CD9B8D545,Rock Band Network - Scott Attrill - Hot Stuff (World) (Addon)
A06C9389AFCE46A7BB4BB4EC8C7983FBE4C3139D4D,Forza Motorsport 3 - Nurburgring Grand Prix Circuit Track (World) (Addon)
A06F276B13ED23CCBD88D6D5C3A8F65A3508AEDE58,Choplifter HD - Arrowhead Chopper (World) (Addon)
A0714538DC5C5ED99F874AA1424BCEFC9355E39C58,Castle Crashers - King Pack (World) (Addon)
A07CDB853FB15669169F0BC3BFD71F6920E6081D45,Rock Band - Arctic Monkeys - R U Mine (World) (Addon)
A0848FA2F53A372AB5F1F8D58B0E79EB920B004658,Magic - The Gathering - Duels of the Planeswalkers - Deck - Wings of Light (World) (Addon)
A091C265F6AB3EEC6946041760D15A3B55A9322858,Darkstalkers Resurrection - Sasquatch Arcade Cabinet (World) (Addon)
A0A18C4A74EE68B45758B53171B17157876F1FCB45,Rock Band Network - Cetan Clawson and the Soul Side - White Heat (World) (Addon)
A0B8FDDB22A3060A7CCA0049FD647D81F105726345,Rock Band Network - Bojibian - Hallway (World) (Addon)
A0BA26B3CAF692F890F5B001FC4B1DED33781ADD58,Yu-Gi-Oh! - Millennium Duels - Madolche Pack (World) (Addon)
A0C52FC462C44DD3956B598519DCD45E8344E31845,Rock Band Network - Between the Buried and Me - Mordecai (World) (Addon)
A0D383460116AA2DD67ADFC1687EEA667B97F6FE42,"Elder Scrolls V, The - Skyrim - Dawnguard (World) (Addon)"
A0D9BC573B9A0E9AE97F67A141D98FEF0149C27F4D,Lips - James Blunt - 1973 (World) (Addon)
A0DA6E84BE3A05EA9A165FC878350DE48B22D80345,Rock Band - Queen - Now I'm Here (pro) (World) (Addon)
A0E09CF7C5E45B001186800ADD98AB6F368227FE4D,Lost Odyssey - Double Bonus Pack (World) (Addon)
A0E4462B1ED4410193A2FB099347B01AF11B6B8B4B,Otomedius Excellent - BGM Pack 2 - Erul Tron (USA) (Addon)
A0EA4C7C8C33C770269BB2335D7B664702CB3E1D58,Worms - Soundbank Pack 1 (World) (Addon)
A0FB9E6A885214A6CC6D8EA3429D1225ADF98D9945,Rock Band Network - Jonathan Coulton - Ikea (World) (Addon)
A1022FE3A1EB1715A519D149E81C417E6AFAEEF541,DJ Hero - Dance Party Mix Pack (World) (Addon)
A109A6D0B83FD24C2CAB432F72931157186A423845,Rock Band Network - Widespread Panic - Surprise Valley (Live) (World) (Addon)
A1118D3DDB81E603591E0EA1440B65564A0209C145,Rock Band Network - The New Regime - Tap Dancing In A Minefield (World) (Addon)
A11835B4E0452A28CC284B21732A78FE39C297CA45,Rock Band - B.B. King - The Thrill is Gone (World) (Addon)
A136D9CEA0C118032EA5F3265A3A7BF6F31215654D,Lips - David Guetta feat. Cozi - Baby When The Light (World) (Addon)
A144D6968332D20F46D5852FCD47B6674D68643C45,Rock Band - The Black Crowes - She Talks to Angels (pro) (upgrade) (Europe) (Addon)
A14A07206380C6CC7C5033B9DE14F501984ED9244D,Lips - Madness - Our House (World) (Addon)
A152D79980B599339507EAA4557654748B56374458,Buku Sudoku - Puzzle Pack 01 (World) (Addon)
A1655A2C08965395A5640B61E2120C0F0D7538F94D,Project Gotham Racing 3 - Pack 1 (World) (Addon)
A16D62F4DE0C3A7BDDF40A0E4BD9D9C2E5FE600945,Rock Band - (Arguably) Punk - Pack 02 (World) (Addon)
A17439325EEC3C89596D19A1C58072730E8E013345,Rock Band - Tokio Hotel - Monsoon (World) (Addon)
A17576E45B321F740BE0932440C9FA1FE7F5BD4A4B,Samurai Warriors 2 - Xtreme Legends - Support List (World) (Addon)
A17EF0B7FA2221DE1596DEE4200D131BDCD1369745,Rock Band - The Futureheads - Hounds of Love (World) (Addon)
A18C1A9DAA19364C7FE869422A0BDB569724648B45,Rock Band Network - Rishloo - River of Glass (World) (Addon)
A18EA05F52871BA3FB809786E008ECBBC36C352455,Far Cry 3 - Stranded Trailer (World) (Addon)
A1C04E07FFA0562F8F3DD4CA4BFEA630CEA9FC9845,Rock Band Network - Amberian Dawn - Fate of the Maiden (World) (Addon)
A21093519D48F19F8CE92DA9FAA70E00A36CFF2D47,Senko no Ronde Rev. X - Extra Costume - Karel A4 (Japan) (Addon)
A21E421AA27F75203A1EB6A034439DB83DF5885545,Rock Band - Megadeth - Rust in Peace (Album) (World) (Addon)
A22BFC1D650C62CEE3AC3AABEDF2769F558962AF58,Pinball FX 2 - Venom Table (World) (Addon)
A2442AB6DB70582354FB0E01B0B034BBC0DA904F45,Rock Band - Run-DMC - King of Rock (World) (Addon)
A24A2F0BCD524BF6CDDCAC585094F19DBE83595045,Rock Band Network - Jukebox the Ghost - Empire (World) (Addon)
A24CA35E6CD35D7E8C9239685B229E60273FB67258,Ancients of Ooga - The Forgotten Chapters (World) (Addon)
A2675ECA8453471AEA551BCD036BBD1C9A4BA1EC45,Rock Band - Nirvana - Pack 02 (World) (Addon)
A268F8486A998E19A28F96C81DFB8EEF5449976845,Rock Band Network - Benighted - Let the Blood Spill Between My Broken Teeth (2x Bass Pedal) (World) (Addon)
A275890E35D31622A6AB8D43C53F932A0342DEF64D,Mass Effect - Bring Down the Sky (World) (Addon)
A28A77FDC4CC3D98F57EF21810AF8F64C771917E58,Crimson Alliance - Vengeance Map Pack (World) (Addon)
A2D95CB14B95BE704085962109FA9A1863C3B08E45,Rock Band Network - Evile - My Parasite (World) (Addon)
A2DE1385D0272AC69061CAA09108A0AC23C8A1A545,Rock Band - Eric Church - Hell on the Heart (World) (Addon)
A309E5AF77E41DC121C8EC22C513FD528571665758,Yu-Gi-Oh! - Millennium Duels - Nordic Pack (World) (Addon)
A3242BFA82BDA3C3929F57482059496802439C6145,Rock Band Network - Bluefusion - Fighting Spirit (2x Bass Pedal) (World) (Addon)
A329D8F543387A81C5AE371A3EDE303BF431F5FD41,Call of Duty - Modern Warfare 3 - Elite Drop 8 - Foundation (World) (Addon)
A33EC174FB2BB1D942274DBC0A060F5EAD35B40554,Mafia II - Made Man Pack (World) (Addon)
A33F20FB1D81E79BE7B703D9827B525B2FCB194545,Rock Band - The Band - The Weight (Live) (World) (Addon)
A3427AC81D566D2E66CE1F1C0E31073A0327138945,Rock Band Network - Clutch - The Mob Goes Wild (World) (Addon)
A35DF7979D212AB3F36BA53257C425D070EC348D4D,Lips - Cliff Richard & Sarah Brightman - All I Ask of You (World) (Addon)
A35F58EB95B52900C843D3D689FC3C999499855145,Rock Band Network - The Devil Wears Prada - Dogs Can Grow Beards All Over (World) (Addon)
A366B9CE07ADFCF0EEE198FD6119B848D5C2A4FD58,Mighty No. 9 - Golden Beck (World) (Addon)
A36B5BF5E685FCD98D867167433D6BB6EF0D28D458,Rhythm Party - Song Pack No. 3 (World) (Addon)
A37ED91105A25A03F40DB510AB764FD1245B950045,"Rock Band Network - Sleeping with Sirens - If I'm James Dean, You're Audrey Hepburn (World) (Addon)"
A38A52C8AB05B3C5062A5F69F87CF7FECBB5C33045,Rock Band Network - The Devil Wears Prada - HTML Rulez D00d (World) (Addon)
A391B393B4AADFEC3EEFBED29D510321207F5ECB45,Rock Band Network - Bright Midnight - For the Strange (World) (Addon)
A3A048E9CA99B634FDCF4964AABDF4191471761E58,Magic - The Gathering - Duels of the Planeswalkers 2012 - Deck Pack 3 (World) (Addon)
A3A47FA8539D0E34F28B3CD0E021E3FC1AE5604D45,Rock Band Network - Speck - Grumpytown (World) (Addon)
A3AAC487F9BFDA7D4C9B72E704393FA50BB8882745,Rock Band 3 - The Doors - Greatest Hits - Special Edition (World) (Alt 1) (Addon)
A3BE3F0E64A9D1A186E4FCA0F18E72F6DB274A6841,Guitar Hero - Guitar Hero World Tour Patch (World) (Addon)
A3C09B3E0AEFC771DE5696131C4F259E273B9FDD45,Shift 2 Unleashed - Speedhunters Edition (World) (Addon)
A3D7385A09B1519B26E55981841CA53CAC780F424D,Forza Motorsport 3 - Pre Order Car Pack (World) (Addon)
A3DFEA2AB54878C04E8472B583013B1CA779393058,Minecraft - Story Mode - Season Two - Episode 4 - Below the Bedrock (World) (Addon)
A3E13E8647BF70DDEC9B5A4761FCB1B54FB278F845,Rock Band Network - Rival Sons - Torture (World) (Addon)
A3EA76EB216E45EE78ACB7A1110204CD5867A6D34D,Lips - Michael Ball - Love Changes Everything (World) (Addon)
A3F19B8AD536B9EDAF3BA45C2269AAF41B1084BC45,Rock Band - Thenewno2 - Yomp (World) (Addon)
A4087C38FDC9FCFB859008CB774854024C0F94CD45,Tiger Woods PGA Tour 11 - Championship Pack (World) (Addon)
A40BFE8EFDDB27C0B2530119B86F80E6B883E95F45,Rock Band Network - Drowning Pool - Bodies (World) (Addon)
A44B44B8EEA7AA260A6A303D7F0A9B7BF6FCA10C45,Rock Band - Jimmy Buffett - Pack 01 (World) (Addon)
A4651921E37E0E3413DED5275E3E2D337399728A58,Minecraft - Xbox 360 Edition - Norse Mythology Mash-up Pack (World) (Addon)
A47ACAB276E608BC3322804B8D8F2974FBA19CBB45,Dragon Age 2 - All Class Item Pack II (World) (Addon)
A4830A1D21E18D7B9103DA8A924C4F9F559FAD284D,Kinectimals - Now with Bears (World) (Addon)
A4830E8331141175D7149E7BEDB8EE1BEDD738A345,Rock Band Network - Kiev - Opening in G (World) (Addon)
A48A222151870D446B4E99CFFE6CF1F836EC00CD45,Rock Band Network - Amberian Dawn - Incubus (World) (Addon)
A493CD55D282710DF11419A749EFE9F0E1DF4B2045,Rock Band - P.O.D - Youth of the Nation (World) (Addon)
A49FA1EF1888F57C3BAAD5E052979216C9D09D8F4B,Otomedius Excellent - St. Gradius Academy Stage (USA) (Addon)
A4A0243819D3F3AC63619E377EFDBC672DC5AD164D,Lips - Selena Gomez & The Scene - Falling Down (World) (Addon)
A4AE15B500163EC2A1A429185B678AB741E328C44B,Otomedius Excellent - RV Vic Viper T-301 - Library (USA) (Addon)
A4AEEB5A4C527BB70320B15B8A4D415A8F0C238045,Rock Band Network - Kill Hannah - Strobe Lights (World) (Addon)
A4AF8525021B576FDFFE19BCBCF5D53ADDEBE1EE46,Game of Thrones - Beyond the Wall - Blood Bound (World) (Addon)
A4C264EC48FE3E47A71A809F578F2488426C5B694D,Lips - Mika - Song Pack (World) (Addon)
A4E61922B3DE0D1571D26B10E702DC92AA733C0B55,Tom Clancy's Rainbow Six - Vegas - 2 Gift Pack (World) (Addon)
A4FADA2C176B085513149A5B7DF0CAFD288A308E58,Gotham City Impostors - Bats Shoes - Fear Strikers (World) (Addon)
A5099084C6679AC85330FC3EB934BA8C69DECF6B45,Rock Band - Jackson 5 - ABC (World) (Addon)
A50A039F502246EBA1135304412789D220FC42E245,Rock Band Network - Stan Bush - Til All Are One (World) (Addon)
A50BE6E4DCB48550FBEDE4E231D70A84B2096EA14D,Lips - Big Country - In A Big Country (World) (Addon)
A51BD84D48ED66562AF4DFF9CA6EFB49C75F7C6058,Buku Sudoku - Puzzle Pack 14 (World) (Addon)
A523BFA3DC5EE2661FB45ECDCAA2D93862229DEC58,Band of Bugs - Ninja Sticks of Fury (World) (Addon)
A5383E1D894E91886D9AC2A4AB66FE168665501D4D,Fable III - Day-One Pack (World) (Addon)
A55660E52B56AF6BC11CC9AAE8421BBD77BAA80945,Rock Band - John Lennon - Imagine (Album) (World) (Addon)
A5567AED0EF765982D55A01AA2CD4BE5E058E91845,Rock Band Network - The Stills - Being Here (World) (Addon)
A557915CCB0C493C11786F19E2B1FC4153837A1958,Minecraft - Xbox 360 Edition - Minecon Earth 2017 Skin Pack (World) (Addon)
A5599DF6A2D2F31BBF0B57B19FC9B5FD5420736F45,Rock Band - Shaimus - All of This (World) (Addon)
A5652A5865CF86E2B81343B3B418AEB8BC29BF4F45,Rock Band Network - Asking Alexandria - To the Stage (World) (Addon)
A574D8383D8DB7F7CC2E2B85D0631353964C16C345,Dante's Inferno - Medium Soul Pack (World) (Addon)
A5754747CDD782A7D45F034AC2E23BD120C0372B4B,"Def Jam Rapstar - Busta Rhymes - Pass the Courvoisier, Part II (World) (Addon)"
A57B95193311FCEC841756DACB8C4F1A231418BB45,Rock Band Network - The Carsitters - Push Me (World) (Addon)
A583DEFBCF604F714937CE7D1F100B9F1D4F7F1B45,Rock Band Network - Widespread Panic - Ain't Life Grand (Live) (World) (Addon)
A58F38BF43D07B49D09A400288FB53334653AF1845,Rock Band Network - Amberian Dawn - Cold Kiss (World) (Addon)
A5A267C979F25038A4F780E166F9C636A78C38C14D,Fable II - Knothole Island (World) (Addon)
A5B5C7D1B04E93C93763234A5FE809165BE7DC914B,Def Jam Rapstar - Timbaland - Say Something (World) (Addon)
A5C0B446AE07F5C1C63FD85D5543AC0264E87FB445,Rock Band - T. Rex - Pack 01 (World) (Addon)
A5D843706B7B82934CA5BE4782292D183BDB60C445,Rock Band Network - Seether - Fake It (World) (Addon)
A5D8537B3DA38FDC8E80A562DE3C9B4ECB0FD33C58,Minecraft - Xbox 360 Edition - Redstone Specialists Skin Pack (World) (Addon)
A5E979E16858E0D3775C63FF69556922B18B861C58,Hasbro Family Game Night - Jungle Theme (World) (Addon)
A5F3DC8EC0092FD88B84AB316F4837C7F689C3C643,Marvel vs. Capcom 3 - Shadow Battle 08 (World) (Addon)
A5FBD9A1D9F3B40F273EDD1DDD279A98C813C57045,Alice - Madness Returns - American McGee's Alice DLC (World) (Addon)
A603FDED302AB5C741A888CF43902759A7819D104D,Lips - Daniel Bedingfield - If You're Not The One (World) (Addon)
A60424265023BCD89AF935759EBAD251E411707E58,Soltrio Solitaire - Game Pack 9 (World) (Addon)
A607DB5D960A260CCF7367E3382770C21E83BDFE45,Rock Band Network - Judy Buendia y Los Impostores - Me Elevas (World) (Addon)
A6095459A1449B99A90A5C424D6C6EB898D81DA958,Gotham City Impostors - Bats Shoes - Comfy Crimefighters (World) (Addon)
A60ACA4D9461E8683DCBBD85A0BBD32297B510A745,Rock Band Network - Madlife - Money (World) (Addon)
A612E9EF3D3A030198579D61E977FCBADFC4613B45,Rock Band Network - Blackguard - Allegiance (World) (Addon)
A61AA7F9949AA272D7C56137774DB092D4C218D145,Rock Band - Grand Funk Railroad - We're an American Band (World) (Addon)
A61DE6269C7332564FD4CCA620BBBE7CBF8E086845,Rock Band Network - Norma Jean - Deathbed Atheist (World) (Addon)
A625E0D7ED51ADDA217AD5F150C843988717E9BD4D,Halo 3 - Heroic Map Pack (World) (Addon)
A62909A835C6776B55F38A37EB88F7E4D00AC79245,Rock Band Network - Andy Timmons - Headed for the Ditch (World) (Addon)
A62E00378DB0270BBE7112E40362DD68B99DBB084B,Otomedius Excellent - St. Gradius School Stage - Library (Japan) (Addon)
A632C8821C225DFE9758BB0EBF5180570D81AF4B45,Rock Band Network - Stuedabakerbrown - Couch Sitting Rattlesnake (World) (Addon)
A643D5E524DF54D1B5D6D5583451ABE87140C9D245,Rock Band Network - Chaotrope - Betrayed (World) (Addon)
A648F5EE066EF86E1954B36E8543553B51B068B245,Rock Band Network - Shylo Elliott - Light (World) (Addon)
A64B5A240C971A2C27C8B90A16380087049133CF45,Rock Band Network - Six-Stringed Flamberge - Abrogator (World) (Addon)
A65121F737BF30A0460CC9B69A742C599C1BAD6E45,Rock Band Network - Clandestine - Disappear in You (World) (Addon)
A6609F1D7DF4BB3950352FD8DBCA7B5E0B6F2CCA58,Pinball FX 2 - Super League Football - A.C. Milan Table (World) (Addon)
A666EF48E4E925C30BC2723CDA1B427CA5BBB7A345,Rock Band Network - Paul Henry Smith & the Fauxharmonic Orchestra - Beethoven - Symphony No. 9 - Scherzo (World) (Addon)
A66887582AD8108F587C5DE229F7170721EBD67F58,Mighty No. 9 - MegaXel Form (World) (Addon)
A68875D3B2CFAAF2AB3B1A5E2D297022C12A3BA658,Meteos Wars - Galaxy Pack (World) (Addon)
A696A5352FEA37683CEABAF12F0CCB7D65EEAB9B45,Rock Band - Death Cab for Cutie - I Will Possess Your Heart (World) (Addon)
A69B1FAFD702A2A38A040546D31F2C38E68A1F7C45,"Rock Band Network - Matt 'Chainsaw' Chaney - Donuts, Go Nuts! (World) (Addon)"
A69C9DB7A4CBE2223145DCD85902623D3800830958,Minecraft - Xbox 360 Edition - Doctor Who Skin Pack Volume I (World) (Addon)
A6B0AD281CDD5F1BD14C608083F7736820C1C5B458,Minecraft - Xbox 360 Edition - Glide Myths Track Pack (World) (Addon)
A6CFFFC6F562DF2174CF8BCE9B3A4BEAABBEDBA54D,Lips - a-ha - Take on Me (World) (Addon)
A6E8F3E11BE3C29DBC80267BC2445E563CAB5F2445,Rock Band Network - Confide - Now or Never (World) (Addon)
A6EAE3F71E5FC4EFF113758C4185C88B3D764F5B45,Rock Band Network - Amberian Dawn - Morning Star (World) (Addon)
A6EE2348985ACE9512EF68D767528A4155B17BE44D,Lips - Cher - I Found Someone (World) (Addon)
A6F7B42B3754030414C01D7E84BFA225D1486CAE45,Rock Band - Rancid - Pack 01 (World) (Addon)
A7064ED0BA3BFC8081A0C94E2EEC839915D9321645,Rock Band - Kiss - Calling Dr. Love (World) (Addon)
A71163F7DA38BFB8068913FF2F61015F3FA3BC6645,Rock Band - Guns N' Roses - Chinese Democracy (Album) (World) (Addon)
A7144841C6BB67BE9530FE8F4FE4B1555F01E5FC58,"Pinball Arcade, The - Party Zone (World) (Addon)"
A72B12D72942F2C4255B627368B8B99527D373CF45,Rock Band Network - Noah Engh the Kid Fantastic - Buy You a House (World) (Addon)
A72D152E1068A8F9F04E6CA60C361C9DA53A424B43,Dead Rising - Casual Key (World) (Addon)
A7367E9481C8B1BE98D87CC48690B41B3FE67AD745,Rock Band - The Offspring - A Lot Like Me (World) (Addon)
A7401D362BF6CCC32577656412D4A77246EE5FF758,Who Wants to Be a Millionaire - Special Editions - Who Wants to Be a Junior Millionaire (World) (Addon)
A74A5CCCACD430F7B238823EA29EE9D03713BF1545,Rock Band Network - Jeremy Manjorin - Skinny Seventeen (World) (Addon)
A74B6878A75A1803B7D907F42D33B1234DFACFCD4D,Lips - Bobby Brown - Every Little Step (World) (Addon)
A76BE922464EB42C80289A4D19E3650AF316397955,Just Dance 3 - MC Hammer - U Can't Touch This (World) (Addon)
A76D6A7C6F018FEFFCCAA89C1163BCABE18889CC45,Rock Band Network - Steve Fister - Dodgin Bullets (World) (Addon)
A770E8B0A5F71214B2E8CB265F44E58854F3F73158,Metal Slug XX - Leona Pack (World) (Addon)
A78A13B309964BE4C87173F4E25C809F45E5DC6E54,Saints Row - The Third - The Trouble with Clones (World) (Addon)
A7BCA783A617B312AE4752355B17C31A047B023A45,Army of Two - 40th Day - Chapters of Deceit (World) (Addon)
A7C32D4531892F8AEF49F015657E3A264A225A2944,Onechanbara Z - Kagura - Accessory - Suspicious Eye Mask (Japan) (Addon)
A7CBBFEC1EF5EDC52E9F93B2D17CC0BD436748464B,Otomedius Excellent - BGM Pack 7 - Gesshi Hanafuuma (USA) (Addon)
A7D3BAFC3EBBE78C10A7CD4C9588ECE61612AAF658,Toy Soldiers - Cold War - Napalm (World) (Addon)
A7F9A558E800079F4C565F087C69F401880FC06758,Gotham City Impostors - Bats Logo - Spray-on Bat (World) (Addon)
A7FB10A72869C9B0456AFEC36D04B396A1649A7045,Rock Band Network - Emmure - 10 Signs You Should Leave (World) (Addon)
A801832DF6F22AB2D3369CEAF360FF5991562BF658,Crazy Machines Elements - Brainfood I (World) (Addon)
A80CDA7300764F4AE0F8ED537FAF024B87DF9D2758,Sonic Adventure 2 - Battle (World) (Addon)
A833E648C253FB359E9C25A100EB3594952364E753,Sonic and Sega All-Stars Racing - Unlock Pack (World) (Addon)
A8703BB5C3D7619421F4D38E1C818E56A84D20654D,Lips - Jason Mraz feat. Colbie Caillat - Lucky (World) (Addon)
A873820635BB54CB80FE482E9ADCF3F59B88F3A144,Onechanbara Z - Kagura - Kagura Costume - Kiwadoi Mizugi (Japan) (Addon)
A8772301CB09C5FFF221DF34B07785C4D6DCD78458,Yu-Gi-Oh! - 5D's Decade Duels - Reflection Destruction Deck (World) (Addon)
A88137AA80AC7CC1560E7F1E820C090C21509A834D,Gears of War 3 - Horde Command Pack (World) (Addon)
A88312773B541D8523E29109F027A64E49DBB64F45,Rock Band Network - Minnesota Sex Junkies - I Want It Back (World) (Addon)
A88C9B4058810E493EE4C08960FB852B56B0219745,Rock Band - Pantera - Pack 01 (World) (Addon)
A89D592175C574856C09C5783D36E36CD272E16445,Rock Band - Mastodon - Blood and Thunder (pro) (upgrade) (World) (Addon)
A8A20621F9DCA3AFC6B5C08A0A09D40BCA8DAE8445,Need for Speed - Undercover - Challenge Series Expansion (World) (Addon)
A8B77BD6E7E404FCF74B342E3665EA535CCA06B04D,Lips - Dan Hartman - I Can Dream About You (World) (Addon)
A8BB3B1C80F08177888E41FD93279790F4BCFEEC58,Pinball FX - Earth Defense Table (World) (Addon)
A8C0B4652DAF6B5825A0FB722B224C7DF83101374D,Lips - The Rasmus - In the Shadows (World) (Addon)
A8E72BC29FBCD7A684DB3DE6EE548AC56730523D45,Rock Band - James Gang - Funk #49 (World) (Addon)
A8F3485FB47DEA54C75A4DC816AE80FE6F4C47AF45,Rock Band - REO Speedwagon - Keep on Loving You (World) (Addon)
A8FDC85B8A8B4E72B7682AF7F794D23E20EF616C58,Gotham City Impostors - Bats Shirt - Detective Denim (World) (Addon)
A913F68C5367F1DE38F38E287504B55DC4F0B17245,Rock Band - Testament - Electric Crown (World) (Addon)
A9268B0E878C3D923225971DC4CF77483ABA999F45,Rock Band Network - Impaled - The Last Gasp (World) (Addon)
A929298591D3467EE48E10437FE011D4FBFC813E45,Rock Band Network - Rodrigo y Gabriela - Buster Voodoo (World) (Addon)
A92CDDA7AA59712D98D0DAD6223AF9F84C59B13345,Rock Band Network - Nerf Herder - Welcome to My World (World) (Addon)
A9306F5EE4202B6C8F36192B12A2AC9326A398AF58,Phantom Breaker - Battle Grounds - BGM Pack (World) (Addon)
A9383E3F5A387D8DB4C5FFD6B66E313EA78BD1C54B,Otomedius Excellent - Tita Nium - Bacterian Force Uniform (USA) (Addon)
A949B78B51DA0604CFAFA2B1406D048DC64A9F084B,Otomedius G - Gorgeous - Additional BGM Vol. 4 - Madoka Pack (Japan) (Addon)
A95360743E923E7F3A6770F0F77901F9E369DB854D,Lips - Barenaked Ladies - One Week (World) (Addon)
A95B4968ABCC2B635F26178DCA7773917449E57945,Rock Band - Anberlin - Breaking (World) (Addon)
A997DD8363B974B421D3A8C7526FA05D35A990BF53,Hitman - Absolution - Bartoli Custom Pistol (World) (Addon)
A9A41C92875D0EA2D68DEB9263125016B5B2C09E45,Rock Band Network - Otep - Fists Fall (World) (Addon)
A9A4204D76E4997D4D5E273C16C4C5A308CAA17445,Rock Band Network - Captor - Burn (World) (Addon)
A9AF55BE59B36AACC0E59BEB6213ED150A455DCB45,Rock Band Network - Edenshade - Another Purity Failing (2x Bass Pedal) (World) (Addon)
A9B93CF3696674DF80CA9FCACED8C8BB7E922F4045,Rock Band - Busted - Thunderbirds Are Go! (World) (Addon)
A9C67C04684D8658AA4D67EC855D51B044610A7E45,Rock Band Network - Eiffel 65 - Move Your Body (World) (Addon)
A9D6BDC91288151E0818E326DD0044AD7060062258,Minecraft - Xbox 360 Edition - Halo Mash-up Pack (World) (Addon)
A9EF9808778D31FD04312388527E82C6C70255E649,Test Drive Unlimited 2 - Best Buy Pre-order Bonus - Aston Martin DBS Carbon Black Special Edition (World) (Addon)
A9FA21F6C23182A720142FEC9B7AB1159732C1D554,Red Dead Redemption - Liars and Cheats (World) (Addon)
A9FB8CFADEF1606C759B69762D1E9DA0192414A245,Rock Band Network - My Ruin - Walk of Shame (World) (Addon)
AA00F8964DFE61A1C87EB024A140177F875BB5C745,Rock Band - Blink-182 - What's My Age Again (World) (Addon)
AA10729E62721B4EAF674486684E31CD9B94AC4F4D,Crackdown - Free-For-All Pack (World) (Addon)
AA44A41A79E86CFE3696FEEF633941E70A5AF3C445,Rock Band Network - (Damn) This Desert Air - Ghost I Own (World) (Addon)
AA5188F6B073F4FA4BE1AE802978436D78F6D59545,Rock Band Network - Nick Gallant - Inside Out (World) (Addon)
AA53CFBB47CB0BB46BF8A5264BAA5D46B72AC9064D,Lips - Kool & The Gang - Celebration (World) (Addon)
AA5695A7CBE214F7E0468B1C43F5B5787741A2C04D,Lips - Mew - Special (World) (Addon)
AA59A12FA4C5B0D0C9ABB02F2545C77CE9125D7058,Worms - Hell Landscape (World) (Addon)
AA6590D6BA2E9EBFCE859AA4E239207D51312BD94B,Otomedius Excellent - Aoba Anoa - St. Gradius Academy Uniform (USA) (Addon)
AA66407101E6B3E4980EF11E455EA447AFA1138645,Rock Band Network - Edge - Under Water I Drown (World) (Addon)
AA8374403453A0F02406A7460605655C1522F04C45,Rock Band Network - Evergreen Terrace - Sending Signals (World) (Addon)
AA8F507902C3D3D05E38F115C0170A4A2CC412C84D,Forza Horizon - November Bondurant Car Pack (World) (Addon)
AA928CFD0AED7A13DC4BD96128CB4967C8B738A058,Hard Corps - Uprising - Harley Daniels (World) (Addon)
AAAF1A1F5B8830D3FF307FDAB68E7A9719547F8845,Rock Band - Bonus Rock Band 2 Tracks (World) (Addon)
AAC5DE3C9E0510DB6648618FD51235B08DDA86AD4D,Lips - The Hives - Hate to Say I Told You So (World) (Addon)
AADBD67854A470A8FB5A9E73225CAD290BB52C1058,Child of Light - Light Pack (World) (Addon)
AAE0CC0D4062788BD43880664F6BC1FB70B0008F58,Child of Light - Rough Oculi Pack (World) (Addon)
AAEE7FF1CAAFF45AD2CF88D1BD53B6B3CD74746D4D,Lips - David Bowie - Blue Jean (World) (Addon)
AAEEEF9CAAA00A0EF514E5C0BBA05AF6721E691E58,Minecraft - Xbox 360 Edition - Halloween Skin Pack (World) (Addon)
AB1011E523299E273906A2B7B2F7BF36919D169253,Caladrius - Additional Character - Nightmare of the Lilith (World) (Addon)
AB24A4D42BC3D81BEAD5E3C7122188E89762822745,Rock Band - Skizoo - Dame Aire (World) (Addon)
AB291FA5D2D7D19E48F462E1BE09E6EE35145B1C42,Oblivion - The Fighter's Stronghold (World) (Addon)
AB350B20359332837330FD774260DC7653D6338054,Dance Central - Ne-Yo - Because of You (World) (Addon)
AB4C0584AB77786F7D23000A06DABEC7271D039A45,Rock Band - Foreigner - Juke Box Hero (World) (Addon)
AB60125666448C263B765DAFD98B4E5B663A672A45,Rock Band Network - Devin Townsend - ZTO (2x Bass Pedal) (World) (Addon)
AB68E86F0DD0F7F28438D30C34B9EE094C57DBC947,Senko no Ronde Rev. X - Extra Costume - Fabian A4 (Japan) (Addon)
AB69DE8891F3C20BA5328758D2DCFD19DB026F3E45,Rock Band - Honest Bob and the Factory-to-Dealer Incentives - Entangled (World) (Addon)
AB6C0A1120318274A98A0CE335F827C42F4244E045,Rock Band - Die Toten Hosen - Hier Kommt Alex (World) (Addon)
AB798841C15E724E3040BD0DDC35A4A50C3B7F134B,Otomedius G - Gorgeous - Additional BGM Vol. 3 - Emon Five Pack (Japan) (Addon)
AB802768E356039740912D97107D7ACE9275CE9D4B,Metal Gear Rising - Revengeance - Jetstream (World) (Addon)
ABA661D8D4AC370D50F399456A7FD85EFD04C09845,Rock Band Network - Kramus - Down Below (World) (Addon)
ABB1EA53DFB6A1D92CA9B467DA3462FC80C44F5345,Rock Band - Coheed and Cambria - Pack 01 (World) (Addon)
ABBB6A26A0B5C10E13F8A724CEC5ADD5121F69EA4E,Ridge Racer 6 - Unlock Key 33 (World) (Addon)
ABC213C9B3245C1E5C4B393421BF27209ED13F9B4D,Lips - Cold Chisel - Khe Sanh (World) (Addon)
ABE1912F601DEEF2F71A7AB9D1C0E84B7C3A30E645,Rock Band - Spoon - Pack 01 (World) (Addon)
ABF29125AEC6A4CEAA7604C7FB0CBA165121902554,UFC Undisputed 3 - Ultimate Fights - Ultimate Compilation Pack (World) (Addon)
ABF2D4F0959CAA74DCB979ADB52C0F940E248F2345,Rock Band Network - Where the Ocean Meets the Sky - The Mettle of a Man (World) (Addon)
AC0089F81B621CD0E0C156B6176EFCC6C844705D53,Tomb Raider - Underworld - Designer Costumes (World) (Addon)
AC0124D819CC68B8FEDC576B7ADAEB508FD11BA045,Rock Band - Billy Joel - Big Shot (pro) (World) (Addon)
AC0AF1EAAC86E3B82DF7B5B770879F4AC70B1D6558,Gotham City Impostors - Bats Pants - Beach Bats (World) (Addon)
AC265DEBCA92E3BA9FE0A2D2C58CB9A08CD9047745,Rock Band Network - Kodomo - Spira Mirabilis (World) (Addon)
AC48599FFCBAD535C900E5A1DBF54FA5788DF7E549,Test Drive Unlimited - Test Drive Collection - Volume Four (World) (Addon)
AC48EEF05133CD8FA44AD8481EAF10EE945D5B1D45,Rock Band Network - Evile - Devoid of Thought (World) (Addon)
AC4907A53D03F90A40652654D96D93239A79B75045,Skate 2 - Throwback Pack (World) (Addon)
AC596907EDC33957F4122E12D3CCF1984C99FC5D45,Dead Space - Speed Kills Pack (World) (Addon)
AC596D782044E919C4A8052628BE994A31670F7041,DJ Hero 2 - Pendulum Mix Pack (World) (Addon)
AC5F2B7ACEB52DCBFC4D29D64427A9CF953382544B,Def Jam Rapstar - Soulja Boy Tell 'Em - Crank That (World) (Addon)
AC6BDCFD339DCA4E2CF572320B4602B787568A3645,Rock Band Network - The Slip - Children of December (World) (Addon)
AC7248B2F1F2F51A74B5A2FE4056564D1CE58A8A45,Rock Band Network - Chaotrope - Diachylon (World) (Addon)
AC9C6FD66AC43A4A1731E38D30E81700906433464E,Dragon Ball - Raging Blast - Warriors on Earth Pack (World) (Addon)
ACA9D1820BAB7E7B688BA2993A83EDC56E91DD5253,Cyber Troopers Virtual-On - Force - 3rd Operation Mission Pack (Japan) (Addon)
ACE4E65BC7BA561F3A27C1A5390B5904CB6C73EB4D,Crackdown 2 - Pre-Order Armor (World) (Addon)
AD0D16532A6E08132D060602AA382BCA3FE333B245,Rock Band Network - Widespread Panic - Flicker (World) (Addon)
AD0F339921FD08510166957CBD19322F0C6ECFEC4D,Kameo - Winter Warrior Pack (World) (Addon)
AD11F9DE53A6A4169BB1FCBA4C9CB851CCB250F845,FIFA 10 - Ultimate Team - English (World) (Addon)
AD24F4A0420D2FC7D8D498700B834523CD70F18E45,Rock Band Network - Broken Equilibrium - Epitome of Misery (World) (Addon)
AD46E303EDB4411D68B752F9DF69EA71B043DF7745,Rock Band - Eagles of Death Metal - I Only Want You (World) (Addon)
AD474976CC4C47A80F7C7F78CBDD507BF6D0069445,Rock Band - Night Ranger - Pack 01 (World) (Addon)
AD4908F425E8F3C79EB2FFE637AA0B103F5C67D645,Rock Band - Platero y Tu - Hay Poco Rock N Roll (World) (Addon)
AD503ACC445A42795E0E92D1B66B9A48A256248245,Rock Band Network - Partially Poetic - She's a Runaway (World) (Addon)
AD7827F95B8DFFEF17C18C1F9ED6E7C76A7ABA5F45,Rock Band - Freezepop - Pack 01 (World) (Addon)
AD79EEDD3E39B78286BB2ABD1CBDED900F93B4A558,Frozen Free Fall - Snowball Fight - Sven (World) (Addon)
AD922325B2E49865F191AC402DBB1569A43C206E45,Rock Band Network - Look Mexico - You Stay. I Go. No Following. (World) (Addon)
ADA5876921C6C136F9453A73393717995487F4124B,Def Jam Rapstar - Danja - Wyld Money (World) (Addon)
ADAF3353D3B9360BBFED7B218E76B115F2A819E045,Rock Band Network - Rod Kim - Tomorrow She's Mine (World) (Addon)
ADC68AF3A34A3EBC889BA4CF79CDEFDD077444CF58,Mighty No. 9 - Ray Expansion (World) (Addon)
ADCC0CE94DA4F3F97E009C82E1B28BDCAEE9B14445,Rock Band Network - Division Day - Chalk Lines (World) (Addon)
ADE01B1B61B2DAA3FF9526A124E9D3C1BD8788CD45,Rock Band Network - Cancer Bats - Scared to Death (World) (Addon)
ADE14A0E51DE282203528D28A1817496FB4E403345,Mass Effect 2 - Terminus Weapon and Armor (World) (Addon)
ADE898154DA1B004750F5FFCB554CB6C1D378C0045,Rock Band Network - Free Spirit - Far Away from Heaven (World) (Addon)
ADE9D45DE263AE8DBA86F1EE17740A6B204089734E,Dragon Ball - Raging Blast - Warriors of Justice Pack (World) (Addon)
ADF19ECE0C14BBA0DFC08CBF752967BF2219551945,Rock Band - Blink-182 - All the Small Things (World) (Addon)
AE11F72AE00FA772FE1682DDAAED673B6635113E45,Dante's Inferno - Florentine Dante Costume Pack (World) (Addon)
AE201CFDEFFB0C988B4A1DC89EDF2B4F7491FB5354,WWE '13 - DLC Pack 3 (World) (Addon)
AE65672DC2325EC91D45205315CB9C2E293CDA2545,Rock Band Network - Dark From Day One - New Addiction (World) (Addon)
AE7C27F5330E597E95E3811F405D6AB5D05FF32545,Rock Band - Poison - Pack 01 (World) (Addon)
AE7EAFA1F1A8515022D7D67E56C9D451891309EB4D,Lips - Geri Halliwell - It's Raining Men (World) (Addon)
AEA08318AB5FBC9A6A831FF75B1206335EF1DEBF45,Rock Band Network - The Apples in Stereo - Energy (World) (Addon)
AEA4FC27DEE793CD215BE535134B6D6701BEA20658,McDonald's Monopoly - Theme Pack (World) (Addon)
AEC65B774AE5B73F6B07412E1B6D9AB7F59EAA7045,"Rock Band Network - Junius - Elisheva, I Love You (World) (Addon)"
AEDEF5268B8629F9A754FFBBCFBA1819E68E69254D,Lips - J. Geils Band - Centerfold (World) (Addon)
AEDEF7F1AAFA982ADFB5CAA94B00BB774967033858,Merv Griffin's Crosswords - Puzzle Pack 1 (World) (Addon)
AEE13C23F7B605AE1BB71771E013F9A9856EC45655,Tom Clancy's Rainbow Six - Vegas - Black Edition (World) (Addon)
AEE269CA693AA97102FA068E73A5FD425CD5885B45,Rock Band - Tom Petty and the Heartbreakers - American Girl (Live) (World) (Addon)
AEF0657D98DBE472E2521E56C40BCBE4B35DF76745,Rock Band Network - Lucid Grey - Barricades (World) (Addon)
AEF71E94B8DAD90A3EBFB3A585C8518B1C5B6B3345,Rock Band - Linkin Park - What I've Done (pro) (upgrade) (World) (Addon)
AEFE50A11473DE96FECBDDE81A4738060C3906D658,Exit - Additional Stage Pack 2 (World) (Addon)
AF16A1E4A27445E62FCDBAEEBD85A66C5F173F674D,Forza Motorsport 3 - Community Choice Classics Pack (World) (Addon)
AF175F8B3C8E2350691D596CB2B9D5CD037F703E45,Rock Band Network - Jonathan Lee - Sound of the Redeemed (World) (Addon)
AF1B13E74D0ACD09F7870A8D5F9E6206BF082E5358,Star Trek D.A.C. - Deluxe Edition (World) (Addon)
AF2470105096E0BF2DA68A9ADC97AA5C58D6D88158,Resident Evil - Revelations 2 - Raid Mode - Album Storage A-B-C (World) (Addon)
AF27D906BC25568477CEDD58E55245C5C4E25A6B41,DJ Hero 2 - DJ Hero Downloadable Content Update (World) (Addon)
AF2A95153FBAAD9F6134AFECDEC77244E0766C6945,NCAA 11 - Power Pack (World) (Addon)
AF3F39089442FF3A3D103D04B36AF48824CE0DB658,Pinball FX 2 - Sorcerer's Lair Table (World) (Addon)
AF4744730BA902FBAF20159956E32E8E62C0ACD058,Yu-Gi-Oh! - 5D's Decade Duels - Super Pack 03 (World) (Addon)
AF56775CAFB052A169B7DCF09E4C75A35CBD248445,Rock Band - Johnny Cash - Don't Take Your Guns to Town (World) (Addon)
AF5A21CDD8B0088C1B34991AE6B09036B53977C04D,Lips - The Veronicas - Hook Me Up (World) (Addon)
AF6597A47551CFE33BD04EAD3AC5E0DEB1854A8058,Darkstalkers Resurrection - Bishamon Arcade Cabinet (World) (Addon)
AF72E286A98D3205144F7FCDE84BB35613F8BFA449,BulletWitch - The Bound Soul - Great Spells Unlocked (World) (Addon)
AF7B7B5877854DC0C9A729DD58EC23A0C5C0703B45,Crysis 2 - Gold Dog Tag (World) (Addon)
AF85C9CD83B91F2664735317EC0A6E5A0DF3083C54,Duke Nukem Forever - The Doctor Who Cloned Me (World) (Addon)
AF91A53C69B3539F64BE4EC685FC58848C04E7C058,Resident Evil - Revelations 2 - Extra Episode - Little Miss (World) (Addon)
AF9E07EBCFAE82E81BC671A17F304636AFB489E543,F1 Race Stars - India Track (World) (Addon)
AFAA163A6485AE0008D78AD2758BB7A33A33306845,Rock Band Network - John Garrison - Footprints (World) (Addon)
AFCC4B9DCEFF57D1AC67CE2F70F73D496B47C73845,Rock Band Network - Nonpoint - Alive and Kicking (World) (Addon)
AFDC2914E74680649E2C63FE36E2A73F77A1A65145,Rock Band Network - Man Parts - Motorcide (2x Bass Pedal) (World) (Addon)
AFE96718998BDB3B060BDEE0BF72B17EF5B4222B45,Rock Band Network - Buckner & Garcia - Mousetrap (World) (Addon)
AFE9FC8838583EAC523AB8048EF9EDA2B6080CFE45,Rock Band Network - Within the Ruins - Feast or Famine (World) (Addon)
B023A9AFF51648BF1FF3917030EBBC602D26D19C41,Call of Duty - Modern Warfare 3 - Elite Drop 10 - Kill Switch (World) (Addon)
B049A2325D40BC81C3BE824838A4DDF9184E974D45,Rock Band Network - An Unkindness - Words Cannot Express (World) (Addon)
B049B7164A8EB3BB092950613ECDA36BB802361A4B,Otomedius Excellent - BGM Pack 9 - Kokoro Belmont (USA) (Addon)
B04B72AC327A78E9EC4F2E1B00C2273BD77368514D,Lips - Coldplay - Speed of Sound (World) (Addon)
B04CEA83B5D9E35CEBA2C01B99507AC807FF526C4D,Lips - The Bangles - Walk Like an Egyptian (World) (Addon)
B04E0D133DA355A2EEA0A33E67DEE8CF5B7D750258,Yu-Gi-Oh! - 5D's Decade Duels - Card Pack 09 (World) (Addon)
B0583F28E29CC3C8F10DE52533F1EACCA17139A645,Rock Band Network - Kittie - The Truth (World) (Addon)
B0832FF53A473D9B7B7644913A0564A66C359A1645,Rock Band Network - Vangough - Drained (World) (Addon)
B0838C8EEF47B6161D8B31769391944DE72B67EE58,Street Fighter III - Third Strike - Online Edition - Match Pack 1 (World) (Addon)
B09504DAB4D3D3292D36A7C8E4A31431299352B145,Rock Band - Alice in Chains - Pack 01 (World) (Addon)
B09E678CAA3C46638858EF68F7080C577AFADB3245,Rock Band - Earache Thrash - Pack 01 (World) (Addon)
B0A80441F3E472670674801B2F0EAE4A47CEB15945,Rock Band - Radiohead - My Iron Lung (World) (Addon)
B0BD16E735FC3E9DF74E7AB1C42D72E2A26E484141,Call of Duty - Black Ops - First Strike Pack 1 (France) (Addon)
B0CC84799DA79D6FBA636534CAD53186C1C1698645,Rock Band Network - The Apples in Stereo - Hey Elevator (World) (Addon)
B0F49EF660F84EBF8559868FFE615AB4556F433958,Resident Evil - Revelations 2 - Chicago Typewriter & Parts (World) (Addon)
B103B318AC10EB82BEB45E1A1B4106EBD89B752945,Rock Band Network - Job for a Cowboy - Unfurling a Darkened Gospel (World) (Addon)
B11949D8F4D4DC5915152F2C08DA6BC2DE2369F145,"Godfather, The - Favor Pack 3 Favor Missions (World) (Addon)"
B11CA7C4420F6E5CD1EAED31B5A3AB3FF5DE942254,Dance Central - James Brown - Get Up - I Feel Like Being a Sex Machine Pt. 1 (World) (Addon)
B120760B1A01B061C4F8D34A48D1D66678E2800A45,Rock Band - My Chemical Romance - I'm Not Okay (I Promise) (World) (Addon)
B1226F3F1EFA8FAF5E58A5494061AF6683FF64C74B,Dynasty Warriors 6 - Empires - Complete Female Armor (World) (Addon)
B13924A845882C126425D598B21E8D37CA6998DA58,Marathon - Durandal - Jjaro Netmap Pack (World) (Addon)
B17A37E0ED852AB315F2E0A6195148E89ADFCB9B4B,Otomedius Excellent - Kokoro Belmont - Library (USA) (Addon)
B17ABE404B126AFF2CE7DBD6B061CF4520305C5145,Rock Band Network - Demon Hunter - The World Is a Thorn (World) (Addon)
B18060BACF2A4D12DE36AA1705EF54150A38351C45,Rock Band Network - Kay Hanley - Think Bad Thoughts (World) (Addon)
B182C25053DD2B6791D8FB9BE70C39C301F3EEE545,Rock Band Network - Universal Hall Pass - Dragonfly (Symbion Project Remix) (World) (Addon)
B190DC5BC6BD31543F689585EA4A031D8FF5BFAB54,Dance Central - Snow - Informer (World) (Addon)
B1932D428F8D637833613DB5E05D2B42622BDF3F45,Rock Band - Sugarland - It Happens (World) (Addon)
B1A457424DD05ED7FB7F9BA59C6C1F4E843AB56945,Rock Band Network - A Silent Film - You Will Leave a Mark (World) (Addon)
B1A493BA359C56825FB0BD67F37931CEFA71695958,Trials HD - Big Pack (World) (Addon)
B1A5CCCAAF7F14B1F47CE1FA7FAC48B33882727B45,Rock Band Network - The Virginmarys - Bang Bang Bang (World) (Addon)
B1B62D030ACDD5DE2C2F18AE89257E928405B75245,Rock Band - Roadrunner Records - Pack 01 (World) (Addon)
B1BA019BCB862307A04BF0998580E6FE436CCD2045,Rock Band Network - Anarchy Club - A Single Drop of Red (The Gentleman) (World) (Addon)
B1CA6AB374542F01CF0AD500355AC52FA7E96FAE45,Rock Band Network - Creed - Higher (World) (Addon)
B1CBF17ADD3A61B6C40D4495ED1CD05F4D7C7F9445,Rock Band Network - Miss May I - Relentless Chaos (World) (Addon)
B1CEE4E470853C0A4627B50C9C3668E80F2043B945,Rock Band Network - Tiny Danza - Beat Fly (World) (Addon)
B1E24B07F314A177F811953E9C4CA12A03077FF158,Things on Wheels - VROOM (World) (Addon)
B1F724C10D30EFB876DBA681349F31EDD1B5187258,Frozen Free Fall - Snowball Fight - Olaf (World) (Addon)
B1F9637961417645DA564268FF98A8E72F8A77284D,Lips - Pussycat Dolls feat. Snoop Dogg - Buttons (World) (Addon)
B1FDD637B79EC70456CD139FB9216C07CB2918F74D,Lips - Sheryl Crow - Soak Up the Sun (World) (Addon)
B206E66BE8DA4F32F77F6FEB5405405D1AB4EEDF45,Rock Band Network - Lacuna Coil - Survive (World) (Addon)
B20754AB727A729D64238E955456B1294B54545945,Rock Band Network - Jerry Naylor - Teardrops Fall Like Rain (World) (Addon)
B21B9F4B715C9CB8BB723B2A4892CE735F9A8D3043,Divinity II - Rivellon Guards Set (World) (Addon)
B21F34A1E8D1C717EAB6CB4C04EBA1614E5400C945,Rock Band - The Replacements - Kids Don't Follow (World) (Addon)
B22616C93E1193319EEA161A2E95977B19524E3558,0-D Beat Drop - BlazBlue Special Skin & BGM Pack (World) (Addon)
B22AAA42AD301424ED2F61E41D092C783F531C2F45,Rock Band Network - Audible Mainframe - Ice Cold (World) (Addon)
B22D59C98599A44654FD42ECE651378FF9FC903F45,Rock Band Network - Surprise Me Mr. Davis - Sissyfuss (World) (Addon)
B22FC544E9BCEA4F901A7D2CFF691804F9ABEFA945,Rock Band Network - Fear of Water - Firewall (World) (Addon)
B232D13BA26C74ACF5340C860887C6B139E34BA445,Rock Band Network - Analogue Revolution feat. Bryan Steele - I Can't Explain It (World) (Addon)
B235E13458C549E23EBBD10A83D775E056EB254845,Rock Band - Bruno Mars - Pack 01 (World) (Addon)
B266CDA84D4F29890B0F4366283757926165A1E945,Rock Band - Talking Heads - Pack 01 (World) (Addon)
B2677170ABD4721279A2D896FE498345AA17D1CD57,Batman - Arkham Origins - Deathstroke Challenge Pack (World) (Addon)
B274AC005E2210884F00A4D0E4E9B70D03F16CC345,Rock Band - Pearl Jam - Backspacer (Album) (World) (Addon)
B28A958DF688F54AF2F24427E7250AB6BF41E39F45,Rock Band - DragonForce - Cry Thunder (World) (Addon)
B2AC194BFF6E2534DD6F0917897A463D26A1ED3545,Rock Band Network - First Blood - Enemy (World) (Addon)
B2B64F3D0189F5F261B957BE57639E6B458EF5FF45,Rock Band - The Offspring - Days Go By (World) (Addon)
B2B95DC57DC17A647C1B7F37C1EBB31135AA633C45,Mass Effect 2 - Alternate Appearance Pack 1 (World) (Addon)
B2BD393810128D1334FF777592CE7E653117052853,Hitman - Absolution - Agency Jagd P22G (World) (Addon)
B2BF5998B5D2551BB9B9030A20A89F2CA689D48258,"Kingdom for Keflings Kingdom, A - Kingdom Pack 2 (World) (Addon)"
B2D1BEB5E16B762C2465FD5F7FB365FE2B6A9E924D,Lips - 311 - Amber (World) (Addon)
B2E4B852B4B4D1E09518201834EEA9747580B4DD45,Rock Band Network - Maplerun - For You (World) (Addon)
B2ED02DE10368836F46DD0D902954B06B4C99D3A45,Rock Band Network - Scott Attrill - Girls Love Techno (World) (Addon)
B30692D25B4641B9C2E6B632C7907BBC202DFBA84D,Lips - Barrett Strong - Money (That's What I Want) (World) (Addon)
B317737F29E770D5421695F46FADF1462E61657945,Rock Band - Carrie Underwood - Good Girl (pro) (upgrade) (World) (Addon)
B32A71592DBAA46EBE7414B15F74964A40741DAC45,Rock Band Network - Buried in Black - One By One (World) (Addon)
B33BCCEBA22C09B07C736D10CA0825E37A6D00FE49,"BulletWitch - 10,000 ft of Flames - Great Spells Unlocked (World) (Addon)"
B344C42DB9DE7E463D97BAE2AFFA220964B68DC245,Rock Band Network - Oliver Pride - Nothing There (World) (Addon)
B354028DFF536B5852BD42C1E101DB8611EBA75B45,Rock Band Network - After the Burial - Cursing Akhenaten (World) (Addon)
B36F874EAFF222A846BD34EBF36ED6D4B2DB3A4845,Rock Band Network - Anamanaguchi - Airbrushed (World) (Addon)
B37785C3B4773D67B4FD90AE212144D4FBF8272745,Rock Band - Billy Squier - Everybody Wants You (World) (Addon)
B38D502F67671A33569C0E9145C49CCFF5271F5158,Trials Fusion - Empire of the Sky (World) (Addon)
B39AF9D30E44C5EDF17180162247D70379979F4145,Rock Band Network - Children of Nova - Second Sight Blackout (World) (Addon)
B39B0544F512D464E1CC09B4142EDEEABB3CF00D4B,PES 09 - Data Update March 2010 (World) (Addon)
B39C520A476E6E1DD06CA8D52F415F437171BAA545,Rock Band Network - Mike Orlando - Burn (2x Bass Pedal) (World) (Addon)
B39EB4DFC6248357332979200FDCBED52E05053D58,Bellator - MMA Onslaught - Scouting Report (World) (Addon)
B3A6458F945386883468935905EE968176E3646845,Rock Band Network - Sybreed - Doomsday Party (World) (Addon)
B3AE74E4E6FA8F89D24352AF2AB0B47B790D531C45,Rock Band - The Mother Hips - White Falcon Fuzz (World) (Addon)
B3B11B7FAC9C865BAD6CF8CAB3BCD7624C7219B853,Project Sylpheed - Challenge Missions (World) (Addon)
B3B1A3165BC576E381A6D3FE47E2D945FC8B18A458,Minecraft - Xbox 360 Edition - Skin Pack 4 (World) (Addon)
B3B5D3ADEAE1E0D18396F31A1989A020C4BC505B45,Rock Band - Taking Back Sunday - Pack 01 (World) (Addon)
B3BE66BD9506062EAF162448B83A02885FEC78CA45,Rock Band Network - A'tris - Automatic Doors (World) (Addon)
B3E0D6D5489175221E81353A87034871D0CA51D658,Sacred Citadel - Jungle Hunt (World) (Addon)
B405D18ADEEE40468DAC731409D1F2D0DB7AEAF258,Pinball FX 2 - Excalibur Table (World) (Addon)
B410FDC91D138393C98470F9FF5A90226AF5CB8A58,Who Wants to Be a Millionaire - Special Editions - Video Game Millionaire Special Edition (World) (Addon)
B41440D5EE9EAFC82ED6C4368E7DC8DBC4E8D7DD45,Rock Band Network - Single White Infidel - Inheritance (World) (Addon)
B4225C5CA3D2F6B5650ED0DA9FF35EFC1CBC144D54,Prey - Topillogical (World) (Addon)
B441B19DDD74CAF947994E5C2EFF4C73B6F13A184D,Halo ODST - Drop Sgt Johnson into Firefight (World) (Addon)
B4452A8E322B81D2FB03AF80A719E6F7454C76E858,Crystal Quest - Xtreme Scenario (World) (Addon)
B46C37F6F0ABA3872349F946B5BB535E78E934844D,Lips - Shaggy feat. Rayvon - Angel (World) (Addon)
B4751A8A08B4A93181B791CA933852472F06554A58,Chessmaster Live - Egypt Chess Set (World) (Addon)
B4A4BB06ED01B3DDCF3CFFC1D4CA7089688A4F1941,Call of Duty - Modern Warfare 3 - Elite Drop 9 - Oasis (World) (Addon)
B4B0207FA72C88CE56CA69B8FF295E0BC93667F145,Rock Band Network - Amberian Dawn - Snowmaiden (World) (Addon)
B4BD45A8E9B7E2317DB6421F826AF0D264E9D5C545,Rock Band Network - Emarosa - Heads or Tails - Real or Not (World) (Addon)
B4D42DF4F18ADE1D3A700ED04235CB8D1137D8254D,Lips - 30 Seconds To Mars - From Yesterday (World) (Addon)
B4E3CD685F06F2B9ADC3CA4D5238A34AA73E947C45,Rock Band - Kansas - Point of Know Return (Live) (World) (Addon)
B4F3BCE02F99E4D1A2385425795F2DD27A8EC69F58,Naughty Bear - Panic in Paradise - Teddy Krubear Set (World) (Addon)
B4F60481EC028E13C747B58754D26626913816EB45,Dragon Age - Origins - The Golems of Amgarrak (World) (Addon)
B500AB3581FAEE0C98C477ED2B10B40507FC329258,Choplifter HD - Zombie! Zombie! Zombie! Level Pack (World) (Addon)
B507C33D258DC9754B219527D1EDC4EF70CB643545,Rock Band - Bon Jovi Greatest Hits - Rock Band Edition - Runaway (pro) (World) (Addon)
B515A88A36C28DA47510BB848CD3D867C062BBCD53,Kane and Lynch 2 - Alliance Weapon Pack (World) (Addon)
B51A296F890001F67B4E95765225CD94394A228645,Rock Band Network - Garden of Eden - Ooops (World) (Addon)
B51E55FD3145763EEAC390E72B29F41F08EED53B58,Minecraft - Xbox 360 Edition - Battle Map Pack 1 (World) (Addon)
B51EFD62572239324688042B644C934EB9F5151D45,Rock Band Network - Skeletonwitch - Crushed Beyond Dust (World) (Addon)
B535A5DE479F8A4A944D3A5257D004F030E72B4545,Rock Band - Red Hot Chili Peppers - Tell Me Baby (World) (Addon)
B53C297AA49EB7B5A7482DCC45B3074D742C4C9D45,Rock Band Network - Octavio Sune - Esto ya lo Toque Manana (World) (Addon)
B5406BD72414653E5C5030F201860E56FBE1E27E45,Rock Band - Peter Cetera - Glory of Love (World) (Addon)
B546785D4392E5589EF5BE0F39DE7D9C62516F0D55,Ghost Recon - Future Soldier - Arctic Strike DLC Pack (World) (Addon)
B55143C39DF79DB469A69096C973D89FD88F446B45,Rock Band Network - Strikken - Closer (World) (Addon)
B56674A741DFED3FDE7B21C47CFE72EBD3B3657745,Rock Band - Queen - Keep Yourself Alive (pro) (World) (Addon)
B577A6C058678EDE20486FF70639A50B3BB483A958,Outpost Kaloki X - The Swarm Scenario (World) (Addon)
B5804A0638B43C0B932C46C1004887B2709D421053,Sleeping Dogs - The Year of the Snake (World) (Addon)
B58A2935D49084BABFC2D27E56716A5F8D8671FB58,Section 8 - Prejudice - Frontier Colonies Map Pack (World) (Addon)
B5928E09C121D2C7DDC3D247CD8F3D46C3ADFC5D45,Rock Band - Just Kait - U Suck (World) (Addon)
B59F48D50D2DB57FC35425A5A2794CDE2E1E825845,Rock Band - Lenny Kravitz - Pack 01 (World) (Addon)
B59F73E7FAB622BF634F11AAB91F48A266958C8D45,Rock Band Network - Kirby Krackle - Ring Capacity (World) (Addon)
B5D963C43AF4127DC076FAE9A9FA8B10F2426B1758,Trials Fusion - Fire in the Deep (World) (Addon)
B5FF6208614B77D0C478996A0C650B73E8AE814545,Rock Band Network - Glitzy Glow - Black and Sunny Day (World) (Addon)
B60B9BCA6886D9E70012901AC70456AB5948ACEB41,Call of Duty - Black Ops - Theme Pack (World) (Addon)
B60BE537D276934C9AD486A21954750B44C020B745,Rock Band Network - Seether - Remedy (World) (Addon)
B60FC172819930C8CAC8880C1A6F232FFA3EE8E658,Mega Man 9 - Superhero Mode (World) (Addon)
B61DDF81403FAEA7358717E5E0DEAD10447FEEAF42,Disney Universe - Neverland Level Pack (World) (Addon)
B62B98D52B55DC59E626CACBA72E5EC883EE3AD058,Hasbro Family Game Night - Yahtzee (World) (Addon)
B62BFFC9B72C11A69091EC3AF9AA233523E6D48245,Rock Band Network - Orange Avenue - Just Refrain (World) (Addon)
B62F6DBDBD6252C222226F666F30AE02434C9DD145,FIFA 09 - Live Season - Ligue 1 (World) (Addon)
B6380C99FC9D672CD8686BA655349223DF83D6D941,Call of Duty - Modern Warfare 3 - Elite Drop 5 - Black Ice (World) (Addon)
B63A403EE817EA56CCEEDE2A263DB236725B09FA43,Dark Void - Survivor Missions (World) (Addon)
B6624949497DA7806D6FB4B9EBA12130E7B93E5745,Rock Band Network - Silverstein - American Dream (World) (Addon)
B66716ED23BE790FCF1210AB932119501DC7405E54,Grand Theft Auto IV - The Lost and Damned (World) (Addon)
B68507FBE7BFF65E4AAFDAF4A1C77173B29524E045,Rock Band Network - Sabrosa Purr - Fashion Kills (World) (Addon)
B6AD63D8CC814010E2CEDA8FF577D1657BAE8DDC45,Rock Band Network - Todd Thibaud - Three Words (World) (Addon)
B6AE3791B628673779B689C514CB75135FCB53E645,Rock Band Network - The Minotaur Project - Shattered Satellites and Brutal Gods (World) (Addon)
B6BD6475A5734B2A33B15F919DDF095CA3F5D1E245,Rock Band - a-ha - Take on Me (World) (Addon)
B6C6F0FB5BDC910F9C43A455BA716DA1C2B4322054,Red Faction - Armageddon Path To War (World) (Addon)
B6CA051CFA83F2E3EFFDF9B2CCD63CB6F49A20FA45,Dragon Age 2 - The Exiled Prince (World) (Addon)
B6D0B1D27E471494A39C1E90B325990EEAB658BD45,Rock Band Network - Chaotrope - XIV (World) (Addon)
B6E4D01C47E3928D521B81CE44E209CCEBE809E145,Skate 2 - Skate 2 Filmer Pack (World) (Addon)
B6E7AFE6CE47BC3863678CF0FBCE0C24024EA42058,Resident Evil - Revelations 2 - Rifle SVD (World) (Addon)
B6F3447F219A97941D57CF03F6C007EF1884F22E4D,Lips - Justin Bieber - One Time (World) (Addon)
B6F405A9CF04ABDA34CFA7C9861B4E619FB64DB445,Rock Band Network - Giant Target - Signs (World) (Addon)
B6F6F3DEAE5A0442E3B2AF271CE7D76F76795C6C45,Rock Band - The Black Crowes - Hard to Handle (World) (Addon)
B6F9008E648A3C63BB325720CDCBAFCF2EE1D15C41,Guitar Hero - Guitar Hero Track Pack II (World) (Addon)
B715486A86801F370BF0E575D006C17EA9F1563145,Dead Space - Military Pack (World) (Addon)
B75175BED56077D233373795139AEB570A5CFEE24D,Forza Horizon - October Car Pack (World) (Addon)
B77BEE1F6936EC83017902A2420ACDFD19AEC07245,Rock Band Network - Josh Freese - I Don't Think That's OK (World) (Addon)
B788F0E0B69ED85BA792F09686EF19FEBF0582D558,Worms - Ultimate Mayhem - Single Player Pack (World) (Addon)
B79BAA5FFDBA45A65BB6D64BD417A59F15B4A64245,Rock Band - Queens of the Stone Age - In My Head (World) (Addon)
B7BC2277E10C8059636C8AC09312CBA134E9FE2C45,Rock Band Network - Kristin Hersh - Mississippi Kite (World) (Addon)
B7CC4C09267E20AD9B43625307A6712CF1B887864D,Lips - Elton John - Your Song (World) (Addon)
B7CE154E8BB131520B3DCBEB5906CB220D2DDB4A54,Dance Central - Timbaland - The Way I Are (World) (Addon)
B7E933A4451E651CFDEFD048E7F7D01F90BDC82855,Tom Clancy's Splinter Cell - Blacklist - High Power Pack (World) (Addon)
B7E9804EFCCB904CF7969C36D49BD8F0ADA3A74645,Rock Band - Black Tide - Warriors of Time (World) (Addon)
B7ED140B15B0633AF9A9CDC03BA3FCDCAE40188D58,Castlevania - Harmony of Despair - Extra Stage - Origins (World) (Addon)
B7ED4751F1EA79F21EFB754CEBDD0F455AF5950B45,Rock Band Network - The Acro-Brats - Hair Trigger (World) (Addon)
B7EDDDC6016BBBEFE89E9A1313707C9DACEE852C58,FunTown Mahjong - Cool Summer Theme (World) (Addon)
B7EFD70A52E161E447AE37F0ED107A752D94478858,Worms - Soundbank Pack 2 (World) (Addon)
B801745500BE4729EB9B8042744C542AD40DBEC958,BIT.TRIP Presents Runner2 - Future Legend of Rhythm Alien - Good Friends Character Pack (World) (Addon)
B805F27CEC25045F5C7CAF1A90B582FE70E21C9D4E,Ridge Racer 6 - Unlock Key 34 (World) (Addon)
B808781E4DD2196DAEB3FA10140D64B9E0D7694945,Rock Band Network - Mike Belotti & Theo Christensen - Vacation (World) (Addon)
B827607D7C39F03C56B8B79701E6F97E92DB4DE845,Rock Band Network - Nightrage - Sham Piety (World) (Addon)
B843695E774C3DCF0AF0125436E283ACC9361BA958,Darkstalkers Resurrection - Hsien-Ko Arcade Cabinet (World) (Addon)
B853CA3B8ADD39D4FF9B242CF8BD68D53BB0B7D345,Rock Band Network - She Bears - What Morning Brings (World) (Addon)
B859FEECF5F25A8C968FD353BD87CF2B66C2919E45,Rock Band Network - Despised Icon - Day of Mourning (World) (Addon)
B86C7F0020251ED63F9DB1EE282064F9C1D6302753,Hitman - Absolution - Krugermeier 2-2 Gun (World) (Addon)
B8717B8652201625F5357B148DA9B72CB3636D944B,Def Jam Rapstar - ASD - Sneak Preview (World) (Addon)
B8833BC07C3176244F047A35174C2711106B598445,Rock Band Network - Mafia Track Suit - My Future Life (World) (Addon)
B8896EBCA8194DF1FFF12580E31AC5931254754154,Sid Meier's Civilization Revolution - Map Pack - Brave New Worlds (World) (Addon)
B88F100A17DDAE34CB76A18FEDE67770BD6C60FA4B,Otomedius Excellent - BGM Pack 10 - Strarf (USA) (Addon)
B89484FC8CB21D3FE5E9101B36C6574FE7B62B4E4D,Forza Motorsport 4 - March Pirelli Car Pack (World) (Addon)
B897BA7591F311321ECF318B84575B605A33760E45,Rock Band - Sweet - Action (World) (Addon)
B89C5E8FEE9DD52E13D156D2CB05589D0D1FCB9458,Yu-Gi-Oh! - Millennium Duels - Naturia Deck (World) (Addon)
B8B60DF489C5E819CA6E0403DF62F7410D359DB845,Rock Band Network - Sleater-Kinney - Entertain (World) (Addon)
B8BDF776613EB1F956A806B11E7276C976F4D3ED45,Rock Band Network - Norma Jean - The Anthem of the Angry Brides (World) (Addon)
B8C1B6D4D29DE85F05D99DA9A8141B9C3276A6A845,Rock Band - Mastodon - Blood and Thunder (World) (Addon)
B8C7855A1EAE7C0FA2737D1DE5D92AB1413E07F958,Dungeon Defenders - The Quest for the Lost Eternia Shards - Part 1 (World) (Addon)
B8C94967C87EAB4CB392555DF3E703E3ED20086149,Test Drive Unlimited 2 - K-mart Pre-order Bonus - Ferarri 612 Scaglietti Sessanta (World) (Addon)
B8C985C8D94E4624BAEE30EE16A6122DC99344704D,Lips - Richard Marx - Right Here Waiting (World) (Addon)
B8D1E1F3BAC59EEC713FE301BF0D6DD745209A8545,Rock Band Network - Molehill - On the Wall (World) (Addon)
B8D8C4F29E4346B3C2AF91666F16BC744819430B4B,Otomedius Excellent - BGM Pack 1 - Aoba Anoa (USA) (Addon)
B8E30EAACB36DE8E8DB3DB03A9965B373DEBBF6858,Worms - Space Landscape (World) (Addon)
B90899C47F83DEC4966A15F51BD90E0A374C2D9945,Rock Band - The Cars - The Cars (Album) (World) (Addon)
B90DED0E66F4A45BECF80D497B58BC7265BC005D4D,Lips - Sir Mix-a-Lot - Baby Got Back (World) (Addon)
B92F19FCE085E5B4F481A4E2C80FA2C21351877C53,Final Fantasy XIII-2 - Sazh - Heads or Tails (World) (Addon)
B94A3F3528CC4D2E1A8F96EC8E6AC433C6ED1F9D45,Rock Band Network - Deadlock - The Brave - Agony Applause (World) (Addon)
B94BF5ABE87A7861BDF7E4EB746F8294DF04388C45,Rock Band - Stephen and the Colberts - Charlene (I'm Right Behind You) (World) (Addon)
B9581A93B218B039A5103AB5A782F23A477E5D3945,Rock Band Network - Polar Bear Club - Living Saints (World) (Addon)
B95B88A8664323D54AB7C70E01D3F81357FC51F958,Hard Corps - Uprising - Leviathan (World) (Addon)
B95E95D7E92D1FAF83A40770D116D99187D31A6A58,Street Fighter III - Third Strike - Online Edition - Character Color Pack 2 (World) (Addon)
B982C4E414ED0755ABE1E281729F70C3DD33BDC558,Minecraft - Xbox 360 Edition - Chinese Mythology Mash-Up Pack (World) (Addon)
B98A1B053209AB0D8CFC54D13379F694DD85344E45,Rock Band - Oasis - Pack 01 (World) (Addon)
B9934AF17AB1D9947E84866F6C7A9616E80DDB9345,Rock Band Network - Mike Phirman - Lollytown (World) (Addon)
B993C823B03B9081D7A6486E257D62BCE80BF33245,Rock Band Network - Andy Timmons - Deliver Us (World) (Addon)
B9A0A2F6EBAEED73B9CE1AECD8A7A048CA7C77A545,Rock Band Network - Reverend Horton Heat - Death Metal Guys (World) (Addon)
B9A744997051157F05D6678CC543D370DBF6BC4B45,Rock Band Network - Drive Shaft - You All Everybody (World) (Addon)
B9ACB2CD0593D292C8E06D73717574AC448DEDF845,Rock Band - Against Me! - Thrash Unreal (World) (Addon)
B9BA29F7056282FFA1D20152265C15EE7C6D10DC4E,Dynasty Warriors - Gundam 2 - Additional Mission 05 (World) (Addon)
B9D815CD5B7A684D3E14F51E8BBABD43F5A6395E45,Rock Band - The Naked Brothers Band - Body I Occupy (World) (Addon)
B9EC5925CAF0F569B9131EDDA1162714DC4795C94D,Lips - Donny Osmond - Any Dream Will Do (World) (Addon)
B9F0AC0DE439BD87ABD9FF3F0D79B549B1DD6B9C45,Rock Band Network - Demon Hunter - Collapsing (World) (Addon)
BA11AE56A29306A943C9AD8106F6C2C8A5D63CB058,Resident Evil - Revelations 2 - Raid Mode - 5-12-15 Red Life Crystals (x3) (World) (Addon)
BA12592A6499C9B4E9A86EFAF0F89E5A0CD87E0E45,Rock Band - Nirvana - About a Girl (World) (Addon)
BA1A6A9636E7B2F0951E7CFFA7272A6569836E9458,Lumines Live! - Breeze Skin (World) (Addon)
BA2128DBDA1C3C169E05ABF07FA960B300804D3545,Rock Band Network - Paul Henry Smith & the Fauxharmonic Orchestra - Flight of the Bumblebee (Rimsky-Korsakov) (World) (Addon)
BA24E5B1B25366FB40240ADF4A51CF73700BA08958,State of Decay - Lifeline (World) (Addon)
BA6A7AA9E5A8B332E807F7971D190794CCE83BA345,Rock Band - Oasis - Supersonic (Live) (World) (Addon)
BA6DB5D63DC5E6ACA21FE3AECE90FFC245061ED84D,Lips - Reamonn - Supergirl (World) (Addon)
BA86ADE0EA8A39B3F3B204F9CB99A4577DB10C0445,Rock Band - Steely Dan - Black Friday (World) (Addon)
BA8BDBBE412CCA3188729E633CF3A38F3904C96445,Rock Band Network - Amberian Dawn - Charnel's Ball (World) (Addon)
BA97A279D28256DBFB0E034EA0A0F0CDC8321B6245,"Rock Band Network - Circus Circus - First We Feast, Then We Felony (World) (Addon)"
BAA234C58BD21D474AF1613A8AEEEEB45024BCE845,Rock Band Network - X-Y - Superficial (World) (Addon)
BAA879793890229764198DFDE622BA1269DB6DBA49,Test Drive Unlimited - Test Drive Collection - Volume Six (World) (Addon)
BAE1313EBE705A2D8D85E0826E4D47BF8D9A2D4058,Mega Man 10 - Special Stage 1 (World) (Addon)
BAF7A7B39D08D062439783FAEDB04594A31B58D453,Sleeping Dogs - The Zodiac Tournament Pack (World) (Addon)
BAF8B18F274490FA34DC3362551738D87A08A0CC4D,Lips - Rod Stewart - Some Guys Have All the Luck (World) (Addon)
BAFAD958A4C3378B770CDDBE39AE36BA026E7CC145,Rock Band Network - Cloudscape - Mind Diary (World) (Addon)
BAFCDC31B04CCBC50CADB15CD66711A27FA0C3B258,Chessmaster Live - Fork My Fruit Mini-Game (World) (Addon)
BB010FC8D0E3059C6D5C3A6A0FD94122AFF3552F4D,Lips - Chris Brown - With You (World) (Addon)
BB144A243565932C248972B681DE16EF8EB0925753,Batman - Arkham Asylum - Insane Night Map Pack (World) (Addon)
BB1FF8A533329095DBD4ADD92D52E5FD87F75FFE45,Rock Band Network - Cancer Bats - Sorceress (World) (Addon)
BB20615A7C5AB0CBFFA37C14933EB8339B63F97358,Minecraft - Xbox 360 Edition - Mass Effect Mash-up Pack (World) (Addon)
BB239DF5C98FBA7D32531F678FE9FE1F6BF0F0774B,Def Jam Rapstar - D4L - Laffy Taffy (World) (Addon)
BB2EF3AEC42ADF8E6587B366A065C117BC81111045,Rock Band Network - Chaotrope - Baptized by Fire (World) (Addon)
BB31F89EC9AF279852A5F804B118A751DA44714958,Gotham City Impostors - Bats Logo - Plate Bat (World) (Addon)
BB428122D15126C4FD9D664D1F380632D38CAB2945,Rock Band - The Flys - Got You (Where I Want You) (pro) (upgrade) (World) (Addon)
BB4301A52194EE6BDDFE9E5446EDF21CC0F6ED3F45,Rock Band Network - The Moth Complex - You Don't Know (World) (Addon)
BB44D925B11A50E39D9119D169B31D19EAD4703649,BulletWitch - Mummy Costume (World) (Addon)
BB4A4BD7FDB7667E4A9581308556A51A26687C8D41,Call of Duty - Black Ops - First Strike Pack 1 (World) (Addon)
BB6D96E4B116DFE9B74DF12E2F39043ED96057CD45,Rock Band Network - Nations Afire - Curtain Call (World) (Addon)
BB70D730AE0F1ABE1F3B7FFD4C88C9516D6F54A645,Rock Band Network - Escape The Day - Turn Back Time (Rock Band Edition) (2x Bass Pedal) (World) (Addon)
BB759A6526A5646C897E4D7D0D39223B376C30A14E,Dynasty Warriors - Gundam 3 - Seravee Gundam Pack (World) (Addon)
BB8C7140AD493B4D5AC152D0D7CFF265D8A28BB255,Assassin's Creed - Brotherhood - Animus Project Update 2.0 (World) (Addon)
BB961409EF7552669B244342B06313B3DCEFA5D645,Rock Band - Rock Band Live 2008 Tour Pack (World) (Addon)
BBBA5694533C92C5BF4B65101705E3883168EC4445,Rock Band Network - Rose of Jericho - Romancing the Ordinary (World) (Addon)
BBCA136477D2D8ACAAAF9668C3218C31E731A44043,Resident Evil - Revelations - Catalog Data - RAID Outfit Rachael Ooze (World) (Addon)
BBCC41A6BE08FD83C998387557F029815364B09845,Rock Band Network - Chrome Coma - Bow Down (World) (Addon)
BBFAD1D76A901DAE61FB6BF260FDD478779B3C0C43,Marvel vs. Capcom 3 - GameStop Special Edition Character Pack - Jill Valentine and Shuma Gorath (World) (Addon)
BC31990AF7179E57B7CE708105515599CFCA6E3555,"Black Eyed Peas Experience, The - Dance Pack 4 (World) (Addon)"
BC375039DE8B30545BCCDC1258195CB6546AD10245,Rock Band Network - Maylene and the Sons of Disaster - Step Up (I'm on It) (World) (Addon)
BC396E4AC1E0E95194C4F2F82EA2D8E867A4095D45,Rock Band - Blondie - Hanging on the Telephone (World) (Addon)
BC629BCA50BE06167D0AD4E0A132962EFEF960FE58,Rhythm Party - Song Pack No. 2 (World) (Addon)
BC6504C2929C01DA69B448A6500A000615FAEBD654,Dance Central - Tag Team - Whoomp! (There It Is) (World) (Addon)
BC667D7161F4AD381A36BEB435C94F682C585F6158,Domino Master - Chillin' (World) (Addon)
BC6F8A24F1F38F719B9F09C002DDC1F3024AC2AB4D,Forza Horizon - 2006 Ford GTX1 (World) (Addon)
BC7BAD1CFE7A9FB1791A2EA12911D7DA40E3B7F158,Tetris Splash - Fresh-Salt Water Atlantis Theme (World) (Addon)
BC7E075FFEE6D7F167F62573DCF12707045EAA9545,Tiger Woods PGA Tour 11 - Waialae CC (World) (Addon)
BC7FF482C9DABE02F95E9BF81A14EE2453EDFAA158,Yu-Gi-Oh! - Millennium Duels - Gagaga Deck (World) (Addon)
BC80C6C4026E42D1A355DCE5288386472381F78F45,Rock Band Network - Driven By Entropy - Escaping (World) (Addon)
BC8E901702EA025D12DD5A0166C0D4D802916A0958,Gotham City Impostors - Bats Logo - Rock Star Bat (World) (Addon)
BCCE07B6313C010DBE8A69F8B50FD0368A2DE92141,Call of Duty - Modern Warfare 3 - Elite Drop 12 - Getaway-Lookout (World) (Addon)
BCD773A6FF9CE89EBD0B3FCEBBB7C421091FE5E84D,Lips - P!nk - Don't Let Me Get Me (World) (Addon)
BCDDD042A7CD0F545ED63437D73DD52E64F5329158,Gotham City Impostors - Bats Pants - Tighty Crimefighters (World) (Addon)
BCF783E063B82D8C912E9F78E37C4F9503B0FF2147,Senko no Ronde Rev. X - Extra Costume - Sakurako B4 (Japan) (Addon)
BD04E28068219ADA768298DBE3F9BA7DF951C42758,Pinball FX 2 - Nightmare Mansion Table (World) (Addon)
BD16BE8E29D863A84C206836F3B73BE0719456B658,Poker Smash - Environment Pack 1 (World) (Addon)
BD1B810E15CE1B91CDDEFE20FEE911C48D0CC4EC45,Rock Band Network - Timeless Miracle - Curse of the Werewolf (2x Bass Pedal) (World) (Alt 1) (Addon)
BD28423AE7E76DFAD6C73AC584BB6D76DD3A4A8A45,Rock Band Network - Bright Midnight - Killers of the Worst Type (World) (Addon)
BD37095108F9AD47D2EC1089CCACCCA3AC2123CC54,UFC Undisputed 3 - Fighter Pack - International Pack (World) (Addon)
BD37D7988E5AC394ACBF34B7FD8611B8385F163C45,Rock Band - Punk - Pack 01 (World) (Addon)
BD4632E95AD1DAF7445F5BC45872B8FE05C8E0D745,Rock Band Network - Destruction of a Rose - Rise and Shine (World) (Addon)
BD59150E2B2348D6EB75AC05C1A8E345BAABA88258,Puzzle Bobble Live! - 1P Puzzle Pack-1 (World) (Addon)
BD610FA99F0C418D63D94BF629A7A3A51C6DC33855,Tom Clancy's G.R.A.W. 2 - Throwback Pack 2 (World) (Addon)
BDA5ADF88297D2AEC5CB491FC0FEAE6F353D035F54,Dance Central - Paula Abdul - Straight Up (World) (Addon)
BDD67265BE14C14760F9236664420E95E47AD30D45,Rock Band Network - Inkubus Sukkubus - Heart of Lilith 2010 (World) (Addon)
BDF28DC805984C045DB1A7AC33ED8D17CD749F5458,Life is Strange - Episode 3 - Chaos Theory (World) (Addon)
BDF40A256EAFB93E136D28EBE9ED74A9E4EC6B6145,Rock Band - Kenny Loggins - Footloose (pro) (World) (Addon)
BE2626B22121F233FDEB16EBF22004A2CA6A8DCF45,Rock Band Network - The Blackout Argument - Satisfying Angst (World) (Addon)
BE300E158B7187374749650BA18A6DC84BF4F40F44,Onechanbara Z - Kagura - Accessory - Child Zombie (Japan) (Addon)
BE3716E48CC4892E5201B670D574995EDAFC480245,Rock Band Network - OK Go - White Knuckles - The Big Robot Remix (World) (Addon)
BE3ADFB49A5DB82051F5183DD480816A8AC6E86658,Frozen Free Fall - Snowball Fight - Anna (World) (Addon)
BE504689E2393C6EAA3EBF00255C447FF8D095244E,Ridge Racer 6 - Unlock Key 06 (World) (Addon)
BE60D9BE78DA334E86D6A8067F1DF2B62B45DA5245,Tiger Woods PGA Tour 10 - Course Spyglass Hill (World) (Addon)
BE655E114749B9A77619EE26A95559FFBEF1CA7758,Gotham City Impostors - Jokerz Flair - Corporate Clown (World) (Addon)
BE77614A5803893CA7D49B1DF1D94E47D844FF5A45,Rock Band Network - A t o m - To the Otherside (World) (Addon)
BE7E6E55C7766D675AC1A85EFBFE6FA837207E9145,Rock Band - Cutting Crew - (I Just) Died in Your Arms (World) (Addon)
BE90602A8EE5479FC0647263A2E034BBEB16AC9958,CastleStorm - From Outcast to Savior (World) (Addon)
BE96573D8A5ABA64C98861ACD38688C34E7E80CF4D,Lips - Captain Jack - Captain Jack (World) (Addon)
BE9ADF2EE21674FF146864AD0A8CA065147616CD45,Rock Band - Evanescence - Pack 01 (World) (Addon)
BE9F70DD445DD736549EC5C98A8D9FDA7EF4546E45,Rock Band - Ten - Bonus Pack (World) (Addon)
BEB8A9371A2D0A74574F5648A23DB5EF0C1D65C258,Yu-Gi-Oh! - 5D's Decade Duels - Card Pack 12 (World) (Addon)
BEBC6FFCEEE61C40FD6C328F5617BC02CA30FFCD58,"World of Keflings, A - The Curse of the Zombiesaurus (World) (Addon)"
BECBB349AF5AE870FDFC4ED6CB9850BD30749D7E45,Rock Band - Bob Marley & The Wailers - Legend (Album) (World) (Addon)
BED5A7F648EE9FEF5E279DDD21189E0B665DB3C543,MotoGP 09 10 - Free GP Class Season 2010 Update (World) (Addon)
BEE4322B433135A25121C20F74C5F9D36EF1E22245,Tiger Woods PGA Tour 10 - Course Wolf Creek GC (World) (Addon)
BEED7E388D6345E0D7702568CA812F37A8B5A8B245,Rock Band - Warped Tour 2009 - Pack 01 (World) (Addon)
BEEFB716BE0DBC3D967F3A925AD599092CD22C3654,Frontlines - Fuel of War - Map Pack 1 (World) (Addon)
BEF106B97DE63B71ED0069E8B9786B8BE87273E958,Frozen Free Fall - Snowball Fight - Queen Elsa (World) (Addon)
BEF49D4C56C330EB7894AF764CF5D9BF29E3169458,Guardians of Middle-earth - Snaga - Playable Guardian (World) (Addon)
BEF7ED9DB582DEAF884EF67C83131DADBC9572D458,Gotham City Impostors - Jokerz Face Paint - Diamond Child (World) (Addon)
BEFA00B5BFC4549AE2A48B081534538224628A5358,Bubble Bobble Neo! - Extra Map 1 (World) (Addon)
BF0D765A1F4ADC5195E394D90F8C616FE3F842EF4D,Lips - Juice Newton - Angel Of The Morning (World) (Addon)
BF169B2F431CECBF668E67221644234E764385C945,Rock Band - Bad Company - Can't Get Enough (World) (Addon)
BF1EF3F3A0D1E6284C3436706F852181BCFCFBA94B,Otomedius Excellent - St. Gradius Academy Stage - Library (USA) (Addon)
BF20402906B2234E581CEFF6BB0DE2778BBE5A7145,"Rock Band Network - The Main Drag - Teeth, Face, Outerspace (World) (Addon)"
BF3C7EB79A5AB52AB846DFAA5D48DFBC8394FC1A45,Rock Band - No Doubt - The Singles 1992-2003 (Album) (World) (Addon)
BF527700F17CAC6B0E18F3650AABE64A9DD0281245,Rock Band - Bang Camaro - Rock Rebellion (World) (Addon)
BF5AC45A3CF8A8726C2253A9CC494FCE50B2692C45,Rock Band Network - MC Frontalot - Goth Girls (World) (Addon)
BF6F9B2EB51CC778B181B9EF5D5EA12ACE07717843,Super Street Fighter IV - Arcade Edition DLC (World) (Addon)
BF8165B70D7D9BD93B7DCC299DDE312AE92A7CDB42,Fallout New Vegas - Lonesome Road (World) (Addon)
BF98DAF85D656577C520F865FDFDE1FB1851DA2158,Goat Simulator - GoatZ (World) (Addon)
BFB6BB89BC6BEE16E702AF1942E5D03F1CF382BF4D,Viva Pinata - Accessory Pack 4 (World) (Addon)
BFD9CFFB44D8848CCA58B9D09C02E8B9CC017F8B45,Rock Band - Richard Thompson - The Way That It Shows (World) (Addon)
BFEFD0DB577C8EB411415399D1E3623597C5BC9F54,Homefront - Advanced Armory Pack (World) (Addon)
C003C881CF9369DC3E40F383C063B1850741854F45,Rock Band Network - Terra Terra Terra - Transmission Lost (World) (Addon)
C008DD74CD782493A836D00460ABC5815D9499E558,Yu-Gi-Oh! - Millennium Duels - Ghostrick Pack (World) (Addon)
C00B2A3B587D0BBDFBC25DC46F206CD91529D2BF58,Gyromancer - Map Pack (World) (Addon)
C0183D1F7DA92A7925E2F5DDFC7E9CF6BFC4869D54,MLB 2K8 - Majestic Cool Base Uniforms (World) (Addon)
C02105AD48746AA57418B653630BA04B10019FBE4D,Lips - Caesars - It's Not The Fall That Hurts (World) (Addon)
C032034410089057C02CA40479F986B8F2AA74A358,Life is Strange - Episode 2 - Out of Time (World) (Addon)
C046F849EB3C89D3CB368DD885A5E7F312CAB8E358,Puzzle Arcade - Space (World) (Addon)
C04AB7C179F0B9B0E6FEA39179188DE0AD1C244B58,Batman - The Telltale Series - Episode 4 - Guardian of Gotham (World) (Addon)
C0550EF9FB3BD99FDE978C47BA78EC01CB015FFB58,Soltrio Solitaire - Game Pack 6 (World) (Addon)
C069295CE82CA75A25CC310DD558312D739E670045,Rock Band Network - A t o m - Icon (World) (Addon)
C06940C9E0D35B197F4085A820DD12DF6C28BD7945,Rock Band Network - Felsen - Radios Tweaking (World) (Addon)
C0A2C99E13C299CF7ECBCE683A1EDB004B4A41F945,Rock Band - Avenged Sevenfold - Pack 01 (World) (Addon)
C0AECBBCE50CF772BD18C6B0C2D8E3B62A3BF07545,Rock Band Network - Dan Johansen - Unbound Soul (World) (Addon)
C0B8DFA74FB290747A56B3E4F7E92B6A4EC2059845,Rock Band - Crown of Thorns - Rock Ready (World) (Addon)
C0C2FA8BE558154967FAB9F088B57B1A961A232845,Rock Band - Juanes - Pack 01 (World) (Addon)
C0D20794F5A918E247A0CA50E0C4511B0BC28B5845,Rock Band Network - Carl Douglas - Too Hot to Handle (World) (Addon)
C0D5295B22E33ECD767188327187FEB791606A9A58,Worms 2 - Armageddon - Battle Pack (World) (Addon)
C0D5EB0387E2E154F657CA8A91E07C6AF96B10EA58,Soltrio Solitaire - Game Pack 7 (World) (Addon)
C0E1D4FEBBDA4097908F375E577C949514FD732058,"Pinball Arcade, The - Two Table Add-On Pack 3 - Gorgar and Monster Bash (World) (Addon)"
C0F8EF3B516D1AF2759C74B191BF1B785E657C8458,Yu-Gi-Oh! - Millennium Duels - Steelswarm Archfiend Pack (World) (Addon)
C103966BDF6F6BD1A17B28DADB57223EB49C9E2E44,Onechanbara Z - Kagura - Accessory - Bunny's Ear (Japan) (Addon)
C115EA0ECEBF716A31443FF1501F449B9BE78BF145,Rock Band - The Bangles - Walk Like An Egyptian (World) (Addon)
C1194374128F110AC88C383294A710C837035A5C4D,Lips - Charlene - I've Never Been to Me (World) (Addon)
C143708DB6CDAC1DD50DF650342B7ACFA321D05245,Rock Band Network - Terror - Stick Tight (World) (Addon)
C149E88B0A92946B58022D1B063F2911B60748C258,Trials HD - Big Thrills (World) (Addon)
C15E7D3EA839957312755BCE7D8C360E052FEA8A45,Rock Band - Roy Orbison - Only the Lonely (Know the Way I Feel) (pro) (upgrade) (World) (Addon)
C16865BCF02095B712CD71B2F32ED25CD39EFEEF45,Rock Band Network - Minnesota Sex Junkies - Hate Myself (World) (Addon)
C1712B482DA4E2E5C8C48C83B4208652733C7D9E58,Alien Spidy - Easy Breezy (World) (Addon)
C172F657143B55ECA3BAE18DE45B46DF959AB2394D,Lips - Justin Bieber - One Less Lonely Girl (World) (Addon)
C17E37A546E840D14444812A07CBC0411F69F13C45,Rock Band - Fun. ft. Janelle Monae - We Are Young (World) (Addon)
C186CC2C7348586B4508A9517A801867AD15442358,Pinball FX 2 - Star Wars Pinball - Rebels Table (World) (Addon)
C186F50034D8E9D27FAD36B13CA84D14396F7C1E58,Pinball FX 2 - Super League Football - A.S. Roma Table (World) (Addon)
C18B9755C5BBBA284F019539EA5E00979E8503A153,Caladrius - Additional Character - Sophia Fulcanelli (World) (Addon)
C196FCF9189A7E1C27E4ADB0CED3A688797CA6154D,Lips - Miley Cyrus Bonus Pack (World) (Addon)
C1989ED12CFFB80904ED6C7344F6DDD1D8C2320A4B,Ninety Nine Nights 2 - Rolland Pack (World) (Addon)
C19BFC4E9379F3F80F18ACA745DBEDA555BC5AD258,Pinball FX - Excalibur Table (World) (Addon)
C1A0107A9BB51AD995EDDC05E88FBDA267A35B3045,Rock Band - Sara Evans - Suds in the Bucket (World) (Addon)
C1C17CFE9B32CBC3C3ABD998623045EF7863485254,Borderlands - The Secret Armory of General Knox (World) (Addon)
C1C476F2BFFA6118E85AB672E514BA60ACEE8E3958,Trials Fusion - Welcome to the Abyss (World) (Addon)
C1C65C57ED64EC415CA4DA2467087F4C6B2B275858,Gotham City Impostors - Bats Pants - Cavalier Camo (World) (Addon)
C1C6ECA6C36ACFDDB250199E906D814A0B02A0C54D,Lips - Talking Heads - Road To Nowhere (World) (Addon)
C1DE1ECC78258EE8772E25878F0F4E677B790A1F4B,Def Jam Rapstar - LL Cool J - Around the Way Girl (World) (Addon)
C1E32D922BB99FDFF8B9CC0156067916ECF11FDD58,Minecraft - Story Mode - Season Two - Episode 2 - Giant Consequences (World) (Addon)
C1FF05B8CB777C29FD98E02EC479C625B0C3975845,Rock Band Network - The Downtown Fiction - Best I Never Had (World) (Addon)
C210F8C7F9ECC5CE4740446ABBCF3A8CEBBC154745,Rock Band Network - Giant Target - In Memories (World) (Addon)
C2182949630398901A867FF2368C26EAB40FB82341,Angry Birds Trilogy - Anger Management (World) (Addon)
C21CBB1CE9CF3106D5DCD5A0E77970F943DBC66945,Rock Band Network - With Life in Mind - The Collapse of Men (World) (Addon)
C22524D317C9C2C9741DB1BA3E8F33B64A7B61AA47,Senko no Ronde Rev. X - Extra Costume - Sakurako A5 (Japan) (Addon)
C227B397FC654C3527FD557475BE5FB64E2A0E3258,Gotham City Impostors - Bats Shirt - Vest of Vengeance (World) (Addon)
C2572A872AF7C1D308B199531C261118335868BE45,Rock Band Network - Rain Dogs - Fallen (World) (Addon)
C25CFD863B933635316469C4932D63D3AE2D965645,Rock Band Network - We the Kings - Anna Maria (All We Need) (World) (Addon)
C26B639F02A78EBD7B15FB8FC1707B816395D31C45,Rock Band - All-American Rejects - Gives You Hell (World) (Addon)
C27391CFF2F5C0B9A043D104DBE617FDD922766158,Resident Evil - Revelations 2 - Compatibility Pack (World) (Addon)
C27DFDA6EC5FB59E834EBD036A9BB2C23F29EDA545,Rock Band - Kenny Loggins - I'm Alright (World) (Addon)
C286C486BFD6DD984B5B2D4B5AF7B67FB4727F254B,Def Jam Rapstar - Wu Tang Clan - Protect Your Neck (World) (Addon)
C28DE9E9FB262373D547BD2D9C85CA1F7C7DFFD245,Rock Band Network - Inkubus Sukkubus - Belladonna & Aconite 2010 (World) (Addon)
C299E6606EF6F89A13DA3C1746B36971C737BD014D,Lips - The Temptations - The Way You Do The Things You Do (World) (Addon)
C2A1CA356FC3488C8E82296AF2A1E75D58182F8245,Rock Band Network - Buckner & Garcia - Pac-Man Fever (World) (Addon)
C2ABD9FCE0B193A6052F16B4E9B723E5A074BF7045,Rock Band - Johnny Cash - I Got Stripes (World) (Addon)
C2AD35C966F5E32930B2ACB98F701FDBEA3FB85A43,Marvel vs. Capcom 3 - Shadow Battle 03 (World) (Addon)
C2B00AC743EC7CF00E709A9ABF30BA6BF813A62945,Rock Band Network - Ronald Jenkees - Guitar Sound (World) (Addon)
C2B6F5BF5B6E022FFB6F059C74E36252BB60479B58,Pinball FX 2 - Epic Quest Table (World) (Addon)
C2B94826CA774346C86220D8A270FB888534679445,Rock Band Network - Catsmelvin - Wrong Side (World) (Addon)
C2C3674E740879BA517AD3AA6B549A48C222082445,Rock Band Network - Turrigenous - A Slight Amplification (World) (Addon)
C2D15D385A86500B8F1E3178C44317DE33A51BC445,Rock Band - Hawk Nelson - Live Life Loud (World) (Addon)
C2D1809F0302442F88238B98284673171C4CAC9B58,Minecraft - Xbox 360 Edition - Halloween Texture Pack (World) (Addon)
C3069D26A8A15AE7A638BFC5245C6D08494D6FEC45,Rock Band - The Best of the Who - Rock Band Edition (World) (Addon)
C319E9D26CA158596B26C654407C05F8249FEAE545,Rock Band - Red Hot Chili Peppers - Snow ((Hey Oh)) (World) (Addon)
C31ACA85719E699BD9FBACA486D239A875D704F745,Rock Band Network - Verse Versus Chorus - Surprise (World) (Addon)
C31BAD2CFC8A696D7CE40BA0E710B9222A2FE66945,Rock Band Network - Visqueen - Hand Me Down (World) (Addon)
C31CC0A7015F53FD70AC4441EA1F4CE32991E31645,Rock Band - Oingo Boingo - Weird Science (World) (Addon)
C339AD8ED0B4191DFED2F92E9554980D0831C8AB54,NBA 2K13 - All-Star Add-On Presented by Sprite (World) (Addon)
C34619E90FBB69D116215933D9089B0A533787A445,Rock Band Network - Grammatrain - The Last Sound (World) (Addon)
C35F4CFA099932C549A5000703BE825A73C2336645,Rock Band Network - XTT - Divine (World) (Addon)
C380C35F0A724B79E7F6483871FDCA8388F3FAEA45,Rock Band Network - Arsis - We Are the Nightmare (World) (Addon)
C38B107EBB3A35B8F4B8D1CB092CFD79F6158F0B45,"Rock Band Network - Christmas at the Devil's House - O Come, O Come Emmanuel (World) (Addon)"
C392BB2369865E94F1711AA59E3DB021F59D402854,Frontlines - Fuel of War - Map Pack 2 (World) (Addon)
C3C59A07594259CA2BA579F77EA587E3FD439B3C54,Dance Central - Tone Loc - Wild Thing (World) (Addon)
C3CEB46F49EC47338561FDEC01F21441609EC81445,Rock Band - The Vapors - Turning Japanese (pro) (World) (Addon)
C3E81008BD921D1F3D25EFEF13BDEE7DCBE2E78245,Crysis 2 - Retaliation Pack (World) (Beta) (Addon)
C3EE3428EEA33B27D681A48692258DC381C84A7A45,Rock Band Network - Reverend Horton Heat - Indigo Friends (World) (Addon)
C3FF007A954A3EF5616D1582908F39464BFE440945,Rock Band - R.E.M. - Man on the Moon (World) (Addon)
C4041E4C858D39A19B1E5927EFFFAE002DDCCB7D45,Rock Band Network - Freen in Green - Riptide Resort (World) (Addon)
C411F55E84527727264F9685C94A7A446288E72D45,Rock Band - Stone Temple Pilots - Interstate Love Song (World) (Addon)
C4370657B819A5AACA543AE6263E3636D08F7C1A58,Resident Evil - Revelations 2 - Magnum Python & Parts (World) (Addon)
C4390E60CCD75ED71DBC2BE0E15755E6287ED5004D,Lost Odyssey - Dungeon Pack - Seeker of the Deep! (World) (Addon)
C4408B90A79D05F0E06F903856A411C56C97A1914E,Dark Souls - Artorias of the Abyss (World) (Addon)
C448489ABC50545DAD496CDF5206F44C1C56C4E045,Rock Band Network - Ultra Saturday - Superhero! (World) (Addon)
C477E35B94C63B1C530E5518A44C3C9F28E1F0DD45,Rock Band - Devo - Through Being Cool (World) (Addon)
C482DFBD8870BAF854D8C51709729AE654C6242045,Rock Band - Bonnaroo - Pack 01 (World) (Addon)
C487CF8484A681702BECAB986423DDD08ACC379B58,Texas Hold'em - Environment - Hip Hop (World) (Addon)
C4935C1103FA9D8C7EAF2BA3034465D12A6DCB7A58,Zombie Driver HD - Burning Garden of Slaughter (World) (Addon)
C4C35774951D60B73170EE1AD1948BE238522AEA47,Senko no Ronde Rev. X - Extra Costume - Mika B5 (Japan) (Addon)
C4C3EB9EAA8D1865BCF72A9551447383FFADC6C945,Battlefield - Bad Company 2 - Onslaught Mode (World) (Addon)
C4CA72EC9571608608D010231D4F243B9577257345,Rock Band Network - Adept - The Ivory Tower (World) (Addon)
C4D91A3ECC1A08B8551FFE07B52F83834ADA247243,Sniper Ghost Warrior - Map Pack (World) (Addon)
C4E85AD525C20C2A32F2B9BCB132FED13421568F45,Rock Band - Kenny Loggins - Footloose (World) (Addon)
C4F0F80BD08846F1E7889E1EDD682D08A545EFA64D,Viva Pinata - Accessory Pack 5 (World) (Addon)
C4F6B8E0ECBEEB05F67EAA5C7994152150757CF945,FIFA 09 - Live Season - Liga BBVA (World) (Addon)
C516D4594A4F9962C53F093C78342A1F7E86751045,Rock Band Network - Red Jacket Mine - The Pose (World) (Addon)
C531E152187A5A030C43FACB2915A4575F54B6C44B,Otomedius Excellent - Poini - Hanafuuma - Arnval - Library (Japan) (Addon)
C538DECF5C80E3DECF07E08BCF99BBEEF5A2190344,Onechanbara - Saki Extra Costume Data (World) (Addon)
C551B8F9EC965DF5802C3EAAF344CF037AE3763A45,Tiger Woods PGA Tour 11 - River Course at Blackwolf Run (World) (Addon)
C5592A0534EFA099DC62950B3731186F5496B13D45,Rock Band - Jefferson Airplane - White Rabbit (World) (Addon)
C55F625A4C35D7ABA6C62DFED54BBC92D3023FAE45,Rock Band - The Pretenders - Precious (World) (Addon)
C57F9B643D34B51B2601BC1B6D9EA816AA7A59D858,Choplifter HD - Albatross Chopper (World) (Addon)
C594DE5FA47EDA85CF67BF66FA7586AB78FB31B758,Game of Thrones - Episode 6 - The Ice Dragon (World) (Addon)
C59C792D9E33DD8DB3E4C65D9DC71B58BECD48574D,Lips - Blink-182 - I Miss You (World) (Addon)
C5CC05E3A2380172FD9123523889996621D815A245,Rock Band - Joan Jett & The Blackhearts - Fake Friends (World) (Addon)
C5F77B2B19F593E5C6B40061A0646524E7F6D43245,Rock Band - Avenged Sevenfold - Shepherd of Fire (World) (Addon)
C6177400E615CD53B88100C028629B1C6182B7924D,Gears of War - Multiplayer Map Pack 2 (World) (Addon)
C61B1D9A3517741D38094DE5F10F1BB94C70DEA645,Rock Band - X - Blue Spark (World) (Addon)
C621B9363313D9B4310FF7514302488E05FBC71645,Rock Band Network - Moving Picture Show - Perfect World (World) (Addon)
C62440796DB8F97AB95D8036D321D2A6EBFBB81D45,Rock Band Network - Nathaniel Whitlock - The Main Thing (World) (Addon)
C63283F75A795934E111FBB00DCFC4B404F0BE5054,UFC Undisputed 3 - Fighter Pack - Fight of the Night Pack (World) (Addon)
C633F0DCB305DD926EEBDB51A35E3FE7608512D743,Dead Rising - Locker Key 4 (World) (Addon)
C63737D9C5600A6A97F9523D33E00C11C951AE2045,Rock Band Network - Social Code - Satisfied (World) (Addon)
C64D628900A0C397B456525BD013B93E53FAE38D45,Rock Band Network - Halcyon Way - On Black Wings (World) (Addon)
C652991D0F0E6D4DACBC2616017EFEA0BFA1BEA04C,Star Wars - The Force Unleashed - Jedi Temple (World) (Addon)
C65BCD7827261639D58CFF900868F0B15E55ECC545,Rock Band - Rush - Closer to the Heart (World) (Addon)
C66A09F6B709F5C351B81B2A7D9C31BC1FA42CE543,Resident Evil - Revelations - Catalog Data - RAID Outfit Lady Hunk (World) (Addon)
C677FCD9EFE8B752A9EEC625855CBFFEBE8A8DF041,King's Quest - Chapter IV - Snow Place Like Home (World) (Addon)
C67E2CF3409CCC0CFF80BA6DD38EAA99E7BE480C58,Resident Evil - Revelations 2 - Raid Mode - Parts Storage A-B-C (World) (Addon)
C6DA323027F537F96813DF8F59AE4381CE20E9974B,Def Jam Rapstar - Just Blaze - Cape Kingz Anthem (Freestyle) (World) (Addon)
C6E6091851AD94ABC77B00E2895283CAC51BAFC353,Tomb Raider - Hitman - Absolution - Weapons Pack 1 (World) (Addon)
C6EF59A9DD862E946432866FDFDBD6310B182D0545,Rock Band - Rock Band Free Pack 01 (World) (Addon)
C6F044D234F263B61A0182AA392CBBF5155DB07745,Rock Band Network - Betrayed by Sorrow - Deny (World) (Addon)
C6F1198CF43EF78E08EDDF02705743C68C63CC1945,Rock Band - Jamey Johnson - Women (World) (Addon)
C71391643122212AF1D0BBCF9D4B0C608B5A62A958,Batman - The Telltale Series - Episode 5 - City of Light (World) (Addon)
C71888FB76FECE362E5ABB41637E659F0E1C2E3F58,Arkanoid Live! - Episode Add-on Pack 2 (World) (Addon)
C7244763F4A159190D691401F003651A00613C3E58,Gotham City Impostors - Bats Shirt - Crime Beater (World) (Addon)
C725B2F4F6AB95A733296276F451EC822AEDFFF443,Dead Rising - Coldhearted Snake Key (World) (Addon)
C729FE8E08F1AC6E8A781CA41A016D2028818ED558,Real Steel - Add-on 01 (World) (Addon)
C72F34366AD64C8F55E43D39D814821976119A554D,Lips - Duran Duran - Hungry Like the Wolf (World) (Addon)
C78C52B5FE2902303FA265CFEEE550075067D2A34D,Lips - Animotion - Obsession (World) (Addon)
C78CBECD2538CA65489B9D7FC8A37F543F0C032758,Texas Hold'em - Environment - Jungle Party (World) (Addon)
C78F6DCC1CE07BAB765DD845BB01FBC6D863440E55,Naruto - Rise of a Ninja - Japanese Voices 478 (World) (Addon)
C7A06FBBFDB9E20EDD6AB3FF794D92A35EA1510958,Real Steel - Add-on 11.3 (World) (Addon)
C7B2F1DA7C055FBF0976EA0916C70E7185D8E4F445,Rock Band Network - Andromeda - Veil of Illumination (Part 1) (World) (Addon)
C7B46B1B919FB9903A819FCFB2AEA4145A3F1A2C58,Kung-Fu Strike - The Warrior's Rise - Challenge Pack (World) (Addon)
C7C49BC90B300BA3AAE62DB32D870935043574EA58,Catan - Mayfair Skin Pack 1 (World) (Addon)
C7CA38EB08A14A26F734FD7D6864A4D680B7C34858,Toy Soldiers - Cold War - Multiplayer Pack (World) (Addon)
C7CE183800831B6FF277AAFC71B9B904C676354154,Grand Theft Auto IV - The Ballad of Gay Tony (World) (Addon)
C7CE955275DA336B5481551CCECFC5647D25128658,Lara Croft and the Guardian of Light - A Hazardous Reunion - Challenge Pack 3 (World) (Addon)
C7E3BD098A1AEE665C590A4DE6DE4905284263A341,Call of Duty - Modern Warfare 3 - Elite Drop 20 - Special Delivery (World) (Addon)
C7EC720005AAEEA75B655CCED7756BADE91A1F5E45,Rock Band Network - Indestructible Noise Command - Rain (2x Bass Pedal) (World) (Addon)
C7F2B4FA1160179F5B596F567688F5D289EBE31F58,Gotham City Impostors - Bats Cowl - Eye Brawls (World) (Addon)
C8083550C86AF2801847DAB91AE40183A3308EE44B,Dead Island - Ryder White (World) (Addon)
C813A366DDDE93809282E6521FF54FC88A46EF7C4D,Forza Motorsport 4 - September Pennzoil Car Pack (World) (Addon)
C81902312EF1C2FF4EE7283BA2CCAD297D65CAAB58,Minecraft - Xbox 360 Edition - City Texture Pack (World) (Addon)
C819E3FE0336164EA5773EF661A7161D69C05ECA45,Rock Band Network - After the Burial - Berzerker (2x Bass Pedal) (World) (Addon)
C82FEB1395AD9AAC4C336C7577B144BFFA0A614258,"Pinball Arcade, The - The Addams Family (World) (Addon)"
C84710C1E25848A652A5808C1A4C7B383806F56341,Guitar Hero 5 - The Used Track Pack (World) (Addon)
C8479A8AFF8F24ED78F616B07B1BDB2D4CFFA52945,Rock Band Network - Highlord - Simple Man (World) (Addon)
C84D037BAC2FEBDAB0608318A3A71B41FCE03DD945,Rock Band Network - Nightrage - Hate Turns Black (2x Bass Pedal) (World) (Addon)
C84F20E8D7F7B79073AFE6B2A7BC973B7AD0BC3653,Tomb Raider - Shanty Town (World) (Addon)
C8571868FB716E038A2C50B938D01A86031A8F6F4E,Dynasty Warriors - Gundam 2 - Additional Mission 06 (World) (Addon)
C85923F791233000BB88591BBADD5EA90B4A373345,Rock Band Network - Affiance - Call to the Warrior (World) (Addon)
C8670AD62A680B5F744C915EA30E75F25F9091F345,Rock Band Network - Oceano - District of Misery (World) (Addon)
C8A09DC12325E7F3E80686195A61A4D6014E5AEB42,Cars 2 - The Video Game - Tall Tales Pack (World) (Addon)
C8B1CEBFE34130D0DD4BCE4385EF474CCF341DB845,Rock Band Network - SIMPL3JACK - O-Ren (World) (Addon)
C8B4CDC3AEFD596584D956A61C46CBBA9CA482944D,Lips - The Four Tops Song Pack (World) (Addon)
C8B809F9996ABE5C74B09A397F441BF379249EA742,Fallout New Vegas - Caravan Pack (World) (Addon)
C8B98FDD528E45218F636D374046AABD3BB3753554,MLB 2K7 - Olympic Stadium (World) (Addon)
C8C2ED08363A58D6601138FA55F5FD9C658CB61045,Rock Band - Motley Crue - Dr. Feelgood (Album) (World) (Addon)
C8D02F939C942E2E357B7D84EA3CA6884582B57558,Madballs in Babo - Invasion - Versus Weapons (World) (Addon)
C8FD37126CBA7DC054E7AF6C8FD4DBCE57E7E52C49,Test Drive Unlimited 2 - Steam Pre-order Bonus - Pagani Zonda Tricolore (World) (Addon)
C907DE1E36C46748117E6F383D2B4C91049236FC45,Rock Band - Limp Bizkit - Build a Bridge (World) (Addon)
C919FC657B7A96A90910FF1BFEB9D33893CD18CB58,Deadliest Warrior - The Game - Expansion Pack 1 (World) (Addon)
C91EA16EAC6C300F0505DB6C86956597A0D3F73445,Rock Band - Silverchair - Straight Lines (World) (Addon)
C92B49DB984EF3437F7F07282E516D784663E3F945,Rock Band - Squeeze - Tempted (World) (Addon)
C9330CE7B5E28CECD91D88693674E284B7B90DA358,Guardians of Middle-earth - Unglob - Playable Guardian (World) (Addon)
C9352F191BB6AB00A54E312E4CC1CD8152F41F624D,Kameo - Power Pack (World) (Addon)
C9368FB38747D500CBB093B0BF75B3337D71984047,Senko no Ronde Rev. X - Extra Costume - Ernula B5 (Japan) (Addon)
C93A4CBA0B4930E55FC47E7348137CAA6E7D88E943,Street Fighter IV - Classic Pack (World) (Addon)
C9411115161B2E6821E8EE1A0D75EA3EB46A6A6245,Rock Band - The Damned - Smash It Up (Part II) (World) (Addon)
C9411C48DCCF00B88D211FAD4EBFB9C29759B69A45,Rock Band - Queen - One Vision (RB3 version) (pro) (World) (Addon)
C944F63239094F7B84517FA97D4BCC0416384B8558,Defense Grid - The Awakening - Map Pack 3 (World) (Addon)
C9631CF5F0796F69F672B0D779023760E78C99A145,Rock Band Network - The Minotaur Project - 77345_018 (2x Bass Pedal) (World) (Addon)
C979D158400CF48D18929086FD7C61D425BCD08E58,Skullgirls - Robo-Fortune (World) (Addon)
C97BE03B0EEFBCAB24EAE65D8ED560DFB3504D1B4B,Def Jam Rapstar - Dorrough - Ice Cream Paint Job (World) (Addon)
C97DAE13B69BC9E6A22A78222B4399A5E4EBB6524D,Lips - Huey Lewis & The News - Do You Believe in Love (World) (Addon)
C97E85241D85B9532A973360127CFD11118C620145,Rock Band Network - Andromeda - Chameleon Carneval (World) (Addon)
C995BC0156E6F16D6DD92927A5D48B31194ED31145,Rock Band Network - Graveyard BBQ - Ride the Stache (World) (Addon)
C995E87FB46F446F58E194647202F4ABB3BD77E958,Hydro Thunder Hurricane - Tempest Pack (World) (Addon)
C9A4D706BF9E7FD54C7C3129F9292E6BA9E6342F41,"Amazing Spider-Man, The - Oscorp Search and Destroy Pack (World) (Addon)"
C9A58FCF7A5CD65B004CC7AA577A67C17B78007545,Rock Band - Foreigner - Pack 01 (World) (Addon)
C9BC5906A8FCAF6A6A40581C87FAF5EAB06A686C45,Rock Band Network - Tijuana Sweetheart - Trash Candy (World) (Addon)
C9C1C89EC949BAA3D254DCC301CF36ED64F63D6658,Novadrome - Bonus Pack (World) (Addon)
C9CEA925B17EC4560ED2F2FE81CA07913470F1234D,Lips - Men Without Hats - The Safety Dance (World) (Addon)
C9D12A5EAB08B55DA1A29E0D722BB6FADFD8132A45,Rock Band Network - Texas in July - Magnolia (2x Bass Pedal) (World) (Addon)
C9DB84669BCC9EBF52F2254803E7FC5CC6CCB4CF58,Pinball FX 2 - Super League Football - Real Madrid C.F. Table (World) (Addon)
C9E18A012735D40DA62372B3F5E55A6842F4A0D74B,Otomedius G - Gorgeous - Additional Characters - Library (Japan) (Addon)
C9E7BFA0738AA50E6AC7662AD809ED250E572E1A4D,Lips - Naughty By Nature - Hip Hop Hooray (World) (Addon)
C9EE2D89F3212AE3A53E8762EECCCF17A65DB38645,Tiger Woods PGA Tour 12 - The Masters - Bethpage State Park (World) (Addon)
CA145DE6D2249B0433C9E4E394EFFD32220446DA45,Rock Band Network - Daas Bosh - Eternal Divine Angel Death (World) (Addon)
CA18C1D4225F0EE91FBADFDC9D4356D514BCF1F858,Snoopy Flying Ace - Dogs of War Map Pack (World) (Addon)
CA1A319B13B03D26AC6569C87C4104D40A3110E544,Onechanbara Z - Kagura - Kagura & Saaki's Hair - Soul Afro (Japan) (Addon)
CA26AFC195CD71985C098575576322DF32F3853058,Real Steel - Add-on 06 (World) (Addon)
CA3E4CCCD528225258960E1010833AB28749B8A745,Rock Band - The Offspring - All I Want (World) (Addon)
CA4213D378B6FE868127A8F76726FD4A4C02204945,Rock Band Network - Kataklysm - At the Edge of the World (2x Bass Pedal) (World) (Addon)
CA441DC884227B17A1E3E62298028EA27F60AC2758,NBA 2K10 Draft Combine (World) (Addon)
CA676559ECB6DEDE47CADE370CBDD0A647D66CB943,F1 Race Stars - China Track (World) (Addon)
CA6F9B80938E6DB381DC5E4DEA3819EA174D7D804D,Forza Motorsport 3 - VIP Car Pack (World) (Addon)
CA7F744F37462FFC0C34BD78FC2ABE993F62918445,Rock Band Network - Nerf Herder - Mr. Spock (World) (Addon)
CA8754F59B5D59BE432371BD0548EA4F89F4B9CF45,Dragon Age 2 - The Black Emporium (World) (Addon)
CA8AC9A8B8A7DA03F65A64E38F976C2A659E0FB845,Rock Band - Billy Joel - Prelude-Angry Young Man (pro) (upgrade) (World) (Addon)
CA8F4EBE3A5CCFFB0595A425A96B00A39CB52CB64D,Lips - Demi Lovato - Don't Forget (World) (Addon)
CA9289E9E2E76D91C831E382A4DEB3E2295D0F0145,Rock Band - Buffalo Springfield - For What It's Worth (pro) (World) (Addon)
CAA1EF37821206BB85E8E92E6BDFF8FE22EDE2014D,Lips - Taio Cruz feat. Ludacris - Break Your Heart (World) (Addon)
CAA72589C7C38373F8BAD1997FD94F849AD260E854,Bioshock 2 - Sinclair Solutions Tester Pack (World) (Addon)
CAB64C7C0C974533F2F8E3CA8CF6A890A3DD36A745,Rock Band Network - Synthetic Elements - How Far (World) (Addon)
CABE1B91171F6E0C2BDF19F0A0C10042C111678E45,Rock Band Network - Roman Candle - Eden was a Garden (World) (Addon)
CAC010C61C206660A71E316684051D15E65A9AA345,Rock Band Network - Holy Grail - Fight to Kill (World) (Addon)
CAC31BC1DBF916801DAB27E4998430ADD859D3FB4E,Beautiful Katamari - Shopping Spree (World) (Addon)
CAD6EAD30DCD1471AB499963669D7E436443D92555,Assassin's Creed - Brotherhood - Animus Project Update 1.0 (World) (Addon)
CAF30EF88602E10481C2BF47B5CC50E47E41020245,Rock Band - Billy Idol - Mony Mony (World) (Addon)
CB09F6BE18FA4E0031293999379395A541B1A0D745,Rock Band Network - Third Eye Blind - Never Let You Go '09 (World) (Addon)
CB11FE4983A84A7D0DB6CE4CDA0D1345739D463641,King's Quest - Chapter V - The Good Knight (World) (Addon)
CB1D7A3A03F7DE4670921AAE3F3E18EA726BDD6645,Rock Band Network - Super Gravity - Freeze Frame (World) (Addon)
CB294EEB23AC6C2DDE76AF3AA1B0B5A7AAA4E9F045,Rock Band Network - Nightrage - Sham Piety (2x Bass Pedal) (World) (Addon)
CB43D77917CADAE8019CC928E1CD9872BE4D9A7045,Rock Band Network - Quartered - Africa (RB3 version) (World) (Addon)
CB4F6B55861C141AB2EA42E9E41C815E8F6A2EE045,"Rock Band Network - Jonny Craig - I Still Feel Her, Part III (World) (Addon)"
CB7A07275DB6EAF1C15C71C3BD1FACD1CE389CA045,Rock Band Network - MC Lars - Lars Attacks! (World) (Addon)
CB7EEB9B809D35B43AFE9A729550D3B3DAC676D845,Rock Band - Phish - Stash (pro) (upgrade) (World) (Addon)
CB8AFF26004F4A856D65301B98247619478EE06858,TNT Racers - Drift Package (World) (Addon)
CB8C1586335A68691C116CA7922FB92B86EFE29B45,Rock Band Network - Ludicra - Veils (World) (Addon)
CB8EDA031CDF8516C93ADFABB06B044643EC61F845,Rock Band Network - Killbody Tuning - Bamberg (World) (Addon)
CBA5D74C7D8E7E465AF4B034E085DAE9FDD792CB58,Kinect Fun Labs - Kinect Sparkler (World) (Addon)
CBAC81FBB1869EF03133CF553C03DF335967F0E245,Rock Band Network - Band of Horses - Is There a Ghost (World) (Addon)
CBDD2CBF3E746C9E1F294D0F04C4B04DD6C1964654,Metro 2033 - Heavy Automatic Shotgun (World) (Addon)
CC0DBEA2972CCD3965CCD68270652FF00479567258,Pinball FX - Street Fighter II Turbo Tribute Table (World) (Addon)
CC2A7A3815F8647286D48D1FE2352BE9D977163F45,Rock Band - Soundgarden - Celebrating Soundgarden On Tour 2011 (World) (Addon)
CC3BC9C45A4CEF2176E7DF50E17BA17EDB9FC2E345,Rock Band - The Jam - Town Called Malice (World) (Addon)
CC764ADA55F3980884023BFEAFD6B104EF9336F245,Rock Band Network - Dance for the Dying - Mannequin (World) (Addon)
CC86DB5AA590399272C907A86D5C5FA500F9364A45,Rock Band Network - Texas in July - Elements (World) (Addon)
CC91058707008C54390B5749BCC09E8314E0097C45,Rock Band Network - Asking Alexandria - To the Stage (2x Bass Pedal) (World) (Addon)
CC9392C14D33D84C48E3D9FAF97C8BD5C6AFF24745,Rock Band - The Distillers - Drain the Blood (World) (Addon)
CCA32CCBEFB216448A2082DCB12AD81B48AB928D49,Test Drive Unlimited - Lexus Collection - Vol II (World) (Addon)
CCB2973DFC12C55867B71EA9A8F2F8B8997F61F645,Rock Band - Crooked X - Gone (World) (Addon)
CCB5AF46AFE1347322A89783FA671A6B481D019758,Splosion Man - Prologue to Ms. Splosion Man (World) (Addon)
CCBE4517C934FD60207808F2502DFE3523B3D00658,Lumines Live! - Tokyo Club Mix Pack (World) (Addon)
CCC9147527163B2CFF8394C0F034871BE606C24945,Rock Band - Little Fish - Bang Bang (World) (Addon)
CCD1D0A4C8F1B48885D9D909463FC27C1AECD63C4D,Lips - Chicago - Hard To Say I'm Sorry (World) (Addon)
CCDC05E20ACF4C1466238A9E89F1AD9A2C74920D45,Rock Band Network - OWL - Violent Center (World) (Addon)
CCFA9C2A4D3A06D65579737AC0574788221F2B9645,Rock Band - Hot Hot Heat - Bandages (World) (Addon)
CD0178851D7B8BFFF18BFD5948841F76CDEF2BE858,Voltron - Defender of the Universe - Arena of Doom (World) (Addon)
CD06C081552524789AD2D96A24FBA9A6E6BD469D43,Street Fighter IV - Shadaloo Pack (World) (Addon)
CD1CC26F06C191429C55DDA157BC3939E76CE6B942,"Elder Scrolls V, The - Skyrim - Dragonborn (World) (Addon)"
CD1E0A41548E6AF8DD0280D0B66FB74D4BFCB2A045,Rock Band Network - Like A Storm - Chemical Infatuation (World) (Addon)
CD2A0BBA6C7FEBF339A43EEA9C4A989E5DD8E7C34D,Lips - Destiny's Child - Survivor (World) (Addon)
CD425F5A2DEEB36DA6337CC044C56B34B370BC0A45,Rock Band Network - An Endless Sporadic - From the Blue - Point of no Return (World) (Addon)
CD72385D8E3B572E6CF12A05DD8BBDA20BA0158B45,Rock Band - OneRepublic - Stop and Stare (World) (Addon)
CD7995BB5D945C851B88575E2C0271F925117F7B45,Rock Band Network - Nightrage - Hate Turns Black (World) (Addon)
CD8460F27E64E1CFADBE24422EC0A06E3756350B45,Rock Band Network - An Unkindness - A Death (World) (Addon)
CD86EA2627F9BBB306866B0C5A0EE1B7A69766EE58,Lode Runner - Skill Expansion Pack (World) (Addon)
CD9F504817BB45E06D0F0338F34132E5A33FAC8644,Onechanbara Z - Kagura - Accessory - Tear Drop Sunglasses (Japan) (Addon)
CDA626AB0FBD4BBFE4B48C5C31CEA85BBBCF6CB945,Rock Band - Kaiser Chiefs - I Predict a Riot (World) (Addon)
CDB1274E6EAA5063C334FCD1C5286F1BC4B6A8804D,Lips - Snow Patrol - Chasing Cars (World) (Addon)
CDBA47DD9B817C10C447AE5C5F126C34CF9019F84D,Lips - Elton John - Step Into Christmas (World) (Addon)
CDBA5AF41B5B00D040E73507F28C267C4DD3361445,Rock Band - La Roux - Bulletproof (World) (Addon)
CDBD2EB395F40A65AD8C4391B44D949B6E02C2EA45,Rock Band Network - Chaotrope - Reaper (World) (Addon)
CDD04B2890E387122E622DF13F88718CFDCB4F9755,Ghost Recon - Future Soldier - Raven Strike DLC Pack (World) (Addon)
CDEF46270F94551B1443A6972A0C38F018608B4D45,Dragon Age 2 - Item Pack Bundle (World) (Addon)
CE1B04CF7CE85756AE688F982C77773E25F40AE758,Skullgirls - Character Palette Bundle (World) (Addon)
CE1F04AAE7684D61F6BB1C54305CA21C0F23AA5058,Pacific Rim - The Video Game - Add-on 03 (World) (Addon)
CE2BC9EC8EA442546CE5DC0C9A0CE85937BE7AA445,Rock Band Network - SHIROCK - New Solution (World) (Addon)
CE33C20C33F9FCA90B73DC4A5DFC40330B6A9A8945,Rock Band - Trace Adkins - Swing (World) (Addon)
CE4D05665E46A471157C7C64B9C78531809CF4A44D,Fable II - See the Future (World) (Addon)
CE515980A978301C0A8FF4A05530FC8A6BEDCEA058,Domino Master - Rap (World) (Addon)
CE5F9CDA00C1EBD9EE4892F440C560525BF2422645,Rock Band - Tom Petty and the Heartbreakers - Refugee (Live) (World) (Addon)
CE81AF9E0E9919E81EC990B517B5069F3B055C2345,Rock Band - Kansas - Icarus - Borne on the Wings of Steel (Live) (World) (Addon)
CE97AA8FE56754BE05E073B4B816B5B97ED06AE04E,Beautiful Katamari - Perfectly Sized Katamari (World) (Addon)
CE9DD07BB7F479C97949948DB3B200CAD7AA4A5A4B,Def Jam Rapstar - Nitti Beatz - Playmaker (World) (Addon)
CEB0E82E333E930619ECA866614D8642FF361C9658,Raskulls - Grand Prix Pack (World) (Addon)
CEBC5C3ED02D8039BED590EF2544524B7FA5044941,DJ Hero - Jay-Z vs. Eminem Pack (World) (Addon)
CEC7FB401E621FB8DA5D6D9D4482B5E0981E3C1F45,FIFA 09 - Live Season - Barclays Premier League (World) (Addon)
CEDD7ACA02DD5D487A8EB3BA47E3483A6FEE5A0345,Rock Band - Pantera - Walk (pro) (upgrade) (World) (Addon)
CEE8364657E3EF96A5238BE1D48EA74F3794DFAC58,Rhythm Party - Song Pack No. 5 (World) (Addon)
CF0261E2C3BB4D5C1212E0190CD1FB16CE613A6858,Yu-Gi-Oh! - 5D's Decade Duels - Super Pack 02 (World) (Addon)
CF12BBCD81F22122986D16A41F8D6564534A877B53,Phantasy Star Universe - Ambition of the Illuminus (World) (Addon)
CF174E23C3F2189066CB1ADF1DB96F4532AEF8FD45,Rock Band - Switchfoot - Meant to Live (World) (Addon)
CF1A6FA676F8829CD086611C618BECEDBA4BD70D54,L.A. Noire - 'Reefer Madness Vice' Case (World) (Addon)
CF20765AF2804301DED2CB98186E28C1950BA01845,Rock Band - Janis Joplin - Piece of My Heart (World) (Addon)
CF412F0962D4AE116D38A98BFEE574362EE3A03349,BulletWitch - Dynamite Beauty (World) (Addon)
CF5106BB8F97F2561515A518125A7B7358F9C4AA45,Rock Band Network - One Year Later - Absolution (World) (Addon)
CF58F776C4642040CD1DE4A6FF5F7E21B15CFBFF54,Borderlands 2 - Ultimate Vault Hunter Upgrade Pack 2 (World) (Addon)
CF6BDEC914C4E8CCA909C47CE0FDC61030DB42C64B,Def Jam Rapstar - DJ Khaled - I'm So Hood (Remix) (World) (Addon)
CF74CD22D014C3CF68707B0CF204068885554A0058,Resident Evil - Revelations 2 - Raid Mode - Weapon Storage A-B-C (World) (Addon)
CF79471AD2575ABFD1AC1375C5B27F76807D440F4D,Lips - Cinema Bizarre - Lovesongs (They Kill Me) (World) (Addon)
CF947A2E7C3D80B2A029FF578476AF141EF9C30A45,Rock Band Network - The Nebraska Sailing Authority - Second Best Friend (World) (Addon)
CFA064FB72A0B8E9C5EC8F5774C2E5F211085EE645,Rock Band - Papa Roach - Last Resort (World) (Addon)
CFA53DAE1FCC056FA0A5ED4B82261E7BAD7470234D,Lips - LMFAO - La La La (World) (Addon)
CFA9BF180F9B6D524D0806F5E2A42F118D30D78655,Your Shape Fitness Evolved - Cardio Boxing Platinum (World) (Addon)
CFAACEDDB0AB901638B1E8A0188526CE62D5840358,Gotham City Impostors - Bats Cape - Butt-Kicker Slicker (World) (Addon)
CFAE06E451D37F6A01FA209C08215B49A711F27645,Rock Band - Tommy Tutone - 867-5309-Jenny (World) (Addon)
CFB557F6458FF7DC75C038B32EFE888E042BAAF058,Kinect Party - Full Unlock (World) (Addon)
CFCC7C47B10F54D9A5FE3EC11A466EC20CFC0EE445,Rock Band Network - Jenium - Close to Home (World) (Addon)
CFDA7F570214395FEE0644F72DC8DDDEC15C7E1058,Gotham City Impostors - Jokerz Face Paint - Punchinello Pooch (World) (Addon)
CFDD48D9E5BBEF44F58B8AB2301E84C8968213E945,"Saboteur - The Midnight Show, The (World) (Addon)"
CFDE1CB059F4655442FB4E8A7317144EFCAF7F9F55,Prince of Persia - Epilogue (World) (Addon)
CFEA4F08F5E4ACE2C41DC672DBCA290086A0F1B345,Rock Band - The Killers - Pack 01 (World) (Addon)
CFF4939523874D67C301FB48797FDA1FCA6812EE41,Guitar Hero 5 - Weezer Track Pack (World) (Addon)
CFF7DB8AA23403D07CF3A0AC175356C8CB7CF87C45,Rock Band - The B-52's - Love Shack (World) (Addon)
D015FAF8377BD3F609867DAE589A64EBEE4E6D244D,Lips - Commodores - Easy (World) (Addon)
D02723DF4BCEEEDE997D07366118507C658F4EBA54,Borderlands 2 - Compatibility Pack (World) (Addon)
D0370C00D9A5FF84B49CFD3E823BDD85BE875B4755,Far Cry 2 - Fortunes Pack (World) (Addon)
D0411598AE99AE89A83191222DD7776CFB4B934A58,Minecraft - Story Mode - Season One - Episode 7 - Access Denied (World) (Addon)
D04148A1CEE3B3958D6C6866B07FA386069389E245,Rock Band Network - Silverstein - Burning Hearts (World) (Addon)
D070288B0EE394266097B204EF0CE7C77A073FCB58,Buku Sudoku - Puzzle Pack 18 (World) (Addon)
D08EE6D942FD9C347E11778326DDC0EB518C7CC058,Yu-Gi-Oh! - Millennium Duels - T.G. Pack (World) (Addon)
D09D8FE3395AC1978A9E854B7FF9898BF33B288445,Rock Band Network - Cold Steel - Forgotten Tragedy (World) (Addon)
D0A5D2FE2023AEB5A1F75DB40F772138E25C2AD945,Rock Band - Violent Femmes - American Music (World) (Addon)
D0B1BC447068A74192089E3E81856075FD8920CC58,Minecraft - Xbox 360 Edition - 5th Birthday Skin Pack (World) (Addon)
D0B40433110FD4A2B5537E8D62084F8525F84A1545,Rock Band - L7 - Andres (World) (Addon)
D0B5339E81B4934F565766C37610FB5E078D9D2945,Rock Band - Atreyu - Coffin Nails (World) (Addon)
D0B6DCE18FAFD6B5AD9F1C7F900E72D1D903614F45,Rock Band - Live - Lightning Crashes (World) (Addon)
D0B74101281061F414469A8B3A27B2A9B934FABB45,Rock Band Network - Buckner & Garcia - Hyperspace (World) (Addon)
D0BE569600AE82711C1A8172A6388D9D91863A1D53,"Last Remnant, The - Challenge Pack 1 (World) (Addon)"
D0C9E1976C5685FB24475990194BCE733CD9125745,Rock Band - Skillet - Monster (World) (Addon)
D0CF5278DF17B20C66ABD1FF072DF16392F1DE4E4E,Beautiful Katamari - Mechanical Katamari (World) (Addon)
D0F5361FB61C9AACAF65A7678A4BA7EAA494421645,Rock Band Network - The Haunted - No Ghost (World) (Addon)
D0FADB0D9E30568BFAE0FCF94F511F4A08AAB0FF45,Rock Band Network - Alias Unknown - Top Back (World) (Addon)
D102D448EF5079C672E6F3C5F8297F2F5AEE218E45,Rock Band - Procol Harum - A Whiter Shade of Pale (World) (Addon)
D10D539B33DCC6166D2FE3ABD4DCE51B6BB19FA845,Rock Band Network - Action Action - The Ones Who Get It (World) (Addon)
D11138901D9B966F724EA6DAA6F464E6E58D053945,Rock Band Network - The Bouncing Souls - Gasoline (World) (Addon)
D1289DF27F8346C4035878C5A068DDCDE133AD9945,Rock Band - Wolfmother - Joker & the Thief (World) (Addon)
D12C6D894AAB29EB7092326544A7D5F8407B0EC645,Rock Band - Buffalo Springfield - For What It's Worth (World) (Addon)
D1311A98B5963C92C181105157523A3B3FF0AB0545,Rock Band - Tom Petty and the Heartbreakers - A Thing About You (Live) (World) (Addon)
D14E6A82B4E63F7B00A16897FC580C1381B7E18E45,Rock Band Network - Rose of Jericho - Take Me Away (World) (Addon)
D1595A5A2C78C4BE03EDA13D75F259279037F0D158,Darkstalkers Resurrection - Rikuo Arcade Cabinet (World) (Addon)
D16099226C040CC95B584795D4A393BBFBAA781645,Rock Band - Family Force 5 - Love Addict (World) (Addon)
D168B76A9A47FFCF431DDA3D77A98D77CD27DEB345,Rock Band Network - Winds of Plague - Approach the Podium (World) (Addon)
D17682F0B57E3782BD776AA3695C01A19684427345,Rock Band - Lynyrd Skynyrd - Gimme Three Steps (World) (Addon)
D17C0CFB820D2E877C3F775E789881F1E4B628A545,Rock Band Network - The Cold Goodnight - Revenants (World) (Addon)
D17E32FE0823BB0DCB536A6FB8F1C4A7F064E86B58,Marvel Puzzle Quest - Dark Reign - The Mighty Tool-Kit Access Pass - Thor - Goddess of Thunder (World) (Addon)
D187A5BBA98836E282483D549DFBCF31B70B1A4358,Gotham City Impostors - Bats Gloves - Goon Pruners (World) (Addon)
D188AB8CCB0C87D0FBEE454F5DBC02F4E02CE44F45,Rock Band - Nine Inch Nails - Closer (World) (Addon)
D1990E7DEFD031C7A16F774B1D003299479A6FA758,Rhythm Party - Song Pack No. 1 (World) (Addon)
D1AEC708EE0B70B41104F2BD31C2B059F11027F158,Trials Fusion - Fault One Zero (World) (Addon)
D1B67C85E634AAB8247BACEF4B04D6DEA178ADC358,Guardians of Middle-earth - Gloin - Playable Guardian (World) (Addon)
D1BDACBB6B74DD661953A7BFDC1FB8E60451F9E945,Rock Band Network - XTT - Cookie Monster (World) (Addon)
D1BE5A179C310C44B9294C65039CD95BDCB065C245,Rock Band - Toadies - Pack 01 (World) (Addon)
D1D239518DA57A482C1A4ECBF5512CB7E94620D14D,Lips - Toni Basil - Mickey (World) (Addon)
D1DADAA63AB240414B1F622085D1F510E88B69664D,Forza Motorsport 4 - Launch Bonus Pack (World) (Addon)
D1DB77D1F576728F85BA50FF2CA804F25A4B143A43,Dragon's Dogma - Notice Board Quests - Service Pack (World) (Addon)
D1DF7AECB962FD87CF6E013A77A0E80FF4C7D6BC45,Rock Band Network - The Word Alive - The Hounds of Anubis (World) (Addon)
D1E7DDFA9AB5B952D91C45330C2FDB52D268472B4D,Lips - Nickelback - Gotta Be Somebody (World) (Addon)
D1E7E34AC27766373598138E1A0123E327F4EC9D58,Minecraft - Xbox 360 Edition - Star Wars Prequel Skin Pack (World) (Addon)
D1F47B364D545402E3E03F2041E0DB9250BF565242,Oblivion - The Thieves Den (World) (Addon)
D20CE04C0C3E0715253E3C1A80E834BE78059C8D45,Dante's Inferno - Animated Feature Dante Costume Pack (World) (Addon)
D20FA6B811631B80054BBDDF741FA68F87369D8A45,Rock Band Network - Kirby Krackle - Vault 101 (World) (Addon)
D23F12F36A41E99FAA63B7C5E132756C6CE6608745,Rock Band Network - Mafia Track Suit - 28 Days (World) (Addon)
D244435D73CEEADE3C40E4AB1F2619BF24FFB58445,Rock Band Network - Strikken - Closer (2x Bass Pedal) (World) (Addon)
D24C20380F9B26B03333AF3EF8E2E2FCB584A01C46,Ninja Blade - Bonus Pack (World) (Addon)
D25038F972490F21C032FAAD3419A3EC8237DECB4D,Forza Motorsport 4 - February American Le Mans Series Pack (World) (Addon)
D258CF6C3D8576D926AE3668354314378442864045,Rock Band Network - Bluefusion - Industrialized (World) (Addon)
D271934CA2590A08C5E335AF92A69E5101D5B90545,Rock Band - The Mother Hips - Red Tandy (World) (Addon)
D274F5FA950A112F1B21848E42038ED9ED67677745,Rock Band Network - MC Frontalot - Hassle - The Dorkening (World) (Addon)
D27C6F21EFBC6DE321A2CC9897B76FE6F2ED26944D,Lips - Dexys Midnight Runners - Come On Eileen (World) (Addon)
D281D8F864728476B8AE2009F2268E9265A2ECAE4D,Lips - Black Eyed Peas - Shut Up (World) (Addon)
D29171D5233D61E77543EFF36CBF1B3D78249C3A45,Rock Band - Staind - Not Again (World) (Addon)
D2B1401FC2DDA6D0D7B08F7FB5B99C84518AE1B553,Hitman Absolution - Suit and Gun Collection (World) (Addon)
D2B4C99C2B04CAB8BE98AA16D4E62C297976F13845,Rock Band - DragonForce - Through the Fire and Flames (pro) (upgrade) (World) (Addon)
D2BDB36FC742AE522988EDD3F1995C314F9F554A45,Rock Band Network - C. J. Ramone - Do It to Me (World) (Addon)
D2C8635A663909E692274F97B1B96A9A06112C9658,Toy Soldiers - Invasion (World) (Addon)
D2D08C545B391C50495885A65FC43116218434CA4D,Lips - My Chemical Romance - Welcome to the Black Parade (World) (Addon)
D30E3BAB9A9F42359FE3E2954511C43EDF05787A44,Onechanbara Z - Kagura - Saaki's Hair - Short Bob (Japan) (Addon)
D3107BB14A74441683DE9089F25EC8B0543291EA45,Rock Band - Queen - Tenement Funster (pro) (World) (Addon)
D357EF58DCE933638B7C27CD836D9B4705F101D145,Rock Band Network - Jerry Naylor - My Little Girl (World) (Addon)
D35FDDE68CAC5F14AB3715E145497DAD7DFC162A45,Rock Band Network - Done Lying Down - Throughout (World) (Addon)
D38A4A83DAE05FB56B5E1E7EB135379EA0EE7D3445,Rock Band - Johnny Cash - Tennessee Flat Top Box (World) (Addon)
D38D4792DB8566BB709F0967FB464DECB463E7FA58,Child of Light - Tumbled Oculi Pack (World) (Addon)
D39726DA6FDB27E47A3E6031DD2ADEA569F631E845,Rock Band - Rick Springfield - Pack 01 (World) (Addon)
D397C4851284F8BB72353AD0E1471F3C1DA0143845,Rock Band - The Police - Every Breath You Take (World) (Addon)
D3AB0538AF091E73CE6209AAB817972AFF3CD2D044,Onechanbara Z - Kagura - Saaki's Hair - Volume Pony (Japan) (Addon)
D3B7840704EB7680D1F2DB64DFB96DE03BFDF73A45,Rock Band Network - Big Kenny - One More Time (World) (Addon)
D3BCB4193031B8340C25C18AECFACB7ADB9E02F546,Naughty Bear - Episode 8 (World) (Addon)
D3BD37A02CD502427BAAFFAED7F5F4040F197C8745,Rock Band Network - An Endless Sporadic - Anything (2x Bass Pedal) (World) (Addon)
D3C19FE1C6377E5E7310B9184382DF54CC7E4F9345,Rock Band Network - Ween - It's Gonna Be A Long Night (World) (Addon)
D3CDF8E12785D79C7972584BBFBDE65B42512B6E45,Rock Band Network - I Am King Tony - Stereo Stereo (World) (Addon)
D3DEB9F9311A72EE7FEEADB43273F920B4AAA55058,Real Steel - Add-on 11.2 (World) (Addon)
D41921B8F6C09B960795B70938809DD96DD4FA0F4B,Otomedius Excellent - Donburi Island Stage - Library (USA) (Addon)
D419383ED22843ACEE3469BD5E5B654B445DA6FD45,Rock Band Network - Sincronica - EsCupido (World) (Addon)
D45404C969C2FC6673A2028AE2B140E0D09FC5EC4E,Clash of the Titans - Apollo's Challenge Quest Pack (World) (Addon)
D4714483047A6253F09CF8AFCE73529A1A0D1D774D,Game Room - Game Pack 002 (World) (Addon)
D47A23C57A49329223AB62A482F1ABA4F2F883DD45,Rock Band - Dinosaur Jr. - The Wagon (World) (Addon)
D47DE91A30CF294EE16C2FEEE6B56F5F7AF8F7DA4E,Beautiful Katamari - High-Calorie Katamari (World) (Addon)
D498844C595F0815422CE14EB4EB0C3E60ABD69245,Rock Band Network - All That Remains - The Waiting One (World) (Addon)
D498E2C1B46D3B9B17A55FFF69F3C6F9CE5534AB58,Exit - Additional Stage Pack 1 (World) (Addon)
D49DDDC212AB6A750C34961557E1B2E639912C4A45,Mass Effect 2 - Inferno Armor (World) (Addon)
D4CDC9D4227F7B3A940A6A4A46ED213168AA01D358,Yu-Gi-Oh! - 5D's Decade Duels - Card Pack 14 (World) (Addon)
D4D000691E175FFA2E0CFCFD6B73D4FD592E4F5E4D,Lips - B.o.B. feat. Hayley Williams of Paramore - Airplanes (World) (Addon)
D50C75F162F866771B0EAA5B842B054F7873FEBF45,Rock Band Network - Bang on a Can All-Stars - Julia Wolfe - Believing (World) (Addon)
D5145DF6ACA3D273F23F3CC7DFB88D30FD94E6E358,Skullgirls - Five Characters & Complete Colors Pack (World) (Addon)
D51538F66980574383E89EC007263100150552AE45,Rock Band Network - The Raspberry Ants - Janie (World) (Addon)
D5271E6CFAAC407FE462AF695F62A3CF8B0785EF47,Senko no Ronde Rev. X - Extra Costume - Cuilan B4 (Japan) (Addon)
D53CB855DAFC796C018FF2AE17345E9BB5934BB845,Rock Band - BB Brunes - Dis-Moi (World) (Addon)
D53EE607E24B5514D95F294021847F5A4D5F572358,Yu-Gi-Oh! - Millennium Duels - Vylon Pack (World) (Addon)
D54F0DCBB52DC9045098B325E74A86DCAB58E67744,Onechanbara Z - Kagura - Accessory - Maid's Hairband (Japan) (Addon)
D55129EA815E2C3372CB609AC4BC85C6F4DCCB5D58,Moon Diver - Chain Kill Mode - Bloodbath! (World) (Addon)
D5830F9967A7CF8C4AB5A246C0ACAACC30C5B67F45,Rock Band Network - Cancer Bats - Hail Destroyer (World) (Addon)
D583317A09F63F5ABD8EE77BE66A5AA8BDB5A8E658,Mega Man 9 - Hero Mode (World) (Addon)
D58EB556E1ADF1ED5CB86FA5D601D043073B143B45,Rock Band Network - Scott Gehrett - Black Cloud (World) (Addon)
D59C53EA4EB7DC2AD1EBD4962621F55D3F96892945,Rock Band - Deep Purple - Space Truckin' (World) (Addon)
D5A723341F8BD68A0936D476495285C60247010D45,Mass Effect 2 - Genesis (World) (Addon)
D5A7F0BDEEBC7DFA104717D5A722DCFEF75A682258,Darkstalkers Resurrection - Poolhall Theme Room (World) (Addon)
D5AC7B3E7088898E95A4A43133F8DE5279916F1E45,Rock Band Network - Windtunnel Syndrome - You're an Egg! (Evolution) (World) (Addon)
D5B31F9969D4FE44BA297FB1085E0ACE6353AA5145,Rock Band Network - C&O - Wings of Infinity (World) (Addon)
D5D784B0D1AD5162E44C1B666ADE8289633A957F58,Real Steel - Add-on 18 (World) (Addon)
D5D8FA8D8CC28D6BFAE68CE22CA94305D98BB8564B,Dynasty Warriors 6 - Empires - Additional Music Set 2 (World) (Addon)
D5ED8320A065C240BF9961FBB01294546E82E88D58,Chessmaster Live - Classic Chess Set (World) (Addon)
D5EF4F9F0C453B092111B1416A4CE30D912F87984D,Lips - Rise Against - Swing Life Away (World) (Addon)
D606FC280590B5838B00129E7C92122C25485A5F45,Rock Band - Loverboy - Working for the Weekend (World) (Addon)
D61001A7B5F86AFAB3B6F12CC77DC8C38C0C0CE345,Rock Band - The James Gang - Walk Away (World) (Addon)
D61B73823A0169CBB422C840624C553C857DAF8945,NBA STREET - Homecourt Melos Cloverdale (World) (Addon)
D620E4F8AFFB94F47E8E307CDAF7DFAFB344C35C4D,Forza Motorsport 4 - August Playseat Car Pack (World) (Addon)
D624503A4A97A4109F548983F82E924024F0211842,"Elder Scrolls V, The - Skyrim - Hearthfire (World) (Addon)"
D62CEE3E239060DD57882CE10BA9A18C9E8BB90845,Rock Band Network - Steele & Britton feat. Taryn Murphy - Bringing Love to the Party (World) (Addon)
D632B74E98BFF8DD201C64B223AF1521FAD3B71045,"Rock Band Network - Blessthefall - Hey Baby, Here's That Song You Wanted (World) (Addon)"
D63CAE67A8573A6ACE63339556D0FAC8AD786E0245,Rock Band - Avenged Sevenfold - Critical Acclaim (World) (Addon)
D645EE9CD301BD4ECE8ED666A054D8A5BDFBAB5354,"Outfit, The - Collateral Damage Map Pack (World) (Addon)"
D64CEC18B109CD81B7AC569B377FB73FE1B5E1DF45,Rock Band Network - Asking Alexandria - The Final Episode (Let's Change the Channel) (RB3 version) (World) (Addon)
D6501EAB16A078A779D7C53B3B097715D51A28C645,Rock Band Network - Rhune Kincaid - iPhone (World) (Addon)
D65621A6A09B6244F074FC1F78EA9DE21AB7735F58,Yu-Gi-Oh! - Millennium Duels - Inzektor Pack (World) (Addon)
D66597A7B2362AD6ED50E0C533AB615BEBECB88B4B,Def Jam Rapstar - DJ Khaled - So Hard (World) (Addon)
D6663AF4ADDCEF63B352FB6888E09CCC835836A245,Rock Band Network - Midnight Sun - Fight (World) (Addon)
D6670647F6378BAF5BA5C2631C48607E5270F63F58,Scott Pilgrim vs. the World - The Game - Online Multiplayer & Wallace Pack (World) (Addon)
D66D1D42699429FE82770ABE83DB7C57A877A0F949,Test Drive Unlimited 2 - Inuit Edition Audi Q7 V12 TDI Quattro (World) (Addon)
D69B3EF18C790F8587BA4FE9B14C3B98E364740F45,Rock Band - Blue Oeyster Cult - Godzilla (World) (Addon)
D69BF847A9052EAB60F0B7F4830EE9928FF1C2B558,After Burner Climax - Picture Pack (World) (Addon for XBLA)
D69D0BEA64C3728751A4CCD6BBE749BE9CB4F27D45,Rock Band Network - Joe Bouchard - Travelin' Freak Show (World) (Addon)
D6B4CA877EBC942AD4E1D5BAA2DF1EE831867A7744,Onechanbara Z - Kagura - Kagura's Hair - Wolf Hair (Japan) (Addon)
D6D684FA1B980F16C8E472915E10F51DE201FF1245,Rock Band Network - Veil of Maya - Namaste (World) (Addon)
D6EB0CDD05E5DDF46B7A7B0B95B237390EF9FD4E45,Need for Speed - SHIFT - Team Racing (World) (Addon)
D6F2197696A4B9A4A14CCA3AB26EC6FA61B3F51454,Top Spin 2 - Pack 2 (World) (Addon)
D6FB95A85D620FAB03764249AF81DEDD8C76F75A45,Rock Band Network - Scott Attrill - 2 Invade (Stadium Mix) (World) (Addon)
D707C1E8BB3C6C95C1CBCEDF1CBE99BC0A2936EE58,"Pinball Arcade, The - Season One Bundle (World) (Addon)"
D70F7EA34FCD177DAAC3000B1F88C840E4ED6EF24D,Lips - Sisqo - Thong Song (World) (Addon)
D71B447512741EF99B29780DB68DF525E912721658,"Walking Dead, The - Season One - Episode 5 - No Time Left (World) (Addon)"
D71C24D129774B149D73F0DF58BEE1DC5DF47DCA45,Rock Band Network - Broken Equilibrium - November (World) (Addon)
D734C67BA5B702619B6212D035BDB4968FB4EE7158,Buku Sudoku - Puzzle Pack 04 (World) (Addon)
D73FE819735F2B55CFE2AC45BD5F4D7BC3FB708D4B,Def Jam Rapstar - Flo Rida - Low (World) (Addon)
D757305876A83EA293C4CA73BE22352F464DB83D4E,Ridge Racer 6 - Unlock Key 36 (World) (Addon)
D75D4DF06BB77AD88C20D47CF4187663DE58050F58,Rhythm Party - Song Pack No. 4 (World) (Addon)
D76BDD42CA256EE1CEDEE8E3BD639E89F84D43F041,King's Quest - Complete Collection - Compatibility Pack 2 (World) (Addon)
D76F287B118EA6B0E4C04050BBA7EA2034E355BD49,BulletWitch - Dawn in the Valley - Extra Edition (World) (Addon)
D7780A3F693C9B1E5BF4BBFA09C0890C16C748A145,Rock Band Network - Rose of Jericho - Buried Cold (RB3 version) (World) (Addon)
D77ED8B3F5A842F91E8D2F0D1B0AC3B334ADC62945,Rock Band Network - Steve Vai - Get the Hell Out of Here (World) (Addon)
D787CD330C990483F1FEADBE0B84B9C44246F9BC4D,Lips - KT Tunstall - Suddenly I See (World) (Addon)
D78EC98A58D5D5891CF82F420CD9136C65E2E53945,Rock Band - Hinder - Use Me (World) (Addon)
D7CE6CC1C153A84C1FD93F8883027C94688A25454B,Otomedius Excellent - Yebisuboshi Stage - Library (Japan) (Addon)
D7CF55BF7FFF08777A643E38965DCD9C2AA32EA745,"Rock Band Network - Bang on a Can All-Stars - David Lang - Cheating, Lying, Stealing (World) (Addon)"
D7D0BA95DF057960B672D5CF0174BE461DF57D7F4B,Otomedius G - Gorgeous - Additional BGM Vol. 6 - Tita Nium Pack (Japan) (Addon)
D7D1EF18B8D53B592421FD1A7285802180B564FC58,Magic - The Gathering - Duels of the Planeswalkers 2013 - Magic 2013 Multiplayer (World) (Addon)
D7D6B7BF0E34735DB1A37B2BE04BEB56EF5AA85045,Rock Band Network - C&O - We Are the Best (World) (Addon)
D7E2EC0AE76C53AC7460659783EBE5AD8C6982DC45,Rock Band - Get the Funk Out - Pack 01 (World) (Addon)
D819F24CE9B544CB3109C2195A2939598B3DEE8945,Rock Band Network - HourCast - Freakshow (World) (Addon)
D83CCD137E0D34F7BD8E4B8AA0FE4FE74EA9BF3945,Rock Band Network - Excruciating Thoughts - In Memory (World) (Addon)
D84A892AF34BBA3691A8025E455CCD4A1276585F58,Resident Evil - Revelations 2 - Episode 2 - Contemplation (World) (Addon)
D84B22D57ADB963BEDDDF26A6418DFD6924851214D,Lips - StoneBridge - Put 'Em High (World) (Addon)
D85E8C7AC24A211C37A513824F1637A91C28ABEC41,Guitar Hero - World Tour - Ferret Metal Blade Track Pack (World) (Addon)
D870D7EA62B938633A6F8A05497D1F2888A8D77C45,Rock Band - Bad Company - Can't Get Enough (pro) (World) (Addon)
D87408478131F4C4AF5111D5615AFB9B1DAA9C4F58,Quantum Conundrum - IKE-Aramba! (World) (Addon)
D87B671A124E5C476E19C2B6D3825C849E43784E4D,Lips - Tracey Ullman - Breakaway (World) (Addon)
D87BF89B3F72951B11753E88BFD3DAB93D75EBF754,MLB 2K8 - Minor League Stadium Pack (World) (Addon)
D8895AF70EC35697B984A72B9651B71AB10B925C58,Wrecked - Revenge Revisited - Highway to Hell (World) (Addon)
D88A9638F9E2B6156F5C38D406057BC261DB509545,Rock Band Network - Cancer Bats - Dead Wrong (World) (Addon)
D8A8F41FCDF69ACA9DEA01302AE285B0DA1C31884D,Lips - Janet Jackson - Nasty (World) (Addon)
D8A948550F2E22F5382A2E54EC3F7347040AB44045,Rock Band - H-Blockx - Countdown to Insanity (World) (Addon)
D8BAA0213D1258E52AA07F1DF7B5C8B1FEA95D9445,Rock Band - The Smithereens - A Girl Like You (World) (Addon)
D8DE99777BD4605D16C6569A00B08F7CEB8D968658,Minecraft - Xbox 360 Edition - Cartoon Texture Pack (World) (Addon)
D8E2B4F5A08DB9E469AE1C46EFCFEF3D0E45242945,Rock Band Network - Cephalic Carnage - Abraxas of Filth (2x Bass Pedal) (World) (Addon)
D8EBF93359C46FB8AC55DA3157316FB273B1997145,Rock Band Network - The Riptides - The Pale Rider (World) (Addon)
D8EE3937B40EDE832370A9CAE7820F7ED71CDE2058,Resident Evil - Revelations 2 - Shotgun TAP194 (World) (Addon)
D8FF001027B86816F048ABE2B43904663FFE419958,Mega Man 10 - Special Stage 2 (World) (Addon)
D90CA7D432F3DA22BAB470E59C082D272D1DAA5C49,Test Drive Unlimited 2 - Ferrari 599 GTB Fiorano China Edition (World) (Addon)
D90FE8BFDE793F5D9C0BF3CDA556E63DED4205BA41,Call of Duty - Modern Warfare 3 - Elite Drop 19 - Light Em Up (World) (Addon)
D9120D7E5ACE03E572FFD6AC0B955717B19815614D,Lips - Chicago - I Don't Wanna Live Without Your Love (World) (Addon)
D91750201D404123FE6CCB002114740B4AFAB60F58,Minecraft - Xbox 360 Edition - 3rd Birthday Skin Pack (World) (Addon)
D91BFFAB5E1DAEBC4454B924E3443AF6F8E76F5845,Rock Band Network - August Burns Red - Marianas Trench (World) (Addon)
D91C94A0B1B126B1D8F8ED278B7218E16A73816555,Just Dance 3 - Irene Cara - Fame (World) (Addon)
D920710D80DE90F3897F50BD7C0A04615033DDC545,Rock Band Network - Midnight Ocelot - Rock Your Socks Off (World) (Addon)
D921A98F9A6D93D61D632B5F71CA03D9742AE0AF45,Rock Band - Alanis Morissette - Head Over Feet (World) (Addon)
D932BA0B1CDD0EF2C0F559BC0B714DE682D6789D45,Rock Band Network - Kill the Alarm - Fire Away (World) (Addon)
D94A99E0EB00045B1531DC9D3CDA2E94EDCE1C4658,Skullgirls - Data for Skullgirls 2nd Encore v1.1! (World) (Addon)
D94C7AC66ACB63345CA0BAC2FA386026B8C70E1258,Yu-Gi-Oh! - 5D's Decade Duels - Syncing Dragon Deck (World) (Addon)
D95A2C519E447316E63536637B69639F355B4B6645,Rock Band Network - Ultra Saturday - Kiss Kiss Bang Bang (World) (Addon)
D95E1F85A2F9030D5F3763B7CF79BB7FA5A6723B4D,Lips - Jamiroquai - Virtual Insanity (World) (Addon)
D95EF669B54EA14B36F26064DB39B8969BC7415358,Hasbro Family Game Night - Connect 4 (World) (Addon)
D96340DB24C4FF9E92ACA06E29ED1927DBBE7ACE58,McDonald's Soft Drink - Theme Pack (World) (Addon)
D966A11EFD69A2077F397966FBEDA95F54BA3D0654,Homefront - Express 870 Shotgun (World) (Addon)
D9684CA912EA07BE378E5D2EA06ADC9B5CE0280E45,Rock Band Network - Philip Franco - Jam (World) (Addon)
D9745DD0F3B3BFD999205EA464CE4062C82E7F8645,Rock Band Network - Ivoryline - The Healing (World) (Addon)
D977A1BB6A22AE0CC24D7BEB358533101BC38F0345,Rock Band Network - Blanks. - Pouncer (World) (Addon)
D9846EF7453AF172A6DBE6FA3A5459CA025568964D,Lips - Peter Schilling - Major Tom (Coming Home) (World) (Addon)
D98B07B61BDAFA56CCDB9E5363F468DE415C018458,Kinect Fun Labs - Battle Stuff (World) (Addon)
D99871C51B255181CBE4F711F3E9C69B39D1EAC04B,Def Jam Rapstar - Birdman - Money to Blow (World) (Addon)
D9A1FF849E59176A33F846E67A01CC9E620A725545,Rock Band Network - Bluefusion - (Random Song) (World) (Addon)
D9A4B72B89A521542CD1AA6261B4A5D920915D8145,Alice - Madness Returns - Weapons of Madness and Dresses Pack (World) (Addon)
D9BE1A838D4FED4FCA8F0E2948606561194291F158,Hasbro Family Game Night - Sorry Sliders (World) (Addon)
D9CDEE6A79936CAB6A24F3D4EEB3EBEE19D76D9A45,Rock Band Network - The Shins - Saint Simon (World) (Addon)
D9EE05F4A1C54FF0F63EC77F2608D0F37F55AD1D58,Yu-Gi-Oh! - 5D's Decade Duels - Starter Deck 02 (World) (Addon)
DA1027D3F195042E877B864AAD6C8B26E0B281C24D,Forza Horizon - Honda Challenge Car Pack (World) (Addon)
DA2A67ED1ADB0B0B5A86C09EF73B4A965AF67EEA58,Worms Revolution - Medieval Tales Pack (World) (Addon)
DA3762421EFEC67F3F979C484E534C179EFAA08058,Pinball FX 2 - Balls of Glory Pack (World) (Addon)
DA3A2967C3E48CEECD20FF00A8B07367AA9E1F2C41,Call of Duty - Modern Warfare 3 - Elite Drop 22 - Gulch (World) (Addon)
DA5A1355CC9569F9154273F48313252DFF3204394B,Def Jam Rapstar - Lil' Wayne - Got Money (World) (Addon)
DA7CE8E1B280D1D04EDD39C06C1F80D6B6D8B59E45,Rock Band Network - Alestorm - Back Through Time (2x Bass Pedal) (World) (Addon)
DA8A93E4CE86AE5B6F8BD631806426C55E76ED1B45,Rock Band - Johnny Cash - I Walk the Line (World) (Addon)
DA8B129948A7F112D44421184556CEB36D7A98EA45,Rock Band - David Bowie - Track Pack 01 (World) (Addon)
DA8B374CCC6D1FC167E02D766A56D7B33FD327D04D,Lips - The Housemartins - Happy Hour (World) (Addon)
DAAA5A32336A5F2E27A001C1FFE7CA4C1351E51045,Rock Band Network - Amberian Dawn - Blackbird (World) (Addon)
DAF58074681B7C5CC598D6659857A7A09EFF370145,Rock Band - 38 Special - Hold On Loosely (World) (Addon)
DAFC2B58B24AE21E8682813CE09B0A859D2F8DB045,Rock Band Network - Kingsize - Rabbits (World) (Addon)
DAFDBFC5F96A4E6F8AFD47E8560BF5FAD678F4D458,Scott Pilgrim vs. the World - The Game - Knives Chau Add-On Pack (World) (Addon)
DB05E0AFDC969DBD21EA37584E418F3E7A62BFA658,"Expendables 2, The - Videogame - Full Access and Upgrade (World) (Addon)"
DB086271CC1AC7FD66CF5889684F8769B00CE34D58,Gotham City Impostors - Jokerz Face Paint - Sad Clown (World) (Addon)
DB126193D55FD579DFDC09DA3E5E6DD0B41DBA2754,Top Spin 2 - Pack 1 (World) (Addon)
DB24BC8A7622E75FDFED0A485EE151EC40C59CB64D,Lips - Jamelia - Superstar (World) (Addon)
DB39F4D5E68B5C8CF9B65FD4D51275AC8277AC1D45,Rock Band - The Clash - London Calling (Album) (World) (Addon)
DB43F1003462A480834B823A3CDFEB76CE0E16A058,Carcassonne - King & Baron Expansion Pack (World) (Addon)
DB4F303BF4EED8B2632B0CEB032D345DC0BCA95945,Rock Band - Johnny Cash - Five Feet High and Rising (World) (Addon)
DB5275D5893C1E8AD00EA008D967247DD4EA01B545,Rock Band Network - Between the Buried and Me - Alaska (2x Bass Pedal) (World) (Addon)
DB71DE87930905C67E0AA59C4A3A1412685FCC6945,Rock Band - The Fratellis - Pack 01 (World) (Addon)
DB83CE5B9FB352899154E1E7BF1B17434EA67ACB45,Rock Band Network - Brand New Analogues - Wolves (World) (Addon)
DB8611282BAC22C1C0CE67DF5F7E9FAB30C9FBC158,Renegade Ops - Reinforcement Pack (World) (Addon)
DB8DC3C2084E33522A1C91B6EF762B9435799FF449,BulletWitch - Secretary Costume (World) (Addon)
DB9E6D4B4094D8D4F78B5A05F9867779BEE36FE645,Rock Band Network - The Bronx - Knifeman (World) (Addon)
DBA95078A664DE7B07DB3711D0C1FDF9D7DFA1524D,Forza Motorsport 4 - May TopGear Car Pack (World) (Addon)
DBAA719AB9B0F68DD61F87E87EA4409D2922344758,Rocketmen - Axis of Evil - It Came From Uranus Expansion Pack (World) (Addon)
DBB1F397823D7F17F6E27F5CAA95D1F9B233A26645,Rock Band Network - Dappled Cities - The Price (World) (Addon)
DBB6E448A3EC16D4BA81B3FC2178B63065F8559B45,Rock Band - Owl City - Fireflies (World) (Addon)
DBB7D1492AC2D3C0C285E46E4547CB4D298C13DE58,Magic - The Gathering - Duels of the Planeswalkers 2015 - Garruk's Revenge (World) (Addon)
DBBF4FE601AB4C4F13F3DA90383DBFBB9360484E58,Street Fighter III - Third Strike - Online Edition - Character Color Pack 1 (World) (Addon)
DBC5A6D951BDA57320833BEE2B15FFEFC2694CD245,Rock Band - Wir sind Helden - Nur ein Wort (World) (Addon)
DBE26DB4F72C50449018AC5250B9038D019DFEF558,Tetris Splash - Fresh-Salt Water Graveyard Theme (World) (Addon)
DBE84F6D087491C7CC33527E0BD3B624877640DC41,Call of Duty - Modern Warfare 3 - Free to Public - Terminal (World) (Addon)
DBF2AD3150F14339A85338B5995A4C67C5A733F043,Divinity II - Blood Echelon Set 2 (World) (Addon)
DBF8DBA3D6DD82923521152AB7D011C39BB9F9C045,Rock Band Network - Down Factor - Blinded (World) (Addon)
DC0989B391ED2CAAFA3C1D83CADF6C9065189F8F45,Rock Band - Foo Fighters - Pack 01 (World) (Addon)
DC0EE816DC84BA71CB257A4C67A109BE0DF2904545,Rock Band Network - Fatter Than Albert - Better Sleep (World) (Addon)
DC19EC6A667117ADD4C2B898D4C8E6D97FEC1FE545,Rock Band Network - Intricate Unit - Discharge (World) (Addon)
DC1C1849ABF0C201411A2FE14BCBC36F34C0EF5C58,Buku Sudoku - Puzzle Pack 11 (World) (Addon)
DC4647C234575FC2EA55E97C2C94275FDB42A24245,Rock Band Network - Attack Attack! - Sexual Man Chocolate (World) (Addon)
DC51F29D0226461666BDD51EEE015145EFA7B6EA45,Tiger Woods PGA Tour 11 - Riviera CC (World) (Addon)
DC61E249B59B363CC1E74971FAE803151FAF395745,Rock Band - Brian Setzer - Stray Cat Strut (World) (Addon)
DC6756EB3FEA4296B5B6C31E4E1CCF4AE57CB3954E,Body and Brain Connection - Higher Learning I (World) (Addon)
DC9AB0374C6E61CFBE2E77F2DA08756D9B5B7D2C58,Yu-Gi-Oh! - 5D's Decade Duels - Card Pack 01 (World) (Addon)
DCB3841F3380F6DD48C9BE6A2841FC800E0E860445,Rock Band Network - Man Parts - Molten Death (World) (Addon)
DCB9717DEBC69173C58D970880F67EE7A903E73F58,Pacific Rim - The Video Game - Add-on 06 (World) (Addon)
DCC76C4DEDCA5D0B596714580F61BCB481028B8045,Rock Band - The White Stripes - Dead Leaves and the Dirty Ground (pro) (upgrade) (World) (Addon)
DCD596DA00A14B7986331BBC26355D106076D1A458,Minecraft - Story Mode - Season One - Season Pass Deluxe (World) (Addon)
DCD61D68640DA735FB1C051FAB46B51071E19FE145,Rock Band - Kings Of Leon - Pack 01 (World) (Addon)
DCD68B9C59DF5EFF6589453D1F172B4C49EC300A4B,Def Jam Rapstar - Missy Elliot - Get Ur Freak On (World) (Addon)
DCDDC1EC9A1EBDB7BD2419E30E3ED5D25CBD4E3445,Rock Band Network - The New Regime - Haunt My Mind (World) (Addon)
DCE6C7C6D76E5CC2527EB6CB311FCC9EB32CFEEF58,Pinball FX 2 - Marvel - Vengeance and Virtue (World) (Addon)
DCF34A4AFA4FBC2EF933EAC50FDB45B81BF489B541,"Amazing Spider-Man, The - Stan Lee Adventure Pack (World) (Addon)"
DD1E6B937E8823A12EB0BC0B4585CE23A0C8D26545,Rock Band - Kiss - Strutter (Live) (World) (Addon)
DD28582854A1DA3A831E77B3F1ACB63612F401FF58,Frozen Free Fall - Snowball Fight - Kristoff (World) (Addon)
DD296EF2E13B096016AB528013D0A280EEB4FC7654,Borderlands 2 - Mechromancer (World) (Addon for XBLA)
DD2D72430E6C9FDA72B2DBE7E46B9AF52B33B8B34E,Dynasty Warriors - Gundam 2 - Additional Mission 01 (World) (Addon)
DD39D2D2E233455838D91C6B13F550AE812EB6494D,Halo Reach - Noble Pack Map (World) (Addon)
DD5735A79CB3D39445DA4292ACABBC03A8A8A95758,Pinball FX 2 - South Park Pinball (World) (Addon)
DD5B6873D0856BEAE9CCF644F404862AD78F6F0D4D,Lips - Katy Perry Song Pack (World) (Addon)
DD675BB176F81ED2EBAE4440F0B8FFA60AB43F414D,Lips - Norah Jones - Sunrise (World) (Addon)
DD855136B2BE485D18DE81E57BCC3150D7B3F53045,Rock Band - Blur - There's No Other Way (World) (Addon)
DDA92EB362A007D7399307328417CC660AF8A81F45,"Rock Band Network - Van Friscia - Epic Symphony in A Flat Minor, First Movement - Marching Out (World) (Addon)"
DDB1A22435D5A9EC23501F0A52B3CE8D10A573C045,NBA LIVE 09 - NBA All Star Weekend 2009 (World) (Addon)
DDCC7CE44DBB6946322EE0072FA94D9AA43D060745,Rock Band - Tom Petty and the Heartbreakers - Here Comes My Girl (Live) (World) (Addon)
DDD26F14D1DF9FD9F3C59C8642B41814FD7234E957,Mortal Kombat - Freddy Krueger Playable Warrior (World) (Addon)
DDD80AE50494F4C0EF9A94616E313113C0FDCE9945,Rock Band - Lamb of God - Laid to Rest (World) (Addon)
DDD884553D906228BC36EDC32EA9E71CDBA5246345,Rock Band - Yngwie Malmsteen - Pack 01 (World) (Addon)
DDEA0C449D6CC0C5EA092B9E84025A15791494904D,Lips - Lynyrd Skynyrd - Free Bird (World) (Addon)
DDF3EA858C9506A72C96655706E9EADF152DA0144D,Lips - The Cure - Just Like Heaven (World) (Addon)
DE1A25C79834667E2167FF24EF2936CAA1D2D19A45,Rock Band Network - A t o m - Shake (World) (Addon)
DE1FA92E4C797902CC6590FFC7E02A594B38391245,Rock Band Network - Cracker - Teen Angst (What the World Needs Now) (pro) (World) (Addon)
DE214B6994D46819293862B9AB46347C1F5786E158,Fire Pro Wrestling - Legend Series (World) (Addon)
DE272DEEC4D1B3C92E20ABFD02A958A43E24E4D641,Call of Duty - Ghosts - Free Fall (World) (Addon)
DE2CF3751ACAFF0449290B1CD7F58BE92ABF88734D,Kinect Sports - Party Pack (World) (Addon)
DE2E0A8C056D17BEBF5EB8904FBC49A48F0C3C734D,Lips - Robert Palmer - Simply Irresistible (World) (Addon)
DE3191436E75FA254B29115E22B4C6F4945430B045,Rock Band Network - Haste the Day - Dog Like Vultures (World) (Addon)
DE33E95C7E8F62E3930141B2ACE5EF1635C9205945,Rock Band - SpongeBob SquarePants - Pack 01 (World) (Addon)
DE44931E2FE38F1A331FFCA88A97C9D098874DF858,Pinball FX 2 - The Walking Dead Table (World) (Addon)
DE47154153C30F3A9D3B6DEFA69845F725C1338E58,Yu-Gi-Oh! - Millennium Duels - Evo Pack (World) (Addon)
DE67C0BC2DC17D61483B66F56F152A8EEDEEFEBF4D,Lips - The Supremes - Baby Love (World) (Addon)
DE75AE08B0B602BAC2511F1DD7100D00563FD93045,Rock Band - Siouxsie and The Banshees - Cities in Dust (World) (Addon)
DE84E017DD619588007A80366F8E3804EFC3A2E145,Rock Band - Anberlin - Feel Good Drag (World) (Addon)
DEA872E1D8C324443EC591910512271E7C070D6045,Rock Band Network - Big Kenny - Happy People (World) (Addon)
DEAC017FACF3B2D46114B75E696637326856AFFA53,Virtua Tennis 2009 - Online Tournament (World) (Addon)
DED3A640573151980385928D769F0A4A50F336CC41,DJ Hero 2 - Hard Edge Mix Pack (World) (Addon)
DEE23A6D8F993F4A414275FDBBAD5D8E0B27236745,Rock Band - Tom Petty and the Heartbreakers - Live Anthology - Pack 01 (World) (Addon)
DEE4B229FCCCB8353590979DEAF3AEAA83D8B8984B,Otomedius Excellent - Anoa - Eru - Madoka - Library (USA) (Addon)
DEF27A526DEC85B1AB3E97646F5FBCEA49E4E57945,Rock Band Network - Warpath - Damnation (World) (Addon)
DEFCC8BA084C0332E6BA508DE426ED248AA3E91658,Yu-Gi-Oh! - Millennium Duels - Reptilianne Pack (World) (Addon)
DF2392F8DA9C5DBBA09C68D48B9A32BA81A9D71158,Gotham City Impostors - Bats Gloves - Supernova Gauntlets (World) (Addon)
DF28789F7A90FA5E2E02A2128071D51D3572A12245,Rock Band Network - Shylo Elliott - Far Wanderings (World) (Addon)
DF292DCF9C99E2D92DC69E8C4BC8B5495D782BED4D,Forza Motorsport 2 - February Car Pack (World) (Addon)
DF43D751E0A77441B5DAEE3AB2B15756F8C9160545,Rock Band Network - Gentlemen At Arms - When We Fall (World) (Addon)
DF5389675C338A79F51C1A43DA947204CDB77B7045,Rock Band - TRUSTCompany - Downfall (World) (Addon)
DF540AD6871C9D9234257AECE70CB4C25578BEBD45,Rock Band Network - Gwar - Let Us Slay (World) (Addon)
DF76DAFA1D2322E9E34DCA161FF70BC577A447F345,Rock Band Network - Amberian Dawn - My Wings Are My Eyes (World) (Addon)
DF7D923C95B065B9F8E2A21B0314C4483B86331345,Rock Band Network - Converge - Dark Horse (World) (Addon)
DF89113AC2ECCB4905139E60DEE510AE45B0666C55,Tom Clancy's G.R.A.W. 2 - More Guns Pack 1 (World) (Addon)
DF9E45364D9E137A74CB8A3842A01391FED7E92F45,Rock Band Network - Kaipa - In the Wake of Evolution (World) (Addon)
DFACF0699F55ADD60C941B53682785BA502DC08D45,Rock Band Network - Reform the Resistance - Tonight We Ride (World) (Addon)
DFC560D3E3CF3D33422B65DB744ACAB6DDE5899345,Rock Band Network - Death Angel - Dethroned (World) (Addon)
DFCA0F246444BEB5F96E33802B0C3D082B25003F4D,Forza Horizon - January Recaro Car Pack (World) (Addon)
DFCA31FB4DCBF6BBEEEBCBCF6BADA298E9A0939145,Rock Band Network - Bright Midnight - The Stranger (World) (Addon)
DFCCD4DD27A16D29C95AD8087D0E76EFB4A0C8B843,Dead Rising - Man in Black Key (World) (Addon)
DFD1DE13CE02041E11793E829D0B68EE155CC89358,Lowe's Themepack (World) (Addon)
DFD1F592FF1D31B0D512A9DF3E453FF4151E486141,Prototype 2 - RADNET Access Pack (World) (Addon)
DFD6191782ECB6783C04F8039F0E499344BE993B58,Darkstalkers Resurrection - Jedah Arcade Cabinet (World) (Addon)
DFD962939F9ABED9AC1F4E7ECEDAF23ACE3388AA58,Darkstalkers Resurrection - Anakaris Arcade Cabinet (World) (Addon)
DFDC0F87D9D521124248E3EFC15E23BE4AF5C80E45,Rock Band Network - Chaotrope - Septilogy (World) (Addon)
DFE0C028C2C09F9E896DC8E4452697EACE0631F653,Sleeping Dogs - The Monkey King Pack (World) (Addon)
DFE697C280F44F337FE59393FE0BF88A4E5F7D4258,Magic - The Gathering - Duels of the Planeswalkers 2013 - Magic 2013 Expansion (World) (Addon)
E00134E7A104C552BDDA6A66F59110A1E4F2126345,Rock Band - Alice in Chains - Rooster (pro) (upgrade) (World) (Addon)
E004F3B0BDBF0D79176D30BD19C6CAECC6BF53ED45,Rock Band - Bad Religion - New Dark Ages (World) (Addon)
E023CA25E2C6A1D881B627B54BA8BD85E25FF5F045,Rock Band - Ghost Hounds - Wind Me Up (World) (Addon)
E02846250F3BC0B6EC88BF2D117D487BE36E7BB458,Wits & Wagers - Question Pack 2 (World) (Addon)
E02D1C6784920CE26CCDD2AEB384170DD564217C45,Rock Band Network - Seether - Rise Above This (World) (Addon)
E030906ABC7E9CCF236EDFF8E97FB2D4AF6CB06545,Rock Band - Otis Redding - Pack 01 (World) (Addon)
E045B42F44D945AA0C0A496A388D94A1E9AAF28F4D,Lips - Party Classics Song Medley (World) (Addon)
E0481178DD97052A8F91BB09FA2EDE1718E44F1445,Rock Band Network - Steel Train - Turnpike Ghost (World) (Addon)
E04DA8342B720E5E2E056865B36FE9592D1215E945,"Rock Band Network - I, Omega - The Ravenous (World) (Addon)"
E0513B3F4BA1376C88C3D30542B9620760E85A2745,Rock Band - Shaimus - Tie You Down (World) (Addon)
E052A7D5886A9CA5B483267B67ACD6D1A6711E3A45,Rock Band - Kiss - Rock and Roll All Nite (Live) (pro) (upgrade) (World) (Addon)
E054E3FCC540B3540F2F64CA70594D4B7FFDD58045,Rock Band Network - Fallen Angel - Dark Lord (World) (Addon)
E0559F411714F2DB23D31EBA99E7F8F9673262EC58,Pinball FX - Rocky and Bullwinkle Table (World) (Addon)
E05F423C312DAFDAA5D92B5ED612227CD54B918954,Borderlands 2 - Headhunter 4 - Wedding Day Massacre (World) (Addon)
E05F758FFCC6BDA510764437DAF859D1CE36D66C4D,Lips - Kenny Rogers - The Gambler (World) (Addon)
E06FAE8F184CBD1FAEAC66649FE3F21CD0EE25B14D,Lips - Vanessa Carlton - A Thousand Miles (World) (Addon)
E07378E75B80BB90408A93929D1DE0D8A98D507345,Rock Band - Linkin Park Pack 01 (World) (Addon)
E0787965E5EE7D0CE3C92137EA4D22C4AA379D7754,Prey - Elite (World) (Addon)
E0C8163F7073F1E8A5F796E7AAD17BAEDF3D6DA345,Rock Band - Lynyrd Skynyrd - Pack 01 (World) (Addon)
E0D51F59281AB2B0F4DE1A2A2D5D5B012CF6995745,Rock Band Network - Children of Nova - The Order (World) (Addon)
E0D9CD0090A8F1B2333B7B3A58FE4231633D343B45,Rock Band Network - The Roman Line - Worst Case Ontario (World) (Addon)
E0DFB7E2B035CC2D945358A6255589703945338D4D,Lips - 3 Doors Down - It's Not My Time (World) (Addon)
E0FFECE8349A0E843A6C9E2E6096AE791D3B018B58,Pinball FX 2 - Star Wars Pinball - Heroes Within (World) (Addon)
E10303E3E180BD19495055770D2252BE63073AB645,Rock Band Network - An Unkindness - Fragments (World) (Addon)
E10A355D740B9D033531375D675CC28E91691EC147,Senko no Ronde - Dis-United Order - Bonus Content Vol. 1 (Japan) (Addon)
E10E5A427AC66FA78F2491930B1C4423472C544E58,Soltrio Solitaire - Game Pack 4 (World) (Addon)
E12657939A5641538FCFDB50CEF013EEC4967D8F58,"World of Keflings, A - Sugar, Spice and Not So Nice (World) (Addon)"
E131755FCBFFA395C7D0097A6BED05931DCA3E3958,Frozen Free Fall - Snowball Fight - Summer Pack (World) (Addon)
E13842847BFA24BE9E85F748B076EE99CDAE310B58,Spelunky - Arenas (World) (Addon)
E1528B04765D63F9BB0D892BB5E7F2D677EAD9D745,Rock Band Network - A Skylit Drive - Too Little Too Late (World) (Addon)
E1555B1832DFC43608EEA81B0D6B43DBF93B6B5B58,Catan - Generals Expansion Pack 1 (World) (Addon)
E1559345A116251046B0693298B57C3791EDB71153,Kane and Lynch 2 - Multiplayer Masks Pack (World) (Addon)
E15614B797BF2503E678F7B0A6B0BC9F0F3686E945,Rock Band - Dropkick Murphys - I'm Shipping Up to Boston (World) (Addon)
E163DE3E75817EF2B61EECBE4F425AAF92EC2B734D,Lips - Sarah McLachlan - Building a Mystery (World) (Addon)
E16DC2FB823DD4F1DD9B6BF3840A1A937258397F45,Rock Band - AC-DC - Pack 01 (World) (Addon)
E187A127872ADF6AD19426C0ED6759340EFC09954E,Ridge Racer 6 - Unlock Key 04 (World) (Addon)
E18C452394A4B5054ECE79676D916D05C2ABDEA745,Rock Band Network - Adam Evil - Liberated by Blasphemy (World) (Addon)
E1959F2409FFD3119C873397C1D65EA7AC77D1E345,Rock Band Network - The B.O.L.T. - Everyone's the Same (World) (Addon)
E1A222EF1F8BF02404407C6267E097114ACCA8E241,Guitar Hero - One Republic - Track Pack (World) (Addon)
E1ABB9C18F51E3265D39EB18D269AA0281682C1C45,Rock Band Network - Amberian Dawn - Arctica (2x Bass Pedal) (World) (Addon)
E1AE0F002B64A4D0043DC696ADB2208752C8DFDC4D,Halo 3 - Cold Storage Map (World) (Addon)
E1AFABEC29E8E90E2D45ADE5E1FC4E6F1CB0599745,Rock Band - Lynyrd Skynyrd - What's Your Name (pro) (World) (Addon)
E1D4213DE5DBA648840587ED95743AEA4F04ECB645,Rock Band - Ministry - Pack 02 (World) (Addon)
E1DC1E408C093117948E68D876DB73A1076DF2D745,Rock Band Network - Larkspur - Fox Hunt (World) (Addon)
E1EFF94795C7DBAAA873EB784E954F01FD4FB71541,DJ Hero 2 - Indie Hip Hop Mix Pack (World) (Addon)
E1F6B20F16687B8028CB97722C81AD89A7AD00474D,Kameo - Add-On Pack (World) (Addon)
E1F7C84B98A7F62D5401C64CA6D8DADC32A1A0E84D,Lips - Local H - Bound for the Floor (World) (Addon)
E1FAF88AA35C84AB15F971EE11556B4B4B65B0D154,Dance Central - Rihanna - Disturbia (World) (Addon)
E2000D6584B0D864280EA956F03684E2D209CACC45,Rock Band Network - Amberian Dawn - He Sleeps in a Grove (World) (Addon)
E20F7AA9D8A5133BD51FC53C658C72F315C51E4A45,Rock Band - Luscious Jackson - Naked Eye (World) (Addon)
E21625AD2EBF9AD5A517AA90A872C6E20D70042F45,Rock Band Network - Felsen - Self Medicate (World) (Addon)
E24D956D70CCECA6D44209E589C70A0EF77C9B4645,Rock Band - Ministry - Pack 01 (World) (Addon)
E258DC4856A3019C90E63396C7787EA16AF7E7FA58,Gotham City Impostors - Bats Cowl - Fearsome Flaps (World) (Addon)
E2747523579135515E368E4FE3A3F5402AFEF43545,Rock Band Network - The Main Drag - Taking Apart a Gigantic Machine (World) (Addon)
E28E5B8C562C8C06D6982B4A0818CFF049EFDC7F45,Rock Band - Joy Division - Love Will Tear Us Apart (World) (Addon)
E296AC4A0779F4F866A68FA2E059BA39BCFA6DC545,Rock Band - Maroon 5 - Pack 01 (World) (Addon)
E2A403635B3AD3CB501F6C2DA9EEAC77378192F958,Space Invaders - Infinity Gene - Bonus Stages 4-1 to 4-6 (World) (Addon)
E2AC499606431C7F74C757C0D49C006CE50D0B6442,Fallout New Vegas - Honest Hearts (World) (Addon)
E2EC7C1161B0D144C850D198A5DBCA767447318458,Minecraft - Xbox 360 Edition - Marvel Guardians of the Galaxy Skin Pack (World) (Addon)
E2F113E462E1CAB0E5C00C1C0B1E043AEA8397DE45,Rock Band Network - Error 404 feat. CJ Watson - If Trucks Drank Beer (World) (Addon)
E2F138E8BD187BA08E27B3E351A64AF2496DA0C543,DiRT 3 - X Games Asia Track Pack (World) (Addon)
E2F199AD6A83560317E06FDE564038ADECFB8C5A45,Rock Band - Judas Priest - Screaming of Vengeance (Album) (World) (Addon)
E2F5FA2D912E0BE21EA5FA102F49A11ACCDEC15245,Rock Band Network - Audible Mainframe - Anybody Else (World) (Addon)
E2FF282BD54655638DA243210B314BCB0357405145,Rock Band Network - Robby Suave - Everyone I Know is an Alcoholic (World) (Addon)
E32F37ACC3321CAEDA3F1F675906B9A2661E2D0145,Rock Band Network - Eiffel 65 - Blue (Da Ba Dee) (World) (Addon)
E3441B669AD746F91FBA47E676D9F3B5FEC0144558,Capcom Arcade Cabinet - 1985-II Pack (World) (Addon)
E344B568A46833F54CC2E52B90BA753222D3F28245,Rock Band Network - Rishloo - Katsushika (World) (Addon)
E3470A83732B9093D220BF7D6506FB30517900064D,Forza Motorsport 4 - Porsche Expansion Pack (World) (Addon)
E34D0DF5E2904526A9880DF02A5D75C022F32EF358,"World of Keflings, A - It Came from Outer Space (World) (Addon)"
E34E2BFCC1DD68EECE1E9EDA6A57528F7845309A58,Minecraft - Xbox 360 Edition - Battle Map Pack 3 (World) (Addon)
E36F60B1536890ED1B01CB22CB323F7D881630CF58,Alien Hominid HD - Challenge Pack (World) (Addon)
E36FB2239834E00EEF4576B9D0628899E7D79A4458,Moon Diver - Silence and Score Attack Mode - Flow! (World) (Addon)
E3827413607E9BA4970105AAE6F2DA1506AC45FB49,Test Drive Unlimited - Test Drive Collection - Volume Two (World) (Addon)
E389DB7827E9394689EFD3831A41CA57294923724B,"First Templar, The - The Arena (World) (Addon)"
E38DFC0680A359C7EAECC55827036F38868B68FB45,Rock Band - The Subways - Rock & Roll Queen (World) (Addon)
E3D14898BC3F45F5F84C1E6CB76BBFB5E1C5CB0645,Rock Band - Bon Jovi Greatest Hits - Rock Band Edition - Wanted Dead or Alive (pro) (World) (Addon)
E3D6BB09C128E3E57096E000AA14A42CCEFD6E214D,Lips - Rob Thomas - Lonely No More (World) (Addon)
E3E21CA284605F233AFAF82467EDD34AC39BF6404B,Def Jam Rapstar - Danja - Stadium Status (World) (Addon)
E3E2E073AAF76973212E8163B57C903C5899D9E645,Rock Band Network - Kristin Hersh - Fortune (World) (Addon)
E3E56D1125E998764DB4E0FCECE03B6BFA894C0358,Real Steel - Add-on 17 (World) (Addon)
E3EC260174C58DB538BFA233B445172937B1CA2145,Rock Band Network - Speck - VP of Booty Reports (World) (Addon)
E4121C1E6D1F7CD2A9781567F794F898B21BE07145,Rock Band Network - Danny and the Lost Souls - Keep on Running from My Love (World) (Addon)
E42E3586DECB315360ACAE320F4F9C5C2487073958,Yu-Gi-Oh! - 5D's Decade Duels - Starter Deck 03 (World) (Addon)
E44E1833065D0BFBF631A3C6C3A0738A4746BE0D4D,Lips - Supertramp - Give a Little Bit (World) (Addon)
E45A81DCAF9CFDF972C1C3DA9653C8C69C80972F4D,Lips - Creedence Clearwater Revival - Down on the Corner (World) (Addon)
E45C945A7A8B502617C14C87265F6AD1F1E8D34245,Rock Band Network - Firewind - The Fire and the Fury (World) (Addon)
E45D8C43E46B93F68931DDB65E78399E3CB1236245,Rock Band - White Zombie - More Human than Human (World) (Addon)
E48713DA74945A4BDE5C5DB26AFB4D7C79B0EE2845,Rock Band Network - Bif Naked - Sick (World) (Addon)
E4AD04B81145306CAD7E0B957A723BFCC599F74B45,Tiger Woods PGA Tour 11 - Carolina's Pack (World) (Addon)
E4B34E82AA273AB3C1AADBDD83BFE0DC6E496F3045,Rock Band - The Psychedelic Furs - Sister Europe (World) (Addon)
E4B7BAB1B57C21FE6260BB98B7627B2884751FD858,Real Steel - Add-on 16 (World) (Addon)
E4C76E62CCFA41B88B9D4D1F32BFDAF7D5768B6654,L.A. Noire - 'Nicholson Electroplating' Arson Case (World) (Addon)
E4CA1C7C93231CB171BCFC92570ED832C84C130845,Rock Band Network - Wargasm - Jigsaw Man (World) (Addon)
E4CAEDBE10C4A95E0D40AFAD3AB4F6D828F9933258,Guardians of Middle-earth - Bilbo Baggins - Playable Guardian (World) (Addon)
E4CB8B8EEB7745615D5A010873145B15462D78824B,Def Jam Rapstar - N-Dubz - Papa Can U Hear Me (World) (Addon)
E4D122B2A72485CE8F5505731B5956B7F6503F2E45,Rock Band - Kasabian - Club Foot (World) (Addon)
E4DDBC100F97B6954B84E82ED807E79B5A4314C04D,Crackdown - Four-Play Pack (World) (Addon)
E4EE727B5EA71ADDA085C1A64E8EDB58C6C0334545,Rock Band - AFI - Miss Murder (World) (Addon)
E500AE3C57A451AC2AAD9EECC77E8A6C1CC53DB158,Things on Wheels - Cars (World) (Addon)
E51A560D1B1DD8BCA57ADBC926906EDEE817DCAD4D,Lips - Martha and the Vandellas - (Love Is Like A) Heat Wave (World) (Addon)
E52ADB42A0E861D485D8A7C6D5E779943C7FEFAF43,Divinity II - Defenders of Aleroth Set 2 (World) (Addon)
E534BE4F3BEFF88C469D0921AAD97D7D9837749445,Rock Band Network - Mudvayne - Happy (World) (Addon)
E53C52679BB3FCE039F422210CF14DDF2547CA5354,Dance Central - N.E.R.D. - Lapdance (World) (Addon)
E5557253C2BFB371932B79C6DB83108A6E92BC474D,Lips - Junior Walker & the All Stars - Shotgun (World) (Addon)
E5628B76E2A4E85E300575D28B005293506788AE45,Rock Band Network - The Main Drag - What's Your Favorite Dinosaur (World) (Addon)
E5A93294742C9A6A053A0119351543F09EB162CE45,Rock Band - KMFDM - Sturm & Drang (World) (Addon)
E5ADC4820C0FC8A0048A01923062295AC7F4DE884E,Naruto Storm 3 - Road to Ninja and Ninja Costumes Pack (World) (Addon)
E5AFB2B959A72C52120D73678AED11BD8752686753,Tomb Raider - Underworld - Wetsuit Costume Pack (World) (Addon)
E5B691E991055D4F2487940D3D652E85EB4A4B8658,Marble Blast Ultra - Marble It Up! (World) (Addon)
E5BB8389A7BB4AC059597BDCAFDD1A3611F98B6E53,Final Fantasy XIII-2 - Serah's Outfit - Beachwear (World) (Addon)
E5BFD9E05B537A51E2243C443533101057EEEB1045,Rock Band Network - The Material - Stay Here Forever (World) (Addon)
E5E1DA7D76714B0E13AD2155FFF283D44869F75942,Disney Universe - Nightmare Before Christmas Level Pack (World) (Addon)
E5FF02ED544CA7F0031067DD3CCB8A2FA6B1E86045,Rock Band Network - The Cold Goodnight - Give (World) (Addon)
E601CFDE4FE50811639ED5CFC15F28F3DE919B774D,Lips - Third Eye Blind - How's It Going to Be (World) (Addon)
E61385671F3F520EA37F50798EBC0F4C0E4EE52D4B,Otomedius G - Gorgeous - Additional BGM Vol. 5 - Diol Twee Pack (Japan) (Addon)
E61D8F12FCF4B93B075BAE9C974224C16E123E3C45,Rock Band Network - Brett Merrill & Brendan Carell - Beautiful Collapse (Stalker) (World) (Addon)
E638E7231A1082B83C10EE9A07A61010823DBC614B,Otomedius Excellent - Anoa - Eru - Madoka - Library (Japan) (Addon)
E639984F8168D3C8F23464AD82A318A046F2200045,Rock Band Network - CyLeW - Crinoline (World) (Addon)
E644376EB1A177B9CDE625FBD602906BE2F26B9545,Rock Band Network - Emmure - Cross Over Attack (World) (Addon)
E6458F805B41DF10C24FDA62A7C0F8F8DD906A4858,Trouble Witches Neo! - New Character!! Luca!! (World) (Addon)
E647AC36DD7CD780F423771129B3AFC9F46158D845,Rock Band Network - Periphery - Buttersnips (World) (Addon)
E64E9798CDFF246D4F8B68A150D7C5C7B3DAD1174B,Dynasty Warriors - Strikeforce Pack 4 (World) (Addon)
E64EC415C0AAA284A5B1B2E41DAA52FD6B06A05247,Senko no Ronde Rev. X - Extra Costume - Karel A5 (Japan) (Addon)
E65419CE0292B802041C5B3869558F7302C2773958,Soltrio Solitaire - Game Pack 5 (World) (Addon)
E673EF9EDE3AC1D003733EC34E1A94C08CD7D60445,Rock Band - Grand Funk Railroad - Freeze-Frame (pro) (World) (Addon)
E67A35838061AD45A63FACEDD1F2607077B86E3E45,Rock Band Network - Bang Camaro - Revolution (World) (Addon)
E683885BA991E84B09CCDCAFF4EDFDF7A482C41358,Yu-Gi-Oh! - 5D's Decade Duels - Structure Deck 01 (World) (Addon)
E6BEC60645F4F1BDFEA13DED3CA972D76893328545,Rock Band - Disturbed - Stupify (World) (Addon)
E6C8FE3EF56D053CB188375051ACEA15CF5ECDD254,Borderlands 2 - Headhunter 2 - Wattle Gobbler (World) (Addon)
E6CA621D2EF0563A94C7BFB9C393D5754F903FBA45,Rock Band Network - Sun Domingo - Something Face (World) (Addon)
E6D84990B2DE268DFC62D0ECF62A967CB5F5EB8C45,Rock Band Network - Blackguard - Firefight (World) (Addon)
E6E80B63021109362377583B66EE59470B02A37E45,Rock Band Network - Midnight Riders - One Bad Man (World) (Addon)
E6F7F49F968769A415FC021F0F786B4D44FFDEDA45,Rock Band Network - Fake Problems - 5678 (World) (Addon)
E70436E32E5DA38F746CE293BE2FE5044DC8A9424E,Enslaved - Odyssey to the West - Ninja Monkey (World) (Addon)
E73A5A502CD90FC6A6B55C7288C1E448900600DA45,Rock Band - Loverboy - Working for the Weekend (pro) (upgrade) (World) (Addon)
E7404001BE360F813D0D69A3F63F5A74756668CA58,Magic - The Gathering - Duels of the Planeswalkers 2014 - Deck Pack 1 (World) (Addon)
E75173BD30B593DEFAF84C0D2D2900DFA3F6E1C143,Dead Rising - Round Shades Key (World) (Addon)
E758D4F7E47A6531510463AE86F66DCF887364C654,Dance Central - Janet Jackson - Control (World) (Addon)
E774C4398959F7E439681B600BD9099565C74B9545,Rock Band Network - Halcyon Way - Our Finest Hour (World) (Addon)
E7905DBBEC555AD10990B31192845A4C337F1D8B45,Rock Band Network - Ballyhoo! - Cali Girl (World) (Addon)
E797BB6ACB3BB761894BC39EDD5428AE2BE1953B58,UNO - 35th Anniversary Theme Deck (World) (Addon)
E799CAB74709EB729482D798EAC7769FA9C6F04945,Rock Band - Chicago - Make Me Smile (pro) (upgrade) (World) (Addon)
E7CDDAC04F24F3A885302713450E43AA7C89537D45,Rock Band Network - Sister Sin - On Parole (World) (Addon)
E7D2984E390CAC418BDBABC59A83B7988EF59D0A54,"Dance Central - Dem Franchize Boyz - Lean Wit It, Rock Wit It (World) (Addon)"
E7DE4612AC219BF957D3ECAD1D2AFC1787BE8A9F45,FIFA 10 - Ultimate Team - Espanol (World) (Addon)
E7DF782C8EAC1A3AB72C47B9D781549FE26871BC43,Dead Rising - Locker Key 11 (World) (Addon)
E7E27D09E2B5EE5F08B66F06328AA83ABA946C8045,Rock Band Network - Five Finger Death Punch - Burn It Down (World) (Addon)
E7E5E7E1612EE41EA8C6B016B0E07811EBECD1D458,Yu-Gi-Oh! - 5D's Decade Duels - Structure Deck 04 (World) (Addon)
E7FC77AE15A09233B2F636F428A89A6A71AD04C245,Rock Band Network - The Shins - Phantom Limb (World) (Addon)
E8118F4D70974AA00926DCC5103289639097AF854E,Ridge Racer 6 - Unlock Key 03 (World) (Addon)
E816CAFD59017E43970F9D7618B160B255042B6E45,Rock Band Network - One Year Later - Absolution (2x Bass Pedal) (World) (Addon)
E81B54B4DFFC7ADAF0AE0E220E88E8190F4B826945,Rock Band Network - The Apples in Stereo - Dance Floor (World) (Addon)
E81E311F29E5142C790F46786EB2EA80478534A145,Rock Band Network - The Main Drag - How We'd Look on Paper (World) (Addon)
E8244123468C9A5322B7C9FA06F05B2DE91FF3D658,Tetris Splash - Trigger Bundle (World) (Addon)
E8308D9AEA5666FDAB778CABFF174746B90F891F4D,Lips - Norah Jones - Come Away With Me (World) (Addon)
E83EB89364BC5C33480651D02D7924330729DEC445,Rock Band - The Doobie Brothers - Long Train Runnin' (World) (Addon)
E8464212119DFF9DC0804E8D0D15998B6A0EC0A545,Rock Band - Alice in Chains - Pack 02 (World) (Addon)
E848560F75688E83EC4B7578D3C49726E0E910094D,Lips - Incubus - Wish You Were Here (World) (Addon)
E848D5F35CB530E689B6767258F37A49FE8AE52E4B,Otomedius Excellent - Diol - Tita - Esmeralda - Library (Japan) (Addon)
E85B0E9FA39129C47C150DC886203452B55A881C58,Street Fighter III - Third Strike - Online Edition - Unlock Gill (World) (Addon)
E85B405A4494F760022C7DC2D871719D6F0AA8B258,Mega Man 10 - Bass Mode (World) (Addon)
E86F7820F8EE55334D9572217C5DB1D4AE5FB03745,"Rock Band Network - Texas in July - Hook, Line, and Sinner (World) (Addon)"
E8832239A70C54FB1D8E2D0C87FACCB60B1DA6D14D,Lips - Margaret Whiting & Johnny Mercer - Baby It's Cold Outside (World) (Addon)
E8A9F94718F1789DACA617DBD2B85C18D3B1F97445,Rock Band - Rush - Working Man (Vault Edition) (World) (Addon)
E8B103EDC5626001A9041EF2A9E03A3C8E913CAC58,Pinball FX 2 - Zen Classics (World) (Addon)
E8B283E70922DD2EF5AC9632E5D7CA05FF1271B345,SSX - Mt. Eddie & Classic Characters Pack (World) (Addon)
E8B866B88C74DEDF8423F4AA1AE84B9234A5438543,Resident Evil 5 - Desperate Escape (World) (Addon)
E8C42ED3F05F27062AD6A6416110D0A1E28AFA6A4D,Lips - The Marvelettes - Please Mr. Postman (World) (Addon)
E8CB22B7FEA270B0D0188C31BDFE69A71F0B94D145,Skate 3 - Danny's Hawaiian Dream (World) (Addon)
E8D0E685697A8606B1CE30BFBD4307CDEC5F36D345,Rock Band - Daughtry - No Surprise (pro) (upgrade) (World) (Addon)
E9050416D678D757857A6F6368A63142331911EF4D,Lips - The Fray - Over My Head (Cable Car) (World) (Addon)
E90BCF5AACD05DD230DAF911A5A750157CD771D258,Magic - The Gathering - Duels of the Planeswalkers - Deck - Claws of Vengeance (World) (Addon)
E920EEB30663B9293CCC903EFFCBBC7899C786D545,Rock Band Network - August Burns Red - Marianas Trench (2x Bass Pedal) (World) (Addon)
E92188F50C483B8A709579B2A65681AE08A92FE645,Dragon Age - Origins - Awakening (World) (Addon)
E92428FC87D0F3C681884B3125AA4525486E802D45,Rock Band Network - Hitman Blues Band - Two Minute Warning (World) (Addon)
E92E38A2C8F3F4D874DA2B89BFE2CDADF99F6F6A45,Rock Band Network - Twintapes - Young (World) (Addon)
E935A2D5E11233EE1E103409991C1BFC29ABA4084D,Lips - Elaine Paige - Memory (World) (Addon)
E939382FFF0128B6E9FBA68C8F1BDB186EA8ABA758,Castlevania - Harmony of Despair - Extra Stage - The Legend of Fuma (World) (Addon)
E93E249E0505DB15A86350BC2BA9E5A74F7D3BB145,Rock Band Network - SIMPL3JACK - Carny Asada (World) (Addon)
E947040D4954A5FC2594968BC6AD7C8F66CE0FBF41,DJ Hero - David Guetta Mix - Pack 01 (World) (Addon)
E9516F328D46A3536D1C4BE0087B13A9CB303C004D,Lips - R.E.M. - Losing My Religion (World) (Addon)
E954A1EDCD61BBCB33D601DEDB329482648018604D,Lips - Human League - Don't You Want Me (World) (Addon)
E95630A9D46D3C5AD320D617CF668EA2AFE9015D45,Rock Band Network - Quartered - Africa (World) (Addon)
E95C37E1EC1871076FD58E376A60A4B3322CD10445,Rock Band - Pixies - Doolittle (Album) (World) (Addon)
E965301E43E737C0A2AE1EB78D5B811E24CDDE6158,Minecraft - Xbox 360 Edition - Magic The Gathering Skin Pack (World) (Addon)
E9868DC771F77953640A7C0634AFF852435556DB4D,Lips - Aly & AJ - Potential Breakup Song (World) (Addon)
E9991E165D13328F2F6CE862078B5CA0F34C71484B,Def Jam Rapstar - Cool & Dre - Lavish (World) (Addon)
E9B53E0EA4D26C5083755183FEF3C13253ABCECE45,Rock Band - Nazareth - Love Hurts (World) (Addon)
E9B9214913180B370C061217BE24CC79C650ACDA53,Deus Ex - Human Revolution - Tactical Enhancement Pack (World) (Addon)
E9C1444C07EF929C280B1855B65386E079E08AE758,Minecraft - Xbox 360 Edition - Battle & Beasts Skin Pack Volume II (World) (Addon)
E9CDBDDDBE29295A7F12DB9E2B8FBF2C75F542E258,Minecraft - Story Mode - Season One - Episode 6 - A Portal to Mystery (World) (Addon)
EA110E81BD63FC248BF90695D69C9B815524C14F45,Rock Band Network - The Cliks - Dirty King (World) (Addon)
EA19D205D6B9E600C2CEC42104462C7B7F08F9A958,Tetris Splash - Fresh-Salt Water Scuba Theme (World) (Addon)
EA37D15071A00A257FF28BD625CA3A47B4B572D345,Rock Band Network - Mind At Risk - Be Right Here (World) (Addon)
EA4A6F6E0E24B92B4CE831711EFBEFEB5DD2CE8045,Rock Band Network - Sunny Day Real Estate - Song About an Angel (World) (Addon)
EA5F224BF8FB38D18861B9215A3B5EE2FD6909E258,Domino Master - Football (World) (Addon)
EA64731D0D0A907612EE79E494AA4F191524D6774B,Def Jam Rapstar - Ill Blu - Shut This Down (World) (Addon)
EA6DDB0C0221869FCA892CD246A76E8151A2ACB845,Rock Band Network - Rebelution - Bright Side of Life (World) (Addon)
EA8748B9A0E5C35967199AF1B5BAD1FB13EA66F64D,Game Room - Game Pack 004 (World) (Addon)
EA876F5C4DE2D655C12577BD9D6E8E03D54F76AF45,Rock Band - Jet - She's a Genius (World) (Addon)
EAD29E146FF93D77967419C9AE91FC3B100EC99745,Rock Band Network - No Bragging Rights - Death of an Era (2x Bass Pedal) (World) (Addon)
EAD8E831FF9AA700D4C3D1BC7E0A68855DD2B34B45,Rock Band Network - Rose of Jericho - Midnight Eyes (World) (Addon)
EAE4843BACF944B0FCB19139BCC90E391C547BF658,MLB Bobblehead Pros - Bobblehead Stars (World) (Addon)
EAECFE0A64A069536FC78B2E22197020E7BAF39658,Gotham City Impostors - Bats Pants - Courageous Cargos (World) (Addon)
EAF02A71A6ACFAAB92B957EEE1EA5E3E3C83C9504D,Lips - R.E.M. - Stand (World) (Addon)
EAF0599CACC6DF21BB3365C086E4921AB2F6F38545,Rock Band Network - Memphis May Fire - Be Careful What You Wish For (2x Bass Pedal) (World) (Addon)
EAF43FFD65291B32A02FD8EA22A7E8688B87932A43,Marvel vs. Capcom 3 - Shadow Battle 01 (World) (Addon)
EB02D36E09E9878FC1F3966F2B1A93F9226F28D241,Call of Duty - World at War - Map Pack 3 (World) (Addon)
EB09B2EB9BABD027042529EAC59665B7AD26353254,Midnight Club Los Angeles - Playable Police Car Contents (World) (Addon)
EB140C09546EAC727BE18E9A7A17E91366E7EAE54B,Otomedius Excellent - Esmeralda - Restaurant Uniform (USA) (Addon)
EB1B18552380C28F2715D39600CFBDBFD7547CA145,Rock Band Network - Made Avail - Bury You Slowly (World) (Addon)
EB21A8EA115C732D318A13A1A9B52F7CE609DAFC45,Rock Band - Chumbawamba - Tubthumping (World) (Addon)
EB258B3E3724135B645C93B017065573B1DAC84C4D,Lips - Junior Senior - Can I Get Get Get (World) (Addon)
EB37F5F7EC0514D9EE1E3EF9214BF9E8CBB6C47058,Phantom Breaker - Battle Grounds - Furau Pack (World) (Addon)
EB498713D347845A6ABF10D8FA0510618CBCCA4F45,Rock Band Network - Zef - Gambit (World) (Addon)
EB52CF719F7517AB46A5206DDBD14CC3BBBDE56945,Rock Band Network - Band of Horses - The Great Salt Lake (World) (Addon)
EB594435F4A8AE0D6B243B111FB006E6A09E022758,Minecraft - Xbox 360 Edition - Steampunk Texture Pack (World) (Addon)
EB6185F85DFC05E3446EF9AFCBDAF33ECC592C8545,Rock Band Network - Sintonia Retro - La Formula (World) (Addon)
EB654D7E35A19F6E66D423DDBAEDBDB5C1C53F0645,Rock Band - Rob Zombie - War Zone (World) (Addon)
EB70132E2B661B8C57C2042F07D0F3F7B9F03E5345,Rock Band Network - The B.O.L.T. - Nothing Ever Comes (World) (Addon)
EB7FA5F78B0AEA720601A24BE26BADDA07719DF945,Rock Band - David Bowie - Modern Love (pro) (upgrade) (World) (Addon)
EB837CD0797EAF27ACC155E3B82E917330B4AC4245,Rock Band Network - Killbody Tuning - Marker of Change (World) (Addon)
EB9B6A53A0769A047AA5C4D182224EB8B3E33AA345,Rock Band - Tom Petty and the Heartbreakers - Mary Jane's Last Dance (Live) (World) (Addon)
EBA24FB5C530167AC1E5491B5606FF6245887D7058,Pinball FX - Nightmare Mansion Table (World) (Addon)
EBA5F437D7BF1B289BD8ABAB5C95CAF6E297E2F745,Rock Band Network - Dir En Grey - Dozing Green (World) (Addon)
EBA62047413A368CC34E9094299AACB2DAFC7DF24B,Dynasty Warriors - Strikeforce Pack 3 (World) (Addon)
EBBB019CC2CE779D48C0DDBAACF678C88C3D47B345,Rock Band Network - Zack Wilson - Another California Song (World) (Addon)
EBBEAF5D948FDA288878ADBE53375A07BE7389C645,Rock Band - Oasis - Rock 'n' Roll Star (World) (Addon)
EBC824A81552E0BCFFDC1A89509DDF3C6264F2274B,Otomedius Excellent - Erul Tron - Legendary Pilot Suit (USA) (Addon)
EBD6592690C204C9F2FEA57019AC259EE939AAE84B,PES 2010 - Data Update February 2010 (World) (Addon)
EBD730816F75E43FCA5E32526B35A1304643568A45,Rock Band - Chevelle - Pack 01 (World) (Addon)
EBFA13681B3483D63E44DE302EA63797D0CB35F443,DiRT 3 - Super Teams Pack (World) (Addon)
EC093B1015ACA2AAA461A8FA10D31F2E2E25ECA941,Call of Duty - Modern Warfare 3 - Elite Drop 4 - Black Box (World) (Addon)
EC14BBD269A74DA378F953B579B25795D29CBD4E54,Ninja Gaiden II - Shadow Walker Hayabusa Costume Pack (World) (Addon)
EC186875E8AA381AA01CC2A16045A129E718C47753,Hitman - Absolution - High Roller Suit (World) (Addon)
EC1E6B6ABF8A781AE25A7EF6F18F9170700FF91145,Rock Band Network - Norma Jean - Leaderless and Self Enlisted (World) (Addon)
EC2F7CD2E62488568DD1567504EF22094951907545,Rock Band Network - Mike Orlando - Burn (World) (Addon)
EC373AA37659C0F3BE2A5BC6D43851F62D796A6645,Rock Band - Queensryche - Silent Lucidity (World) (Addon)
EC3DC400439612EB7B71A7AC30F9F237143069FF45,"Rock Band Network - Clutch - 50,000 Unstoppable Watts (World) (Addon)"
EC3E1BCB10A3B639D8E91CD842C4F5B0B532BC0958,Jam Live Music Arcade - Rise Against - Savior (World) (Addon)
EC42AB1CC2667E556F4C7FF45040041BEA64208D45,Rock Band Network - Strikken - Re-Live (2x Bass Pedal) (World) (Addon)
EC43B9A77D6C1611A0ACE4D054098B2058C69F9A45,Rock Band - Siouxsie and The Banshees - Pack 01 (World) (Addon)
EC67509D6888487BEE5D781431C9EC6F3EC0EE9645,Rock Band Network - C. J. Ramone - Why (World) (Addon)
EC69531014E7D686EABE01DCC3DDBEC2CF83692F43,GRID 8 - Ball Pack (World) (Addon)
EC7376EB2D3137A5F7B0C3ED7680E6EDFE02DB2C54,Red Dead Redemption - Outlaws to the End Co-Op Mission Pack (World) (Addon)
EC738818D0B9941E79E0EB0F8BA084E66261B95C45,FIFA 10 - Ultimate Team - Deutsch (World) (Addon)
EC8198C13198D656B437BD4A86FE07772B44B66C4D,Lips - B.o.B feat. Bruno Mars - Nothin' On You (World) (Addon)
EC849CEBF6C3A9FF8D46CD47D4A15F2CFF9CB1A049,BulletWitch - 10000 ft of Flames - Extra Edition (World) (Addon)
EC86BD44C35E79D8D814B035A12CADD3C648DEBB49,Test Drive Unlimited 2 - Direct2Drive Pre-order Bonus - Jaguar XKR Speed Pack and Black Pack (World) (Addon)
ECAFC7931EEBACE21A9A222BDE79C7717EEBB20B58,Darkstalkers Resurrection - Lilith Arcade Cabinet (World) (Addon)
ECB2F36012456549BAD3824D86DE688A0377AC9958,Dogfight 1942 - Fire Over Africa (World) (Addon)
ECBC7E733710B5974B469029822750B197E341F145,Rock Band - Black Tide - Shockwave (World) (Addon)
ECE692CBA59CBE942629C8ADD0473E539DC9F3BE49,Test Drive Unlimited - Test Drive Collection - Volume One (World) (Addon)
ECEC23F1E15C38A256B5D2064ED13FA2E8659BFD4D,Halo 4 - Crimson Map Pack (World) (Addon)
ECFEF926A8F5104A375B3F2514019EAF3C01DDE44E,Ridge Racer 6 - Unlock Key 02 (World) (Addon)
ED137C934408F87A4B953EE9CB347524C6C587C445,Rock Band Network - Warpath - Life Unworthy of Life (World) (Addon)
ED29943346E24216EF010E39A994ECB5F76F0FBE45,Rock Band Network - Hilit Rosental and Corbomite Games - The Pizza Morgana Song (World) (Addon)
ED35A17752C4D2F886ADCC4875C39D5F617E17234B,Dynasty Warriors 6 - Empires - Additional Music Set 1 (World) (Addon)
ED36A03EEB905788A58E231B5592C878A026A11158,TNT Racers - Formula TNT Package (World) (Addon)
ED3F59E4C57D6C4156882307BD3B637E55741E9F45,Rock Band - Foo Fighters - The Colour and the Shape (Album) (World) (Addon)
ED4187671501AF506F75FC9DB8D569B76ED46DFD45,Rock Band - Silversun Pickups - Panic Switch (World) (Addon)
ED485F61151DF878E35D6E6B2EE546D27D3FC83F45,Rock Band - Foo Fighters - Pack 02 (World) (Addon)
ED4ED12C14DBC8F6CE3BB4DB104F27D520C8150D4D,Lips - The Foundations - Build Me Up Buttercup (World) (Addon)
ED8144002D394D274E441E562E2D3CB501A5072954,Dance Central - Trey Songz - Say Aah (World) (Addon)
ED89CE7E7D3DD954DFA7F5AEC19995C7E36131DE45,Rock Band Network - Blackberry River Band - I've Got a Feeling (World) (Addon)
ED91018F04A6812BC5A3DD45342BA6B09770E1DA4D,Lips - Jason Deruelo - Whatcha Say (World) (Addon)
ED9FCCADD111DA36CCAB9E1AA480B2925F2A732B4D,Halo Wars - Strategic Options Addon Pack (World) (Addon)
EDB954F0B15B00020397BE57C21D12A7D022520945,Rock Band Network - Buttercup - Time-bomb (World) (Addon)
EDC6800A2D569F76794465A243ED9F69D0CFD9E245,Rock Band Network - Lettuce - Last Suppit (World) (Addon)
EDCA8087B000473DC764732DBB62770B26D62BC145,Rock Band Network - Kataklysm - Determined (Vows of Vengeance) (2x Bass Pedal) (World) (Addon)
EDDD642D176403335E2188A25BCA2EC89B8606774D,Halo Wars - Unique Unit - Honor Guard Wraith (World) (Addon)
EDDECA0C9FE7E523B82A3098D4901A2BDA4824C64D,Lips - Jewel - You Were Meant for Me (World) (Addon)
EDEF3112D5C5182F32AE5506303AC1064B2C182058,Chessmaster Live - Mushrooms Chess Set (World) (Addon)
EDF750C289BF8B3ED92EE8D30D340177D12916EA45,Rock Band - Silvertide - Blue Jeans (World) (Addon)
EDFE2F730DD5032009CB720FB0328BC25E249C854D,Lips - Chicago - Hard Habit To Break (World) (Addon)
EE168761A8F2D5A67FB9209EE06EA7F57135F21245,Rock Band - Steve Miller Band - Pack 01 (World) (Addon)
EE1D9AC97A29EFB5F7D6F697A23BAF04C63949C145,Rock Band - Nikko - Break My Heart (World) (Addon)
EE1EAF70240A501307E64417E8C5530E634B81DE45,Rock Band Network - Blackberry River Band - Brand New Toy (World) (Addon)
EE1F787047E266D36FC569194AE94853AE33AACD45,Mass Effect 2 - Umbra Visor (World) (Addon)
EE2D8E96790645F5570507206A53AA5D7A25602745,Rock Band Network - OK Go - White Knuckles (World) (Addon)
EE31F8D6C735BAB6F9338B01700DD52303BC9ED045,Rock Band Network - Big Square - Burn (World) (Addon)
EE4BA8ECC88CD185FF6EA258D2DC2BEC6C86192845,Rock Band Network - Finger Eleven - Paralyzer (World) (Addon)
EE68D4A8AC1C27A313913E24FA59B46171A7882E58,Scarygirl - DLC Pack 1 - Spirits Unleashed (World) (Addon)
EE6B278734CA053963DE6098313E4898BBA8DAF845,Rock Band - Montgomery Gentry - Gone (World) (Addon)
EE726B1ECAAB56E9F9DC3C1B15F900B9199020F645,Rock Band - Faith No More - We Care a Lot (World) (Addon)
EE817A966873F11B4BD614AD34A157CB380004DB45,Rock Band Network - The Apples in Stereo - No One In the World (World) (Addon)
EE8383B3C6AD4002A908791D8BC829B057CAA99B53,Final Fantasy XIII-2 - Opponent - Lightning & Amodar (World) (Addon)
EE8B02924A1181B5BCC673745060901489BD34BB4D,Gears of War 2 - All Fronts Collection (World) (Addon)
EE8ECC936E550AE8C52031F6968068D2273165584D,Forza Horizon - 1000 Club Expansion Pack (World) (Addon)
EEAE2445C2393BCB18686C97C164670209278D4B45,Rock Band - Static-X - Push It (World) (Addon)
EEC40B930EF5AF0CD60A20DEE3C6EC17E442801A58,Magic - The Gathering - Duels of the Planeswalkers - Playfields (World) (Addon)
EEEF124B5B5E04E9B87C165C6E14B797F13A150F45,Rock Band Network - Terrorhorse - Modern Mathematics (World) (Addon)
EEF429D7004E8A13837D6ECCB4BC058BF1C99BFD45,Rock Band Network - Steve Pardo - This War Will Never Start (World) (Addon)
EEF7B44FAB301BD62B528E96C3E2F867B5D6710045,Rock Band - Pat Benatar - Heartbreaker (World) (Addon)
EEF7C9B254B2599CF689E56ABF924ADD5604DD9653,Final Fantasy XIII-2 - Serah's Weapon - Azrael (World) (Addon)
EEFB40C03C5F11986289915BEA4CFE781B309EC645,Rock Band Network - Michael John Ahern - Drive (World) (Addon)
EF0EF71F4DF9EC132B595A0CE08594A180F9487D45,Rock Band - Duran Duran - Girls on Film (World) (Addon)
EF1280C1167D70BAD4953BDD5299300EFBB7614545,Rock Band - Tenacious D - Tribute (World) (Addon)
EF1B837A235D05FC569D502E42DD7CF77C9C99BD57,Mortal Kombat - Rain Playable Warrior (World) (Addon)
EF24C5F490F706FA10AC5BBEB6BBC2D9FA5BF55445,Rock Band Network - Rathergood.com - We Like the Moon (World) (Addon)
EF2DFF9CAEAA2E99330BC242B7B73A8310F2890845,Rock Band Network - Bluefusion - Andromeda (World) (Addon)
EF2E7CA58E3B9390D200BEC78FEA3F7F7C16F41E45,Rock Band Network - Jonathan Coulton - Code Monkey (World) (Addon)
EF362F95C9A4A2424DD806C509B1885A2162702245,Rock Band Network - Exodus - Riot Act (World) (Addon)
EF44538A4BCC2F3E8AE346F2C44CB06768FFDADC45,Rock Band Network - His Statue Falls - Give It Up! Give It Up! (World) (Addon)
EF449CCF82DBC80BE261441BE27F3B5F4D1DA25945,Rock Band Network - Dirge Within - Absolution (2x Bass Pedal) (World) (Addon)
EF528B87D0354AB60365887AA5305CE19DC0A03545,Rock Band Network - Chaotrope - XIV (2x Bass Pedal) (World) (Addon)
EF70044149AFB7CEAC7813740A6041FBBE68623E45,Rock Band Network - Zack Wilson - Ox (World) (Addon)
EF7AF1F60FED9ECBF4813A3704DAEB43FCF3C59754,Borderlands 2 - Premiere Club (World) (Addon)
EF87A2DEC2C3AD24F6A1CC4A352E304A861A278D54,Prey - Gravity Labs (World) (Addon)
EF8A3514DBC93AD0B71572BCF1D6F086023B82EF45,Skate 2 - Maloof Money Cup Pack (World) (Addon)
EF9E21195B1EC56B9ADFA0A4078844BD0B24613A45,Rock Band Network - Audio Ammunition - War Against the Radio (World) (Addon)
EFBBDFAEF8669735367318770072B3B2278EAAD145,Rock Band Network - You Shriek - Lilith in Libra (World) (Addon)
EFDFCD7E2C7AF718DAA342CA4645C069A7DA083E53,Tomb Raider - Outfit Pack (World) (Addon)
EFF0D697C13160626B286CDB8845F984F0E3A8C558,Castlevania - Harmony of Despair - Music Pack 2 (World) (Addon)
EFF79665B286E05C68111B19AF2CB445247F4A6745,Rock Band - Rob Zombie - Pack 01 (World) (Addon)
F0013057095D50A9A311B79B1F96CA90B8795D0E46,Bullet Soul - Caravan Mode (Japan) (Addon)
F00E0C5B8FFB6C52914EE11D4646C052E1602DAA45,Left 4 Dead 2 - The Sacrifice (World) (Addon)
F0124339C26104EF1B4C729A9365D74D1D7E05F345,Rock Band Network - Faithful Darkness - Stay Awake (World) (Addon)
F040F5694C684C534AFA84F03FC1682E3FC7D73345,Rock Band - Puddle of Mudd - She Hates Me (pro) (upgrade) (World) (Addon)
F04596E25A1C5949A0501156BA4AE32D4646CB1B4D,Lips - Snow Patrol Song Pack (World) (Addon)
F0535874F7AAE23FD64C0483113CC16BD9F0ACE64D,Kinect Sports - Season Two - Midnight Mountain Pack (World) (Addon)
F06C20BC7989009112CE064DD0540365EA4F42C445,Rock Band Network - The Taj Motel Trio - OaOaO (World) (Addon)
F076B907DD982A22CF4E830EBFB57A7D72C30C4745,Rock Band - Iron Maiden - Pack 01 (World) (Addon)
F08D802F8F873D352B3C115F0E052B7662898A6145,Rock Band Network - 22-20s - Latest Heartbreak (World) (Addon)
F0A7D3FC3FBD4905111D7EE9D28F93E47A7DCDEC53,Sleeping Dogs - The Screen Legends Pack (World) (Addon)
F0B1790AEB7B5EB97439C4A4792F6BB0E47D481E45,Rock Band Network - Coldera - Melodicus Counterpointus (2x Bass Pedal) (World) (Addon)
F0B592371BED90A4AEA5D3310D6E63C94750680B4B,Def Jam Rapstar - Eve - Who's That Girl (World) (Addon)
F0BFB2BA9636D7E45B42382C996F9236E49274CA45,Rock Band Network - The Gracious Few - Appetite (World) (Addon)
F0C1730C8198E3FB5A39D5BCB7DA393B525D375D45,Rock Band Network - Freen in Green - Frontier Factory - Remanufactured (World) (Addon)
F0C432268826336DD515EF8511CB7B5C2D61AF0E58,"Pinball Arcade, The - Launch Table Update Pack (World) (Addon)"
F0E8D6187D3C067B9699D468E4AEE3C69E9F0BDA45,Rock Band Network - Dr. Acula - Slander (World) (Addon)
F0FE8459AADA5783C3448FF05083D392F18E60ED4E,Ridge Racer 6 - Unlock Key 35 (World) (Addon)
F118A14040E25234CFAAF230EA8B2A47B1E6249958,"Pinball Arcade, The - Season Two Bundle (World) (Addon)"
F11D9547EEFCF8F70F66672908D1033DA4299DBC45,Rock Band Network - Severed - The Ultimate Power (World) (Addon)
F11DC2796AC6D8432042A9F5CD3BE1E008BD08B84D,Lips - Five For Fighting - 100 Years (World) (Addon)
F1282C4271F056994CB6CE883B9B3B8CA9545FDE58,Crimson Alliance - Assassin Class Pack (World) (Addon)
F13132607BE0DB0FAA94A915BBF7BE2EE77EDB1945,Rock Band - Grand Funk Railroad - The Loco-Motion (World) (Addon)
F13FD615D59557B33143676D8C8900F574E532D445,Rock Band Network - Rose of Jericho - Romancing the Ordinary (World) (Alt 1) (Addon)
F14D9D9E595229139857BF3A0DDDC326B8BF77DA45,Rock Band - Alphabeat - Fascination (World) (Addon)
F16D551622046299B389EF65A452E9ADAC024DB44D,Lips - The Raveonettes - Love in a Trashcan (World) (Addon)
F17F0B33A225E4332F868F73AAA0ED1A6755B80A45,Rock Band Network - Leadership by Assault - Stop Staring (World) (Addon)
F18D66F86F394AB9C31462C9D135D925A510FA8345,Rock Band Network - Andromeda - Veil of Illumination (Part 2) (World) (Addon)
F1AE0922F661F48B87AF99FB8BDF3002900FEA9C58,QIX++ - Expansion Pack 2 - Hunt (World) (Addon)
F1BB3D150F08D1D66D0CA734C3757C98F3228DE845,Rock Band Network - The Main Drag - Homosuperior (World) (Addon)
F1C6E8EC8BB86294F442C6F78557C9334B650D3F4D,Lips - Kool & The Gang - Ladies' Night (World) (Addon)
F1DFCD38E7F120338135FEE20B214700D3E319EE45,Rock Band Network - Amberian Dawn - Talisman (World) (Addon)
F1E2542A969457B88501A1D35C53891F08C03DC545,Rock Band Network - Wolfblur - Frostbite Cavern (World) (Addon)
F1EB863DA6F2D80295AA16D14A37497E17A525C345,Dragon Age - Origins - Feastday Combo Pack (World) (Addon)
F1F83CBCE967E1378A6F2DDFD55FB978E74755E145,Rock Band - Tom Petty - I Won't Back Down (World) (Addon)
F219029743AF6F71FBCACF4B451E0FD50EB4BACF45,Rock Band - The Guess Who - Hand Me Down World (World) (Addon)
F25439EF4F53F08940E85D009E4F69424B3F411C4B,Dynasty Warriors 6 - Empires - Complete Male Armor (World) (Addon)
F264674D78E869B70706C9A8658DD8FF1ADC3D2145,"Rock Band Network - Bayside - Sick, Sick, Sick (World) (Addon)"
F270F1C6175F7A887F66664F8154904838B1540A45,Rock Band Network - Dr. Acula - Slander (2x Bass Pedal) (World) (Addon)
F276606C53A822F83F8471706ED3A3D679BE6D4758,Yu-Gi-Oh! - Millennium Duels - Earthbound Djinn Pack (World) (Addon)
F27A1CE6E05533BD90FB7588F11C13B8CA76791345,Rock Band Network - Wargasm - Underground (2x Bass Pedal) (World) (Addon)
F28F45C1BCD667B6C62617C9FC45E8FC5853CA0F45,Rock Band Network - Steve Vai - The Crying Machine (Live) (World) (Addon)
F29389E709945248C4073D2800FE6A9D8C20A24E45,Rock Band - R.E.M. - Pack 01 (World) (Addon)
F29F8510F984A05FE08728CB28611E3FFED39CE654,Mafia II - War Hero Pack (World) (Addon)
F2A148A8149490E8F858FFF9B055B3159F91C58C58,Puzzle Bobble Live! - 1P Puzzle Pack-2 (World) (Addon)
F2A38609179D32305607F3DA38BE16D3405B617D53,Sleeping Dogs - The Wheels of Fury Pack (World) (Addon)
F2BD6F92FFF7F0D22A402A7C92334B959494019F45,Command and Conquer 3 - Tiberium Wars - Map Pack 2 (World) (Addon)
F2D60338514FF20A7FA595F1707C945ED0ED7D0543,Dead Rising - Weekender Key (World) (Addon)
F2EAFC951C6C18742F9B3BD90B8312C743B713D64D,Lips - Avril Lavigne - My Happy Ending (World) (Addon)
F2FCA6A06CB7DACA291A145CA1AEAB4D6140364A42,Oblivion - The Wizard's Tower (World) (Addon)
F2FDA516EBF734C0114E1174122C54163BE0A35B45,Rock Band Network - Onslaught - Godhead (World) (Addon)
F3031453606C798D6E4044058D7B80CD81D443A045,Skate 3 - Time is Money Pack (World) (Addon)
F30538B21DD3AA48EE301E2F84D1D9560756938745,Rock Band Network - Amberian Dawn - Evil Inside Me (World) (Addon)
F3057EA3FA3054BB76E610EB48D5934EFE4FFFD045,Rock Band Network - Amberian Dawn - Lullaby (World) (Addon)
F3253BE1C0EC7B881C097392FB72CBDE13C2722658,Serious Sam HD - The Second Encounter - Forgotten Faces (World) (Addon)
F34F894F8788AA838548107BC269C8926C3FBB6645,Rock Band - MTV2 - Pack 01 (World) (Addon)
F3603E547BBA5AB8F90CE5E5EF8935F775B2592045,Rock Band Network - Evile - Now Demolition (World) (Addon)
F36B8792197792498895B5AB46339ED3D65C1EC845,Rock Band Network - Rivethead - Difference (World) (Addon)
F3791E1B174D8DC9B82C781A12DEC5044C7DF30C45,Rock Band - Joe Satriani - Satch Boogie (World) (Addon)
F3849A37682D5CF9F5B1F3826E513C82E5CDC7FB45,Rock Band Network - Minnesota Sex Junkies - Like This (World) (Addon)
F39CEE28BC54F01E05B951C0B7D51B724CF7E93945,Rock Band Network - Steve Fister - Old Lady Trouble (World) (Addon)
F3A8386079B934D6CE525AF1EC334D999C4D8C3745,Rock Band Network - Zigaboo Modeliste - Standing in Your Stuff (World) (Addon)
F3C67BC1544CDA2A5BA1D28BB0DA996BEC0741AB58,Gotham City Impostors - Bats Shirt - Tour de Pain (World) (Addon)
F3CA7DF7B4E288DB078629D0DF8E1CAEBF3ADB6B45,Rock Band - The Black Keys - Pack 02 (World) (Addon)
F3DA2AF24F3695EF7368984195392DDBEF91604258,Gotham City Impostors - Bats Pants - Ripe Righteousness (World) (Addon)
F3E30CC51469686629DF56202A26A4B7187655EB42,Fallout New Vegas - Dead Money (World) (Addon)
F3E6D44B576992784561A4708E93EE4532F349C745,Rock Band Network - Amberian Dawn - The Curse (World) (Addon)
F3ED58B542B8DF076008D35957DD33E7C2E9E9A443,Street Fighter IV - Brawler Pack (World) (Addon)
F3FF6BB18FEAA542BC05DBFF40BDB90925149C7D45,Rock Band Network - Distant Autumn - Edge of Town (World) (Addon)
F407D6BB452A6A15FC6FFB8918EF14EEF7E2F8A158,Magic - The Gathering - Duels of the Planeswalkers - Expansion Pack 1 (World) (Addon)
F41508620C198E30E6579036B3A78142F2E8DA3E4D,Lips - The White Stripes - Seven Nation Army (World) (Addon)
F417F3C640F510B2C3F411029B5E24DAFF98BFA847,Senko no Ronde Rev. X - Extra Costume - Changpo A4 (Japan) (Addon)
F43A47E9DF6D44E71EB88C2C889F43858CCF0D5E45,Rock Band - The Allman Brothers Band - Midnight Rider (World) (Addon)
F44ECBC7ACCE17E6E8818E0A158CEF194A33F9E745,Rock Band - Queen - Killer Queen (RB3 version) (pro) (World) (Addon)
F4521FA86C418A55B771502260E5781D071FDF1245,Rock Band Network - Delta Spirit - White Table (World) (Addon)
F46C14EB5A8015B1906EAF9AFD160CF0F335E4FF4D,"Gunstringer, The - El Diablo's 'Merican Adventure (World) (Addon)"
F4704666560455466941C081231480D66938657545,Rock Band Network - Shy Nobleman - Girlfriend (World) (Addon)
F47D69FA92962759553AE8CA2D48872154E39B8745,Rock Band Network - BSM - Falling Apart (World) (Addon)
F48440DA63F0559C1E39CA048C9B49AA8F8B945B45,Rock Band Network - Drive-By Truckers - This F---ing Job (World) (Addon)
F493DADE9D09CDA7FD5DBF313EA63D87FA2B0CCF45,Rock Band Network - Desoto Jones - Giant Magnets (World) (Addon)
F49F4275687F98260F3FFD9F351576CFA3C9646F45,Rock Band - Eve 6 - Inside Out (World) (Addon)
F4ADE093F34BB6D5D3802EF1270BE58669A5911F55,Tom Clancy's G.R.A.W. 2 - Classic Pack (World) (Addon)
F4AE109F615E7F240BC1D97BAD04C5ACC30C958254,Mafia II - Greaser Pack (World) (Addon)
F4B2BC7CBEA11AD2615DBD3B43D5ACDE9E5A426E4D,Lips - Rihanna - Umbrella (World) (Addon)
F4B50EAF7E964588B9D4C7033C131ADE8AF1DAF445,Rock Band Network - The Everybody - You Got That (World) (Addon)
F4CED7DEEE84BD7F44F7D97A2DF9C17574AABB074D,Lips - Depeche Mode - Personal Jesus (World) (Addon)
F5019B05F0B65E33ED17ECEE380DD1BE407C438645,Rock Band Network - Poets of the Fall - Lift (World) (Addon)
F514A708DC5D4D34599F0C3A0A04BDFA5D8742E854,Darksiders II - Argul's Tomb (World) (Addon)
F525F2BC5668F915D83832DB0BD8A3291EE5FBB645,Rock Band - Days of Peace Pack 01 (World) (Addon)
F526E96DB324809285EF469634450781D0FD7E7058,Babel Rising - Sky's the Limit (World) (Addon)
F532AF2F3E14533FEF1A0F3F883537FB6FCC6BEF4D,Lips - Akon - Right Now (Na Na Na) (World) (Addon)
F5359FCC1535564EB1B7CBD4A3423FC5E6A64CD04B,Dead Island Riptide - Survivor Pack (World) (Addon)
F53A249F74949D61CD5F0418313A4B17B6DCABEF58,Stacking - The Lost Hobo King (World) (Addon)
F54FC6EAD09F766B5AF6305BA62A7EDC22F4196D54,Borderlands 2 - Compatibility Pack (World) (Alt 5) (Addon)
F56F8734F04D89EAB07E9003A7F48DE046DA57B743,Asura's Wrath - Lost Episode 2 (World) (Addon)
F56FA9BEE7E5DEE624BD7BAE7206A75D230081CF41,Call of Duty - Black Ops II - Vengeance Map Pack (World) (Addon)
F582F48921E862E55014D640CBEE3E391A55523B45,Rock Band Network - Anarbor - Let the Games Begin (World) (Addon)
F58A335A2D73CEC25AAED64482BB2915ADA620F445,Rock Band - The Allman Brothers Band - Jessica (pro) (World) (Addon)
F591099518B50CBB0DA903109743CE9E700F0D864D,Lips - Mel and Kim - Respectable (World) (Addon)
F591AD78AA8F87452542887FF97DCF985459A18054,Ninja Gaiden II - Mission Mode (World) (Addon)
F59C8ED79FC84B5784DFC93D1FDE5A99665CBB544B,Castlevania - Lords of Shadow 2 - Relic Rune Pack (World) (Addon)
F5A80B07A771C352894D44BD05B533A072FA28A045,Rock Band - Jethro Tull - Hymn 43 (World) (Addon)
F5AB640991C261532EBD6A878D704AF8FA2A15AD41,Call of Duty - Modern Warfare 3 - Elite Drop 11 - Iron Clad (World) (Addon)
F5B3E0579C2BD2939FD88B0E0A936E8095E284D754,WWE All Stars - Million Dollar Pack (World) (Addon)
F5C73477AB0386476CE693808A73A6DC399189FE45,Rock Band Network - Emmure - Demons With Ryu (2x Bass Pedal) (World) (Addon)
F5CB0AA7C7479E6E5B03D43932808757EFBCD74841,Call of Duty - Black Ops - Escalation Pack 2 (France) (Addon)
F5D3F4840A7888C18C55EC5CF11533D080FAA89845,Need for Speed - ProStreet - Stage 4 Performance Blueprint Bundle (World) (Addon)
F5EBB98C0E714601F89C5904F9F0498392F4588445,Rock Band - The White Stripes - Seven Nation Army (World) (Addon)
F5F506B1CECBF7A6027CD998714EB7191E2503ED45,Mass Effect 2 - Aegis Pack (World) (Addon)
F60A5E9B557C13D4097FB863AC3C5AC6FC3978294B,Otomedius Excellent - BGM Pack 4 - Diol Twee (USA) (Addon)
F60C8B3DD5464CFAF6C98B2DC757C5ED154906E945,Rock Band Network - Magnus 'SoulEye' Palsson - Positive Force (World) (Addon)
F64F77576436BA799572B8246D40C32EB3479A0D45,Rock Band - Screaming Trees - Nearly Lost You (World) (Addon)
F658755DD96CC81FD66802E06BA5BFD95383A5A458,Tetris Splash - Discus Bundle (World) (Addon)
F65FA8BA4469142F90E6ECEB822909C54C7959EC41,Call of Duty - Ghosts - Into the Deep (World) (Addon)
F662B5F13C76A0F8123868DCA66289CE31C40CEC45,Rock Band Network - Pretty & Nice - Piranha (World) (Addon)
F66E8DE29F6F976D78AE9DBE7F47C45FDDD2FA1C53,Hitman - Absolution - Deus Ex Zenith Gun (World) (Addon)
F67C03434AE0E1CB11CE0D8BC55153BF997B11CD58,Pinball FX 2 - Super League Football - Juventus Table (World) (Addon)
F68118B2E99663462991B9E6466268CF73D4FF3545,Rock Band Network - Shokkher - Burn Her Out (World) (Addon)
F6909DAAF863055E771BF53B585FCD12DAA0FA3045,Rock Band Network - The Elms - Strut (World) (Addon)
F69C78E4A33B150EC63CC31325EE67B12822249745,Rock Band Network - We Are The Illusion - The Podium (World) (Addon)
F6B931DA4C54C062134100B76451D9AA14F9363845,Rock Band - DragonForce - Operation Ground and Pound (World) (Addon)
F6BE77255F2B380B48A83F3D5CE078B643AB178E4D,Lips - LL Cool J - Going Back To Cali (World) (Addon)
F6E156CFA41BEB28CF4B08D2C120EFEC2CF828DB4E,Body and Brain Connection - Higher Learning II (World) (Addon)
F6EE54B62721D3100D9E9C6460B37D36BA2F1E2643,Marvel vs. Capcom 3 - Shadow Battle 07 (World) (Addon)
F6F16828D5A9F344BE00CFD93910F71D98BCDE1241,BlazBlue Continuum Shift - System Version Data Pack (World) (v1.02) (Addon)
F70B29B44085230400813FB2CC14C771B052DD5D45,Skate 2 - Dyrdek's Fantasy Park Pack (World) (Addon)
F70C7BCF338393BCAAF3CAE7182AD8D587710CBA45,Rock Band Network - Asking Alexandria - A Prophecy (World) (Addon)
F71275627427039BC34ACE04521EDBDCB8964A9045,Rock Band Network - Aittala - Numb (World) (Addon)
F7148DE7C76414FE327A064B85C6EFB7FA50AACB54,Red Dead Redemption - Hunting and Trading Outfit Pack (World) (Beta) (Addon)
F71F5E0854BB9A62D7B8D81F81F71E12957C22E345,Rock Band - SpongeBob SquarePants - Pack 02 (World) (Addon)
F74628C99148A18B2847FF03B746C5D6301D9DFC45,Rock Band - Live - I Alone (pro) (upgrade) (World) (Addon)
F7577A3FC256B8568BE220266654418AC33EAEDB45,Rock Band - Linea 77 - Fantasma (World) (Addon)
F75E3E403632773BA65DD26C76D33F583924E98255,Rabbids Invasion - The Interactive TV Show - Pack 1 - Season 1 (World) (Addon)
F7889B1427D82C6527770BDBB62DAC907B1875AC58,Hasbro Family Game Night - Scrabble (World) (Addon)
F793B1EFC6ED8D0AEA7308D9663A4A22FA68B83858,Minecraft - Story Mode - Season Two - Season Pass (World) (Addon)
F7A333A5E37A6F67D9CD534F40D7FC93022C175D4B,Dynasty Warriors 6 - Empires - Additional Music Set 3 (World) (Addon)
F7BCFC5D47F145D77B0A85006E9B401351A6134645,Rock Band - Green Day Export Pack - Collector's Edition (World) (Addon)
F7D05A88E6FECEA5BF9DD1704A6D6784CB6743D64D,Lips - Hoobastank - The Reason (World) (Addon)
F7D0D77F44BC1FB50AC30BD5B7960823AC90CF5F54,L.A. Noire - Best Buy Pre-order Bonus - The Sharpshooter Detective Suit (World) (Addon)
F7F77485ED6C5DDB5662D4B0C1516A5214A969F258,Toy Soldiers - The Kaisers Battle (World) (Addon)
F80413BA6E9D7DCCDF54D5C901DD915ABA73BCE554,Ninja Gaiden II - Biometal Hayabusa Costume Pack (World) (Addon)
F807950F2CDC616200AC9BA092A0F0C14DD5C6A54D,Lips - Lady Gaga - 5-Song Pack (World) (Addon)
F81FB29A06752C5E1DFAEBA5F9695E17DFC98B7E58,Capcom Arcade Cabinet - 1985-I Pack (World) (Addon)
F84E059EE7323BFD45E83BB263A7F5D78413063F4B,PES 2010 - Data Update June 2010 (World) (Addon)
F87FE3DF2C860660A2BDBAB6317C37BB71DAACD454,WWE SmackDown vs RAW 2010 - Roster Update 1 (World) (Addon)
F888EFF655FF34740034EE82EE2FFF71EE3FC62758,Chessmaster Live - Mongol Chess Set (World) (Addon)
F88912CFB344E5BADA58117894CA460E779F469245,Rock Band Network - Chaotrope - The Hourglass Paroxysm - Part II (World) (Addon)
F8AF4D3740147E04CF3C96F2869C843CC6FB296D4D,Lips - Orchestral Manoeuvres in the Dark - Locomotion (World) (Addon)
F8BC60046461B4B3F14B092EE32FE36D1FF3D15045,Rock Band Network - Kid Liberty - Coolguy Deluxe! (World) (Addon)
F8C06899DA939511664805DFF73EA179723944FD54,Dance Central - Sean Paul - Get Busy (World) (Addon)
F8C4D0A6EE770211640F9AA68D221556A81568B045,Rock Band Network - Jonathan Coulton - Creepy Doll (World) (Addon)
F8CD719E92197A1952A929EE35A9B73A97AA6F7D58,Real Steel - Add-on 02 (World) (Addon)
F8D613FAFFF228F74411BA3BB25EDB7562BCA35447,Senko no Ronde Rev. X - Extra Costume - Ernula A5 (Japan) (Addon)
F8DC444EBF6B95EF7B512EBEF08166CF19BE00C058,Castlevania - Harmony of Despair - Music Pack 1 (World) (Addon)
F8DFAFE0D76181FCBE44C375FA7CDF35A409F16045,Rock Band Network - Blessthefall - What's Left of Me (World) (Addon)
F8E3FA0E0A6F00945C5643644495827DEBB2B03658,Monday Night Combat - Spunky Cola Special (World) (Addon)
F8ED92AB558FE1B76FFE686947EEE691EA0BE6A857,Batman - Arkham Origins - Black Mask Challenge Pack (World) (Addon)
F8FD2BADD2C28FBBA63FF40AADF85487ECC7955943,Sniper Ghost Warrior - Second Strike (World) (Addon)
F91553428FBF9F9DE5DBBC671BF0083D2B1FE0364B,Otomedius Excellent - BGM Pack 5 - Tita Nium (USA) (Addon)
F91EF030889406FBE27B5384E14C59335BCE52C345,Rock Band Network - Nightrage - A Grim Struggle (World) (Addon)
F91F295E12F258772E02754026991866D1F5EAEB45,Rock Band - Marcy Playground - Sex and Candy (World) (Addon)
F91F7BFAECF32818850D75B854F93DD09026D2F945,Rock Band - X - I Must Not Think Bad Thoughts (World) (Addon)
F92D4FD6FDA73645069ABE24A542F2F23FD5B60958,Buku Sudoku - Puzzle Pack 19 (World) (Addon)
F9309E86ECE95D787A40220791C68D7FF9BD5A6A45,Rock Band Network - God Forbid - Don't Tell Me What to Dream (World) (Addon)
F9670C8C4302984D4EBD0641632250ECDCBD659D58,Eets - Chowdown - Puzzle Pack 2 (World) (Addon)
F97BD3F5DBF39F9EF4F4F56E21639426F8CF43A445,Rock Band Network - Edenshade - Things I'll Just Pretend (World) (Addon)
F99A17257ACBBE80B6F5918C90622E916A82162545,Dragon Age - Origins - Witch Hunt (World) (Addon)
F9B5B194AFAB220A950ED559FE796BF114BC3DB154,Borderlands 2 - Compatibility Pack (World) (Alt 2) (Addon)
F9C3C2B631ED7F608B1B895B15A81DEC84AADB5A47,Under Defeat HD - Additional Player Aircraft 2 - VKL6.02(A)P (Japan) (Addon)
F9C76AB6C16A126B13F424B2C1FA6A5815DB266B4D,Lips - Daniel Powter - Bad Day (World) (Addon)
F9DA02BD34FF7159ACF1A0D19E2C4DDE4F31C36A45,Rock Band - Billy Idol - Rebel Yell (World) (Addon)
F9DAA339C5622681122F20EA17EA0E453C9AAD1B58,Yu-Gi-Oh! - 5D's Decade Duels - Worm Unity Deck (World) (Addon)
F9E1A4BCDB9C5E971763AB49CCA4C2CCA4B5A1E043,Resident Evil 6 - Additional Stage - The Catacombs (World) (Addon)
FA3551D265595D7BA2D23C97AA6ACB3D1C16650345,Rock Band Network - Wolfcrusher - Skeletonizer (2x Bass Pedal) (World) (Addon)
FA372CEB809B69402FB5FAC7CB338126F350D34945,Rock Band Network - Amberian Dawn - City of Corruption (2x Bass Pedal) (World) (Addon)
FA3F91E47DC2DF64B7E23F8687EF7CF4C0AAC2A545,Rock Band - Billy Joel The Hits - Rock Band Edition (World) (Addon)
FA4CA173906F687DB047ECA90ECEDF984616652445,Madden NFL 11 - Online Pass (World) (Addon)
FA4D82645E081C4E98EFB7588D5A4940709FE61245,Rock Band - The Clash - Train in Vain (Stand by Me) (World) (Addon)
FA4F0D74DA72B20F52647D1E609F46E10B4EAE3358,"Walking Dead, The - Michonne - Episode 2 - Give No Shelter (World) (Addon)"
FA51B02E66887FDAC7FC3C4043977DA1972741E358,Hasbro Family Game Night - Jenga (World) (Addon)
FA6E002CF0A7D17895BECB07E9373EF4ED65111847,Senko no Ronde - Dis-United Order - Bonus Content Vol. 2 (Japan) (Addon)
FA9745EF6390A6989FF503910A04A03D0B93B92E58,Chessmaster Live - Chain Reaction Mini-Game (World) (Addon)
FA9C80170DF23B084DEBB04C7B26650DB47246B545,Rock Band - The Cranberries - Linger (World) (Addon)
FAA31072CA3A0F4522F99B7C1161CBEC86E66EFA45,Rock Band Network - Evile - Hundred Wrathful Deities (World) (Addon)
FAA63496D442FD85A2D76B8DA8890FBFB9C3E07D45,Rock Band Network - Chelsea Grin - Cheyne Stokes (World) (Addon)
FAA9EB8C3230BA317B6517D4383F3CEB4545DB1345,Mass Effect 2 - Recon Hood (World) (Addon)
FAAFA5756C37C0A0394BC133A5B6DA7AB57F429B49,BulletWitch - Pixie Costume (World) (Addon)
FACC70C400049B7D24DE763C01CC23198ED7640B45,Rock Band Network - Red9 - Real Love (World) (Addon)
FACCABDA0C4F17702F68E970EACCA98BB98D17F745,Mass Effect 2 - Cerberus Weapon and Armor (World) (Addon)
FAF126B30B08CE70C9537BEDB669E5223C4BC5ED45,Rock Band Network - Moving Atlas - Becoming Blue (World) (Addon)
FAF57A09685182F9AD1E6498DDF848C1FBB95D6545,Rock Band - Avenged Sevenfold - Afterlife (World) (Addon)
FB09880ECF2D9B659FEB6D3269136648993A305E4D,Lips - Ne-Yo - Closer (World) (Addon)
FB09AA01873B8EB853B5950D013918B07C214E8945,Rock Band Network - Alien Downlink - Heavy Plastic (World) (Addon)
FB1581D5CEC7F489A5364540D82077E2A2899D6D45,Rock Band Network - Charlie Drown - Crazy X (World) (Addon)
FB17326F9ECB920585D08DFF9F7ADD9B5A3269DB45,Rock Band Network - Mile Marker Zero - Laceration (World) (Addon)
FB2CE79438CAEE94E21D4D0C476521A667DDC7BE4D,Lips - Blondie - Call Me (World) (Addon)
FB3C6DC191F74ED55CFF2522480C76E5CD9AE8D445,Rock Band Network - Blanks. - (Lone Wolf) Soccer Mom (World) (Addon)
FB57850F565F7BC6180686DA1032227F59A621FD45,Rock Band Network - Jenium - Tea and Taxes (World) (Addon)
FB5FB2C44ECEFD7CBFDD0330F728127D2DB7BA5D45,Rock Band Network - Soma Dark - Resolute (2x Bass Pedal) (World) (Addon)
FB61BE431487618CFCEAB89AE8936C10FBA0858345,Rock Band - Anvil - Pack 01 (World) (Addon)
FB75C58423AEE903CF87F5A7A28A80687EFC732857,Mortal Kombat - Warrior Kenshi (World) (Addon)
FB7F5E7CD8F1FE78128F0C98F2348CFE03B3578E58,Kinect Fun Labs - Build A Buddy (World) (Addon)
FB86453729FFD45BCE5630CA0613109151B36D3B58,Magic - The Gathering - Duels of the Planeswalkers - Deck - Cries of Rage (World) (Addon)
FB8A457C5E7237BCC53B991D860B72513DAD2DBF58,Poker Smash - Puzzle Pack 1 (World) (Addon)
FBA3704C11879BAAA70D7D429EF65D5F411B150C58,Minecraft - Xbox 360 Edition - Star Wars Sequel Skin Pack (World) (Addon)
FBADCCA7870B246B6DEEAD4BED39724944D9030F45,Rock Band Network - JOANovARC - Say Sayonara (Japanese version) (World) (Addon)
FBAE2EFB83D9102BB86FD80A8F37222423C91EF558,Gotham City Impostors - Bats Shirt - Naked Aggression (World) (Addon)
FBC661122D925B14C7295A7C2FEF5104FA490E5445,Rock Band Network - SIMPL3JACK - At War with the Cherubs (World) (Addon)
FBCF1BF7657DF57535B1529EADA1F43DF8861B2D45,Rock Band Network - Unearth - We Are Not Anonymous (World) (Addon)
FBDA0B92D21754F5CF78CA6957AEE2B7D451B95353,Final Fantasy XIII-2 - Opponent - Gilgamesh (World) (Addon)
FBE3DC75F111CA9DFA6E876F138CDA17DCA47AC545,Rock Band - Linkin Park - In the End (pro) (upgrade) (World) (Addon)
FBFD1D0791813837A301927FE5938129F7F3099045,Rock Band Network - Amberian Dawn - Valkyries (World) (Addon)
FC0A0176A2CA115064C1FD0185D4003C150D143B45,Rock Band Network - Victory in Numbers - The King is Dead (World) (Addon)
FC2FE27997CB25B9F01962E3EFC496D24A29658A4B,"Def Jam Rapstar - Lloyd Banks - Beamer, Benz or Bentley (World) (Addon)"
FC328BE0589172120A939129A065483D9FC0D21645,Rock Band - The Offspring - The Kids Aren't Alright (World) (Addon)
FC33B48D098FB0D6213B584EA647FFD28BFDFF9245,Rock Band Network - Freen in Green - Ramp Truck (World) (Addon)
FC47482AA53A3045BB3298926A05F757D0EF6F8D45,Rock Band Network - Uniform Motion - Roll Over (World) (Addon)
FC51C8F2B592355EDA7AD9D7777ADBE0FE41BFA953,Hitman - Absolution - Bronson M1928 Submachinegun (World) (Addon)
FC55872464808D3F67020737B0EC70D16C0BD37D45,Rock Band Network - Carousel Kings - Don't Go Home (World) (Addon)
FC5A8D5AD03B290BA4FC9C7A4D31CCC9F8C76EFC45,Left 4 Dead 2 - Cold Stream (World) (Addon)
FC823DC7AA99484DE5A95103F2FB0FB32FFC799745,Rock Band - Kula Shaker - Knight on the Town (World) (Addon)
FC928D1CB984A9387B17AD7026DECF92571F1E2147,Senko no Ronde Rev. X - Extra Costume - Changpo B5 (Japan) (Addon)
FC9D312E2C9918812181B1A5BAE1D2785336ADFC45,Rock Band Network - BulletProof Messenger - Arm Yourself (World) (Addon)
FC9E153AFE3F29C0F9F80308BDFAAFA4EE5DC59E58,Hasbro Family Game Night - Battleship (World) (Addon)
FCC90C7F61BFA3331D97EDCF5E0B003DEA4947EA45,Rock Band - Steely Dan - My Old School (World) (Addon)
FCDD01ED6DF85B25AA08810521FA9CC4673A810A45,Rock Band Network - Mikel James - Back to You (World) (Addon)
FCEF3D8B1502F963C8F1E2F75F940D642646361358,Hasbro Family Game Night - Boys Room Theme (World) (Addon)
FCFD362582D8F77E14293D3D968E3B5ED96A2A5D58,Buku Sudoku - Puzzle Pack 12 (World) (Addon)
FD09F2F2C857010B80DD09A9A1CF67E63BFD8B7C45,Rock Band - Rage Against the Machine - Guerrilla Radio (World) (Addon)
FD10A9DD67C955FD239CE3C4853F7C63B2A375DC41,King's Quest - Chapter III - Once Upon a Climb (World) (Addon)
FD2B881CFBFEEDDAA034219A432CC39FE51C217245,Rock Band Network - Steele & Holden feat. Darren Holden - Caught (World) (Addon)
FD38C06B40301E72D1BDD173B4BA90B82BA53A504D,Forza Motorsport 3 - Summer Velocity Car Pack (World) (Addon)
FD472853127C50D0B999BA80512C6BC159E4E5EA58,Bomberman Battlefest - Bomb-Up Pack III (World) (Addon)
FD49E786AB20F13834D1E327C26FB6219B78D67B45,Mirror's Edge - Pure Time Trials (World) (Addon)
FD6BF27BBC5770A74E5552CBE4454F3B77D3E6D645,Dead Space 2 - Outbreak Maps (World) (Addon)
FD99CC8240F0629330162B94466CF1E29AE9D9A443,Divinity II - Defenders of Aleroth Set 1 (World) (Addon)
FDA697F39635253107C9057B712EB261259AD38845,Rock Band Network - Rx Bandits - Bled To Be Free (The Operation) (World) (Addon)
FDCA3A9FCA88408A59F2809D11B7929999D5FFF858,Pinball FX 2 - Super League Football - F.C. Barcelona Table (World) (Addon)
FDCB583E6EFA3AFD8E3726A214E747BCFD6F2CB058,Wreckateer - Callonburg Level Pack (World) (Addon)
FDD2EC4D15CE36D21083A2BEE4D926A5A392E5B445,Rock Band Network - John Daly Project - Don't Drink the Bottle (World) (Addon)
FDE742AE93076CFB4B4B0372594E2955F7216A1558,Buku Sudoku - Puzzle Pack 09 (World) (Addon)
FDE828B0224EA78D52AA96ED2264E84E8AD06AE645,Rock Band - Black Rebel Motorcycle Club - Weapon of Choice (World) (Addon)
FDF5F97AEEC8DA1597393206EC59B731E61AAFA845,Rock Band Network - Sonata Arctica - Flag in the Ground (2x Bass Pedal) (World) (Addon)
FDF81678175C634E0866D3B3F003C8661217751945,Rock Band - Stevie Ray Vaughan and Double Trouble - Texas Flood (Album) (World) (Addon)
FDFA1F7ED53024FDC3C8194C33FCCB15B6333B5445,Rock Band - Papa Roach - Time Is Running Out (World) (Addon)
FE14E3C430687897AEAFCB2695AD1CB42D43EA0445,Rock Band - Green Day - Green Day - When I Come Around (pro) (World) (Addon)
FE216DD66611175C5B56C29DEEBFADBC4B47FDC345,Rock Band Network - Nightrage - So Far Away - Delirium of the Fallen (2x Bass Pedal) (World) (Addon)
FE2C867953023CC6292844B4DD1C08553314EB1558,Goat Simulator - Waste of Space (World) (Addon)
FE510A2EEB1EEA7265F51B1309E872C59C1C86B945,Rock Band Network - Scratching the Itch - End of This (World) (Addon)
FE51C83916A4790A82D13C339CE697B9EF1B339F45,Rock Band - Tenacious D - Rize of the Fenix (World) (Addon)
FE622BDC096AFD3271DAA01F0AE4F5617470C4ED58,Jam Live Music Arcade - Heatbox - I Really Love to Loop (World) (Addon)
FE649DE74E6D82FE55BE2EE11B217AB821D3954E58,Minecraft - Xbox 360 Edition - Fallout Mash-up Pack (World) (Addon)
FE6AC7531FE983BEAD99C002B7DB08E10A30917C58,Darkstalkers Resurrection - Demitri Arcade Cabinet (World) (Addon)
FE720AD7EA24F1AD9A022ACE0A78A28875C253B558,Bubble Bobble Neo! - Extra Map 2 (World) (Addon)
FE86BAB01868EED9C19610C5FD7483511A84DB5345,Rock Band Network - A t o m - I'm Coming Home (World) (Addon)
FE9346729C50ADFC44E9AA744BAB0C4E6F1F075645,Rock Band Network - Kurodust - Doll in the Dust (World) (Addon)
FEAA292C0CE260BC11AF4B959443DDDB2E4FED2045,Rock Band Network - All That Remains - Days Without (World) (Addon)
FEAB347284FEC9DFAEC12E86DFF3DD432AFDDF8A42,Oblivion - Spell Tomes (World) (Addon)
FEB4165C0EE03B82028CEB2342E04AAE97EA365245,Rock Band Network - Fail Emotions - Wasted (World) (Addon)
FEBBA528143758E61988799D2E6818C174D0799658,Domino Master - Baseball (World) (Addon)
FEBC5FBD6E02B08AACC321BC84F6DEF4DD67101045,Rock Band - Scene - Pack 01 (World) (Addon)
FEBEF4D75F786CC42EA4C81B5E72F11AD20287E245,Rock Band Network - Stop the World - Enemy (World) (Addon)
FEE9AF5FBEA4CBB748E9D4ACF083ACDECEEAADDC58,Magic - The Gathering - Duels of the Planeswalkers - Deck - Relics of Doom (World) (Addon)
FEFA8D8DB96E171BEA4827FC027FF01C08B064BC45,Rock Band Network - James Silva - I MAED A GAM3 W1TH Z0MB1ES 1N IT !!!1 (World) (Addon)
FEFC9754836ABC67CF33157A2C9C757E2D6C52CF49,Test Drive Unlimited 2 - Atari Pre-order Bonus - Ford Shelby GT500 (World) (Addon)
FF0A3C7C91477E1F5F73847FC6EB6AF72232527445,Rock Band - Phish - Stash (World) (Addon)
FF0ACE3254BC6EF3408B6F44B429E843F366E92354,NBA 2K12 - Legends Showcase (World) (Addon)
FF0DDB1D3E5C9422E87DAC33C71F33EBB0C97ACE4D,Lips - Haddaway - What Is Love (World) (Addon)
FF2CA1DB2A80E33BA6D04B455CE4DB02602F4C9545,Rock Band Network - The Downtown Fiction - I Just Wanna Run (World) (Addon)
FF34534D66EB7718DFFED36BCABB083EB71609B155,Assassin's Creed IV - Black Flag - Florentine and Crusader Pack (World) (Addon)
FF3494A0201B94BF81C68574A913A8B791480F544E,Dynasty Warriors - Gundam 2 - Additional Mission 04 (World) (Addon)
FF3EDB9240F1AA06A017A639568E44104691772845,Rock Band 3 - Pre-order Offer (World) (Addon)
FF6FDDF177EE1AE1BD70FD64E92E014C566747F658,Hasbro Family Game Night - Secret Agent Theme (World) (Addon)
FF740FEC2A2135464EC30FDC31A515FFEB31607A4D,Lips - Coldplay - In My Place (World) (Addon)
FF80D034294F18F709C738D36C069F17E7F90D9E46,Bullet Soul - Mode B (Japan) (Addon)
FF8A081B2DF3D217233D88B28F5DAE960DBA92E345,Rock Band Network - Analogue Revolution feat. Bryan Steele - R U Ready For This (World) (Addon)
FF95F2143BCC49A267A8CFB98015B95AD99D66B745,Rock Band Network - The Lightfighters - Railway Station (World) (Addon)
FF9D7B7631450C6DD4E414E417A4350D8C4EB9FC4D,Lips - Ace of Base - The Sign (World) (Addon)
FFA588E6A7BB3E9417C7AFCDB37D649845D2982747,Senko no Ronde - Dis-United Order - Substory Vol. 1-3 (Japan) (Addon)
FFBA5FAE69818B5E803C5F53EBB99A7967808F3445,Mass Effect 3 - Citadel (World) (Addon)
FFE31FA9E585BB2BAB7A81D7E6DDF07BBC45952558,Gotham City Impostors - Bats Gloves - Penalty Boxer (World) (Addon)
FFE502E05822B776B4D43E582147E9C7BCF7E74653,Infinite Undiscovery - A Voucher (World) (Addon)
