Title,ReleaseDate,TypeCode,Price,Size,DLCName,Hash
[0 day Attack on Earth],2010/02/03,20,6.99,114,Night Missions Map Pack,4942E61AFD9154744E668C0B9AEFE57800AAEABE58
[0 day Attack on Earth],2010/01/13,20,6.99,94,London Map Pack,51A36D8B3D51B0E5983B9A0A63EB5EB4877F582358
[0D Beat Drop],2010/02/03,10,3.99,18,01:Blaz Blue Special Skin and BGM Pack,B22616C93E1193319EEA161A2E95977B19524E3558
[3D Ultra™ Minigolf],2007/07/25,10,4.99,23,Expansion - 3D Ultra Minigolf Adventures: Lost Island,514E12B978B4CFE1646424CCC2E35751FE43582C58
[A Kingdom for Keflings],2009/12/09,10,1.99,0,Kingdom Pack 1,9A7C88D4E0745CC6901D46921C36A99F0CBC394858
[A Kingdom for Keflings],2009/12/09,10,1.99,0,Kingdom Pack 2,B2BF5998B5D2551BB9B9030A20A89F2CA689D48258
[A World of Keflings],2011/10/26,20,3.99,14,It Came From Outer Space,E34D0DF5E2904526A9880DF02A5D75C022F32EF358
[A World of Keflings],2012/10/17,20,3.99,19,The Curse of the Zombiesaurus,BEBC6FFCEEE61C40FD6C328F5617BC02CA30FFCD58
[A World of Keflings],2012/10/10,20,3.99,16,"Sugar, Spice and Not So Nice",E12657939A5641538FCFDB50CEF013EEC4967D8F58
[ADRENALIN MISFITS],2010/11/09,10,1.00,0,Pestor's Board,ED8A01304EE4074077383264C094C149ED650AF258
[ADRENALIN MISFITS],2010/11/09,10,1.00,0,Glop'Ee's Board,ED8A01304EE4074077383264C094C149ED650AF258
[ADRENALIN MISFITS],2010/11/09,10,1.00,0,Fridge's Board,ED8A01304EE4074077383264C094C149ED650AF258
[ADRENALIN MISFITS],2010/11/09,10,1.00,0,Krystale's Board,ED8A01304EE4074077383264C094C149ED650AF258
[ADRENALIN MISFITS],2010/11/09,10,1.00,0,Moss's Board,ED8A01304EE4074077383264C094C149ED650AF258
[ADRENALIN MISFITS],2010/11/09,10,1.00,0,Sabre's Board,ED8A01304EE4074077383264C094C149ED650AF258
[ADRENALIN MISFITS],2010/11/09,10,1.00,0,Ricky Jr.'s Board,ED8A01304EE4074077383264C094C149ED650AF258
[ADRENALIN MISFITS],2010/11/09,10,1.00,0,Blaizer's Board,ED8A01304EE4074077383264C094C149ED650AF258
[Air Band],2011/08/22,10,0.00,360,Air Band,3668E6696AE654A73303DF0AB193545A0DDADF1C58
[Alan Wake],2010/07/09,30,6.99,285,Alan Wake: The Signal,877279780907BCF5779ADE7E1A80CAC31E80BE5358
[Alan Wake],2010/10/12,30,6.99,335,Alan Wake:The Writer,7E178CE4269463FE55AB91CCD77FD031C9EF587D58
[Alice: Madness Returns],2011/06/14,40,0.00,954,American McGee's Alice™,AA9DA5D4074AF56204D8A2C92719E0062FBCAE7558
[Alice: Madness Returns],2011/06/14,40,1.99,0,Weapons of Madness and Dresses Pack,D9A4B72B89A521542CD1AA6261B4A5D920915D8158
[Alien Hominid HD],2007/07/25,30,1.88,0,Alien Hominid HD - Challenge Pack,E36F60B1536890ED1B01CB22CB323F7D881630CF58
[Alien Hominid HD],2007/05/23,30,1.88,0,Alien Hominid HD - PDA Classic Pack 1,678C39F55B1725E563D8FE62756329578A0DA88E58
[Alien Hominid HD],2007/06/20,30,1.88,0,Hominid HD - PDA Classic Pack 2,9E10E66DA121CF5141E6C5C990A359B1B99E648B58
[Alien Hominid HD],2007/04/25,30,1.88,0,Alien Hominid HD - PDA Euro Pack,0A354CD6D5F7255E79B284FA0E029765B5AEA94758
[Alien Hominid HD],2007/04/04,30,1.88,0,Alien Hominid HD - PDA Hot New Levels,7F6E8624894243F878C193D81961CE997DA5D98358
[Alien Spidy],2013/07/23,10,1.99,0,Alien Spidy - Between a Rock and a Hard Place,74B7C3C033E67D240324A867BAA117F76D174EF858
[Alien Spidy],2013/07/16,10,1.99,0,Alien Spidy - Easy Breezy,C1712B482DA4E2E5C8C48C83B4208652733C7D9E58
[Alien: Isolation],2014/10/07,40,3.99,113,Alien: Isolation Crew Expendable Bonus Content,8D335C5A98124E7A7D413F4C66625A3E6FC0AFD958
[Alien: Isolation],2014/10/07,40,29.99,0,Alien: Isolation Season Pass,6EF06E13A0D161D9A800E7191E305820512986F558
[Alien: Isolation],2014/10/14,40,3.99,95,Alien: Isolation Last Survivor Bonus Content,71A8CB158390E633998939493B9C204F90B1991458
[Alien: Isolation],2015/02/10,40,7.99,224,Alien: Isolation - Lost Contact,6BEC79936E885CD17498EF890997F9BAA1655E3E58
[Alien: Isolation],2015/03/03,40,7.99,388,Alien: Isolation - The Trigger,6CA9943014CE691A3DF68AF9FB2B47910D2BCA4D58
[Alien: Isolation],2014/10/28,40,7.99,394,Alien: Isolation - Corporate Lockdown,893CAB72EBE43992A9A5C942A65F4D649411A04258
[Alien: Isolation],2015/01/13,40,7.99,248,Alien: Isolation - Safe Haven,0EFB8D848377B4230202E4D30DC3531DC2E82CBC58
[Alien: Isolation],2014/12/02,40,7.99,431,Alien: Isolation - Trauma,FB58258E00E3B63E2B5689FCC55DD7AEE4D37C6158
[Aliens vs Predator],2018/11/29,40,6.99,268,Swarm Map Pack,D8178C20E55D3AB2DF28302C9FED30842F6636EA58
[Aliens vs Predator],2018/11/29,40,3.99,275,Bughunt Map Pack,8B860433C77B38BC7F3AE28A3203994230EBA33A58
[Aliens: Colonial Marines],2013/05/28,40,1.00,0,Aliens: Colonial Marines Sawed-off Double Barrel Shotgun,711186B75151E1AF8F75EBFCC07BF945DDB43B9B58
[Aliens: Colonial Marines],2013/05/28,40,4.99,0,Aliens: Colonial Marines Collector's Edition pack,0C3AD136DEB6467205F67E43D1B22186E0787B9358
[Aliens: Colonial Marines],2013/05/21,40,1.00,0,Aliens: Colonial Marines Monster Customization,9170C4FFC9A0E2CAB2657C4D624EB11DD855272658
[Aliens: Colonial Marines],2013/05/07,40,9.99,98,Aliens™: Colonial Marines - Reconnaissance Pack,6649758B2BDBE4468C5A39656731BEEA94E8004658
[Aliens: Colonial Marines],2013/07/23,40,9.99,1943,Aliens: Colonial Marines - Stasis Interrupted,A557497838BE82D0C9D2D782AD573BEF7CF8018658
[Aliens: Colonial Marines],2013/03/19,40,14.99,170,Aliens: Colonial Marines - Bug Hunt DLC,D8FD1C6B44D1796E049BC7B08C8429FF4B20977B58
[Aliens: Colonial Marines],2013/02/12,40,29.99,0,Aliens: Colonial Marines Season Pass,54D23D4BF22E70E395562DA5BDFAB419AB3A773A58
[Aliens: Colonial Marines],2013/05/21,40,1.00,0,Aliens: Colonial Marines SHARP Sticks,925D94B63519F34A87567FFACD45397A7F17223758
[Aliens: Colonial Marines],2013/06/11,40,9.99,145,Aliens™: Colonial Marines - Movie Map Pack,AFFFA122A5883E468F5F7D0586C6CC349CFFE2D958
[Aliens: Colonial Marines],2013/05/28,40,4.99,0,Aliens: Colonial Marines Limited Edition pack,851882F29EE4127EC48DD76D68034DF4F9F16CF058
[All Pro Football 2K8],2007/07/18,10,4.99,0,2K ReelMaker for All Pro Football 2K8,A8582560C69AD0FFD200BF7BF37CD99E4ABA3A7F58
[ANARCHY REIGNS],2013/04/10,40,2.99,3,ANARCHY REIGNS - Bayonetta Pack,74B295D2089CB8A76520B40DBD1043058021E19658
[ANARCHY REIGNS],2013/04/10,40,1.99,1,ANARCHY REIGNS - Exclusive Modes Pack,37BED37EC5A9F437D8D7143782909A47D051D12F58
[Ancients of Ooga],2011/05/18,20,1.99,0,The Forgotten Chapters,A24CA35E6CD35D7E8C9239685B229E60273FB67258
[ArcaniA],2013/08/23,30,9.99,1838,ArcaniA - Fall of Setarrif,B236F162602D6651D35298B255DADD057D9D055558
[ARKANOID Live!],2009/06/17,10,2.99,1,ARKANOID Live! Episode Add-on Pack 1,C71888FB76FECE362E5ABB41637E659F0E1C2E3F58
[ARKANOID Live!],2009/06/17,10,2.99,0,ARKANOID Live! Episode Add-on Pack 2,67BFF16771D4B5BA11057CC49F97E3BFB88D0AD858
[ARMORED CORE™: VERDICT DAY™],2013/10/15,30,0.00,814,Compatibility Pack 1,8ECA16BF830B80588E2C1CD94BCA12C2995FA34358
[ARMORED CORE™: VERDICT DAY™],2013/10/22,-65535,1.99,814,Workshop Set 14,8ECA16BF830B80588E2C1CD94BCA12C2995FA34358
[ARMORED CORE™: VERDICT DAY™],2013/10/22,-65535,1.99,814,CPU Voice 2,8ECA16BF830B80588E2C1CD94BCA12C2995FA34358
[ARMORED CORE™: VERDICT DAY™],2013/10/22,-65535,1.00,0,Repainted Parts Set LEG 2,2BA636B25C1CEBA3727795A27A6CDD11061FE27658
[ARMORED CORE™: VERDICT DAY™],2013/10/22,-65535,2.99,814,UNAC Set 3,8ECA16BF830B80588E2C1CD94BCA12C2995FA34358
[ARMORED CORE™: VERDICT DAY™],2013/10/22,-65535,1.99,814,Parts Unlock Set 2,8ECA16BF830B80588E2C1CD94BCA12C2995FA34358
[ARMORED CORE™: VERDICT DAY™],2013/10/22,-65535,1.00,0,Repainted Parts Set HEAD 3,2BA636B25C1CEBA3727795A27A6CDD11061FE27658
[ARMORED CORE™: VERDICT DAY™],2013/10/22,-65535,1.00,0,Repainted Parts Set CORE 2,2BA636B25C1CEBA3727795A27A6CDD11061FE27658
[ARMORED CORE™: VERDICT DAY™],2013/10/22,-65535,1.00,0,Repainted Parts Set CORE 1,2BA636B25C1CEBA3727795A27A6CDD11061FE27658
[ARMORED CORE™: VERDICT DAY™],2013/10/22,-65535,1.99,814,CPU Voice 1,8ECA16BF830B80588E2C1CD94BCA12C2995FA34358
[ARMORED CORE™: VERDICT DAY™],2013/11/12,-65535,1.00,814,Pilot 10,8ECA16BF830B80588E2C1CD94BCA12C2995FA34358
[ARMORED CORE™: VERDICT DAY™],2013/10/22,-65535,1.99,814,Parts Unlock Set 1,8ECA16BF830B80588E2C1CD94BCA12C2995FA34358
[ARMORED CORE™: VERDICT DAY™],2013/10/22,-65535,1.00,0,Repainted Parts Set ARM 4,2BA636B25C1CEBA3727795A27A6CDD11061FE27658
[ARMORED CORE™: VERDICT DAY™],2013/10/22,-65535,1.00,0,Repainted Parts Set LEG 1,2BA636B25C1CEBA3727795A27A6CDD11061FE27658
[ARMORED CORE™: VERDICT DAY™],2014/01/15,30,9.99,215,ACVD Alternate Music Set,FD8A103A1CE608395ECC7B7CB82A3D3CFB5DCA2558
[ARMORED CORE™: VERDICT DAY™],2013/10/29,-65535,1.99,814,CPU Voice 3,8ECA16BF830B80588E2C1CD94BCA12C2995FA34358
[ARMORED CORE™: VERDICT DAY™],2013/10/29,-65535,1.00,814,Pilot 8,8ECA16BF830B80588E2C1CD94BCA12C2995FA34358
[ARMORED CORE™: VERDICT DAY™],2013/11/12,-65535,6.99,814,CPU Voice Complete Set 1,8ECA16BF830B80588E2C1CD94BCA12C2995FA34358
[ARMORED CORE™: VERDICT DAY™],2013/10/22,-65535,2.99,814,UNAC Set 1,8ECA16BF830B80588E2C1CD94BCA12C2995FA34358
[ARMORED CORE™: VERDICT DAY™],2013/10/22,-65535,2.99,814,UNAC Set 5,8ECA16BF830B80588E2C1CD94BCA12C2995FA34358
[ARMORED CORE™: VERDICT DAY™],2013/10/22,-65535,2.99,814,UNAC Set 4,8ECA16BF830B80588E2C1CD94BCA12C2995FA34358
[ARMORED CORE™: VERDICT DAY™],2013/10/22,-65535,1.00,0,Repainted Parts Set ARM 2,2BA636B25C1CEBA3727795A27A6CDD11061FE27658
[ARMORED CORE™: VERDICT DAY™],2013/10/22,-65535,1.99,814,Workshop Set 12,8ECA16BF830B80588E2C1CD94BCA12C2995FA34358
[ARMORED CORE™: VERDICT DAY™],2013/10/22,-65535,1.99,814,Team Emblem Set 7,8ECA16BF830B80588E2C1CD94BCA12C2995FA34358
[ARMORED CORE™: VERDICT DAY™],2013/10/22,-65535,1.99,814,Workshop Set 11,8ECA16BF830B80588E2C1CD94BCA12C2995FA34358
[ARMORED CORE™: VERDICT DAY™],2013/10/22,-65535,1.00,814,Pilot 6,8ECA16BF830B80588E2C1CD94BCA12C2995FA34358
[ARMORED CORE™: VERDICT DAY™],2013/11/12,-65535,4.99,814,Pilot Complete Set 2,8ECA16BF830B80588E2C1CD94BCA12C2995FA34358
[ARMORED CORE™: VERDICT DAY™],2013/10/22,-65535,0.00,0,Repainted Parts Trial Set,2BA636B25C1CEBA3727795A27A6CDD11061FE27658
[ARMORED CORE™: VERDICT DAY™],2013/10/22,-65535,1.00,0,Repainted Parts Set LEG 3,2BA636B25C1CEBA3727795A27A6CDD11061FE27658
[ARMORED CORE™: VERDICT DAY™],2013/10/22,-65535,1.99,814,Workshop Set 10,8ECA16BF830B80588E2C1CD94BCA12C2995FA34358
[ARMORED CORE™: VERDICT DAY™],2013/10/22,-65535,1.99,814,Team Emblem Set 5,8ECA16BF830B80588E2C1CD94BCA12C2995FA34358
[ARMORED CORE™: VERDICT DAY™],2013/10/22,30,14.99,0,Repainted Parts  Complete Set,2BA636B25C1CEBA3727795A27A6CDD11061FE27658
[ARMORED CORE™: VERDICT DAY™],2013/10/22,-65535,1.00,0,Repainted Parts Set ARM 1,2BA636B25C1CEBA3727795A27A6CDD11061FE27658
[ARMORED CORE™: VERDICT DAY™],2013/10/22,-65535,1.00,0,Repainted Parts Set HEAD 2,2BA636B25C1CEBA3727795A27A6CDD11061FE27658
[ARMORED CORE™: VERDICT DAY™],2013/10/22,-65535,14.99,814,UNAC Complete Set,8ECA16BF830B80588E2C1CD94BCA12C2995FA34358
[ARMORED CORE™: VERDICT DAY™],2013/10/22,-65535,4.99,814,Parts Unlock Complete Set,8ECA16BF830B80588E2C1CD94BCA12C2995FA34358
[ARMORED CORE™: VERDICT DAY™],2013/10/29,-65535,2.99,814,UNAC Special Set 1,8ECA16BF830B80588E2C1CD94BCA12C2995FA34358
[ARMORED CORE™: VERDICT DAY™],2013/11/12,-65535,1.00,814,Pilot 9,8ECA16BF830B80588E2C1CD94BCA12C2995FA34358
[ARMORED CORE™: VERDICT DAY™],2013/10/22,-65535,4.99,814,Team Emblem Complete Set 2,8ECA16BF830B80588E2C1CD94BCA12C2995FA34358
[ARMORED CORE™: VERDICT DAY™],2013/10/29,-65535,1.00,814,Pilot 7,8ECA16BF830B80588E2C1CD94BCA12C2995FA34358
[ARMORED CORE™: VERDICT DAY™],2013/10/22,-65535,2.99,814,UNAC Set 2,8ECA16BF830B80588E2C1CD94BCA12C2995FA34358
[ARMORED CORE™: VERDICT DAY™],2013/10/22,-65535,1.00,0,Repainted Parts Set CORE 3,2BA636B25C1CEBA3727795A27A6CDD11061FE27658
[ARMORED CORE™: VERDICT DAY™],2013/10/29,-65535,4.99,814,UNAC Special Complete Set,8ECA16BF830B80588E2C1CD94BCA12C2995FA34358
[ARMORED CORE™: VERDICT DAY™],2013/11/12,-65535,1.99,814,CPU Voice 4,8ECA16BF830B80588E2C1CD94BCA12C2995FA34358
[ARMORED CORE™: VERDICT DAY™],2013/10/22,-65535,1.99,814,Parts Unlock Set 3,8ECA16BF830B80588E2C1CD94BCA12C2995FA34358
[ARMORED CORE™: VERDICT DAY™],2013/10/22,-65535,1.00,0,Repainted Parts Set HEAD 1,2BA636B25C1CEBA3727795A27A6CDD11061FE27658
[ARMORED CORE™: VERDICT DAY™],2013/10/29,-65535,2.99,814,UNAC Special Set 2,8ECA16BF830B80588E2C1CD94BCA12C2995FA34358
[ARMORED CORE™: VERDICT DAY™],2013/10/22,-65535,1.99,814,Workshop Set 13,8ECA16BF830B80588E2C1CD94BCA12C2995FA34358
[ARMORED CORE™: VERDICT DAY™],2013/10/22,-65535,2.99,814,UNAC Set 6,8ECA16BF830B80588E2C1CD94BCA12C2995FA34358
[ARMORED CORE™: VERDICT DAY™],2013/10/22,-65535,1.00,814,Pilot 5,8ECA16BF830B80588E2C1CD94BCA12C2995FA34358
[ARMORED CORE™: VERDICT DAY™],2013/10/22,-65535,2.99,0,Repainted Parts Set WEAPON,2BA636B25C1CEBA3727795A27A6CDD11061FE27658
[ARMORED CORE™: VERDICT DAY™],2013/10/22,-65535,1.99,814,Team Emblem Set 6,8ECA16BF830B80588E2C1CD94BCA12C2995FA34358
[ARMORED CORE™: VERDICT DAY™],2013/10/22,-65535,7.99,814,Workshop Complete Set 3,8ECA16BF830B80588E2C1CD94BCA12C2995FA34358
[Assassin’s Creed® IV],2013/12/03,40,0.00,546,Assassin’s Creed®IV Compatibility Pack 1,1C5008BE142A0C330E3E9636240658D4944A56C558
[Assassin’s Creed® IV],2013/12/17,40,9.99,1380,Assassin’s Creed® IV Black Flag™ – Freedom Cry,12C1D4A8F1486550B296F2742EA3E7DF2D8DF8C058
[Assassin’s Creed® IV],2013/10/08,40,19.99,0,Assassin's Creed ®IV Season Pass,F9BB3C4111D9490A90883DEDF541CB0BBF9B506058
[Assassin’s Creed® IV],2013/10/29,40,0.99,0,Assassin’s Creed®IV Black Flag™ Death Vessel Pack,AA51E129DA57C4FF21C49F37D36033202518153858
[Assassin’s Creed® IV],2013/11/19,40,1.99,0,Assassin’s Creed® IV Black Flag Florentine and Crusader Pack,FF34534D66EB7718DFFED36BCABB083EB71609B158
[Assassin’s Creed® IV],2013/10/29,40,1.99,0,Assassin’s Creed®IV Time saver: Technology Pack,66ED1BD47BFBE9C5C951C25BA6CBB7B95FBD5F8E58
[Assassin’s Creed® IV],2014/01/07,40,6.99,0,Assassin’s Creed® IV Illustrious Pirates Pack,21DA562EE862CD94C24F320F32F25385163B162058
[Assassin’s Creed® IV],2013/12/10,40,2.99,0,AC4 MP Characters Pack #1 Blackbeard’s Wrath,BD011C4B513903D1D1813ABA1BE9333353501AD558
[Assassin’s Creed® IV],2013/10/29,40,0.99,0,Assassin’s Creed®IV Time Saver: Activities Pack,1C2678BE7EF95411B1F6DF522451C3E2F6424D2158
[Assassin’s Creed® IV],2013/10/27,40,14.99,0,Assassin’s Creed®IV Multi-player Appearance Pack,5DBCD034FCA4291C42570F9597D8D9516BD4F2AD58
[Assassin’s Creed® IV],2014/02/11,40,2.99,0,AC4 Multiplayer Characters Pack #2 Guild of Rogues,36323CA776B30C5855CE80972FC0FA6ED04E1BC558
[Assassin’s Creed® IV],2013/10/29,40,0.99,0,Assassin’s Creed®IV Time saver: Collectibles Pack,0A736739B477074C4B87414D1BB9FF8A51A2A67958
[Assassin’s Creed® IV],2013/10/27,40,14.99,0,Assassin’s Creed®IV Multi-player Gameplay Pack,2C4C93B495F968E6A119B377BAFAE7C3AACC261058
[Assassin's Creed Brotherhood],2010/12/14,40,0.00,135,Assassin's Creed Brotherhood - Animus Project Update 1.0 DLC,CAD6EAD30DCD1471AB499963669D7E436443D92558
[Assassin's Creed Brotherhood],2011/01/18,40,0.00,155,Assassin's Creed Brotherhood - Animus Project Update 2.0 DLC,BB8C7140AD493B4D5AC152D0D7CFF265D8A28BB258
[Assassin's Creed Brotherhood],2011/03/08,40,9.99,1370,Assassin's Creed Brotherhood - The Da Vinci Disappearance DLC,1109C7E4AEF366B9FFE229B672F0A12884320A9558
[Assassin's Creed II],2010/07/26,40,3.99,653,Sequence 12: Battle of Forli,9B0E0B9A9629EF4B553F2ADA7F7144A01DB73EF258
[Assassin's Creed II],2010/07/26,40,6.99,1085,Sequence 13 : Bonfire of the Vanities & Secret Locations,3DB5AA29C520530E185B4DC77AD7EDC64A4BF37D58
[Assassin's Creed II],2010/02/18,40,3.99,1085,Sequence 13: Bonfire of the Vanities,1B6ED3D86C2462DA3B6234EBD9A3F2EA6BEB52F958
[Assassin's Creed Revelations],2012/01/24,40,9.99,553,Assassin's Creed Revelations -- Mediterranean Traveler Map Pack,ED17012638113A3DBD5DA2EB0700DB8F364BA4D858
[Assassin's Creed Revelations],2012/01/24,40,0.00,553,Assassin's Creed Revelations -- Mediterranean Traveler Map Pack Trial,ED17012638113A3DBD5DA2EB0700DB8F364BA4D858
[Assassin's Creed Revelations],2011/12/13,40,3.99,0,The Ancestors Character Pack,8AB1465D8753F58DA8606D16282F69307C99F94458
[Assassin's Creed Revelations],2012/02/28,40,9.99,551,Assassin's Creed Revelations -- The Lost Archive,6837A849D739033C24022C40D2CDEE8F5E51B7A958
[Assassin's Creed® III],2012/12/11,40,0.00,308,Assassin's Creed® III - Language Pack – Brazilian Portuguese,061B74588D76A56CDFCB877EB440F56225190F6958
[Assassin's Creed® III],2012/12/11,40,4.99,1,Assassin's Creed® III - The Hidden Secrets Pack,F54921D27863A4E0C7FE287FAE97D8186BA299A258
[Assassin's Creed® III],2012/10/30,10,29.99,0,Assassin's Creed® III Season Pass,0CFD3EBC02845E61F19481188E824A5B550B23FB58
[Assassin's Creed® III],2013/03/19,40,9.99,1209,Assassin’s Creed® III The Betrayal,4500BAAA2F357658F09D8FF21EF3642B55BDAD0758
[Assassin's Creed® III],2013/02/19,40,9.99,986,Assassin’s Creed® III The Infamy,801F1F85D931F1701B33C2E42A72C31C913B80FB58
[Assassin's Creed® III],2013/04/23,40,7.99,1460,Assassin’s Creed® III The Redemption,9269191258FB54973EEAAA2422D9E27E1E356CE958
[Assassin's Creed® III],2013/01/08,40,9.99,454,Assassin's Creed® III: The Battle Hardened Pack,BDA58EAAC9E7A64A8DC71A793F87074B9E45D2A558
[Assassin's Creed® III],2012/10/30,40,14.99,0,Assassin's Creed® III Appearance Pack,FD41972CD443AF2D53C44C794472F3C5CB76B60558
[Assassin's Creed® III],2012/10/30,40,14.99,0,Assassin's Creed® III Gameplay Pack,005EE45E68EB0DDAF128A22A5BBECBF2B6A35F2658
[Assassin's Creed® Rogue],2015/01/13,40,6.99,0,Assassin's Creed Rogue® - Templar Legacy Pack,BF1B17B33ABCD019CB0CBE5AEED4BB2AFC6B96C558
[Assassin's Creed® Rogue],2014/11/11,40,0.99,0,Assassin’s Creed® Rogue Time saver: Collectibles Pack,F7052BEDF267143ACE5725E58EE7D3AB10EA136358
[Assassin's Creed® Rogue],2014/11/11,40,1.99,0,Assassin's Creed® Rogue - Time Saver: Technology Pack,934220BDC74BB6EADBD13B0D7217456BB7F9BCAE58
[Assassin's Creed® Rogue],2014/11/11,40,0.99,0,Assassin’s Creed® Rogue Time Saver: Activities Pack,6961A3FFD030CB236896D4F39EC2C1FBCE6123EE58
[Assault on Dark Athena],2009/05/21,40,0.00,185,‘Escape From Butcher Bay’ Commentary Mode,F2A6EEA082F82D60A9DB02F2AF84983B73FEC02258
[Assault on Dark Athena],2009/05/21,40,9.99,275,The Chronicles of Riddick: AODA Premium MP Pack,DAC057358FCC42606BDC329073B780FF21DFB56458
[ASURA'S WRATH],2012/04/24,30,6.99,1660,Episode Pack: Part IV,78E95E38A274CA2033EB0517828152A3038C11C958
[ASURA'S WRATH],2012/05/08,30,1.99,149,Lost Episode 1,981ED33639F0A6275BA34BDD2E3D276C16F94A6D58
[ASURA'S WRATH],2012/05/15,30,1.99,231,Lost Episode 2,F56F8734F04D89EAB07E9003A7F48DE046DA57B758
[ASURA'S WRATH],2012/03/27,30,1.99,1080,Episode 11.5,8A6811EC2255FE171FAF9E4372B23B1B0581E4CA58
[ASURA'S WRATH],2012/04/03,30,1.99,1212,Episode 15.5,E2AFB00ED67E4B55C63F8DA33C0F8783F88E29B858
[Avatar Kinect],2011/07/25,-65535,0.00,536,Avatar Kinect,6FEB76FE44269EC66B0F59DF0C3A49054D0833CC58
[Band of Bugs],2007/10/10,10,3.13,5,Band of Bugs - Ninja Sticks of Fury,A523BFA3DC5EE2661FB45ECDCAA2D93862229DEC58
[Band of Bugs],2007/08/08,10,3.13,3,Band of Bugs - Red Kingdom,96549D8A68D637BC0FD757B7A5F24EC7B21886E358
[Band of Bugs],2009/07/08,10,2.99,10,Band of Bugs - Tales of Kaloki,1BFA4FD1FBBD9881DFDBC4085C9B0F101998DCE358
[Band of Bugs],2007/07/25,10,1.88,0,Band of Bugs - Map Pack 1,8D0E1782949BC44BA1FC311A13391DCB264CDC0358
[Band of Bugs],2007/07/25,10,0.00,0,Band of Bugs - Map Pack 2,9D185D3ED176B0AB09861192E8753DA85E9B09A558
[Band of Bugs],2007/09/12,10,1.88,0,Band of Bugs - Map Pack 3,86FBD85E01B16B475BE30058B88E0E27B6DC573C58
[Banjo Kazooie: N n B],2009/04/07,20,4.99,80,L.O.G.'s Lost Challenges,E41F20AAF7094B9AFCA8CC90489D689D72A5062B58
[Bastion],2011/12/14,20,1.00,23,Bastion: Stranger's Dream DLC,51DD22FD8D0EC4DB4640CFDE7C42881F3707A31258
[Batman: Arkham City],2011/10/18,30,9.99,236,Catwoman Bundle Pack,58005E5180D92EDC3D05406C0A3A07D3ADBE7FBF58
[Batman: Arkham City],2011/12/20,30,0.00,5,Batman Inc. Batsuit Skin,6559B286F8F5842759BD5E2C12FB7689CCF38D0E58
[Batman: Arkham City],2011/12/06,30,4.99,42,Arkham City Skins Pack,CD4ABBA628AC16A7CD26C099B9A569123BA374CD58
[Batman: Arkham City],2012/05/29,30,9.99,877,Harley Quinn's Revenge,845313E574B8BA90E2610B70DB2535132A1525F858
[Batman: Arkham City],2011/12/20,30,2.99,104,Challenge Map Pack,0486C2F0A575E10053FA9E115EE5E7B1B32947C258
[Batman: Arkham City],2011/11/22,30,6.99,114,Robin Bundle Pack,A161C3A46D4136120FDEB1B81A9155CFD18E10B258
[Batman: Arkham City],2011/11/01,30,6.99,94,Nightwing Bundle Pack,50A61C504657543FC8A28977D6C9C9D810311C3658
[Batman: Arkham City],2011/12/20,30,14.99,244,The Arkham Bundle,8327624DCA6B7B369FC9233967C3D1474445547358
[Batman: Arkham Asylum],2009/09/17,30,0.00,117,Insane Night Map Pack,BB144A243565932C248972B681DE16EF8EB0925758
[Batman: Arkham Asylum],2009/08/20,30,2.99,45,Dem Bones Challenge Map,63F587CB92A4E719BD175CD8FDB76B116A690F0358
[Batman: Arkham Asylum],2009/08/20,30,2.99,52,Crime Alley Challenge Map,700EC6CAA1DBB88B1204BA64EA923EA217577D7058
[Batman: The Telltale Series],2016/09/14,40,19.99,0,Batman - The Telltale Series - Season Pass,5FF6506366E99F85363C7D05FB4C5AE9DE5080AB58
[Batman: The Telltale Series],2016/09/27,40,4.99,618,Batman - The Telltale Series - Episode 2: Children Of Arkham,0D44EAEB9D82CC3240A896898A4B9FC652F554E858
[Batman: The Telltale Series],2016/11/22,40,4.99,656,Batman - The Telltale Series - Episode 4: Guardian of Gotham,C04AB7C179F0B9B0E6FEA39179188DE0AD1C244B58
[Batman: The Telltale Series],2016/10/25,40,4.99,650,Batman - The Telltale Series - Episode 3: New World Order,7577EAF9BF960A87FAFB510011305FC24392D1B358
[Batman: The Telltale Series],2016/12/13,40,4.99,707,Batman - The Telltale Series - Episode 5: City of Light,C71391643122212AF1D0BBCF9D4B0C608B5A62A958
[Battle Stuff],2011/11/28,10,0.00,169,Battle Stuff,D98B07B61BDAFA56CCDB9E5363F468DE415C018458
[Battlefield 3™],2013/03/12,40,0.00,1422,Battlefield 3™ Multiplayer Update 6,74AFBA8A2541CB824BF45515227945A89008C0D758
[Battlefield 3™],2011/12/20,40,0.00,0,Physical Warfare Pack,F6474B67AFFEE80E86B2A2C8D68E88558A07969F58
[Battlefield 3™],2012/06/04,40,0.00,1822,Battlefield 3™ Close Quarters content update,02098D9872584D5CE67BFEC1BC675851F1A37FB058
[Battlefield 3™],2011/12/13,40,0.00,1662,Battlefield 3™ Back to Karkand content update,3E1A8AA2C28BCCF2791C28C6478DCB60C956DB5158
[Battlefield 3™],2012/04/03,40,6.99,0,Assault Kit Shortcut,D8711E80BF9A2D70A29B53839B12CFB2F8E17D4558
[Battlefield 3™],2012/04/03,40,4.99,0,Co-op Weapons Shortcut,D2681388245F918FEB8C70A5FE80C0E69431C81E58
[Battlefield 3™],2012/06/04,40,19.99,0,BATTLEFIELD 3™ PREMIUM,7DB10D67915F6E3DF3828F4FEAA45A21DEBF4B2D58
[Battlefield 3™],2012/04/03,40,6.99,0,Recon Kit Shortcut,91E39BECD901FB8065EBBCEFA6ACDA0F5FC1F94A58
[Battlefield 3™],2012/09/25,-65535,14.99,1344,Battlefield™ 3: Armored Kill,A32943F632E5C12038BD500EC395A0505A2DDD3B58
[Battlefield 3™],2012/01/24,40,2.99,0,SPECACT Kit & Dog Tag Bundle,159407B8E8CA79A66DEE31834EC035E66955FCA058
[Battlefield 3™],2012/04/03,40,6.99,0,Engineer Kit Shortcut,E9760AF530EBB75F018D7C1CE594E708331C035758
[Battlefield 3™],2012/04/03,40,9.99,0,Air Vehicle Shortcut,31A9ACDFF2F67B54BC52FD06E4CB7D8EDAC3960358
[Battlefield 3™],2012/04/03,40,6.99,0,Support Kit Shortcut,9E95BF1A16075B67E0F507EFE7EFD942A3520CD258
[Battlefield 3™],2012/04/03,40,39.99,0,The Ultimate Shortcut Bundle,72706D499685C2B0D3ED66A27736A5F749860BD158
[Battlefield 3™],2012/04/03,40,24.99,0,Kit Shortcut Bundle,554E435CA7964C22B3856910A6626A2A16019A4B58
[Battlefield 3™],2012/04/03,40,17.99,0,Vehicle Shortcut Bundle,A8913E7C4C9C7750F4C4F4136BC038591813166858
[Battlefield 3™],2012/06/26,40,14.99,0,Battlefield™ 3: Close Quarters,CF29AAA693EDD7C16502207203ABEFDB8097D01158
[Battlefield 3™],2011/12/13,40,14.99,0,Battlefield 3: Back to Karkand,EBECCE24E6B7779CD92764AD451BB3DC3C7C85F058
[Battlefield 3™],2013/03/26,10,14.99,1490,Battlefield 3™: End Game,A5904FB0EC4B931D1B9B4A93EC66C2C33330C6BA58
[Battlefield 3™],2012/04/03,40,9.99,0,Ground Vehicle Shortcut,4C7624A83DBF430F7904D6500E73525CEB57D1CA58
[Battlefield 3™],2012/12/18,10,14.99,1355,Battlefield 3 - Aftermath,6445050FFBD679E77EDD5F0C4F4BB1B0739E88A258
[Battlefield 3™],2017/08/09,40,0.00,1500,Battlefield 3™ HD Texture Pack,4AAC0F3AB9125261208BE36EE9C6A96CC6B81D5C58
[Battlefield 4™],2015/10/27,40,0.00,638,Battlefield 4™ Community Operations,3D8603F9F71DAC43807D3A0E79A8813596ABB50158
[Battlefield 4™],2015/09/02,-65535,0.00,331,Battlefield 4™ Night Operations,9382D0D6B0E4C00E722479A7DE619174D92452D558
[Battlefield 4™],2013/08/16,40,39.99,0,Battlefield 4™ Premium,C364A4AC59FE3FE09BB00E562296F4C079FE91AC58
[Battlefield 4™],2014/07/29,-65535,14.99,1539,Battlefield 4™ Dragon's Teeth,849A23217F06BC3D81F6E09C211BCEF0AAA57E6858
[Battlefield 4™],2014/03/25,40,14.99,0,Battlefield 4™ Weapon Shortcut Bundle,D4D2ECA0297A03EBD58629E0DD2DDB6D5AD8511258
[Battlefield 4™],2014/12/02,-65535,14.99,1686,Battlefield 4™ Final Stand,0D5443C8FD4017DFCEB9FC7D1B56073705DF034B58
[Battlefield 4™],2014/04/15,-65535,14.99,1239,Battlefield 4™ Naval Strike,6D47F19C5A88E319CB74A855DFA3E5FB3D32C0CA58
[Battlefield 4™],2014/03/04,-65535,14.99,1350,Battlefield 4™ Second Assault,EC23A294FC0D98B0E9DAF0C41ED94A56965C293B58
[Battlefield 4™],2014/03/25,40,6.99,0,Battlefield 4™ Engineer Shortcut Kit,E34454A071644C723A59572309503F3E57D809C258
[Battlefield 4™],2013/12/17,-65535,14.99,1275,Battlefield 4™ China Rising,3E4FD6B2166CF56364A0699A26BC222258EA188C58
[Battlefield 4™],2014/03/25,40,49.99,0,Battlefield 4™ Ultimate Shortcut Bundle,D39551E0BB73A3607D3AE6A31E5815928D8DF3A458
[Battlefield 4™],2014/03/25,40,6.99,0,Battlefield 4™ Recon Shortcut Kit,DB6F681B105BDA078C57BA5477E9C1FF47E84A7758
[Battlefield 4™],2014/03/25,40,4.99,0,Battlefield 4™ DMR Shortcut Kit,E762205198E071EE70EEA5786BFE05C6A0E1F96658
[Battlefield 4™],2014/03/25,40,4.99,0,Battlefield 4™ Handgun Shortcut Kit,713179817D9086D8A69920A07DF821FE04A6DE6958
[Battlefield 4™],2014/03/25,40,14.99,0,Battlefield 4™ Ground & Sea Vehicle Shortcut Kit,9EA90A8710990E5E474A1CE5FBADFD95BFB51DA358
[Battlefield 4™],2014/03/25,40,6.99,0,Battlefield 4™ Support Shortcut Kit,81F4D6D1052B0D709615A5B9E13DF802679BA32158
[Battlefield 4™],2014/03/25,40,6.99,0,Battlefield 4™ Assault Shortcut Kit,A75479ABABE50EB5416079033B01E8844D92B53358
[Battlefield 4™],2014/03/25,40,4.99,0,Battlefield 4™ Shotgun Shortcut Kit,14DB169AC5D43350BA688B1BDDA20EAA3DA445F158
[Battlefield 4™],2014/03/25,40,4.99,0,Battlefield 4™ Grenade Shortcut Kit,DC9AB7ECC0C9D9ACFEDEDAA3CB648A38799256B558
[Battlefield 4™],2014/03/25,40,24.99,0,Battlefield 4™ Soldier Shortcut Bundle,62F12DC385FF36A90CE568DDF5F274BD2EC53E0958
[Battlefield 4™],2014/03/25,40,19.99,0,Battlefield 4™ Vehicle Shortcut Bundle,5BBE86FD3742E5202313D1F2DABB78389B3B614358
[Battlefield 4™],2014/03/25,40,9.99,0,Battlefield 4™ Air Vehicle Shortcut Kit,CBD2E7223FF62C4B2087F03B70ADC5BC332F299E58
[Battlefield 4™],2014/03/25,40,4.99,0,Battlefield 4™ Carbine Shortcut Kit,03523838AAAF575949C5163A1001BBD0548B339958
[Battlefield™ Hardline],2016/03/15,-65535,14.99,967,Battlefield™ Hardline Betrayal,0300D9FAF63AAD05809C649174105CEC0CE0E61958
[Battlefield™ Hardline],2015/04/28,40,6.99,0,Enforcer Shortcut,3F181523621B9E1AA5D37929246047176B335E6E58
[Battlefield™ Hardline],2015/03/03,40,39.99,0,Battlefield™ Hardline Premium,BEE59E21BE9755BFAF37FB2B9EC60DD36D04562B58
[Battlefield™ Hardline],2015/06/30,-65535,14.99,813,Battlefield™ Hardline Criminal Activity,1B6B5386B0F56897CDBD29A09983A3C568F8971E58
[Battlefield™ Hardline],2015/09/30,-65535,14.99,924,Battlefield ™ Hardline Robbery,6BFDAF91A80BD860F5904DC37A5934D946FD7BEC58
[Battlefield™ Hardline],2015/04/28,40,24.99,0,Vehicle Shortcut,5B9F1187107105BACD5393F791FDA3CBC365B6EE58
[Battlefield™ Hardline],2015/04/28,40,6.99,0,Operator Shortcut,8FB9F02A3F7A88FC89639A13D008CA08FEE1FFEA58
[Battlefield™ Hardline],2015/04/28,40,6.99,0,Professional Shortcut,4D10A28C2F8903008D21A58614AC3F5EE3ED2BCC58
[Battlefield™ Hardline],2015/04/28,40,6.99,0,Gear Shortcut,C2AE3DDA326AA7FD2CF19F4F5BFAB26C13C31D3358
[Battlefield™ Hardline],2015/04/28,40,6.99,0,Mechanic Shortcut,8F9B726CC495A0157EC5C6FB4FCD76B1DAF3558D58
[Battlefield™ Hardline],2015/04/28,40,24.99,0,Player Shortcut Bundle,56E44FD93825BB9672D5330DB85FB89C35F7A22058
[Battlefield™ Hardline],2016/01/26,-65535,14.99,896,Battlefield ™ Hardline Getaway,FFA4DEE4DC8EC16985F452D33CC36CB0C15DFC5B58
[Battlefield™ Hardline],2015/04/28,40,49.99,0,Ultimate Shortcut Bundle,AA6DF21D64BAC709BBB721DB134E2C658143F32A58
[Battlestations Pacific],2009/07/02,30,1.99,28,Battlestations: Pacific - Mustang Unit Pack,0F88AA2C818BD2FF3B250C75D6D6F6158202C5F958
[Battlestations Pacific],2009/06/11,30,6.99,207,Battlestations: Pacific - Volcano Map Pack,DCB2AB4C7519DC6ADF40E8704578B7CADDD1379458
[Battlestations Pacific],2009/07/23,30,6.99,694,Battlestations: Pacific - Carrier Battles Map Pack,5466D305E556A235747C52AC47D9EB912385354E58
[Battlestations: Midway],2007/03/28,30,4.99,162,Iowa Mission Pack,C10E87EF6EF94F151D14B3522DF08DD0D940678C58
[Beautiful Katamari],2007/12/19,10,1.00,0,Mechanical Katamari,D0CF5278DF17B20C66ABD1FF072DF16392F1DE4E58
[Beautiful Katamari],2007/12/19,10,1.00,0,Dangerous Katamari,9488B6099122F93196838A163B6CECD4C47B78E258
[Beautiful Katamari],2007/12/19,10,1.00,0,Perfectly Sized Katamari,CE97AA8FE56754BE05E073B4B816B5B97ED06AE058
[Beautiful Katamari],2007/11/21,10,2.49,0,Character Set A,FC5CB28D550D5BFDB000F5914C086CDAFA6CA70858
[Beautiful Katamari],2007/11/21,10,1.00,0,Milky Way Constellations,710B85D1F36829116B46BAAC7CAC2E4A49A88AC158
[Beautiful Katamari],2007/12/19,10,2.49,0,Character Set C,4AEBE0E8FF7A4A37B2EF8510390CBD2D054A8D8A58
[Beautiful Katamari],2007/11/21,10,2.49,0,Character Set B,A61CA85F74F9FA2583CC03755B4EBEA1AED61F0D58
[Beautiful Katamari],2007/12/19,10,2.49,0,Character Set D,52A5EE664A5C23892251C7061F57DF4A70DCBBCB58
[Beautiful Katamari],2007/11/21,10,2.49,0,Accessory Set A,BA569564C99E727E3900482527CAC0EB3D802C7B58
[Beautiful Katamari],2007/11/21,10,1.00,0,The Weaver Girl,2A67A02E381DF6379E5A27037496C9A3EC289D3958
[Beautiful Katamari],2007/11/21,10,1.00,0,Shopping Spree,CAC31BC1DBF916801DAB27E4998430ADD859D3FB58
[Beautiful Katamari],2007/11/21,10,2.49,0,Accessory Set B,4F7D8719B1E673E1C29E6192E730C422B4C8D1BE58
[Beautiful Katamari],2007/12/19,10,2.49,0,Accessory Set C,D172BA73EFA9640570D22C0FF675727B1D0B9A1758
[Beautiful Katamari],2008/09/05,10,1.49,0,Special Accessory,B6B7C1884348C42BD64C76DFAF41F11733AE532B58
[Beautiful Katamari],2007/12/19,10,2.49,0,Accessory Set D,438CFE1429D384B4772D0127FF2C0C47EF5944EF58
[Beautiful Katamari],2007/11/21,10,1.00,0,High-calorie Katamari,D47DE91A30CF294EE16C2FEEE6B56F5F7AF8F7DA58
[Bellator: MMA Onslaught],2012/07/31,30,1.00,0,Bellator MMA Onslaught Scouting Report,B39EB4DFC6248357332979200FDCBED52E05053D58
[Bellator: MMA Onslaught],2013/07/02,30,5.99,178,Bellator: MMA Onslaught - Muay Thai Style Pack,1F72DDFC8B107415046ACA9177A7865EC41D55A358
[BINARY DOMAIN],2012/05/01,40,1.99,0,Dan Marshall Pack,92D1880C9FF2BA2B7826B9391B2EAFE6DFEC9CCD58
[BINARY DOMAIN],2012/05/01,40,1.99,0,The Multiplayer pack,55538345C1A23951197EE6F830BC407B19ED04E958
[BioShock],2007/12/04,40,0.00,17,Ryan Industries Plasmids and Gene Tonics,95608CB9D73116706CC849A974A80BEC5812874C58
[BioShock 2],2010/05/10,40,0.00,594,Kill 'em Kindly,5DEF1579BC217C385537C7944DD1DD36663229A658
[BioShock 2],2010/08/31,40,9.99,937,Minerva's Den,6B0024B05A524E65F5E734EBB7B507926F33ED6A58
[BioShock 2],2010/08/23,40,4.99,1063,The Protector Trials,98BB6926042CE1E201B21D4609A88B7D5E37710958
[BioShock 2],2010/01/01,40,1.99,0,Zigo & Blanche,CE9BE11BB02BCBC11D5E4D8D5CDEE304A169D67358
[BioShock 2],2010/03/11,40,4.99,0,Sinclair Solutions Tester Pack,CAA72589C7C38373F8BAD1997FD94F849AD260E858
[BioShock 2],2010/05/10,40,9.99,594,Rapture Metro,5DEF1579BC217C385537C7944DD1DD36663229A658
[BioShock Infinite],2014/03/25,40,0.00,1273,Burial At Sea- Episode 2 (2 of 2),F6AF3B355811F8D7108C12AD8EEAA96C947C40B858
[BioShock Infinite],2013/03/26,40,19.99,0,BioShock Infinite Season Pass,B08DE1133B9DAB912AA6A4BDD2BDFED4E515456058
[BioShock Infinite],2013/07/30,40,4.99,1379,Clash in the Clouds,D1EC3E542DAD380A09EE71F67572628411B17A8A58
[BioShock Infinite],2013/11/12,40,14.99,1900,Burial at Sea - Episode 1,F5EFA6D2C08B01B8873FB2E7DEE9CD7FDC261BF458
[BioShock Infinite],2013/06/25,40,4.99,0,Columbia’s Finest Pack,3ECC9339946114EF7BF752E21D036866D53CBCDE58
[BioShock Infinite],2014/03/25,40,14.99,1950,Burial At Sea- Episode 2 (1 of 2),0579DC92CC4117797BBE5C2CD9D0CDAE263F8E8A58
[Birds of Steel],2012/10/08,30,3.99,0,Small Lions Pack,ACE3D8199D15B1D2E4B75EE982D7499D3950380758
[Birds of Steel],2012/06/13,30,4.99,0,Planes Pack 1: P-47 Thunderbolt & OS2U Kingfisher,98AAEAA7C18A25EFFF51032DFBDE1F60309D38B958
[Birds of Steel],2012/10/08,30,5.99,0,Big Lions Pack,EE9E826A7326F0C1E512F6A39447BE812B6DE6A058
[Birds of Steel],2012/06/27,30,7.99,283,Map Pack 2: Stalingrad and Korsun,4E5EF74CA3504399BEF9088489B9DC240ABB547258
[Birds of Steel],2012/10/08,30,11.99,0,Great Lions Pack,4B3648E8A2504629E916A071FEDFB7AFF1B4EE0458
[Birds of Steel],2012/06/13,30,5.99,89,Map Pack 1 Battle of Britain,AA170925806BF2F0E54352FA9EB5535D21B834DF58
[Birds of Steel],2012/11/20,30,12.99,346,"Map Pack 3: Sicily, Berlin and Ardennes",898B305CFEC3AAA7B81C497C7C955C386C7ECF2858
[COD: Black Ops III],2016/07/05,10,5.99,567,Black Ops III - The Giant Zombies Map,2CCE693B22906AC3DC61772C3A0CABCCD1DA0C8F58
[COD: Black Ops III],2016/05/05,40,14.99,1173,Call of Duty®: Black Ops III - Awakening DLC,D0288B47455419D4F8862B84CCC508126F84816A58
[BlazBlue],2009/06/25,30,1.00,0,Unlimited Ragna Unlocked,BF17AB59A06F2BCC1721316B75DBB2862968892B58
[BlazBlue],2009/06/25,30,1.00,0,Unlimited Rachel Unlocked,F2962F305DB646887967DAD7F057E6A9F8BDA7F958
[BlazBlue],2009/06/25,30,1.00,0,Unlimited Hakumen Unlocked,5A5D203A960BC17C23160A7178DB8B268BAAF52858
[BlazBlue],2009/06/25,30,1.00,0,Unlimited Nu Unlocked,8AF378FC77C630257BB17B14A6F6EFEF50CE19D558
[BlazBlue],2009/07/03,30,1.99,0,Additional character colors (Type B),9F909BABDD8E2747124C6C395257EDB70389A53558
[BlazBlue],2009/07/03,30,1.99,0,Additional character colors (Type A),E2F34F87FFFEBCFDA3EC9E2C7700666165DEEEED58
[BlazBlue],2009/07/03,30,1.99,0,Additional character colors (Type C),71EEB7E12546E69B18AD01A16FE7223D3ED3E5A158
[BlazBlue],2009/07/03,30,4.99,0,Additional character colors (All Types),94D68CA6864F42E4E75D5FE7CEAE1DF9CE6BCF0858
[BlazBlue],2010/01/28,30,1.99,0,Additional character colors 2 (type A),9B6D8536560E71811F32C157EA3D69EE844A9CCF58
[BlazBlue],2010/01/28,30,4.99,0,Other Unlimited Characters Unlocked,FF32122CB2F9068B655D3B8E96E3A669E6E1627258
[BlazBlue],2010/01/28,30,1.99,0,Additional character colors 3 (type C),C1CDF2AE3A5516360A9746C08A6C46BAEE621C0E58
[BlazBlue],2010/01/28,30,1.99,0,Additional character colors 3 (type B),C6594644DB3FB3C592796C30E89EB92412A35D5258
[BlazBlue],2010/01/28,30,1.99,0,Additional character colors 3 (type A),15E49B2E34C1EDC20DB447D930008742C62D393658
[BlazBlue],2010/01/28,30,1.99,0,Additional character colors 2 (type C),06409AFC2BFA43EE07CEDAD6555C727850DC62D958
[BlazBlue],2010/01/28,30,1.99,0,Additional character colors 2 (type B),C398314DDC4B50D1A78EF2B6D968A400F94731D358
[BlazBlue],2010/01/28,30,5.99,0,All additional character colors 2!,FBAD1A420AA7955AFBE7DA6AD7F3CD318405AB5D58
[BlazBlue],2010/01/28,30,5.99,0,All additional character colors 3!,CC81C1995F8EF3855000BDDACD7151F30519066358
[BLAZBLUE CONTINUUM SHIFT EXTEND],2012/03/13,30,4.99,0,"System Voice Arrange Tsubaki Type-A,B",8D475FC9094EBDFE46F1446319A0AFD73F927DB358
[BLAZBLUE CONTINUUM SHIFT EXTEND],2012/03/06,30,4.99,0,"System Voice Arrange Litchi Type-A,B",E0B7CFC38FF672460C12ADB38DF86C57BA859C2058
[BLAZBLUE CONTINUUM SHIFT EXTEND],2012/04/03,30,4.99,0,"System Voice Arrange Kokonoe Type-A,B",D7C6952250F2F36A625DAD8BA87007612400BC3A58
[BLAZBLUE CONTINUUM SHIFT EXTEND],2012/02/28,30,4.99,0,"System Voice Arrange Rachel Type-A,B",93DC6F7EC8BC711BA635BFE6D5127AFF2963074A58
[BLAZBLUE CONTINUUM SHIFT EXTEND],2012/03/20,30,4.99,0,"System Voice Arrange Makoto Type-A,B",3E2F5CC6A63978B68CC201861E969107156B2A0258
[BLAZBLUE CONTINUUM SHIFT EXTEND],2012/03/27,30,4.99,0,"System Voice Arrange Platinum Type-A,B",B15E8D7B073516DBD497976348E9B50CB4E7950858
[BLAZBLUE CONTINUUM SHIFT EXTEND],2012/02/22,30,4.99,0,"System Voice Arrange Noel Type-A,B",D42832FE8FB7A7108DD874B60240785810448F4158
[BLAZBLUE CS],2010/07/20,30,0.50,0,Unlock Unlimited Ragna,1B68B1E6721B50FAB2EBF282B9349C467A85292F58
[BLAZBLUE CS],2010/07/01,30,4.99,0,Unlock All Unlimited Characters,1FCF8C621D5D41E33556542F266250AA019F0DE258
[BLAZBLUE CS],2010/07/01,30,1.99,0,Unlock Playable Character Mu,D313F642ED8DB714226453263E352127EF3DA1FB58
[BLAZBLUE CS],2010/07/22,30,3.99,0,Additional Character Colors #3,105D81EEA1D3FE3D922741D70B197B6F502B02DF58
[BLAZBLUE CS],2010/07/15,30,3.99,0,Additional Character Colors #2,D6625F05872E9604F0CC48871D4B4D86A06E5CEB58
[BLAZBLUE CS],2010/07/08,30,3.99,0,Additional Character Colors #1,CB6C75FBF79925234CCCCC22A75A5DB8B615A4CC58
[BLAZBLUE CS],2010/07/15,30,4.99,0,Additional System Voice Type-M,5E39F13F46A33AF24C2758D1926A7FD323AF257058
[BLAZBLUE CS],2010/07/08,30,4.99,0,Additional System Voice Type-C,8684CF4D77FEDA9D4368DCF7A017BE8EEF6AD47058
[BLAZBLUE CS],2010/07/01,30,4.99,0,Additional System Voice Type-K,4EAC39735197BCDE840AFA3A050C5C7A44B7248658
[BLAZBLUE CS],2010/07/20,30,0.50,0,Unlock Unlimited Mu,8048CAA7CCC055C684A8DCEBFB91B66AB152670C58
[BLAZBLUE CS],2010/07/20,30,0.50,0,Unlock Unlimited Hazama,DE26DF244E834712A4A32ADABF129B059ECD6A6D58
[BLAZBLUE CS],2010/07/20,30,0.50,0,Unlock Unlimited Tsubaki,5EA6F68E71EDAED60FC5E855F45391CF5A1B0B2B58
[BLAZBLUE CS],2010/07/20,30,0.50,0,Unlock Unlimited Lambda,E1A18C62FC4B1B3AF2078A985F53DED8616C3C2F58
[BLAZBLUE CS],2010/07/20,30,0.50,0,Unlock Unlimited Haku-men,32D591E229FE137FA305A9BC3A0737984FE6130B58
[BLAZBLUE CS],2010/07/20,30,0.50,0,Unlock Unlimited Carl,D2B51AE6B61CAA4F4244A2D5E5E397DBC89AB74558
[BLAZBLUE CS],2010/07/20,30,0.50,0,Unlock Unlimited Bang,4681CE2FA483AB649E064DB57A4E710137C2191F58
[BLAZBLUE CS],2010/07/20,30,0.50,0,Unlock Unlimited Arakune,1DD3FBBB7FDF9EF9FE7FF4BEEBFC64B28922493858
[BLAZBLUE CS],2010/07/20,30,0.50,0,Unlock Unlimited Litchi,0F33D49A85FF7549DD61CED7D268C0673F767C7258
[BLAZBLUE CS],2010/07/20,30,0.50,0,Unlock Unlimited Tager,4C07EC181DC7644AEE3B243D06E23EDC2EE690E758
[BLAZBLUE CS],2010/07/20,30,0.50,0,Unlock Unlimited Taokaka,402F00BBE62BB40312855F6A4783415B748F470B58
[BLAZBLUE CS],2010/07/20,30,0.50,0,Unlock Unlimited Rachel,F68FF3BEBED5BFAE91A60680C45CF78E90C8755458
[BLAZBLUE CS],2010/07/20,30,0.50,0,Unlock Unlimited Noel,55FC60757741532C4110E4978B70BEED217A5DD458
[BLAZBLUE CS],2010/07/20,30,0.50,0,Unlock Unlimited Jin,4E8A8994AEC4C1DD55C77057B892B4DAA34EDF5D58
[BLAZBLUE CS],2010/08/03,30,0.00,49,System Version Data Pack <Ver.1.01>,0B67DF0C7D375F6E5EBBAD43DE7BF52109006ACE58
[BLAZBLUE CS],2010/08/03,30,6.99,49,"Additional Playable Character ""Makoto Nanaya""",0B67DF0C7D375F6E5EBBAD43DE7BF52109006ACE58
[BLAZBLUE CS],2010/12/07,30,0.00,87,System Version Data Pack <Ver.1.02>,F6F16828D5A9F344BE00CFD93910F71D98BCDE1258
[BLAZBLUE CS],2011/05/10,30,0.00,288,System Version Data Pack <Ver.1.03>,151E0EEA8F244C08270749297665F9405476795758
[BLAZBLUE CS],2011/05/10,30,6.99,288,"Additional Playable Character ""Platinum the Trinity""",28C2DACAD4B6287F285E2AAB1642FD5F9F1CD69558
[BLAZBLUE CS],2011/01/10,30,6.99,87,"Additional Playable Character ""Valkenhayn R. Hellsing""",2F3F333E216EC51A89C9DEC2C5370A9B7928504C58
[Blood Bowl],2010/03/30,30,3.99,65,Dark Elves,9B55C846A12A371A213F18B89872381FA802205E58
[Blue Dragon],2007/06/22,30,0.00,0,Ultra Hard Mod,2EA110F0E8AA789C050A34E23B7A6EDE6511A6AC58
[Blue Dragon],2007/08/03,30,1.00,19,Shuffle Dungeon,5471477CA638C7C02C1C9CF7FB65DBB34298F87958
[Blue Dragon],2007/07/13,30,1.00,0,6 Treasures - Package of 6 Handy Items,4289DC78FCC44E77367C7310162E6399CE09C1E358
[Bomberman Battlefest],2010/10/26,10,2.99,6,Bomb-Up Pack III,014EE577F6A96886E7E0AE61C49EC2F0AB4DA5D258
[Bomberman Battlefest],2010/12/29,10,2.99,4,Bomb-Up Pack I,F3CB9062E79594DA8D23B862B0582C332D8BB1ED58
[Bomberman Battlefest],2011/01/12,10,2.99,4,Bomb-Up Pack II,1BBE0B1151F02ACAECEC3CD572CF9C6A7E2F6FBC58
[Bomberman LIVE],2007/08/29,10,3.13,3,Bomberman Live Bomb-up Pack 1,1A6B3E4D21305D184C0786504C57B481DBFD56EA58
[Bomberman LIVE],2007/12/26,10,3.13,5,Bomberman Live Bomb-up Pack 3,53149DDA2106B5E889D07C23C065E69A8CB42A2C58
[Bomberman LIVE],2007/09/26,10,2.49,5,Bomberman Live Bomb-up Pack 2,46040079564C25A1E31C40CA07E3C6F47DE79CDD58
[Borderlands],2010/02/23,40,9.99,1527,Secret Armory,C1C17CFE9B32CBC3C3ABD998623045EF7863485258
[Borderlands],2009/12/29,40,9.99,382,The Underdome,123A3176EDC2DEE4DC6D52A50733DF93ED0AC58658
[Borderlands],2009/11/24,40,9.99,911,Zombie Island,973C3A9C8408F8EA98F4AC2F4D985D16B1099A2658
[Borderlands],2010/09/28,40,9.99,1254,New Revolution,4A4EA7F81C5512D861AC8F5FCDA542DA3036D6A858
[Borderlands 2],2014/07/15,40,0.00,474,Compatibility Pack,C1B4A96A9D5A56023D83DE53B6A5E2C83F5E043658
[Borderlands 2],2012/09/18,40,29.99,0,Borderlands 2 Season Pass,ADC2D69B16A81D59463F0D9B6F885863CBCE27D458
[Borderlands 2],2013/09/03,40,4.99,565,Ultimate Vault Hunter Upgrade Pack 2,CF58F776C4642040CD1DE4A6FF5F7E21B15CFBFF58
[Borderlands 2],2014/04/15,-65535,2.99,867,Headhunter 5: Son of Crawmerax,E05F423C312DAFDAA5D92B5ED612227CD54B918958
[Borderlands 2],2013/10/22,40,2.99,469,Headhunter 1: Bloody Harvest,2C43443E7296F833AF2236A1B5724346DC164B0C58
[Borderlands 2],2013/12/17,10,2.99,885,Headhunter 3: Mercenary Day,E6C8FE3EF56D053CB188375051ACEA15CF5ECDD258
[Borderlands 2],2013/05/14,40,9.99,112,Psycho Pack,8FF6F9C94DDFAAB72A811854143A6BA38206F00C58
[Borderlands 2],2012/10/09,40,9.99,0,Mechromancer Pack,EF7AF1F60FED9ECBF4813A3704DAEB43FCF3C59758
[Borderlands 2],2013/01/22,-65535,0.99,13,Commando Supremacy Pack,5A3F6AA68BB6416FF268FB58F97369534F6DF9FC58
[Borderlands 2],2013/11/26,10,2.99,885,Headhunter 2: Wattle Gobbler,E6C8FE3EF56D053CB188375051ACEA15CF5ECDD258
[Borderlands 2],2013/01/22,-65535,0.99,13,Mechromancer Supremacy Pack,5A3F6AA68BB6416FF268FB58F97369534F6DF9FC58
[Borderlands 2],2013/01/22,-65535,0.99,13,Siren Supremacy Pack,5A3F6AA68BB6416FF268FB58F97369534F6DF9FC58
[Borderlands 2],2014/02/11,10,2.99,867,Headhunter 4: Wedding Day Massacre,E05F423C312DAFDAA5D92B5ED612227CD54B918958
[Borderlands 2],2013/01/22,-65535,0.99,13,Mechromancer Domination Pack,5A3F6AA68BB6416FF268FB58F97369534F6DF9FC58
[Borderlands 2],2013/04/02,40,4.99,0,Ultimate Vault Hunter Upgrade Pack,37E446CA7F22337512E819E4071E0067B621410758
[Borderlands 2],2013/07/02,-65535,0.99,8,Assassin Stinging Blade Pack,26F7FF88C83EDEDB72F7B757F52470B4B4B366A058
[Borderlands 2],2013/01/22,-65535,0.99,13,Assassin Madness Pack,5A3F6AA68BB6416FF268FB58F97369534F6DF9FC58
[Borderlands 2],2012/10/16,40,9.99,1163,Captain Scarlett and her Pirate's Booty,0AD1749799DE8FD78C209C76B5AC739BE790147158
[Borderlands 2],2013/01/22,-65535,0.99,13,Mechromancer Madness Pack,5A3F6AA68BB6416FF268FB58F97369534F6DF9FC58
[Borderlands 2],2013/09/03,-65535,0.99,6,Psycho Party Pack,C84133AEF2A24324994B3E642E443250ABE6962158
[Borderlands 2],2013/01/22,-65535,0.99,13,Gunzerker Supremacy Pack,5A3F6AA68BB6416FF268FB58F97369534F6DF9FC58
[Borderlands 2],2013/06/25,40,9.99,1638,Tiny Tina's Assault on Dragon Keep,FB8257F7D8752DC5C8C6059CC729BA157D77133858
[Borderlands 2],2013/09/03,-65535,0.99,6,Siren Learned Warrior Pack,C84133AEF2A24324994B3E642E443250ABE6962158
[Borderlands 2],2013/07/02,-65535,0.99,8,Psycho Supremacy Pack,26F7FF88C83EDEDB72F7B757F52470B4B4B366A058
[Borderlands 2],2013/01/22,-65535,0.99,13,Siren Madness Pack,5A3F6AA68BB6416FF268FB58F97369534F6DF9FC58
[Borderlands 2],2013/09/03,-65535,0.99,6,Assassin Cl0ckw0rk Pack,C84133AEF2A24324994B3E642E443250ABE6962158
[Borderlands 2],2013/01/22,-65535,0.99,13,Assassin Supremacy Pack,5A3F6AA68BB6416FF268FB58F97369534F6DF9FC58
[Borderlands 2],2013/07/02,-65535,0.99,8,Psycho Dark Psyche Pack,26F7FF88C83EDEDB72F7B757F52470B4B4B366A058
[Borderlands 2],2013/01/22,-65535,0.99,13,Gunzerker Madness Pack,5A3F6AA68BB6416FF268FB58F97369534F6DF9FC58
[Borderlands 2],2013/09/03,-65535,0.99,6,Mechromancer Beatmaster Pack,C84133AEF2A24324994B3E642E443250ABE6962158
[Borderlands 2],2013/01/22,-65535,0.99,13,Assassin Domination Pack,5A3F6AA68BB6416FF268FB58F97369534F6DF9FC58
[Borderlands 2],2013/07/02,-65535,0.99,8,Mechromancer Steampunk Slayer Pack,26F7FF88C83EDEDB72F7B757F52470B4B4B366A058
[Borderlands 2],2012/12/11,40,4.99,0,Creature Slaughterdome,5EB54025299BD255F17CAA641882D474AA77112358
[Borderlands 2],2013/01/15,40,9.99,879,Sir Hammerlock's Big Game Hunt,09E681C8467F0BD2B41BE2316DC289EA779771E258
[Borderlands 2],2013/07/02,-65535,0.99,8,Gunzerker Dapper Gent Pack,26F7FF88C83EDEDB72F7B757F52470B4B4B366A058
[Borderlands 2],2012/12/11,40,4.99,0,Collector's Edition Pack,F75332EF2D03BF6D16C6FDE6FDE530A507E6420B58
[Borderlands 2],2013/09/03,-65535,0.99,6,Commando Devilish Good Looks Pack,C84133AEF2A24324994B3E642E443250ABE6962158
[Borderlands 2],2013/07/02,-65535,0.99,8,Psycho Domination Pack,26F7FF88C83EDEDB72F7B757F52470B4B4B366A058
[Borderlands 2],2013/01/22,-65535,0.99,13,Gunzerker Domination Pack,5A3F6AA68BB6416FF268FB58F97369534F6DF9FC58
[Borderlands 2],2013/01/22,-65535,0.99,13,Siren Domination Pack,5A3F6AA68BB6416FF268FB58F97369534F6DF9FC58
[Borderlands 2],2013/07/02,-65535,0.99,8,Commando Haggard Hunter Pack,26F7FF88C83EDEDB72F7B757F52470B4B4B366A058
[Borderlands 2],2013/07/02,-65535,0.99,8,Siren Glitter and Gore Pack,26F7FF88C83EDEDB72F7B757F52470B4B4B366A058
[Borderlands 2],2013/07/02,-65535,0.99,8,Psycho Madness Pack,26F7FF88C83EDEDB72F7B757F52470B4B4B366A058
[Borderlands 2],2012/11/20,40,9.99,1382,Mr. Torgue’s Campaign of Carnage,707230339232F6EABC58A9A5E74772D6AFF6C90758
[Borderlands 2],2013/09/03,-65535,0.99,6,Gunzerker Greasy Grunt Pack,C84133AEF2A24324994B3E642E443250ABE6962158
[Borderlands 2],2013/01/22,-65535,0.99,13,Commando Domination Pack,5A3F6AA68BB6416FF268FB58F97369534F6DF9FC58
[Borderlands 2],2013/01/22,-65535,0.99,13,Commando Madness Pack,5A3F6AA68BB6416FF268FB58F97369534F6DF9FC58
[Borderlands: The Pre-Sequel],2014/10/14,40,29.99,0,Borderlands: The Pre-Sequel Season Pass,FB817982BDDE34BDF8AAFC53097ECC3D5DEF6ED358
[Borderlands: The Pre-Sequel],2015/03/24,40,0.00,580,Compatibility Pack,4D9BD57B0AA3E77C280FAB18D7448305842146CA58
[Borderlands: The Pre-Sequel],2015/03/24,40,0.00,458,Claptastic Voyage and Ultimate Vault Hunter Upgrade Pack 2,7C472211880C4B3EF43CEDFD1D5E330092B18D4B58
[Borderlands: The Pre-Sequel],2014/12/16,40,4.99,0,Shock Drop Slaughter Pit,D35BA0B2D7928F02FA4E394A31126614BC81B74F58
[Borderlands: The Pre-Sequel],2015/01/27,40,0.00,331,Compatibility Pack,BABC61633E0C51AA08DA68DE4D67D1D33A8A834E58
[Borderlands: The Pre-Sequel],2015/03/24,40,9.99,1876,Claptastic Voyage and Ultimate Vault Hunter Upgrade Pack 2,F0CB27BBE08762F2CEF6266381C8C47A3DFDDFE058
[Borderlands: The Pre-Sequel],2014/11/11,40,9.99,148,Handsome Jack Doppelganger Pack,575B35CEFBD37FDD99A1036FB13C5FA92B0D413558
[Borderlands: The Pre-Sequel],2014/12/16,40,9.99,333,UVHUP & The Holodome Onslaught,1F2C81552B5C32216DA58A35AB4408FC8F4BAA2658
[Borderlands: The Pre-Sequel],2015/01/27,40,9.99,168,Lady Hammerlock the Baroness Pack,9482690E933821AADA356112485A9548429CEBC358
[Brink™],2013/05/07,30,4.99,464,Brink™ Agents of Change,37755D8851EA285DAA9984FFAF5DDB2A4C8EB05858
[Brink™],2011/08/23,30,1.99,0,Doom®/Psycho Combo Pack,66B5AB00542300E48348CC11D086347DE918774958
[Brink™],2011/08/23,30,1.99,0,Fallout®/SpecOps Combo Pack,66B5AB00542300E48348CC11D086347DE918774958
[Brütal Legend],2018/09/18,40,0.00,139,Brütal Legend – HAMMER OF INFINITE FATE,43C9198C8428EC6BCB8F045B4454CB5D2B1B67BF58
[Brütal Legend],2009/10/02,40,0.00,0,Brütal Legend THE LOVE GIVER Guitar,49B411FC398295D3131C5145A37B1074A2D9649C58
[Brütal Legend],2009/12/15,40,0.00,0,Brütal Legend – TEARS OF THE HEXTADON,1D443FE0B71378083E6C72DF769C05A30FF8486B58
[BUBBLE BOBBLE Neo!],2009/09/30,10,2.99,0,BUBBLE BOBBLE Neo! Extra Map 1,BEFA00B5BFC4549AE2A48B081534538224628A5358
[BUBBLE BOBBLE Neo!],2009/09/30,10,2.99,0,BUBBLE BOBBLE Neo! Extra Map 2,FE720AD7EA24F1AD9A022ACE0A78A28875C253B558
[Bulletstorm™],2011/02/08,40,0.00,0,Bulletstorm Online Pass,EFA4D82E9BFBBA9E709DD464EB32D5CE3A2557FD58
[Bulletstorm™],2011/04/12,40,9.99,412,Bulletstorm Gun Sonata DLC Pack,AE66F23B13717EA81FF08D79C12FD0C2F4E7081F58
[Bulletstorm™],2011/06/10,40,9.99,448,Blood Symphony DLC Pack,A7E075980253E0AB9D06CE006C0B54F8D93DDD6358
[BulletWitch],2007/04/02,40,0.25,0,City of Screams Extra Edition,98C14B4AD41F92123B71CD8B1B2419F26141ABC058
[BulletWitch],2007/04/23,40,0.25,0,"10,000 ft of Flames Extra Edition",EC849CEBF6C3A9FF8D46CD47D4A15F2CFF9CB1A058
[BulletWitch],2007/05/14,40,0.25,0,Dawn in the Valley Great spells unlocked,399A9F8619B04F51316B85E104E7BF2A2BF89B6E58
[BulletWitch],2007/03/28,40,0.25,0,Dynamite Beauty,CF412F0962D4AE116D38A98BFEE574362EE3A03358
[BulletWitch],2007/04/02,40,0.25,0,Endless,7DB0ADC78BB686E5E61D9E0D79F2D7EC7DB96E7758
[BulletWitch],2007/03/28,40,0.25,0,Clad in Streaming Black - Great spells unlocked,A012956A9188B039A4E6F9E23D9ADEF4FC768A2058
[BulletWitch],2007/04/02,40,0.25,0,City of Screams - Great spells unlocked,58E393CC3CF2167EAA5FEFCABD9FCE512D59798B58
[BulletWitch],2007/04/23,40,0.25,0,"10,000 ft of Flames Great spells unlocked",B33BCCEBA22C09B07C736D10CA0825E37A6D00FE58
[BulletWitch],2007/03/28,40,0.25,0,Clad in Streaming Black - Extra edition,537AE60047C0C56AA663148C5D19AFB84BC65E6D58
[BulletWitch],2007/06/04,40,0.25,0,The Bound Soul Great spells unlocked,AF72E286A98D3205144F7FCDE84BB35613F8BFA458
[BulletWitch],2007/06/04,40,0.25,0,The End of Chaos Great spells unlocked,77E20DF37B9E96E2EC386EA5990637FC907F459958
[BulletWitch],2007/04/02,40,0.00,6,Mummy Costume,BB44D925B11A50E39D9119D169B31D19EAD4703658
[BulletWitch],2007/06/04,40,0.00,9,Pixie Costume,FAAFA5756C37C0A0394BC133A5B6DA7AB57F429B58
[BulletWitch],2007/04/23,40,0.00,7,Schoolgirl Costume,92FC52F026CDC6D438A053B95258E40EBB89C34A58
[BulletWitch],2007/05/14,40,0.00,8,Secretary Costume,DB8DC3C2084E33522A1C91B6EF762B9435799FF458
[BulletWitch],2007/03/28,40,0.00,14,White Witch,5EFE8B3D1D78AF8990A2A2D3C19AB74425FD17B858
[BulletWitch],2007/05/14,40,0.25,0,Dawn in the Valley Extra Edition,D76F287B118EA6B0E4C04050BBA7EA2034E355BD58
[BulletWitch],2007/06/04,40,0.25,0,The Bound Soul Extra Edition,64A8D1C55334822678E085999DCD0F8E4E959AEA58
[BulletWitch],2007/06/04,40,0.25,0,Geist Search and Destroy,4FA0357AB280BD8757708915DD774BF45A468B6A58
[BulletWitch],2007/05/14,40,0.25,0,One Shot Kill,5AAA73870B83869E975CFD0AAB9621A50FB2665F58
[BulletWitch],2007/04/02,40,0.25,0,Caterpillar City,FD7FCB47C8B92373E12BA02EC0552585EBBF7CE758
[BulletWitch],2007/04/23,40,0.25,0,7 Minutes,198544A5CE796E41E8F439FF4264FB2791BE404C58
[The Bureau],2013/10/15,40,2.99,72,CodeBreakers,5280A52248486A0A2B6F22BBEEB069CBDE4B5D7E58
[The Bureau],2013/10/15,40,0.99,0,Light Plasma Pistol,8C760BF269F1186ED6977BD062EB0C2D7265BB9058
[The Bureau],2013/10/08,40,4.99,979,Hangar 6 R&D,4F1FC5B1A507E04680C6AB91F1D990393ED58A7658
[Burnout Revenge],2006/04/12,20,0.00,0,Monster Car,1E469C96FDB8FA87C002486F7BFEBF0DF652293F58
[Burnout Revenge],2006/04/12,20,0.00,0,Xbox Live Car,728E16E580ED29F8FFABBD01695F08E53FBE6BA858
[Burnout Revenge],2006/04/12,20,0.00,0,Alienware Car,5335F6D3A5148B4F457C5C1DB040491117A4574C58
[Burnout Revenge],2006/04/12,20,0.00,0,Dolby Car,906EC1FB2C7EA2F49978F7C94D0F574477624CE558
[Burnout Revenge],2006/04/12,20,0.00,0,Plantronics Car,3EE04B31EC42132472DEDCB568BF437FADBD2BA458
[Burnout Revenge],2006/04/12,20,0.00,0,Spike TV Car,1664BE775C56A4F841928DBB64A7BC352F1DA75E58
[Burnout Revenge],2006/04/12,20,0.00,0,Yellowcard Car,88E9F8144BE4204EEB50E54820E1625FF36FAD0358
[C&C3],2007/06/19,30,0.00,38,Ground Zero Map,F2BD6F92FFF7F0D22A402A7C92334B959494019F58
[C&C3],2007/06/19,30,4.99,43,Map Pack 1,2DEED1DF8CD0A9E81B5EB7E30E307AD4DF29D1EF58
[C&C Red Alert 3],2009/05/15,30,4.99,96,Decimation Map Pack,6C51DA73478561D4B3EB245EC84C4E431AD6585458
[C&C Red Alert 3],2009/05/15,30,400.00,96,Decimation Map Pack,6C51DA73478561D4B3EB245EC84C4E431AD6585458
[C&C3: Kane's Wrath],2008/07/28,30,4.99,111,Command and Conquer 3 Kane's Wrath Map Pack,5B866F8DAE18A92A9B1AE94D2B13DE546814FDA058
[Caladrius],2015/09/18,30,2.99,0,"Additional Characters: ""Nightmare of the Lilith""",6D849DB255A0AFE5168236D7C98CB05809D49A9C58
[Caladrius],2015/09/18,30,2.99,0,"Additional Characters: ""Sophia Fulcanelli""",862C693350F3DB94E5486951934FB9AFB388923C58
[Call of Duty® 2],2006/05/10,30,0.00,125,Call of Duty 2: Bonus Map Pack,8ECE51918C21EBC12F9F400D19D7B8BD9DC434F358
[Call of Duty® 2],2006/05/10,30,4.99,127,Call of Duty 2: Skirmish Map Pack,C234FF0A959C2BA0B339C398D8F735C3DFC7A22958
[Call of Duty® 2],2006/06/29,30,9.99,337,Call of Duty 2: Invasion Map Pack,3E674D854CD11B887A3C75CEEFD0901ED415B48158
[Call of Duty® 3],2007/01/11,30,0.00,83,Call of Duty 3 Bonus Map—“Champs”,BE285241D408C51237C35315B633A7777E18071358
[Call of Duty® 3],2007/05/31,30,4.99,439,Call of Duty 3 Bravo Map Pack,86767399401D3377CB1CDFA61991BEF72ADCE4FC58
[Call of Duty® 3],2007/01/27,30,4.99,389,Call of Duty 3 Valor Map Pack,8DA6A35A055E7456B8F5B53786A55813CA508E1258
[Modern Warfare®],2008/04/01,40,0.00,439,Variety Map Pack,AB0278653B325C4D07CD76E38A0ECDFBE11FD14258
[Modern Warfare®],2008/04/01,40,9.99,439,Variety Map Pack,AB0278653B325C4D07CD76E38A0ECDFBE11FD14258
[Call of Duty®: WaW],2009/02/26,40,0.00,69,Makin Bonus Map,E12D7B2C95F3A88CCB65B3DA0A65F8A377E077A858
[Call of Duty®: WaW],2009/12/22,40,24.99,1299,Map Pack Bundle,11DE42537A553E5D89499983E93751E045F78F8858
[Call of Duty®: WaW],2009/08/06,40,9.99,505,Map Pack 3,EB02D36E09E9878FC1F3966F2B1A93F9226F28D258
[Call of Duty®: WaW],2009/06/11,40,9.99,409,Map Pack 2,2CF93973C9A1CEA807FD0A2F99E2B0791E1E569558
[Call of Duty®: WaW],2009/03/19,40,9.99,386,Map Pack 1,8BCE7252243411E912CB52E1935328F29BEB1AF458
[Modern Warfare® 2],2010/03/30,40,14.99,326,Stimulus Package,53680E2B83E8E56D42073C826BED197261DA4EBB58
[Modern Warfare® 2],2010/06/03,40,14.99,356,Resurgence Pack,510551C98861C9E4379FF46F2D8ABA76F28521E358
[Call of Duty®: Black Ops],2011/02/01,40,14.99,618,First Strike: Pack 1 [EN],BB4A4BD7FDB7667E4A9581308556A51A26687C8D58
[Call of Duty®: Black Ops],2011/08/23,40,14.99,1135,Rezurrection: Pack 4 [EN],14D22F140D379F43EC6DEF36A631EA01E1940EE058
[Call of Duty®: Black Ops],2011/05/03,40,14.99,941,Escalation: Pack 2 [EN],B8263A98080E203785C348F30380D3B963C7AA4758
[Call of Duty®: Black Ops],2011/06/28,40,14.99,733,Annihilation: Pack 3 [EN],957FFECB0D708FC61B940A3A7A7F339971F3577558
[Modern Warfare® 3],2012/05/15,10,0.00,157,Free to Public - Erosion/Aground,2826E38CC7D8BD26B8BE9821EAE658088D186A5258
[Modern Warfare® 3],2012/07/18,10,0.00,64,Free to Public - Terminal,DBE84F6D087491C7CC33527E0BD3B624877640DC58
[Modern Warfare® 3],2012/03/20,40,14.99,0,Collection 1,2A72FD5B26E1B1904E470202C9D88A0A8208023A58
[Modern Warfare® 3],2012/09/06,40,14.99,0,Collection 4: Final Assault,22C8CCCB92B7B411DE76BA6FEEF056A9C9EDA0CD58
[Modern Warfare® 3],2012/08/09,40,14.99,0,Collection 3: Chaos Pack,619696DE306C668E12A956CD0E1068991416375158
[Modern Warfare® 3],2012/05/22,40,14.99,0,Collection 2,ECFE0C7C909547B7924FDC6796712813DAD9AF5D58
[COD: Black Ops II],2013/03/13,40,0.00,119,Call of Duty®: Black Ops II: Nuketown 2025,96C87E4AB044B236F8A2272C65E8B7396172668A58
[COD: Black Ops II],2014/03/04,10,1.99,0,Call of Duty®: Black Ops II Weaponized 115 Pack,32F15B3AE2F96063335D6AA36FDC98638258375958
[COD: Black Ops II],2013/04/16,40,14.99,1955,Call of Duty®: Black Ops II Apocalypse,4F8383F730574C84C1672FC81036E9BC375B112D58
[COD: Black Ops II],2012/10/31,40,4.99,181,Call of Duty®: Black Ops II: Nuketown Zombies,449174A75B1D08B8825CC2047CBBE609D9C2C56B58
[COD: Black Ops II],2013/04/16,40,14.99,1706,Call of Duty®: Black Ops II Uprising,335A216E95BD954F250BD37B87925A6224CB6A1658
[COD: Black Ops II],2014/04/29,10,1.99,0,Call of Duty®: Black Ops II Afterlife Pack,32F15B3AE2F96063335D6AA36FDC98638258375958
[COD: Black Ops II],2013/04/16,40,14.99,1844,Call of Duty®: Black Ops II Revolution,303D76C31440625195B6B338D4F88241661B782E58
[COD: Black Ops II],2013/04/16,40,14.99,1925,Call of Duty®: Black Ops II Vengeance,F56FA9BEE7E5DEE624BD7BAE7206A75D230081CF58
[COD: Black Ops II],2013/03/13,10,1.99,0,Call of Duty®: Black Ops II Cyborg Pack,32F15B3AE2F96063335D6AA36FDC98638258375958
[COD: Black Ops II],2013/07/19,40,1.99,0,Call of Duty®: Black Ops II Extra Slots Pack,32F15B3AE2F96063335D6AA36FDC98638258375958
[COD: Black Ops II],2013/03/13,10,1.99,0,Call of Duty®: Black Ops II Graffiti Pack,32F15B3AE2F96063335D6AA36FDC98638258375958
[COD: Black Ops II],2013/07/23,10,1.99,0,Call of Duty®: Black Ops II Pack-A-Punch Pack,32F15B3AE2F96063335D6AA36FDC98638258375958
[COD: Black Ops II],2013/03/13,10,1.99,0,Call of Duty®: Black Ops II Dragon Pack,32F15B3AE2F96063335D6AA36FDC98638258375958
[COD: Black Ops II],2013/03/13,10,1.99,0,Call of Duty®: Black Ops II Benjamins Pack,32F15B3AE2F96063335D6AA36FDC98638258375958
[COD: Black Ops II],2014/04/29,10,1.99,0,Call of Duty®: Black Ops II UK Punk Pack,32F15B3AE2F96063335D6AA36FDC98638258375958
[COD: Black Ops II],2013/07/23,10,1.99,0,Call of Duty®: Black Ops II Rogue Pack,32F15B3AE2F96063335D6AA36FDC98638258375958
[COD: Black Ops II],2013/03/13,10,1.99,0,Call of Duty®: Black Ops II Party Rock Pack,32F15B3AE2F96063335D6AA36FDC98638258375958
[COD: Black Ops II],2013/03/13,10,1.99,0,Call of Duty®: Black Ops II Comics Pack,32F15B3AE2F96063335D6AA36FDC98638258375958
[COD: Black Ops II],2013/07/19,-65535,1.99,0,Call of Duty®: Black Ops II Aqua Pack,32F15B3AE2F96063335D6AA36FDC98638258375958
[COD: Black Ops II],2013/03/13,10,1.99,0,Call of Duty®: Black Ops II Kawaii Pack,32F15B3AE2F96063335D6AA36FDC98638258375958
[COD: Black Ops II],2013/03/13,10,1.99,0,Call of Duty®: Black Ops II Paladin Pack,32F15B3AE2F96063335D6AA36FDC98638258375958
[COD: Black Ops II],2013/03/13,10,1.99,0,Call of Duty®: Black Ops II Bacon Pack,32F15B3AE2F96063335D6AA36FDC98638258375958
[COD: Black Ops II],2013/03/13,10,1.00,0,Call of Duty®: Black Ops II North America Pack,32F15B3AE2F96063335D6AA36FDC98638258375958
[COD: Black Ops II],2014/03/04,10,1.99,0,Call of Duty®: Black Ops II Beast Pack,32F15B3AE2F96063335D6AA36FDC98638258375958
[COD: Black Ops II],2013/03/13,10,1.99,0,Call of Duty®: Black Ops II Dia de Muertos Pack,32F15B3AE2F96063335D6AA36FDC98638258375958
[COD: Black Ops II],2014/03/04,10,1.99,0,Call of Duty®: Black Ops II Dead Man's Hand Pack,32F15B3AE2F96063335D6AA36FDC98638258375958
[COD: Black Ops II],2013/03/13,10,1.99,0,Call of Duty®: Black Ops II Viper Pack,32F15B3AE2F96063335D6AA36FDC98638258375958
[COD: Black Ops II],2014/03/04,10,1.99,0,Call of Duty®: Black Ops II Octane Pack,32F15B3AE2F96063335D6AA36FDC98638258375958
[COD: Black Ops II],2012/11/13,40,49.99,0,Call of Duty®: Black Ops II Season Pass,16C67BC8F88F42071A3885CE2B1BA5E92B2B4B2358
[COD: Black Ops II],2013/03/13,10,1.99,0,Call of Duty®: Black Ops II Zombies Pack,32F15B3AE2F96063335D6AA36FDC98638258375958
[COD: Black Ops II],2013/07/23,10,1.99,0,Call of Duty®: Black Ops II Glam Pack,32F15B3AE2F96063335D6AA36FDC98638258375958
[COD: Black Ops II],2013/07/19,10,1.99,0,Call of Duty®: Black Ops II Breach Pack,32F15B3AE2F96063335D6AA36FDC98638258375958
[COD: Black Ops II],2013/03/13,10,1.99,0,Call of Duty®: Black Ops II Jungle Warfare Pack,32F15B3AE2F96063335D6AA36FDC98638258375958
[COD: Black Ops II],2013/07/23,10,1.99,0,Call of Duty®: Black Ops II Coyote Pack,32F15B3AE2F96063335D6AA36FDC98638258375958
[COD: Black Ops II],2013/03/13,10,1.00,0,Call of Duty®: Black Ops II South America Pack,32F15B3AE2F96063335D6AA36FDC98638258375958
[COD: Black Ops II],2013/03/13,10,1.00,0,Call of Duty®: Black Ops II Africa Pack,32F15B3AE2F96063335D6AA36FDC98638258375958
[COD: Black Ops II],2013/03/13,10,1.00,0,Call of Duty®: Black Ops II Europe Pack,32F15B3AE2F96063335D6AA36FDC98638258375958
[COD: Black Ops II],2013/03/13,10,1.00,0,Call of Duty®: Black Ops II Asia-Pacific Pack,32F15B3AE2F96063335D6AA36FDC98638258375958
[Call of Juarez: Bound in Blood],2019/09/03,40,0.00,278,Old West Map Pack,7D539FDDC7E36D7511F35DC86C9422F8B5B7A36C58
[CAPCOM ARCADE CABINET],2013/05/21,30,24.99,0,CAPCOM ARCADE CABINET : ALL-IN-ONE PACK,1F52A6B8EA7511D733EB41FD1BC0EA9F89BF2B4058
[CAPCOM ARCADE CABINET],2013/03/19,10,3.99,0,CAPCOM ARCADE CABINET : GHOSTS'N GOBLINS,915196C8B6592A543C049B487F0FAA978042225C58
[CAPCOM ARCADE CABINET],2013/04/02,30,9.99,0,CAPCOM ARCADE CABINET : 1985-II PACK,E3441B669AD746F91FBA47E676D9F3B5FEC0144558
[CAPCOM ARCADE CABINET],2013/04/16,20,3.99,0,CAPCOM ARCADE CABINET : SAVAGE BEES,7A30890CFF39E0C6721D2BBB357AB89128D548E158
[CAPCOM ARCADE CABINET],2013/04/16,20,9.99,0,CAPCOM ARCADE CABINET : 1984 PACK,0FC0F0508A1F7F32C7036BF22E22881B4CFDBA0F58
[CAPCOM ARCADE CABINET],2013/04/30,20,3.99,0,CAPCOM ARCADE CABINET : PIRATE SHIP HIGEMARU,6360E95DFAF478AC893D7873CFDEDB2B2B9AF75158
[CAPCOM ARCADE CABINET],2013/04/30,10,3.99,0,CAPCOM ARCADE CABINET : SONSON,FF84CA1FB3E45A99A8B268EA53349408DA9EE3C558
[CAPCOM ARCADE CABINET],2013/04/16,30,3.99,0,CAPCOM ARCADE CABINET : The Speed Rumbler,836E3EE742F8429B79655D5325A2757D5EB6AADB58
[CAPCOM ARCADE CABINET],2013/03/19,10,3.99,0,CAPCOM ARCADE CABINET : SECTION Z,BAC667BCA10CD40DE4609D1F1AE214B06B02ECB558
[CAPCOM ARCADE CABINET],2013/03/05,30,9.99,0,CAPCOM ARCADE CABINET : 1985-I PACK,F81FB29A06752C5E1DFAEBA5F9695E17DFC98B7E58
[CAPCOM ARCADE CABINET],2013/04/02,30,3.99,0,CAPCOM ARCADE CABINET : TROJAN,EED527544902331167A916EE8FA8401E4D199D4658
[CAPCOM ARCADE CABINET],2013/04/30,20,3.99,0,CAPCOM ARCADE CABINET : 1942,0B848CFFD0A0F64815F834829DAD276B227B33FD58
[CAPCOM ARCADE CABINET],2013/03/19,30,9.99,0,CAPCOM ARCADE CABINET : 1986 PACK,9D92E958C0EEC958744429257DF9F617A48D911F58
[CAPCOM ARCADE CABINET],2013/04/02,20,3.99,0,CAPCOM ARCADE CABINET : SIDE ARMS,76A8D7B29325D6A457050C6D279CBE0158D0C36658
[CAPCOM ARCADE CABINET],2013/04/16,30,3.99,0,CAPCOM ARCADE CABINET : COMMANDO,DB9A87EC132002DB0131C0B5513458DB6F3DFC3F58
[CAPCOM ARCADE CABINET],2013/03/19,30,3.99,0,CAPCOM ARCADE CABINET : GUN. SMOKE,88D042BBCE9548ADE23944D34A8E5F880DAE1EBD58
[CAPCOM ARCADE CABINET],2013/04/02,30,3.99,0,CAPCOM ARCADE CABINET : LEGENDARY WINGS,B7969F23BC58EB11105A7C67B0DAED35D0F7D78558
[Carcassonne],2007/10/03,10,3.75,0,Carcassonne: King & Baron Expansion Pack,DB43F1003462A480834B823A3CDFEB76CE0E16A058
[Carcassonne],2007/08/08,10,3.75,0,Carcassonne - Rivers II Expansion Pack,6D95A822C8A77D562B3C715B8BEC8D822188F6B858
[Carnival Games®: MSMD™],2011/06/14,10,4.99,132,Monkey Dancin' Pack,350B3C480F2A669B7D1FB4BD9DE2A7594262611D58
[Carnival Games®: MSMD™],2011/07/19,10,3.99,123,Coasterama Pack,9D084822F04F432996F56500296C139935EBEAD858
[Cars 2: The Video Game],2011/07/05,20,0.00,20,Cars 2: The Video Game - The Queen,4571A41A57A9868B22D1ED3FAEDE72066AC1A7BE58
[Cars 2: The Video Game],2011/06/21,20,2.99,36,C.H.R.O.M.E. Agent Pack,6AB785DDB3A8E8C99A291736CDF7944D0EC6640258
[Cars 2: The Video Game],2011/11/01,20,2.99,86,Cars 2: The Video Game -  Road Hazards Bundle,B0F5F74EC0C145F24C9D30F63298F3BD1A9E223A58
[Cars 2: The Video Game],2011/11/01,10,1.00,86,Cars 2: The Video Game -  DJ,B0F5F74EC0C145F24C9D30F63298F3BD1A9E223A58
[Cars 2: The Video Game],2011/06/28,10,1.00,8,Cars 2: The Video Game - Daredevil Lightning McQueen,C8A09DC12325E7F3E80686195A61A4D6014E5AEB58
[Cars 2: The Video Game],2011/06/28,10,1.00,8,Cars 2: The Video Game - Dragon Lightning McQueen,C8A09DC12325E7F3E80686195A61A4D6014E5AEB58
[Cars 2: The Video Game],2011/11/01,10,1.00,86,Cars 2: The Video Game -  Wingo,B0F5F74EC0C145F24C9D30F63298F3BD1A9E223A58
[Cars 2: The Video Game],2011/06/21,10,1.00,36,Cars 2: The Video Game - Cherry Blossom Holley,6AB785DDB3A8E8C99A291736CDF7944D0EC6640258
[Cars 2: The Video Game],2011/11/01,10,1.00,135,Cars 2: The Video Game - Flo,8610674A890ADF9AF45D725C2CC07A1FF67CCD9658
[Cars 2: The Video Game],2011/11/01,10,1.00,86,Cars 2: The Video Game -  Snot Rod,B0F5F74EC0C145F24C9D30F63298F3BD1A9E223A58
[Cars 2: The Video Game],2011/06/28,10,1.00,8,Cars 2: The Video Game - Tokyo Mater,C8A09DC12325E7F3E80686195A61A4D6014E5AEB58
[Cars 2: The Video Game],2011/07/05,10,1.00,71,Cars 2: The Video Game - Uncle Topolino,3875EACB07AC3F115B8D983F5F5ED43C4BE8174A58
[Cars 2: The Video Game],2011/11/01,10,1.00,86,Cars 2: The Video Game -  Boost,B0F5F74EC0C145F24C9D30F63298F3BD1A9E223A58
[Cars 2: The Video Game],2011/07/05,20,2.99,71,Cars 2: The Video Game - Cars 2 Pack,3875EACB07AC3F115B8D983F5F5ED43C4BE8174A58
[Cars 2: The Video Game],2011/06/28,20,2.99,8,Cars 2: The Video Game - Tall Tales Pack,C8A09DC12325E7F3E80686195A61A4D6014E5AEB58
[Cars 2: The Video Game],2011/11/01,10,1.00,135,Cars 2: The Video Game - Sheriff,8610674A890ADF9AF45D725C2CC07A1FF67CCD9658
[Cars 2: The Video Game],2011/11/01,10,1.00,135,Cars 2: The Video Game -  Chick Hicks,8610674A890ADF9AF45D725C2CC07A1FF67CCD9658
[Cars 2: The Video Game],2011/11/01,10,1.00,135,Cars 2: The Video Game - Ramone,8610674A890ADF9AF45D725C2CC07A1FF67CCD9658
[Cars 2: The Video Game],2011/06/21,10,1.00,36,Cars 2: The Video Game - Airport Security Finn,6AB785DDB3A8E8C99A291736CDF7944D0EC6640258
[Cars 2: The Video Game],2011/11/01,20,2.99,135,Cars 2: The Video Game -  Radiator Springs Bundle,8610674A890ADF9AF45D725C2CC07A1FF67CCD9658
[Cars 2: The Video Game],2011/06/28,10,1.00,8,Cars 2: The Video Game - Mater the Greater,C8A09DC12325E7F3E80686195A61A4D6014E5AEB58
[Cars 2: The Video Game],2011/07/05,10,1.00,71,Cars 2: The Video Game - Kabuki Mater,3875EACB07AC3F115B8D983F5F5ED43C4BE8174A58
[Cars 2: The Video Game],2011/06/21,10,1.00,36,Cars 2: The Video Game - Undercover Rod Redline,6AB785DDB3A8E8C99A291736CDF7944D0EC6640258
[Cars 2: The Video Game],2011/06/21,10,1.00,36,Cars 2: The Video Game - Rod Redline,6AB785DDB3A8E8C99A291736CDF7944D0EC6640258
[Cars 2: The Video Game],2011/07/05,10,1.00,71,Cars 2: The Video Game - Victor Hugo,3875EACB07AC3F115B8D983F5F5ED43C4BE8174A58
[Cars 2: The Video Game],2011/07/05,10,1.00,71,Cars 2: The Video Game - Mater as Ivan,3875EACB07AC3F115B8D983F5F5ED43C4BE8174A58
[Castle Crashers],2011/08/26,30,0.00,0,Castle Crashers Pink Knight Pack,5DFECAE2283ED9EADB86DAEB1AC1CCAF012FF21858
[Castle Crashers],2011/08/26,30,1.99,0,Castle Crashers Blacksmith Pack,701F4A129239E7060AF7B601C61A9186F70BE24858
[Castle Crashers],2009/08/26,30,1.99,0,Castle Crashers - Necromantic Pack,384334EEDB6E137D68002EE58163E7492B44A79458
[Castle Crashers],2009/01/14,30,1.99,0,Castle Crashers - King Pack,A0714538DC5C5ED99F874AA1424BCEFC9355E39C58
[CastleStorm],2013/09/27,10,2.99,70,The Warrior Queen,0F65399BD0AFEA2311B996912A057BCC8F66BE7F58
[CastleStorm],2013/07/31,30,2.99,73,From Outcast to Savior,BE90602A8EE5479FC0647263A2E034BBEB16AC9958
[Castlevania HD],2011/01/26,30,2.99,25,Extra Stage: Origins,B7ED140B15B0633AF9A9CDC03BA3FCDCAE40188D58
[Castlevania HD],2010/10/27,30,2.99,3,Maria Rendard Character Pack,7BCC4D1584357909C3590FD2CF556CB5C461841758
[Castlevania HD],2010/10/20,30,2.99,3,Julius Belmont Character Pack,6B3288174B104C3F6DAB3745EFD926FAE1633C9158
[Castlevania HD],2010/09/29,30,4.99,3,"Beauty, Desire, Situation Dire Map Pack",36DA9EF296B35F21C2470D71D9A21F5F8DFC6DDE58
[Castlevania HD],2010/10/20,30,2.99,2,Yoko Belnades Character Pack,8DCC2DA228A8A90B6779B50577552677467E899A58
[Castlevania HD],2010/11/10,30,1.99,12,Music Pack 2,EFF0D697C13160626B286CDB8845F984F0E3A8C558
[Castlevania HD],2010/10/27,30,2.99,3,Richter Belmont Character Pack,790C6B622EF79C9F915DE7B07A9689061C04592858
[Castlevania HD],2011/02/02,30,1.99,1,Getsu Fuma Character Pack,4409D8560E8F59DEDB448006A29C59A848CD5EE358
[Castlevania HD],2011/01/26,30,1.99,2,Simon Belmont Character Pack,2DFBA40020122B64483033DAAF9ABDCA3D88E1CB58
[Castlevania HD],2011/02/02,30,2.99,8,Extra Stage: The Legend of Fuma,E939382FFF0128B6E9FBA68C8F1BDB186EA8ABA758
[Castlevania HD],2011/01/19,30,3.99,10,Extra Stage: Lord of Flies,8DB70085912C5829AC27A086CB48D8B39E2744FA58
[Castlevania HD],2011/01/12,30,3.99,17,Extra Stage: The One Who Is Many,9CF520072EB8FA1F1BFFAE7F2C4CC375043CDA9658
[Castlevania HD],2010/10/13,30,1.99,16,Music Pack 1,F8DC444EBF6B95EF7B512EBEF08166CF19BE00C058
[Castlevania: LoS 2],2014/03/25,40,0.99,5,Armored Dracula Costume,2AEC8B31BF8A386307E001E0AFC84059FBA0435458
[Castlevania: LoS 2],2014/03/25,40,0.99,0,Dark Dracula Costume,25E8D7D7FD4ED05ABB528A5B3EFEE10E962CD35B58
[Castlevania: LoS 2],2014/03/25,40,0.99,0,Relic Rune Pack,F59C8ED79FC84B5784DFC93D1FDE5A99665CBB5458
[Castlevania: LoS 2],2014/03/25,40,7.99,784,Revelations,38092AB4A1D1F4963E1803FA4A5F2320D7BD961258
[Castlevania LoS],2011/04/19,40,9.99,1031,Castlevania: Lords of Shadow Reverie,489C4047DEFDA3D01CEBE69C6E0493917AB556C258
[Castlevania LoS],2018/10/29,40,9.99,678,Castlevania: Lords of Shadow Resurrection,3F3A8F51CCD8C29D2AAA55E5D75C00ED8B599B4658
[Child of Light],2014/04/30,20,1.99,5,Light Pack,AADBD67854A470A8FB5A9E73225CAD290BB52C1058
[Child of Light],2014/04/30,20,2.99,0,Faceted Oculi Pack,767965C3EBCCCFD10C839B63A74E2B90B196305058
[Child of Light],2014/04/30,20,0.99,0,Rough Oculi Pack,AAE0CC0D4062788BD43880664F6BC1FB70B0008F58
[Child of Light],2014/04/30,20,2.99,0,Stardust Pack,6674A1F912536CAD7FB7F5DEAD5DB32FB09B146158
[Child of Light],2014/04/30,20,1.99,0,Tumbled Oculi Pack,D38D4792DB8566BB709F0967FB464DECB463E7FA58
[Child of Light],2014/04/30,20,1.99,6,Dark Pack,70D7B15761AFF21B4DEE7DE329ABE8ED4B0B05FC58
[Child of Light],2014/04/30,20,2.99,2,The Golem’s Plight Pack,775BBBBCEBBE90A5FE533A042A8BBE3CB0BBD2EB58
[Choplifter HD],2012/02/15,30,0.00,3,Ostrich Chopper,05FEDBB031AB046B3DF74464EAFF6A21CC75469F58
[Choplifter HD],2012/02/08,30,1.00,1,Albatross Chopper,C57F9B643D34B51B2601BC1B6D9EA816AA7A59D858
[Choplifter HD],2012/02/07,30,1.00,1,Night Avenger Chopper,42801E08BCECAE9611F8669D405B09C00CB82C8458
[Choplifter HD],2012/02/15,30,1.00,283,Zombie! Zombie! Zombie! Level Pack,B500AB3581FAEE0C98C477ED2B10B40507FC329258
[Choplifter HD],2012/02/08,30,1.00,3,Arrowhead Chopper,A06F276B13ED23CCBD88D6D5C3A8F65A3508AEDE58
[Civilization Revolution],2008/10/09,20,0.00,25,CivRev SP Map Pack: Brave New Worlds,B8896EBCA8194DF1FFF12580E31AC5931254754158
[Civilization Revolution],2008/10/23,20,0.00,26,CivRev SP Map Pack: The Surreal,1220DC9F868E603CF3EE592967D96E44936E55E658
[Civilization Revolution],2008/11/13,20,0.00,24,CivRev MP Map Pack: The Elemental,8EE937E1DE20F1430C36225CFAE8A71A07F19C1558
[Civilization Revolution],2008/10/23,20,1.25,19,CivRev Scenario Pack: Survival,81E7E42A1644540089083C89C5302C281FAE790C58
[Civilization Revolution],2008/11/13,20,1.25,26,CivRev MP Map Pack: The Terrestrial,D5C5715A0EC4AA218E293401C36872D57BCDAAB358
[Civilization Revolution],2008/10/09,20,1.25,0,CivRev Scenario Pack: Victory Pack,A89D214B4691070D11433D67E9B3C0CE839E6DD758
[Civilization Revolution],2008/10/30,20,3.75,2,Wonders/Artifact Pack: The Mythic,F615CADA17C60E0B42E0807262BE6C97968BB94E58
[Civilization Revolution],2008/10/30,20,3.75,2,CivRev Wonder/Artifact: The Eternal,2F9DCD7FEC4100FEF20D1D251923AD258A12A48458
[Civilization Revolution],2008/10/30,20,3.75,2,Wonders & Artifact Pack: The Iconic,842C367426E334916B0C5DB85A23F8515811A70258
[Call of Duty®: Ghosts],2014/05/13,40,0.00,230,Call of Duty®: Ghosts - Compatibility Pack 2,9C5C277C0F878BFF619A0D428A7EFADE5F0F8F9058
[Call of Duty®: Ghosts],2014/04/03,40,0.00,53,Call of Duty®: Ghosts - Compatibility Pack,2DA7E9B4BD4BBBC0D673ACEAEE2F61B4A459A1B758
[Call of Duty®: Ghosts],2013/12/12,10,0.00,0,Call of Duty®: Ghosts - Festive Pack,F65FA8BA4469142F90E6ECEB822909C54C7959EC58
[Call of Duty®: Ghosts],2014/07/01,10,3.99,0,Call of Duty®: Ghosts - Weapon - The Ripper,553528FFCA1BF36ABDEE7F600F419358F23C82B758
[Call of Duty®: Ghosts],2014/07/01,10,3.99,0,Call of Duty®: Ghosts - Weapon - The Maverick,553528FFCA1BF36ABDEE7F600F419358F23C82B758
[Call of Duty®: Ghosts],2014/04/22,10,1.99,0,Call of Duty®: Ghosts - Blunt Force Pack,F65FA8BA4469142F90E6ECEB822909C54C7959EC58
[Call of Duty®: Ghosts],2014/02/20,10,1.99,0,Call of Duty®: Ghosts - Extra Slots Pack,F65FA8BA4469142F90E6ECEB822909C54C7959EC58
[Call of Duty®: Ghosts],2014/04/22,40,2.99,15,Call of Duty®: Ghosts - Snoop Dogg VO Pack,D1FE1B3396C0892CA89EF336F5EFEBAA27D2805D58
[Call of Duty®: Ghosts],2014/05/20,10,1.99,0,Call of Duty®: Ghosts - Extinction Pack,553528FFCA1BF36ABDEE7F600F419358F23C82B758
[Call of Duty®: Ghosts],2014/06/03,10,3.99,0,Call of Duty®: Ghosts - Squad Pack - Resistance,553528FFCA1BF36ABDEE7F600F419358F23C82B758
[Call of Duty®: Ghosts],2013/12/12,10,1.99,0,Call of Duty®: Ghosts - Wolf Skin,F65FA8BA4469142F90E6ECEB822909C54C7959EC58
[Call of Duty®: Ghosts],2014/06/03,40,14.99,1469,Call of Duty®: Ghosts - Invasion,A78F0DECEB4E37742AAF82B9148CF177AACFB59D58
[Call of Duty®: Ghosts],2014/07/01,10,1.99,0,Call of Duty®: Ghosts - Blunt Force Character Pack,553528FFCA1BF36ABDEE7F600F419358F23C82B758
[Call of Duty®: Ghosts],2014/02/20,10,1.99,0,Call of Duty®: Ghosts - Inferno Pack,F65FA8BA4469142F90E6ECEB822909C54C7959EC58
[Call of Duty®: Ghosts],2014/04/22,10,3.99,0,Call of Duty®: Ghosts - Squad Pack - Extinction,553528FFCA1BF36ABDEE7F600F419358F23C82B758
[Call of Duty®: Ghosts],2014/07/01,10,1.99,0,Call of Duty®: Ghosts - Inferno Character Pack,553528FFCA1BF36ABDEE7F600F419358F23C82B758
[Call of Duty®: Ghosts],2014/04/03,40,14.99,1280,Call of Duty®: Ghosts - Devastation,DD055F7A6A747F1B0E5CBEBFB7D1B02CBC669E6E58
[Call of Duty®: Ghosts],2014/08/05,40,14.99,1495,Call of Duty®: Ghosts - Nemesis,233468C0503B357EE97C8CA387969ACDB2134C1B58
[Call of Duty®: Ghosts],2014/07/01,10,1.99,0,Call of Duty®: Ghosts - Nebula Pack,553528FFCA1BF36ABDEE7F600F419358F23C82B758
[Call of Duty®: Ghosts],2013/09/10,40,49.99,0,Call of Duty®: Ghosts Season Pass,E99E0AA23B088FAA49127F70B5A578A94D3D6EE458
[Call of Duty®: Ghosts],2014/04/22,10,1.99,0,Call of Duty®: Ghosts - 1987 Pack,F65FA8BA4469142F90E6ECEB822909C54C7959EC58
[Call of Duty®: Ghosts],2014/07/01,10,1.99,0,Call of Duty®: Ghosts - Abstract Pack,553528FFCA1BF36ABDEE7F600F419358F23C82B758
[Call of Duty®: Ghosts],2014/05/20,10,1.99,0,Call of Duty®: Ghosts -  Spectrum Pack,553528FFCA1BF36ABDEE7F600F419358F23C82B758
[Call of Duty®: Ghosts],2014/04/22,10,3.99,0,Call of Duty®: Ghosts - Legend Pack - Soap,553528FFCA1BF36ABDEE7F600F419358F23C82B758
[Call of Duty®: Ghosts],2014/05/20,10,3.99,0,Call of Duty®:Ghosts - Astronaut Special Character,553528FFCA1BF36ABDEE7F600F419358F23C82B758
[Call of Duty®: Ghosts],2014/04/22,10,1.99,0,Call of Duty®: Ghosts - Classic Ghost Pack,553528FFCA1BF36ABDEE7F600F419358F23C82B758
[Call of Duty®: Ghosts],2014/05/20,10,1.99,0,Call of Duty®: Ghosts - Unicorn Pack,553528FFCA1BF36ABDEE7F600F419358F23C82B758
[Call of Duty®: Ghosts],2014/03/04,10,1.99,0,Call of Duty®: Ghosts - Hazmat Special Character,F65FA8BA4469142F90E6ECEB822909C54C7959EC58
[Call of Duty®: Ghosts],2014/04/22,40,1.99,0,Call of Duty®: Ghosts - Molten Pack,553528FFCA1BF36ABDEE7F600F419358F23C82B758
[Call of Duty®: Ghosts],2014/05/20,10,1.99,0,Call of Duty®: Ghosts -  Koi Pack,553528FFCA1BF36ABDEE7F600F419358F23C82B758
[Call of Duty®: Ghosts],2014/07/01,10,1.99,0,Call of Duty®: Ghosts - Skulls Pack,553528FFCA1BF36ABDEE7F600F419358F23C82B758
[Call of Duty®: Ghosts],2014/02/20,10,1.99,0,Call of Duty®: Ghosts - Circuit Pack,F65FA8BA4469142F90E6ECEB822909C54C7959EC58
[Call of Duty®: Ghosts],2014/02/20,10,1.99,0,Call of Duty®: Ghosts - Keegan Special Character,F65FA8BA4469142F90E6ECEB822909C54C7959EC58
[Call of Duty®: Ghosts],2014/04/22,40,2.99,9,Call of Duty®: Ghosts - Drill Instructor VO Pack,69ECD0A3926FE47F432E98C556C3E0B2074A444658
[Call of Duty®: Ghosts],2014/01/28,40,14.99,1248,Call of Duty®: Ghosts - Onslaught,8BFD52799FB486DA02065FED513E165549183B1558
[Call of Duty®: Ghosts],2014/07/01,10,1.99,0,Call of Duty®: Ghosts - Bling Character Pack,553528FFCA1BF36ABDEE7F600F419358F23C82B758
[Call of Duty®: Ghosts],2014/06/03,10,1.99,0,Call of Duty®: Ghosts -  Flags of the World Pack,553528FFCA1BF36ABDEE7F600F419358F23C82B758
[Call of Duty®: Ghosts],2014/02/20,10,3.99,0,Call of Duty®: Ghosts - Legend Pack - CPT Price,F65FA8BA4469142F90E6ECEB822909C54C7959EC58
[Call of Duty®: Ghosts],2014/02/20,10,1.99,0,Call of Duty®: Ghosts - Space Cats Pack,F65FA8BA4469142F90E6ECEB822909C54C7959EC58
[Call of Duty®: Ghosts],2014/02/20,10,1.99,0,Call of Duty®: Ghosts - Elias Special Character,F65FA8BA4469142F90E6ECEB822909C54C7959EC58
[Call of Duty®: Ghosts],2014/03/04,10,1.99,0,Call of Duty®: Ghosts - Rorke Special Character,F65FA8BA4469142F90E6ECEB822909C54C7959EC58
[Call of Duty®: Ghosts],2014/07/01,10,1.99,0,Call of Duty®: Ghosts - Tattoo Pack,553528FFCA1BF36ABDEE7F600F419358F23C82B758
[Call of Duty®: Ghosts],2014/05/20,10,1.99,0,Call of Duty®: Ghosts - Heavy Metal Pack,553528FFCA1BF36ABDEE7F600F419358F23C82B758
[Call of Duty®: Ghosts],2014/04/22,10,1.99,0,Call of Duty®: Ghosts - Hex Pack,F65FA8BA4469142F90E6ECEB822909C54C7959EC58
[Call of Duty®: Ghosts],2014/07/01,10,1.99,0,Call of Duty®: Ghosts - Leopard Pack,553528FFCA1BF36ABDEE7F600F419358F23C82B758
[Call of Duty®: Ghosts],2014/03/04,10,1.99,0,Call of Duty®: Ghosts - Zakhaev Special Character,F65FA8BA4469142F90E6ECEB822909C54C7959EC58
[Call of Duty®: Ghosts],2014/05/20,10,1.99,0,Call of Duty®: Ghosts -  Bling Pack,553528FFCA1BF36ABDEE7F600F419358F23C82B758
[Call of Duty®: Ghosts],2014/04/22,10,1.99,0,Call of Duty®: Ghosts - Eyeballs Pack,F65FA8BA4469142F90E6ECEB822909C54C7959EC58
[Call of Duty®: Ghosts],2014/07/01,10,1.99,0,Call of Duty®: Ghosts - Hydra Pack,553528FFCA1BF36ABDEE7F600F419358F23C82B758
[Call of Duty®: Ghosts],2014/02/20,10,1.99,0,Call of Duty®: Ghosts - Merrick Special Character,F65FA8BA4469142F90E6ECEB822909C54C7959EC58
[Call of Duty®: Ghosts],2014/02/20,10,1.99,0,Call of Duty®: Ghosts - Ducky Pack,F65FA8BA4469142F90E6ECEB822909C54C7959EC58
[Call of Duty®: Ghosts],2014/03/04,10,3.99,0,Call of Duty®: Ghosts - Legend Pack - Makarov,F65FA8BA4469142F90E6ECEB822909C54C7959EC58
[Call of Duty®: Ghosts],2014/05/20,10,1.99,0,Call of Duty®: Ghosts -  Fitness Pack,553528FFCA1BF36ABDEE7F600F419358F23C82B758
[Call of Duty®: Ghosts],2014/04/22,10,1.99,0,Call of Duty®: Ghosts - Heartlands Pack,F65FA8BA4469142F90E6ECEB822909C54C7959EC58
[Call of Duty®: Ghosts],2014/02/20,10,1.99,0,Call of Duty®: Ghosts - Hesh Special Character,F65FA8BA4469142F90E6ECEB822909C54C7959EC58
[COD: Advanced Warfare],2015/01/27,40,14.99,1069,Call of Duty®: Advanced Warfare - Havoc DLC,89C194463DF99E2DE0C9573ACA06D8EF5840B6D558
[COD: Advanced Warfare],2015/07/07,40,3.99,0,Ohm Weapon Pack,9A19356F66A63B8F93AF8E136E902029E6B35BBC58
[COD: Advanced Warfare],2015/03/31,40,14.99,967,Call of Duty®: Advanced Warfare - Ascendance DLC,135048E80D3892DA057AA3AA2729CF034AB1FFC758
[COD: Advanced Warfare],2015/05/05,10,1.99,0,Psychedelic Personalization Pack,D1D88214016A09FBFEFC69BE7ECB4594366C8C2358
[COD: Advanced Warfare],2015/06/23,40,1.99,0,X-Ray Personalization Pack,D1D88214016A09FBFEFC69BE7ECB4594366C8C2358
[COD: Advanced Warfare],2015/02/10,40,3.99,0,Championship Premium Personalization Pack,D1D88214016A09FBFEFC69BE7ECB4594366C8C2358
[COD: Advanced Warfare],2015/05/05,10,1.99,0,Backdraft Personalization Pack,D1D88214016A09FBFEFC69BE7ECB4594366C8C2358
[COD: Advanced Warfare],2014/10/07,40,49.99,0,Call of Duty®: Advanced Warfare Season Pass,5242FD9A9257ADEB782AACA2C7F8145C2993B8B958
[COD: Advanced Warfare],2015/06/02,40,14.99,994,Call of Duty®: Advanced Warfare - Supremacy DLC,8A2470FBF19D731200173C75D0833477856FDCF758
[COD: Advanced Warfare],2014/12/16,10,1.99,0,Magma Personalization Pack,A9795AAA7C80CBEE731E8C20CE6368AA0033973758
[COD: Advanced Warfare],2015/05/05,40,1.99,0,Tiki Personalization Pack,D1D88214016A09FBFEFC69BE7ECB4594366C8C2358
[COD: Advanced Warfare],2015/08/04,40,14.99,1104,Call of Duty®: Advanced Warfare - Reckoning DLC,89742DA05C2F1B9DE769E152240D463D74004FF558
[COD: Advanced Warfare],2014/12/16,10,3.99,0,Lightning Premium Personalization Pack,A9795AAA7C80CBEE731E8C20CE6368AA0033973758
[COD: Advanced Warfare],2014/12/16,10,2.99,0,Barong Exoskeleton Pack,A9795AAA7C80CBEE731E8C20CE6368AA0033973758
[COD: Advanced Warfare],2014/12/16,10,3.99,0,Magma Premium Personalization Pack,A9795AAA7C80CBEE731E8C20CE6368AA0033973758
[COD: Advanced Warfare],2015/02/10,10,1.99,0,EXTRA ARMORY SLOTS 1,D1D88214016A09FBFEFC69BE7ECB4594366C8C2358
[COD: Advanced Warfare],2015/06/23,40,1.99,0,Jackpot Personalization Pack,D1D88214016A09FBFEFC69BE7ECB4594366C8C2358
[COD: Advanced Warfare],2014/12/16,10,2.99,0,Panda Exoskeleton Pack,A9795AAA7C80CBEE731E8C20CE6368AA0033973758
[COD: Advanced Warfare],2014/12/16,10,2.99,0,Hot Rod Exoskeleton Pack,A9795AAA7C80CBEE731E8C20CE6368AA0033973758
[COD: Advanced Warfare],2015/06/23,40,1.99,0,Aces Personalization Pack,D1D88214016A09FBFEFC69BE7ECB4594366C8C2358
[COD: Advanced Warfare],2015/06/23,40,1.99,0,Disco Personalization Pack,D1D88214016A09FBFEFC69BE7ECB4594366C8C2358
[COD: Advanced Warfare],2015/05/05,10,1.99,0,Lagoon Personalization Pack,D1D88214016A09FBFEFC69BE7ECB4594366C8C2358
[COD: Advanced Warfare],2014/12/16,10,1.99,0,Lightning Personalization Pack,A9795AAA7C80CBEE731E8C20CE6368AA0033973758
[COD: Advanced Warfare],2015/02/10,10,1.99,0,EXTRA CREATE A CLASS SLOTS,D1D88214016A09FBFEFC69BE7ECB4594366C8C2358
[COD: Advanced Warfare],2014/12/16,10,1.99,0,Nanotech Personalization Pack,A9795AAA7C80CBEE731E8C20CE6368AA0033973758
[COD: Advanced Warfare],2014/12/16,10,3.99,0,Nanotech Premium Personalization Pack,A9795AAA7C80CBEE731E8C20CE6368AA0033973758
[COD: Advanced Warfare],2014/12/16,10,1.99,0,Creature Personalization Pack,A9795AAA7C80CBEE731E8C20CE6368AA0033973758
[COD: Advanced Warfare],2014/12/16,10,1.99,0,Spain Exoskeleton Pack,A9795AAA7C80CBEE731E8C20CE6368AA0033973758
[COD: Advanced Warfare],2015/02/10,10,1.99,0,EXTRA ARMORY SLOTS 2,D1D88214016A09FBFEFC69BE7ECB4594366C8C2358
[COD: Advanced Warfare],2014/12/16,10,1.99,0,United States Exoskeleton Pack,A9795AAA7C80CBEE731E8C20CE6368AA0033973758
[COD: Advanced Warfare],2015/02/10,10,1.99,0,EXTRA ARMORY SLOTS 5,D1D88214016A09FBFEFC69BE7ECB4594366C8C2358
[COD: Advanced Warfare],2014/12/16,10,1.99,0,France Exoskeleton Pack,A9795AAA7C80CBEE731E8C20CE6368AA0033973758
[COD: Advanced Warfare],2015/02/10,10,1.99,0,EXTRA ARMORY SLOTS 3,D1D88214016A09FBFEFC69BE7ECB4594366C8C2358
[COD: Advanced Warfare],2015/02/10,10,1.99,0,EXTRA ARMORY SLOTS 4,D1D88214016A09FBFEFC69BE7ECB4594366C8C2358
[COD: Advanced Warfare],2014/12/16,10,3.99,0,Creature Premium Personalization Pack,A9795AAA7C80CBEE731E8C20CE6368AA0033973758
[COD: Advanced Warfare],2014/12/16,10,1.99,0,Japan Exoskeleton Pack,A9795AAA7C80CBEE731E8C20CE6368AA0033973758
[COD: Advanced Warfare],2014/12/16,10,1.99,0,Canada Exoskeleton Pack,A9795AAA7C80CBEE731E8C20CE6368AA0033973758
[COD: Advanced Warfare],2014/12/16,10,1.99,0,United Kingdom Exoskeleton Pack,A9795AAA7C80CBEE731E8C20CE6368AA0033973758
[COD: Advanced Warfare],2014/12/16,10,1.99,0,Germany Exoskeleton Pack,A9795AAA7C80CBEE731E8C20CE6368AA0033973758
[COD: Advanced Warfare],2014/12/16,10,2.99,0,Steampunk Exoskeleton Pack,A9795AAA7C80CBEE731E8C20CE6368AA0033973758
[COD: Advanced Warfare],2014/12/16,10,1.99,0,Netherlands Exoskeleton Pack,A9795AAA7C80CBEE731E8C20CE6368AA0033973758
[COD: Advanced Warfare],2014/12/16,10,1.99,0,Australia Exoskeleton Pack,A9795AAA7C80CBEE731E8C20CE6368AA0033973758
[COD: Advanced Warfare],2014/12/16,10,1.99,0,Italy Exoskeleton Pack,A9795AAA7C80CBEE731E8C20CE6368AA0033973758
[College Hoops 2K7],2006/11/08,10,4.99,0,2K ReelMaker for College Hoops 2K7,E96658599BEC33DD621D40F5908B61420BC045BA58
[College Hoops 2K8],2007/11/12,10,4.99,0,2K Reelmaker for College Hoops 2K8,15A78B10F13803B61E300F415A8C9FC55D48E44058
[Conflict: Denied Ops],2008/05/01,40,9.99,728,Conflict:DO - Eagle Pack,759FBCEDEDD2D244D897FB8120A6AAD5D9E271DF58
[Costume Quest],2010/12/08,20,4.99,125,Costume Quest: Grubbins on Ice,7F41FF09F43A641F187C16A6B19F7EE31EFE0D9158
[Crackdown],2007/02/20,40,0.00,9,Four-Play Pack,E4DDBC100F97B6954B84E82ED807E79B5A4314C058
[Crackdown],2007/05/10,40,0.00,83,Free-For-All Pack,AA10729E62721B4EAF674486684E31CD9B94AC4F58
[Crackdown],2007/05/10,40,0.00,83,Getting’ Busy Bonus Pack,AA10729E62721B4EAF674486684E31CD9B94AC4F58
[Crackdown 2],2010/08/31,40,0.00,41,Free Toy Box Pack Preview,3C285841D96139825D90D83932203028F68B6B3D58
[Crackdown 2],2010/08/31,-65535,0.00,41,Premium Toy Box Pack,3C285841D96139825D90D83932203028F68B6B3D58
[Crackdown 2],2010/11/16,40,0.00,122,Free Deluge Pack Preview,BD0C27EFE61BEE10F176F3A624F8A851224A896958
[Crackdown 2],2010/08/31,-65535,0.00,122,Premium Deluge Pack,BD0C27EFE61BEE10F176F3A624F8A851224A896958
[Crazy Machines Elements],2011/09/07,10,2.99,2,Crazy Machines Elements,A801832DF6F22AB2D3369CEAF360FF5991562BF658
[Crazy Machines Elements],2011/09/28,10,2.99,2,Crazy Machines Elements: Brainfood II,312E2180D1B7886901DA8BEADFBB8B70C316D90858
[Crimson Alliance™],2011/09/07,30,14.99,0,All Class Pack,100F0D97D7ABA5566969B62D5F3A4BE64F0A3AE958
[Crimson Alliance™],2011/10/12,30,2.99,39,Vengeance Map Pack,A28A77FDC4CC3D98F57EF21810AF8F64C771917E58
[Crimson Alliance™],2011/09/07,30,9.99,0,Assassin Class Pack,F1282C4271F056994CB6CE883B9B3B8CA9545FDE58
[Crimson Alliance™],2011/09/07,30,9.99,0,Wizard Class Pack,3FC38403BA856691014FC0734F5602B237224A6158
[Crimson Alliance™],2011/09/07,30,9.99,0,Mercenary Class Pack,2587750F996668CC3BBD97B67D9D37B69C03860458
[Crystal Quest],2006/02/10,10,1.25,3,Animal Madness Sound Pack - Crystal Quest,41E1BFFE392AAAA646487EBB99391DE50C0FE62758
[Crystal Quest],2006/02/10,10,1.25,1,Xtreme Scenario - Crystal Quest,B4452A8E322B81D2FB03AF80A719E6F7454C76E858
[Crystal Quest],2006/02/10,10,1.25,5,Nano Graphics Pack - Crystal Quest,6F6D0F7286F7BDF53901C4418483F4859B7CFAEB58
[Crystal Quest],2006/02/10,10,1.25,5,Sketch Graphics Pack - Crystal Quest,19583206665CD6F315DAEB5F49B928C9A923FB5E58
[Crystal Quest],2006/02/10,10,1.25,3,Super Synth Sounds Pack - Crystal Quest,1C5C140B170036EA8F7A9FE56CC751B43FB2C02758
[Dance Central],2010/11/04,30,2.99,5,Control - Janet Jackson,E758D4F7E47A6531510463AE86F66DCF887364C658
[Dance Central],2010/11/04,30,2.99,5,Temperature - Sean Paul,65685A1E0C45ACD7D668428BF6BB78CA6E6DA3FD58
[Dance Central],2010/11/23,30,2.99,6,Word Up! - Cameo,2FCA1DF9FDDE008C834104F30980881C9F65FC6258
[Dance Central],2010/11/04,30,2.99,8,Because of You - Ne-Yo,AB350B20359332837330FD774260DC7653D6338058
[Dance Central],2010/11/23,30,2.99,7,I Gotta Feeling -The Black Eyed Peas,49D8C546E77FDB409741684EF641CFE7756F3BEE58
[Dance Central],2010/11/23,30,2.99,5,Whoomp! (There It Is) - Tag Team,BC6504C2929C01DA69B448A6500A000615FAEBD658
[Dance Central],2010/12/21,30,2.99,5,Disturbia -Rihanna,E1FAF88AA35C84AB15F971EE11556B4B4B65B0D158
[Dance Central],2011/09/20,30,2.99,7,Tempted to Touch - Rupee,48ECC1C9A9AC40C8AB02B2EAF401A732124B243D58
[Dance Central],2011/09/20,30,2.99,7,The Way I Are - Timbaland ft. Keri Hilson and D.O.E.,B7CE154E8BB131520B3DCBEB5906CB220D2DDB4A58
[Dance Central],2011/02/05,30,2.99,5,Heard 'Em All - Amerie,7C51E8D2F095A98415CFF3F6647EBE1A52AE27C158
[Dance Central],2011/08/16,30,2.99,7,Get It Shawty - Lloyd,8817A573122276F824FE376613E82A9430523E0158
[Dance Central],2011/03/15,30,2.99,8,Weapon of Choice,41FAB4AA5B89210EF766B4078CE5F0DE8FC8118F58
[Dance Central],2011/02/15,30,2.99,5,Le Freak - Chic,2DABDF69CC3F854DA3F9DCDA98F85D6E81DC734758
[Dance Central],2011/05/17,30,2.99,7,Informer - Snow,B190DC5BC6BD31543F689585EA4A031D8FF5BFAB58
[Dance Central],2011/03/15,30,2.99,6,Hollaback Girl,06F085F3001CCAE5284C4988B0DB87429194496A58
[Dance Central],2011/03/15,30,2.99,8,Straight Up - Paula Abdul,BDA5ADF88297D2AEC5CB491FC0FEAE6F353D035F58
[Dance Central],2011/09/20,30,2.99,7,Don't Cha - The Pussycat Dolls ft. Busta Rhymes,23A79813AEFC1CB457174403518FC5A3E8C469F258
[Dance Central],2011/05/17,30,2.99,7,Fergalicious - Fergie ft. will.i.am,6349355F229F9DCE6B0C8972E8048ECFA3785F4658
[Dance Central],2011/02/15,30,2.99,7,Super Freak - Rick James,1B38A9892A5FE9AFB0F517917AD56B47E258397958
[Dance Central],2011/02/15,30,2.99,6,We Run This - Missy Elliott,8C010806B635C2A823A6B14527689A8693D84B9158
[Dance Central],2011/03/15,30,2.99,8,Turnin Me On - Keri Hilson,092203D3493B734E5177E2DAE6F107D8F792509858
[Dance Central],2011/08/16,30,2.99,7,"""Get Up (I Feel Like Being a) Sex Machine, Pt. 1"" - James Brown",B11CA7C4420F6E5CD1EAED31B5A3AB3FF5DE942258
[Dance Central],2011/05/17,30,2.99,6,Lapdance - N.E.R.D. (featuring Lee Harvey and Vita),E53C52679BB3FCE039F422210CF14DDF2547CA5358
[Dance Central],2011/08/16,30,2.99,7,Get Busy - Sean Paul,F8C06899DA939511664805DFF73EA179723944FD58
[Dance Central],2011/04/19,30,2.99,7,Wild Thing - Tone Loc,C3C59A07594259CA2BA579F77EA587E3FD439B3C58
[Dance Central],2011/07/19,30,2.99,6,Break Your Heart - Taio Cruz,1BB3C7C86FA79A19192FB2591700C7F92837195F58
[Dance Central],2011/04/19,30,2.99,6,"""Lean wit It, Rock wit It"" - Dem Franchize Boyz ft. Jim Jones & Damon Dash",9414986AB60D816C389E7F7814D633F73D4C22F158
[Dance Central],2011/07/19,30,2.99,7,Say Aah - Trey Songz (featuring Fabolous),ED8144002D394D274E441E562E2D3CB501A5072958
[Dance Central],2011/04/19,30,2.99,6,D.A.N.C.E. -Justice,2B32591392B5AEFEDAB6BD1FB8F7141B041BCA2C58
[Dance Central™ 2],2012/11/20,30,6.99,63,Rihanna Dance Pack 01 - Rihanna,B6B2CF92A9FCF8C373B0ABD5F57E1B79A881578658
[Dance Central™ 2],2012/07/17,30,2.99,15,La La Land - Demi Lovato,EB7AE28F92DD9DCEA68DA225610900A4905ACC6A58
[Dance Central™ 2],2012/05/08,30,2.99,19,Spice Up Your Life (Stent Radio Mix) - Spice Girls,953DB87629BC3C106F03DE9ABF25F3D8E55DC2D658
[Dance Central™ 2],2012/05/15,30,2.99,18,Hello Good Morning - Diddy-Dirty Money ft. T.I.,0DF5DABC595400FDB4FB83D7DB31B67C1D616EB258
[Dance Central™ 2],2012/01/31,30,2.99,16,Forget You - Cee Lo Green,61E8B51D0C82BDA7890F1D0016530781E12300FD58
[Dance Central™ 2],2012/01/31,30,2.99,17,Milkshake - Kelis,029F256FBF33D8FEDCF98EE88C4B6882401B0CA158
[Dance Central™ 2],2012/08/23,30,2.99,19,Let It Rock - Kevin Rudolf ft. Lil' Wayne,115B95A8C1FB6E3F82FA5BBC58759EB1E329DF1558
[Dance Central™ 2],2011/11/24,30,2.99,19,Marry the Night - Lady Gaga,2A7E851BBAEB7FEF93FBF5C6A917ECAD78D65FA658
[Dance Central™ 2],2012/04/24,30,2.99,23,"""Give Me Everything"" - Pitbull ft. Ne-Yo, Afrojack & Nayer",B4CFDE13347E0270B7B05D74FC7320AB7787690258
[Dance Central™ 2],2012/03/13,30,2.99,17,Yeah 3X - Chris Brown,63301632F3032BD08A93B67CC341C3743E3528D558
[Dance Central™ 2],2012/03/27,30,2.99,16,Nasty - Janet Jackson,8CA162DE660411694BF99BC31BFE4AB2CF6EB13958
[Dance Central™ 2],2012/06/12,30,2.99,13,Replay - Iyaz,4EE9D9583DD0496C3A550A75FD4BDDDA45A845D158
[Dance Central™ 2],2012/01/31,30,2.99,20,Party Rock Anthem - LMFAO ft. Lauren Bennett & GoonRock,C250FFD75E32CBEFCEE275E6A29BE88CC009247F58
[Dance Central™ 2],2011/11/24,30,2.99,15,The Edge Of Glory - Lady Gaga,F888B5B062B86CCC8738086DF0E299048807E24358
[Dance Central™ 2],2012/02/14,30,2.99,12,Say Hey (I Love You) - Michael Franti & Spearhead,5AB5321D551798AEDD9A5042F9DB701C6FCD5E9A58
[Dance Central™ 2],2012/05/29,30,2.99,15,Low - Flo Rida,6807B65C19CC9A57EF3E31F5597280AF34B9F6E058
[Dance Central™ 2],2011/12/20,30,2.99,18,S&M - Rihanna,21EB48BAB93EC74AB0EB7A1ADEED737477FFD07058
[Dance Central™ 2],2012/04/17,30,2.99,18,Commander - Kelly Rowland ft. David Guetta,6AB131D924C1216792642E3ED69FDAE442276C4658
[Dance Central™ 2],2012/07/24,30,2.99,16,Never Say Never - Justin Bieber ft. Jaden Smith,95FED552D47B1BB7438A3F5DB7B32E0EB34B297158
[Dance Central™ 2],2012/06/19,30,2.99,16,Hot in Herre - Nelly,94647B6E00E0B0F9EAB471907D2CAE2280D2072F58
[Dance Central™ 2],2012/04/10,30,2.99,17,We No Speak Americano - Yolanda Be Cool & DCUP,30C03690C6AC631812C033378AC07BC0EAB71BCE58
[Dance Central™ 2],2011/12/20,30,2.99,22,What's My Name? - Rihanna,C83CF141AE6A07D322730BDE71C06B378FD2FE6858
[Dance Central™ 2],2011/12/20,30,2.99,23,Only Girl (In The World) - Rihanna,985BCD361980F82C86AF8F74B58B68A9344E0A2058
[Dance Central™ 2],2012/08/14,30,2.99,19,O.P.P. - Naughty by Nature,EB6C3C056A4ABC14822C0BD1D93338495D61E08958
[Dance Central™ 2],2012/08/28,30,2.99,14,Promiscuous - Nelly Furtado ft. Timbaland,6275B5E459387C0B7AFA4EB34E24D566CF5D426F58
[Dance Central™ 2],2012/11/20,30,4.99,35,Lady Gaga Dance Pack 01 - Lady Gaga,4EA9B975F7417A98AC4EB870673554FD31B9B26D58
[Dance Central™ 2],2012/08/07,30,2.99,15,Down On Me - Jeremih ft. 50 Cent,FCC03CAAFC4D650BF3B8B048083C3B6D6AC8252958
[Dance Central™ 2],2012/01/24,30,2.99,19,Gonna Make You Sweat (Everybody Dance Now) - C+C Music Factory,DA34A1EE4EA661785BC72F2037583E9C0C9AE9E558
[Dance Central™ 2],2012/05/22,30,2.99,27,Scenario - A Tribe Called Quest,83FDAD90F2BBB3F38E7FB4EF18C84F383025BEF058
[Dance Central™ 2],2012/01/10,30,2.99,13,Closer - Ne-Yo,B1DDD0E1BC9C512FBA730662CD63CABB6362514558
[Dance Central™ 2],2012/06/26,30,2.99,25,Whine Up - Kat DeLuna ft. Elephant Man,AB621F58D72857DE7B04E287FE8203DF00FBAB2B58
[Dance Central™ 2],2012/07/10,30,2.99,20,Round & Round - Selena Gomez & The Scene,827FDBB82502DB72058AB72CC173DECBBE7AAE2058
[Dance Central™ 3],2012/11/27,30,2.99,26,Gangnam Style - Psy,2FC8EE9FFA6A3636373ABCD44F8E77D5B1A9140C58
[Dance Central™ 3],2013/02/12,30,2.99,24,All Around the World - Justin Bieber ft. Ludacris,5A3EAD4F7185CB62197565A159B35583AB89CE3E58
[Dance Central™ 3],2013/02/19,30,2.99,24,Lights - Ellie Goulding,CA643671877A32F5366372211B3ABD09C52A34A658
[Dance Central™ 3],2013/05/28,30,14.99,118,Rihanna Fan Pack 01 - Rihanna,AE8A1C494624065D2B42EA50AB70CBD0FFBB688458
[Dance Central™ 3],2013/01/29,30,2.99,24,Let It Roll (Good Times) - Flo Rida,331B2ED4C6B9F485BCDF9C771D07DD7AC790E19558
[Dance Central™ 3],2012/12/25,30,2.99,24,Paparazzi - Lady Gaga,087F1ECF8BD3A9CA4E2CBC6D0C963E716CBE783858
[Dance Central™ 3],2013/01/15,30,2.99,22,International Love - Pitbull ft. Chris Brown,F182884725E9E6523EF5B7740267A95562C387F558
[Dance Central™ 3],2013/02/12,30,2.99,27,Beauty and a Beat - Justin Bieber ft. Nicki Minaj,013B3ECACB5662BD24B6DFF0669C7665DE53B1F258
[Dance Central™ 3],2012/12/30,30,4.99,42,LMFAO Dance Pack 01 - LMFAO,6917D7BB51418C287BF1BD046C02856E7A1F4B4158
[Dance Central™ 3],2012/11/20,30,2.99,22,Euphoria - Usher,328293E7BC1F02536A3E3F92F26D409991CB86ED58
[Dance Central™ 3],2013/02/12,30,4.99,50,Justin Bieber Dance Pack 01 - Justin Bieber,2AE6DE6F135A14C4BC1FBDFB6D557653534FDD0B58
[Dance Central™ 3],2013/03/12,30,2.99,27,SOS - Rihanna,25325F0C39C98D73206CFC91752D5CCCCAFF04DA58
[Dance Central™ 3],2013/05/28,30,4.99,16,Sean Paul Fan Pack 01 - Sean Paul,02823FB69F1391D2170C3502AE7FFB8B2BAB8C6358
[Dance Central™ 3],2013/05/28,30,7.99,66,Justin Bieber Fan Pack 01 - Justin Bieber,3B1191F89B022013AFF116D57B1049B38BFAA62658
[Dance Central™ 3],2012/12/04,30,2.99,24,Call Me Maybe - Carly Rae Jepsen,E827A6F234513837438B9245FC143F2BED1DE1AD58
[Dance Central™ 3],2013/02/26,30,2.99,23,Airplanes - B.o.B. ft. Hayley,4902B2D22499E16B6A632C9015D9C649753E518B58
[Dance Central™ 3],2012/12/30,30,2.99,22,Sorry for Party Rocking - LMFAO,497B9D5BD3F32752F4436E04BE0832BC26CADCF358
[Dance Central™ 3],2013/03/19,30,2.99,22,London Bridge - Fergie,58632D2009658F31EE26314B2577E294A3CC5EA358
[Dance Central™ 3],2013/05/28,30,4.99,30,Fergie Fan Pack 01 - Fergie,E5B0DD00D071711ECD8DBFA183E8933E4572D35758
[Dance Central™ 3],2013/03/05,30,2.99,21,Take Care - Drake ft. Rihanna,4C518A82CF6955F61FF492DFF1D5174DE32CE07B58
[Dance Central™ 3],2013/03/12,30,2.99,21,Umbrella - Rihanna ft. Jay-Z,15A0ABABFB364E8596622FCEB377B83CE568741F58
[Dance Central™ 3],2012/12/25,30,2.99,23,Alejandro - Lady Gaga,089411949A84F0AB99EE8C8BE36EFA801F56679A58
[Dance Central™ 3],2012/12/25,30,4.99,46,Lady Gaga Dance Pack 02 - Lady Gaga,4CB834EC194DD8C0E1AE30DA0FCE0C219D18FD8258
[Dance Central™ 3],2013/05/28,30,7.99,69,Pitbull Fan Pack 01 - Pitbull,789A6DC832B257944F733960E7A5DE163EC2EB4C58
[Dance Central™ 3],2013/02/05,30,2.99,20,What Makes You Beautiful - One Direction,62422AFAF4535C799EC5E11BAF1495C97409424358
[Dance Central™ 3],2013/01/15,30,4.99,46,Pitbull Dance Pack 01 - Pitbull,AD88413EA774D907296CED9A04DC08AFF95B742558
[Dance Central™ 3],2012/11/20,30,4.99,44,Usher Dance Pack 01 - Usher,0CCFF879361C37088114284909F8B2EC80135A0958
[Dance Central™ 3],2013/01/08,30,2.99,25,Whip It - Nicki Minaj,A089056207D1377F48B3302861A01A35F85B33FC58
[Dance Central™ 3],2013/05/28,30,4.99,23,Ne-Yo Fan Pack 01 - Ne-Yo,0079D0E2114284D5BD4F580064E0F15ACF29409458
[Dance Central™ 3],2012/11/20,30,2.99,22,Twisted - Usher ft. Pharrell,D8059BE046FD34345ACB47BB3A58ECCED2DADD2858
[Dance Central™ 3],2013/01/22,30,2.99,19,Glad You Came - The Wanted,15BAB2F14DC820C2A38437DBBE845BBB8901DD3858
[Dance Central™ 3],2013/01/15,30,2.99,24,Hey Baby (Drop It to the Floor) - Pitbull ft. T-Pain,CC4D6174CFDB791A9C652AF97AA1644306D42F2858
[Dance Central™ 3],2013/03/12,30,4.99,48,Rihanna Dance Pack 02 - Rihanna,51D47183C3291555E789F34C9A79EB84CD4581B558
[Dance Central™ 3],2013/05/28,30,4.99,40,Flo Rida Fan Pack 01 - Flo Rida,A9236FDA7370B4425375308641754D19F336E13158
[DanceDanceRevolution],2011/04/12,-65535,0.00,23,DanceDanceRevolution PREMIUM PACK,F3CDB166633F9E7ADC38FE7E4CC8E72DFD0C6A7C58
[DanceDanceRevolution],2011/04/12,-65535,4.99,20,DanceDanceRevolution Greatest Hits,3C6A395C282F8E6AAA306D4C07ED17B596AB540B58
[DanceDanceRevolution],2011/04/12,-65535,4.99,23,DDR KONAMIX Greatest Hits,96581437A5C311F71F4128CCF8C1EF15C30EE84F58
[DanceDanceRevolution],2011/04/12,-65535,4.99,23,DDR SuperNOVA Greatest Hits 1,71E82955C4680A611ADE80901C610B00BAC0F5B758
[DanceDanceRevolution],2011/04/12,-65535,4.99,25,DDR SuperNOVA2 Greatest Hits,2620FD7D658B1B4AB7DE75F3909901F12FDE08C058
[DanceDanceRevolution],2011/04/12,-65535,4.99,24,DDRMAX2 Greatest Hits,F63E90070A7C8F1BE4323BFD72A8923AA65BB0E358
[DanceDanceRevolution],2011/04/12,-65535,4.99,25,DDR SuperNOVA Greatest Hits 2,F426CE27B973ACC888E2F5018B6254B80F50ADC858
[DanceMasters],2011/02/15,20,1.99,45,OUTFIT 4,72B5A30FE60094C88A8C2E9C9D640D6730B02E8C58
[DanceMasters],2011/01/18,20,0.00,38,OUTFIT 1,4B893C381D1D90B10E2C0A09D81A32A0B27A948358
[DanceMasters],2011/03/01,20,1.99,36,OUTFIT 5,768041A433EED9FA7696604834ED6E7B388EBFB658
[DanceMasters],2010/12/21,20,0.00,0,Master Level Pack,CDE55ECF9D3FC93441586D58F5A4D30F6734A83358
[DanceMasters],2011/01/18,20,1.99,38,OUTFIT 2,5FF2FD553983F98EC492AD82A67F2ED38E51C52B58
[DanceMasters],2011/02/01,20,1.99,36,OUTFIT 3,CC3C40D19160C68B18A386AD1A233210F1C1D48358
[Dante's Inferno™],2010/02/04,40,0.00,0,Free Soul Pack,94A0E3A7651B9A64ADFEA6DD60F1B7F3D44AC6CE58
[Dante's Inferno™],2010/04/15,40,2.99,0,Devil Pack,D86D7B0552FA6981E48E07854C21B8FB719090E858
[Dante's Inferno™],2010/02/18,40,1.99,4,Florentine Dante Costume,AE11F72AE00FA772FE1682DDAAED673B6635113E58
[Dante's Inferno™],2010/03/04,40,4.99,221,Dark Forest Pack,0AC8F4A5A2B6E47B3391A84854BC86B039E4FA0758
[Dante's Inferno™],2010/02/04,40,1.00,0,Small Soul Pack,8798305B1C869E98C7FAB68E100315F05456853158
[Dante's Inferno™],2010/03/18,40,2.99,0,Relics Triple Pack,23471E7296C26144C5E083E1E18E125C50F48F0858
[Dante's Inferno™],2010/02/04,40,1.99,0,Medium Soul Pack,A574D8383D8DB7F7CC2E2B85D0631353964C16C358
[Dante's Inferno™],2010/04/01,40,2.99,0,Godlike Pack,5212AD8C1647389A8F6FAB559BAED66F44280BAF58
[Dante's Inferno™],2010/02/04,40,3.99,0,Large Soul Pack,6EF0CDC0A17589F6C823BB2DA5101DCBC3B1EBA458
[Dante's Inferno™],2010/02/25,40,1.99,4,Animated Film Dante Costume,D20CE04C0C3E0715253E3C1A80E834BE78059C8D58
[DARK],2013/12/05,40,4.99,391,DARK - Cult of the Dead,9E98F98A199DCEFEE449839A0C2F027CFEC1948558
[DARK SOULS™ II],2014/07/18,30,0.00,1078,DARK SOULS™ II Compatibility Pack 4,D4B91B6B4DA1509C280F56F77B09203DE7D39AE658
[DARK SOULS™ II],2014/11/25,-65535,24.99,1078,DARK SOULS™ II – Add-on Bundle,D4B91B6B4DA1509C280F56F77B09203DE7D39AE658
[DARK SOULS™ II],2014/08/26,-65535,9.99,1078,DARK SOULS™ II Crown of the Old Iron King,D4B91B6B4DA1509C280F56F77B09203DE7D39AE658
[DARK SOULS™ II],2014/09/30,-65535,9.99,1078,DARK SOULS™ II Crown of the Ivory King,D4B91B6B4DA1509C280F56F77B09203DE7D39AE658
[DARK SOULS™ II],2014/07/22,-65535,9.99,1078,Dark Souls™ II Crown of the Sunken King,D4B91B6B4DA1509C280F56F77B09203DE7D39AE658
[Dark Souls™],2012/10/23,40,14.99,346,Dark Souls - Artorias of the Abyss,C4408B90A79D05F0E06F903856A411C56C97A19158
[Dark Void],2010/02/10,30,4.99,383,Survivor Missions,B63A403EE817EA56CCEEDE2A263DB236725B09FA58
[The Darkness],2008/03/07,40,0.00,32,Darkness MP Map: DM_Haunt,6A606CE28A8D21F881CDD8EA27CFAA8F965AEBE358
[Darksiders II],2012/08/14,40,9.99,0,Crucible Pass,7CC84EFD25B79BED470BF9F4E710D7D6A5228F0058
[Darksiders II],2012/09/25,25,6.99,465,Argul's Tomb,F514A708DC5D4D34599F0C3A0A04BDFA5D8742E858
[Darksiders II],2012/10/02,40,1.99,0,Angel of Death Pack,354A998543B140A70BB9F9FE8C0F87558F0466A958
[Darksiders II],2012/10/02,40,1.00,0,Deadly Despair Pack,1ECAACB76BC9AB7E49B4E2B7FD99792CCCBC7E3558
[Darksiders II],2012/10/02,40,1.00,0,Mortis,F4B7F0E09669295C0BFE852FBE1C64E3A1052A2258
[Darksiders II],2012/10/02,40,1.99,0,Shadow of Death Pack,1AEF5BE680E00A7DCAEE080EFEE738EF0C5F3F5858
[Darksiders II],2012/10/02,40,0.99,0,Rusanov's Axe,9B16E8D810B7F43A9DF2250347603927E33A560158
[Darksiders II],2012/10/02,40,1.00,0,Fletcher's Crow Hammer,EB0B34E2802402062451E3DA19C2C4009486E74C58
[Darksiders II],2012/11/13,25,2.99,0,Maker Armor Set,D2635627D28CFF227733FD1D0516598D823BB25258
[Darksiders II],2012/10/02,40,1.00,0,Mace Maximus,9080705BDF9A596F2773C2E70C2066DF19F16C3558
[Darksiders II],2012/10/30,40,9.99,387,Abyssal Forge,2AB979F85CB54831738550A3C8C4E088CA4B218458
[Darksiders II],2012/10/02,40,1.00,0,Van der Schmash,B25DD63C6D320A506660E0654C57875CE981A68A58
[Darksiders II],2012/09/25,40,6.99,0,Death Rides Pack,578A6700E7DA8CB04EB32703B0FB6987CD300DC958
[Darksiders II],2012/12/04,40,9.99,362,The Demon Lord Belial,B72D349509CB8A04F5A2A48BE4843005619BC96C58
[Darksiders II],2012/08/14,25,16.99,0,Season Pass,1121318794E1B61E2A585D129B8E9D165051D28958
[Darkstalkers Resurrection],2013/03/26,30,1.00,2,Demitri Cabinet Skin,FE6AC7531FE983BEAD99C002B7DB08E10A30917C58
[Darkstalkers Resurrection],2013/03/26,30,1.00,3,Lilith Cabinet Skin,ECAFC7931EEBACE21A9A222BDE79C7717EEBB20B58
[Darkstalkers Resurrection],2013/03/26,30,1.00,2,Jedah Cabinet Skin,DFD6191782ECB6783C04F8039F0E499344BE993B58
[Darkstalkers Resurrection],2013/03/26,30,1.00,3,Pyron Cabinet Skin,2A513CFFB82F891EB97DA31F2ADF64F2F7EA54CA58
[Darkstalkers Resurrection],2013/03/26,30,1.00,2,Q-Bee Cabinet Skin,9FA243720CC2CC957A88038ED29C20C5089DE80458
[Darkstalkers Resurrection],2013/03/26,30,1.99,8,Pool Hall Arcade Theme,D5A7F0BDEEBC7DFA104717D5A722DCFEF75A682258
[Darkstalkers Resurrection],2013/03/26,30,1.00,3,Jon Talbain Cabinet Skin,8512E9439AEE672515870F7FDAB5D5431B1F7EB358
[Darkstalkers Resurrection],2013/03/26,30,1.00,3,Anakaris Cabinet Skin,DFD962939F9ABED9AC1F4E7ECEDAF23ACE3388AA58
[Darkstalkers Resurrection],2013/03/26,30,1.99,8,Mansion Arcade Theme,8EE2F6AFF98918F4AE3E37CC067D3BAD4A4827B358
[Darkstalkers Resurrection],2013/03/26,30,1.00,3,Lord Raptor Cabinet Skin,63E28AE810C3072073AD5B0C1A591C03EBC8565158
[Darkstalkers Resurrection],2013/03/26,30,1.00,3,Sasquatch Cabinet Skin,A091C265F6AB3EEC6946041760D15A3B55A9322858
[Darkstalkers Resurrection],2013/03/26,30,1.00,3,Felicia Cabinet Skin,7DFB899F73016B384603E68C3272E4EC25867E0458
[Darkstalkers Resurrection],2013/03/26,30,1.00,3,Hsien-Ko Cabinet Skin,B843695E774C3DCF0AF0125436E283ACC9361BA958
[Darkstalkers Resurrection],2013/03/26,30,1.00,3,Huitzil Cabinet Skin,2728B1B58A8D1BC2CBD18F51ACC271FF4D85AF6D58
[Darkstalkers Resurrection],2013/03/26,30,1.00,2,Bishamon Cabinet Skin,AF6597A47551CFE33BD04EAD3AC5E0DEB1854A8058
[Darkstalkers Resurrection],2013/03/26,30,1.00,3,Donovan Cabinet Skin,675A4909FA6F9AD08697E459695582072F5FF4D558
[Darkstalkers Resurrection],2013/03/26,30,1.00,3,Morrigan Cabinet Skin,5301F61996CA88D54429371617CF8EC64E9E2FCA58
[Darkstalkers Resurrection],2013/03/26,30,1.00,3,Victor Cabinet Skin,8927F137AA3B485401D00685050768E1706488A758
[Darkstalkers Resurrection],2013/03/26,30,1.00,3,Rikuo Cabinet Skin,D1595A5A2C78C4BE03EDA13D75F259279037F0D158
[Darkstalkers Resurrection],2013/03/26,30,1.00,3,B.B. Hood Cabinet Skin,436D31EEA9C7F28400462A49069CCBE8612B508558
[DDR Universe 3],2008/12/18,10,1.25,0,Download Song 01,564C45794595C476ABF4451E0A95D681BAF46BEF58
[DDR Universe 3],2008/12/18,10,1.25,0,Download Song 02,EF83A9632CF834BBCA05AA69D6B64A363C6D7EB458
[DDR Universe 3],2008/12/18,10,1.25,0,Download Song 03,9DAC81E5EC5675B34494830DF649ACAA19B7101E58
[DDR Universe 3],2008/12/18,10,1.25,0,Download Song 04,313EB9E2A480D54066BD7737EDC3DDDBD9E1717E58
[DDR Universe 3],2008/12/18,10,1.25,0,Download Song 05,5676C82B89CE67296D5C59722CD2CC92B541FD6758
[DDR Universe 3],2008/12/18,10,1.25,0,Download Song 06,10A35BBE657C406C5024A2EC1437FAEDC55D2BAC58
[DDR Universe 3],2008/12/18,10,1.25,0,Download Song 07,45099CDA1F4437DC2F0E3969C22E41D39537E74558
[DDR Universe 3],2008/12/18,10,1.25,0,Download Song 08,CCFF30608FBBD9130824932A9963C1049B23A28258
[DDR Universe 3],2008/12/18,10,1.25,0,Download Song 09,8E8949121D0E7FDCFA821C1BE706B78A6F5FC31F58
[DDR Universe 3],2008/12/30,10,1.25,0,Download Song 10,4E0E644187DA253AB31301809AD86A46AD13740658
[DDR Universe 3],2009/01/13,10,9.99,0,Download song Mega Pack,A2EC115D1A573DE8D2F3D97EC1371AC262B38E3158
[DDR Universe 3],2008/12/30,10,0.00,0,Present song 01,D0818D895ED3C2E041C8A3D5AB69038C7DAC4E2358
[DDR Universe 3],2008/12/30,10,0.00,0,Present song 02,C3FC7E4BA6670F4F6AFF08973B33E5C6CD40E50C58
[DDR Universe 3],2008/12/18,10,7.49,0,Universe Mega Pack,D7AA44C4C4539BA88C3B25D6797C3BF4C75AB57F58
[DDR Universe 3],2008/12/18,10,7.49,0,Universe 2 Mega Pack,ACE08DF44CB0622C4C8B36A0DBF58A20598FAF3F58
[DDR Universe 3],2008/12/18,10,4.99,0,Voice Pack,726BF951B441DAE3D1A7B9DD4EB6056AE4834E4C58
[Dead Island],2012/01/31,40,9.99,751,Ryder White,C8083550C86AF2801847DAB91AE40183A3308EE458
[Dead Island],2011/11/22,40,9.99,978,Bloodbath Arena Multiplayer Mode + Leaderboards,014519D034DD1E6F509435BD8B963922FF04DEC458
[Dead Island Riptide],2013/04/23,40,4.99,0,Survivor Pack,45CC710F77982C574A9EFF817EFDE900EEFBE08258
[Dead Island Riptide],2013/04/23,40,1.99,0,Fashion Victim,5F6589C1B7C0AEF080D8DDBC6C36A1EC1AE3FCAA58
[Dead or Alive 5],2013/02/26,40,0.00,180,Dead or Alive 5 Content Update,1BC399256F4CC7250BED101EA6B0EEBCF4797EFE58
[Dead or Alive 5],2012/10/02,40,0.00,68,Dead or Alive 5 First Time Pack,B82309D4EE0803B6511F11F095E79DB620ABC1F758
[Dead or Alive 5],2013/02/26,40,0.00,180,Dead or Alive 5 Zack Island Stage,1BC399256F4CC7250BED101EA6B0EEBCF4797EFE58
[Dead or Alive 5],2012/11/13,40,2.99,16,Dead or Alive 5 DOATEC Divas,280411B4DAC0BE7F1B9F6E3091A893A0A843D6D958
[Dead or Alive 5],2013/07/16,40,1.00,71,Dead or Alive 5 Cheerleader Mila,8CEADA90BCE0DD5EB1690BF90A68E0383DB13C5658
[Dead or Alive 5],2012/11/13,40,4.99,61,Dead or Alive 5 Player's Swimwear Pack 2,D4825A183791957570A1AD2A73EAFD34134FDB8558
[Dead or Alive 5],2012/10/30,40,4.99,84,Dead or Alive 5 Costumes - Special Set 2,638C49E0F179DCCA47634228939DFA4859066FC858
[Dead or Alive 5],2013/02/26,40,4.99,180,Dead or Alive 5 Hotties Swimwear Pack 2,1BC399256F4CC7250BED101EA6B0EEBCF4797EFE58
[Dead or Alive 5],2013/07/16,40,1.00,71,Dead or Alive 5 Cheerleader Tina,8CEADA90BCE0DD5EB1690BF90A68E0383DB13C5658
[Dead or Alive 5],2012/11/27,40,4.99,79,Dead or Alive 5 Costumes - Formal Wear,5B00DE431C8C7ADC560105F91D825D3109CAA14E58
[Dead or Alive 5],2013/02/26,40,4.99,180,Dead or Alive 5 Hotties Swimwear Pack 3,1BC399256F4CC7250BED101EA6B0EEBCF4797EFE58
[Dead or Alive 5],2012/11/13,40,4.99,61,Dead or Alive 5 Player's Swimwear Pack 3,D4825A183791957570A1AD2A73EAFD34134FDB8558
[Dead or Alive 5],2013/07/16,40,1.00,71,Dead or Alive 5 Cheerleader Leifang,8CEADA90BCE0DD5EB1690BF90A68E0383DB13C5658
[Dead or Alive 5],2013/07/16,40,1.00,71,Dead or Alive 5 Cheerleader Hitomi,8CEADA90BCE0DD5EB1690BF90A68E0383DB13C5658
[Dead or Alive 5],2012/12/18,40,2.99,80,Dead or Alive 5 Santa's Naughty Girls,6238AA82676F777B0C32078687DAB5A4F6C0956158
[Dead or Alive 5],2012/10/30,40,4.99,84,Dead or Alive 5 Costumes - Gym Class,638C49E0F179DCCA47634228939DFA4859066FC858
[Dead or Alive 5],2012/10/16,40,4.99,75,Dead or Alive 5 Costumes - What a Character,2B7EF22AF0350717F06C3882420CC4A61FF1837658
[Dead or Alive 5],2012/11/13,40,2.99,17,Dead or Alive 5 Devils,2315090FD1F63781318346416C9691EA084F52F858
[Dead or Alive 5],2012/10/16,40,4.99,75,Dead or Alive 5 Costumes - Special Set,2B7EF22AF0350717F06C3882420CC4A61FF1837658
[Dead or Alive 5],2012/11/27,40,12.99,79,Dead or Alive 5 Round 5 Costumes - Full Set,5B00DE431C8C7ADC560105F91D825D3109CAA14E58
[Dead or Alive 5],2013/02/26,40,4.99,49,Dead or Alive 5 Fighter Pack,D0BEBDB6524EA664E485D43103FD37D5BBC2872758
[Dead or Alive 5],2012/10/16,40,4.99,75,Dead or Alive 5 Costumes - Kitty Pack,2B7EF22AF0350717F06C3882420CC4A61FF1837658
[Dead or Alive 5],2012/10/30,40,4.99,84,Dead or Alive 5 Costumes - Uniforms,638C49E0F179DCCA47634228939DFA4859066FC858
[Dead or Alive 5],2013/07/16,40,4.99,54,Dead or Alive 5 Hot Getaway Pack 1,87A4D3BDB507B76D1C1813011F98B21C087349BA58
[Dead or Alive 5],2012/10/16,40,12.99,75,Dead or Alive 5 Round 2 Costumes - Full Set,2B7EF22AF0350717F06C3882420CC4A61FF1837658
[Dead or Alive 5],2013/07/16,40,1.00,71,Dead or Alive 5 Cheerleader Kokoro,8CEADA90BCE0DD5EB1690BF90A68E0383DB13C5658
[Dead or Alive 5],2012/12/18,40,7.99,79,Dead or Alive 5 Christmas Set 2,34BE05A5DBBFE610FE1DEE211F21B424AA68795058
[Dead or Alive 5],2013/07/16,40,8.99,71,Dead or Alive 5 Cheerleader Set,8CEADA90BCE0DD5EB1690BF90A68E0383DB13C5658
[Dead or Alive 5],2012/12/18,40,2.99,79,Dead or Alive 5 Lil' Santas 2,34BE05A5DBBFE610FE1DEE211F21B424AA68795058
[Dead or Alive 5],2012/12/18,40,2.99,80,Dead or Alive 5 Santa's Nice Girls,6238AA82676F777B0C32078687DAB5A4F6C0956158
[Dead or Alive 5],2013/07/16,40,1.00,71,Dead or Alive 5 Cheerleader Christie,8CEADA90BCE0DD5EB1690BF90A68E0383DB13C5658
[Dead or Alive 5],2013/07/16,40,1.00,71,Dead or Alive 5 Cheerleader Ayane,8CEADA90BCE0DD5EB1690BF90A68E0383DB13C5658
[Dead or Alive 5],2012/11/27,40,4.99,79,Dead or Alive 5 Costumes - China Pack,5B00DE431C8C7ADC560105F91D825D3109CAA14E58
[Dead or Alive 5],2012/12/11,40,7.99,80,Dead or Alive 5 Christmas Set,6238AA82676F777B0C32078687DAB5A4F6C0956158
[Dead or Alive 5],2012/11/27,40,4.99,79,Dead or Alive 5 Costumes - Special Set 3,5B00DE431C8C7ADC560105F91D825D3109CAA14E58
[Dead or Alive 5],2012/11/13,40,12.99,61,Dead or Alive 5 Player's Swimwear Set,D4825A183791957570A1AD2A73EAFD34134FDB8558
[Dead or Alive 5],2012/12/18,40,2.99,79,Dead or Alive 5 Santa's Naughty Girls 2,34BE05A5DBBFE610FE1DEE211F21B424AA68795058
[Dead or Alive 5],2013/07/16,40,4.99,54,Dead or Alive 5 Hot Getaway Pack 3,87A4D3BDB507B76D1C1813011F98B21C087349BA58
[Dead or Alive 5],2013/07/16,40,1.00,71,Dead or Alive 5 Cheerleader Kasumi,8CEADA90BCE0DD5EB1690BF90A68E0383DB13C5658
[Dead or Alive 5],2012/10/30,40,12.99,84,Dead or Alive 5 Round 3 Costumes - Full Set,638C49E0F179DCCA47634228939DFA4859066FC858
[Dead or Alive 5],2012/12/18,40,2.99,79,Dead or Alive 5 Santa's Nice Girls 2,34BE05A5DBBFE610FE1DEE211F21B424AA68795058
[Dead or Alive 5],2013/07/16,40,12.99,54,Dead or Alive 5 Hot Getaway Set,87A4D3BDB507B76D1C1813011F98B21C087349BA58
[Dead or Alive 5],2012/11/13,40,2.99,15,Dead or Alive 5 Angels,F0C6C7A032051CF039534A51D4CA786780B574D758
[Dead or Alive 5],2013/07/16,40,1.00,71,Dead or Alive 5 Cheerleader Lisa,8CEADA90BCE0DD5EB1690BF90A68E0383DB13C5658
[Dead or Alive 5],2012/12/18,40,2.99,80,Dead or Alive 5 Lil' Santas,6238AA82676F777B0C32078687DAB5A4F6C0956158
[Dead or Alive 5],2013/07/09,40,12.99,180,Dead or Alive 5 Hotties Swimwear Set,1BC399256F4CC7250BED101EA6B0EEBCF4797EFE58
[Dead or Alive 5],2013/07/16,40,1.00,71,Dead or Alive 5 Cheerleader Helena,8CEADA90BCE0DD5EB1690BF90A68E0383DB13C5658
[Dead or Alive 5],2013/07/16,40,4.99,54,Dead or Alive 5 Hot Getaway Pack 2,87A4D3BDB507B76D1C1813011F98B21C087349BA58
[Dead or Alive 5],2012/11/13,40,4.99,61,Dead or Alive 5 Player's Swimwear Pack 1,D4825A183791957570A1AD2A73EAFD34134FDB8558
[Dead or Alive 5],2012/09/25,40,9.99,0,Dead or Alive 5 Online Pass,ED8F0B90455A92C18ABA2F4B85EA5E695ABBCF2058
[Dead or Alive 5],2013/02/26,40,4.99,180,Dead or Alive 5 Hotties Swimwear Pack 1,1BC399256F4CC7250BED101EA6B0EEBCF4797EFE58
[DOA5 Last Round],2015/02/17,40,0.00,754,DOA5LR Costume Catalog 2,057F0D8C3473CE21FF876180F3FBBAD9D6A70A2658
[DOA5 Last Round],2015/08/11,40,0.00,74,DOA5LR Costume Catalog LR14,B696E96648881ACEEF3410DBBC75F28EE9E1176F58
[DOA5 Last Round],2015/03/24,40,0.00,77,DOA5LR Costume Catalog LR07,DBC9FBDFA4987A73757D8C8CA8C2F67862AD825958
[DOA5 Last Round],2015/10/13,40,0.00,74,DOA5LR Costume Catalog LR17,3CA267089473DD5EFAB850FAC6C4C6AB7CDC8D3358
[DOA5 Last Round],2014/03/25,40,0.00,159,Dead or Alive 5 Ultimate Costume Catalog #11,8683C81052DE0F1AE6CB3E1A1C9FD27ADEE601F158
[DOA5 Last Round],2013/10/08,40,0.00,179,Dead or Alive 5 Ultimate Costume Catalog #04,3D046047F38DF7838F900F472F935F969ACFA8D858
[DOA5 Last Round],2015/07/21,40,0.00,71,DOA5LR Costume Catalog LR12,DC5AA5247C43B6C60A5DE3DA363C626AD5109F1458
[DOA5 Last Round],2015/03/10,40,0.00,42,DOA5LR Costume Catalog LR06,87B5AD8460CBADF1875E0D2E1BCF1721C41C5D9958
[DOA5 Last Round],2015/10/13,40,0.00,66,DOA5LR Costume Catalog LR18,786C9E8C5787DC911B72041ECC6D350D130FEBE458
[DOA5 Last Round],2014/02/04,40,0.00,99,Dead or Alive 5 Ultimate Costume Catalog #09,B9F628E9BA8E210DDA772442FD078C26DB39C0B158
[DOA5 Last Round],2014/09/02,40,0.00,106,Dead or Alive 5 Ultimate Costume Catalog 17,B498A5595980886495E0FFD8280D1696367DD9CC58
[DOA5 Last Round],2015/05/19,40,0.00,70,DOA5LR Costume Catalog LR09,2D51E9391AF3F4C9F067311535354BAC087C2B6258
[DOA5 Last Round],2015/04/28,40,0.00,33,DOA5LR Costume Catalog LR03,DF4FFC40FC421C097E823C6BBDB40DB9134EFECC58
[DOA5 Last Round],2015/02/24,40,0.00,44,DOA5LR Costume Catalog LR05,C32C6184B39F7D88AAD642DA0663E4A57C685B2858
[DOA5 Last Round],2015/04/21,40,0.00,112,DOA5LR Costume Catalog LR01,13EBBD72E055ABB5A745FC47240A75AE22533D7458
[DOA5 Last Round],2015/06/16,40,0.00,63,DOA5LR Costume Catalog LR10,08EB7554F84B2A0FF599941B4FBEC2F25E580C1558
[DOA5 Last Round],2014/06/17,40,0.00,122,Dead or Alive 5 Ultimate Costume Catalog 14,9FEDFAD9FAEFF8833C13853DCD9AF98715C2C35858
[DOA5 Last Round],2015/04/07,40,0.00,40,DOA5LR Costume Catalog LR08,1BF04997B6CB9ECEE3F42C28366C4C592C333F3B58
[DOA5 Last Round],2013/10/08,40,0.00,9,Dead or Alive 5 Ultimate Costume Catalogue #01,1BAFC39EFB7FBA6BC38D5569B0F978DB550DEF7458
[DOA5 Last Round],2014/03/18,40,0.00,8,Dead or Alive 5 Ultimate Costume Catalog #10,DF82B224C420F080D8B52994FA74F30A07AFBEAE58
[DOA5 Last Round],2013/09/17,40,0.00,65,Dead or Alive 5 Ultimate Costume Catalog #02,9114F6154E035B4366604265E28D9048251AC15058
[DOA5 Last Round],2014/05/20,40,0.00,54,Costume Catalog 13,A3D6CD2AEE883CE79BC8D0970871A97E0D1CA08958
[DOA5 Last Round],2014/10/14,40,0.00,137,Dead or Alive 5 Ultimate Costume Catalog 19,8E8B870948F9C23D4F131DFEEC9EA85C1B97CFC258
[DOA5 Last Round],2014/12/09,40,0.00,59,Dead or Alive 5 Ultimate Costume Catalog 21,A6790DD98B1EE33734CB774CB3A80D3C65BAF43858
[DOA5 Last Round],2013/09/03,40,0.00,128,Dead or Alive 5 Ultimate Costume Catalogue #00,4250ACFD1B15ED82E17B54580EE3AC43F762328558
[DOA5 Last Round],2013/11/19,40,0.00,59,Dead or Alive 5 Ultimate Costume Catalog #06,2DA280BE39F95204943B8F59EC6EF414266021C858
[DOA5 Last Round],2013/11/05,40,0.00,82,Dead or Alive 5 Ultimate Costume Catalog #05,30937BC569CDE3056FF12B3A2378C7260DDD209C58
[DOA5 Last Round],2014/11/18,40,0.00,59,Dead or Alive 5 Ultimate Costume Catalog 20,8B2AB4FF97AB7B47AE73F7F10A4FF9A91E078FBB58
[DOA5 Last Round],2014/09/23,40,0.00,46,Dead or Alive 5 Ultimate Costume Catalog 18,AF411A5CF0792AD798AB30B7F91EA88FEB259D7758
[DOA5 Last Round],2014/04/22,40,0.00,83,Dead or Alive 5 Ultimate Costume Catalog #12,FFB540AE28EE9DE814E618F80D7B4883912FFD5858
[DOA5 Last Round],2015/08/11,40,1.99,74,DOA5LR Hot Summer Kokoro Costume,B696E96648881ACEEF3410DBBC75F28EE9E1176F58
[DOA5 Last Round],2014/07/29,40,0.00,46,Dead or Alive 5 Ultimate Costume Catalog 15,2A752D5F192AA164D6BD9934A6AD22844369ED5E58
[DOA5 Last Round],2013/09/03,40,1.99,0,Kokoro Uniform,D1C53E83579551323C52738B1524E0B61D14164758
[DOA5 Last Round],2015/10/13,40,1.99,74,DOA5LR Momiji Halloween Costume 2015,3CA267089473DD5EFAB850FAC6C4C6AB7CDC8D3358
[DOA5 Last Round],2014/06/17,40,5.99,122,Dead or Alive 5 Ultimate Character: Phase 4,9FEDFAD9FAEFF8833C13853DCD9AF98715C2C35858
[DOA5 Last Round],2013/12/03,40,0.00,56,Dead or Alive 5 Ultimate Costume Catalog #07,087F12F09CBD54C8E843437A9E79F92F0BF3402358
[DOA5 Last Round],2014/08/19,40,0.00,61,Dead or Alive 5 Ultimate Costume Catalog 16,15AAB4B14B239D3621D02A8842868E43EB0E794B58
[DOA5 Last Round],2015/02/17,40,14.99,754,DOA5LR New Fighters Set,057F0D8C3473CE21FF876180F3FBBAD9D6A70A2658
[DOA5 Last Round],2013/12/17,40,0.00,68,Dead or Alive 5 Ultimate Costume Catalog #08,CC967528EC43BA61555C653EF184A42E4ACD4BBD58
[DOA5 Last Round],2014/02/04,40,2.99,99,Dead or Alive 5 Ultimate Rachel's Private Paradise,B9F628E9BA8E210DDA772442FD078C26DB39C0B158
[DOA5 Last Round],2013/10/15,40,1.99,179,Hayate Halloween Costume,3D046047F38DF7838F900F472F935F969ACFA8D858
[DOA5 Last Round],2013/12/10,40,0.00,13,Dead or Alive 5 Ultimate Costume Catalog Data #03,05AC8905E0D57D3F9A3ABE70DFE080378FEB91CB58
[DOA5 Last Round],2015/02/17,40,3.99,754,DOA5LR Character: Honoka,057F0D8C3473CE21FF876180F3FBBAD9D6A70A2658
[DOA5 Last Round],2014/10/14,40,1.99,137,Dead or Alive 5 Ultimate Ayane Halloween Costume 2014,8E8B870948F9C23D4F131DFEEC9EA85C1B97CFC258
[DOA5 Last Round],2013/09/10,40,1.99,128,Ultimate Sexy Rachel,4250ACFD1B15ED82E17B54580EE3AC43F762328558
[DOA5 Last Round],2015/02/17,40,7.49,754,DOA5LR Honoka Debut Costume Set,057F0D8C3473CE21FF876180F3FBBAD9D6A70A2658
[DOA5 Last Round],2014/02/04,40,2.99,99,Dead or Alive 5 Ultimate Ayane's Private Paradise,B9F628E9BA8E210DDA772442FD078C26DB39C0B158
[DOA5 Last Round],2015/04/21,40,1.99,112,DOA5LR Beach Party Momiji,13EBBD72E055ABB5A745FC47240A75AE22533D7458
[DOA5 Last Round],2013/09/10,40,1.99,128,Ultimate Sexy Momiji,4250ACFD1B15ED82E17B54580EE3AC43F762328558
[DOA5 Last Round],2013/10/15,40,1.99,179,Rachel Halloween Costume,3D046047F38DF7838F900F472F935F969ACFA8D858
[DOA5 Last Round],2014/11/18,40,1.99,59,Dead or Alive 5 Ultimate Kokoro Police Uniform,8B2AB4FF97AB7B47AE73F7F10A4FF9A91E078FBB58
[DOA5 Last Round],2013/12/03,40,1.99,56,Casual Collection Vol. 2 - Bayman,087F12F09CBD54C8E843437A9E79F92F0BF3402358
[DOA5 Last Round],2013/11/12,-65535,6.99,128,Pop Idols - Team A,4250ACFD1B15ED82E17B54580EE3AC43F762328558
[DOA5 Last Round],2015/04/21,40,1.99,112,DOA5LR Showstoppers Helena,13EBBD72E055ABB5A745FC47240A75AE22533D7458
[DOA5 Last Round],2015/07/21,40,2.99,71,DOA5LR Costume by Tamiki Wakaki - Mila,DC5AA5247C43B6C60A5DE3DA363C626AD5109F1458
[DOA5 Last Round],2014/04/22,40,1.99,83,Christie Nurse Costume,FFB540AE28EE9DE814E618F80D7B4883912FFD5858
[DOA5 Last Round],2014/10/14,40,1.99,137,Dead or Alive 5 Ultimate Hayabusa Halloween Costume 2014,8E8B870948F9C23D4F131DFEEC9EA85C1B97CFC258
[DOA5 Last Round],2015/03/10,40,1.99,42,DOA5LR Ninja Clan 2 - Phase 4,87B5AD8460CBADF1875E0D2E1BCF1721C41C5D9958
[DOA5 Last Round],2015/05/19,40,1.99,70,DOA5LR Fighter Force Leifang,2D51E9391AF3F4C9F067311535354BAC087C2B6258
[DOA5 Last Round],2013/10/15,40,1.99,179,Momiji Halloween Costume,3D046047F38DF7838F900F472F935F969ACFA8D858
[DOA5 Last Round],2013/12/17,40,1.99,68,Dead or Alive 5 Ultimate Jann Lee Legacy Costume,CC967528EC43BA61555C653EF184A42E4ACD4BBD58
[DOA5 Last Round],2013/09/03,40,1.99,0,Player's Swimwear - Helena,37A4EA419425410AD230808E29E218153860CB2858
[DOA5 Last Round],2015/07/21,40,2.99,71,DOA5LR Costume by Tamiki Wakaki - Honoka,DC5AA5247C43B6C60A5DE3DA363C626AD5109F1458
[DOA5 Last Round],2013/09/03,40,1.00,0,Lil' Santas - Mr. Strong,15F33C777F283EF688C7C88197C7840593A65C3158
[DOA5 Last Round],2014/09/23,40,1.99,46,Dead or Alive 5 Ultimate Sexy Bunny Momiji,AF411A5CF0792AD798AB30B7F91EA88FEB259D7758
[DOA5 Last Round],2013/09/17,40,1.99,65,Leifang School Uniform,9114F6154E035B4366604265E28D9048251AC15058
[DOA5 Last Round],2015/03/10,40,1.99,42,DOA5LR Ninja Clan 2 - Nyotengu,87B5AD8460CBADF1875E0D2E1BCF1721C41C5D9958
[DOA5 Last Round],2015/10/13,40,1.99,66,DOA5LR Honoka Halloween Costume 2015,786C9E8C5787DC911B72041ECC6D350D130FEBE458
[DOA5 Last Round],2015/06/16,40,2.99,63,DOA5LR Deception Costume - Raidou,08EB7554F84B2A0FF599941B4FBEC2F25E580C1558
[DOA5 Last Round],2013/10/15,40,1.99,179,Leifang Halloween Costume,3D046047F38DF7838F900F472F935F969ACFA8D858
[DOA5 Last Round],2013/09/03,40,1.99,0,Gym Class Hitomi,72B1F67EE5422C8002F120ED0BEDC3587356EC3D58
[DOA5 Last Round],2013/09/03,40,1.00,0,Cheerleader Christie,FC0BEA78FA2DCB9FF9CE4F52ABD78DDCECDDD9C458
[DOA5 Last Round],2015/05/19,40,1.99,70,DOA5LR Fighter Force Momiji,2D51E9391AF3F4C9F067311535354BAC087C2B6258
[DOA5 Last Round],2014/05/20,40,1.99,54,Gym Class Mila,A3D6CD2AEE883CE79BC8D0970871A97E0D1CA08958
[DOA5 Last Round],2015/10/13,40,1.99,66,DOA5LR Ein Halloween Costume 2015,786C9E8C5787DC911B72041ECC6D350D130FEBE458
[DOA5 Last Round],2015/06/16,40,2.99,63,DOA5LR Deception Costume - Kasumi,08EB7554F84B2A0FF599941B4FBEC2F25E580C1558
[DOA5 Last Round],2014/11/18,40,17.99,59,Dead or Alive 5 Ultimate Police Uniform Set,8B2AB4FF97AB7B47AE73F7F10A4FF9A91E078FBB58
[DOA5 Last Round],2014/09/23,40,1.99,46,Dead or Alive 5 Ultimate Sexy Bunny Mila,AF411A5CF0792AD798AB30B7F91EA88FEB259D7758
[DOA5 Last Round],2015/05/19,40,1.99,70,DOA5LR Fighter Force Hayate,2D51E9391AF3F4C9F067311535354BAC087C2B6258
[DOA5 Last Round],2015/04/21,40,1.99,112,DOA5LR Last Getaway Pai,13EBBD72E055ABB5A745FC47240A75AE22533D7458
[DOA5 Last Round],2015/08/11,40,1.99,74,DOA5LR Hot Summer Kasumi Costume,B696E96648881ACEEF3410DBBC75F28EE9E1176F58
[DOA5 Last Round],2015/05/19,40,24.99,70,DOA5LR Fighter Force Costume Set,2D51E9391AF3F4C9F067311535354BAC087C2B6258
[DOA5 Last Round],2014/10/14,40,1.99,137,Dead or Alive 5 Ultimate Akira Halloween Costume 2014,8E8B870948F9C23D4F131DFEEC9EA85C1B97CFC258
[DOA5 Last Round],2014/12/09,40,1.99,59,Dead or Alive 5 Ultimate Hitomi Christmas Costume,A6790DD98B1EE33734CB774CB3A80D3C65BAF43858
[DOA5 Last Round],2014/10/14,40,1.99,137,Dead or Alive 5 Ultimate Bass Halloween Costume 2014,8E8B870948F9C23D4F131DFEEC9EA85C1B97CFC258
[DOA5 Last Round],2014/08/19,40,1.99,61,Dead or Alive 5 Ultimate Momiji Maid Costume,15AAB4B14B239D3621D02A8842868E43EB0E794B58
[DOA5 Last Round],2013/09/17,40,1.99,65,Tina School Uniform,9114F6154E035B4366604265E28D9048251AC15058
[DOA5 Last Round],2013/09/03,40,5.99,0,Tina DOA5 Costumes,716C45CA99851F837A86769A63DFB5CE509F394058
[DOA5 Last Round],2014/08/19,40,15.99,61,Dead or Alive 5 Ultimate Maid Costume Set,15AAB4B14B239D3621D02A8842868E43EB0E794B58
[DOA5 Last Round],2013/12/03,40,1.99,56,Casual Collection Vol. 2 - Kokoro,087F12F09CBD54C8E843437A9E79F92F0BF3402358
[DOA5 Last Round],2014/08/19,40,1.99,61,Dead or Alive 5 Ultimate Ayane Maid Costume,15AAB4B14B239D3621D02A8842868E43EB0E794B58
[DOA5 Last Round],2014/07/29,40,1.99,46,Dead or Alive 5 Ultimate Rachel Bathtime Costume,2A752D5F192AA164D6BD9934A6AD22844369ED5E58
[DOA5 Last Round],2015/06/16,40,2.99,63,DOA5LR Deception Costume - Marie Rose,08EB7554F84B2A0FF599941B4FBEC2F25E580C1558
[DOA5 Last Round],2015/08/11,40,1.99,74,DOA5LR Hot Summer Lisa Costume,B696E96648881ACEEF3410DBBC75F28EE9E1176F58
[DOA5 Last Round],2013/09/03,40,1.99,0,Santa's Nice Girls - Sarah,232D1F250CB1ED95DE521F37D911C89CBFE00D0158
[DOA5 Last Round],2013/09/03,40,1.00,0,Lil' Santas - Bayman,15F33C777F283EF688C7C88197C7840593A65C3158
[DOA5 Last Round],2014/02/04,40,1.99,99,Tropical Sexy Helena,B9F628E9BA8E210DDA772442FD078C26DB39C0B158
[DOA5 Last Round],2013/10/15,40,1.99,179,Ayane Halloween Costume,3D046047F38DF7838F900F472F935F969ACFA8D858
[DOA5 Last Round],2015/06/16,40,2.99,63,DOA5LR Deception Costume - Lisa,08EB7554F84B2A0FF599941B4FBEC2F25E580C1558
[DOA5 Last Round],2015/04/21,40,1.99,112,DOA5LR New Challengers Marie Rose,13EBBD72E055ABB5A745FC47240A75AE22533D7458
[DOA5 Last Round],2015/04/21,40,1.99,112,DOA5LR Last Getaway Sarah,13EBBD72E055ABB5A745FC47240A75AE22533D7458
[DOA5 Last Round],2014/02/04,40,2.99,99,Dead or Alive 5 Ultimate Christie Private Paradise,B9F628E9BA8E210DDA772442FD078C26DB39C0B158
[DOA5 Last Round],2015/07/21,40,2.99,71,DOA5LR Costume by Tamiki Wakaki - Ayane,DC5AA5247C43B6C60A5DE3DA363C626AD5109F1458
[DOA5 Last Round],2013/09/03,40,1.99,0,Hotties Swimwear - Hitomi,72B1F67EE5422C8002F120ED0BEDC3587356EC3D58
[DOA5 Last Round],2015/02/24,40,1.99,44,DOA5LR Ninja Clan 1 - Honoka,C32C6184B39F7D88AAD642DA0663E4A57C685B2858
[DOA5 Last Round],2015/10/13,40,1.99,66,DOA5LR Alpha-152 Halloween Costume 2015,786C9E8C5787DC911B72041ECC6D350D130FEBE458
[DOA5 Last Round],2015/04/28,40,1.99,33,DOA5LR Showstoppers Encore Phase 4,DF4FFC40FC421C097E823C6BBDB40DB9134EFECC58
[DOA5 Last Round],2013/10/15,40,1.99,179,Rig Halloween Costume,3D046047F38DF7838F900F472F935F969ACFA8D858
[DOA5 Last Round],2014/02/04,40,1.99,99,Tropical Sexy Sarah,B9F628E9BA8E210DDA772442FD078C26DB39C0B158
[DOA5 Last Round],2014/05/20,40,1.99,54,Cheerleader Rachel,A3D6CD2AEE883CE79BC8D0970871A97E0D1CA08958
[DOA5 Last Round],2013/11/19,40,1.99,59,Casual Collection Vol. 1 - Pai,2DA280BE39F95204943B8F59EC6EF414266021C858
[DOA5 Last Round],2014/09/23,40,14.99,46,Dead or Alive 5 Ultimate Sexy Bunny Costume Set,AF411A5CF0792AD798AB30B7F91EA88FEB259D7758
[DOA5 Last Round],2014/05/20,40,1.99,54,Gym Class Momiji,A3D6CD2AEE883CE79BC8D0970871A97E0D1CA08958
[DOA5 Last Round],2015/05/19,40,1.99,70,DOA5LR Fighter Force Hitomi,2D51E9391AF3F4C9F067311535354BAC087C2B6258
[DOA5 Last Round],2014/05/20,40,1.99,54,Marie Rose Workout Clothes,A3D6CD2AEE883CE79BC8D0970871A97E0D1CA08958
[DOA5 Last Round],2015/04/28,40,11.99,33,DOA5LR Showstoppers Encore Set,DF4FFC40FC421C097E823C6BBDB40DB9134EFECC58
[DOA5 Last Round],2014/12/09,40,1.99,59,Dead or Alive 5 Ultimate Leifang Christmas Costume,A6790DD98B1EE33734CB774CB3A80D3C65BAF43858
[DOA5 Last Round],2015/04/28,40,1.99,33,DOA5LR Showstoppers Encore Mila,DF4FFC40FC421C097E823C6BBDB40DB9134EFECC58
[DOA5 Last Round],2015/07/21,40,24.99,71,DOA5LR Costumes by Tamiki Wakaki Set,DC5AA5247C43B6C60A5DE3DA363C626AD5109F1458
[DOA5 Last Round],2015/10/13,40,1.99,74,DOA5LR Akira Halloween Costume 2015,3CA267089473DD5EFAB850FAC6C4C6AB7CDC8D3358
[DOA5 Last Round],2013/11/12,40,1.99,128,Pop Idol Momiji,4250ACFD1B15ED82E17B54580EE3AC43F762328558
[DOA5 Last Round],2013/11/05,40,1.99,82,Kokoro Sports Gear,30937BC569CDE3056FF12B3A2378C7260DDD209C58
[DOA5 Last Round],2013/09/10,40,1.99,128,Ultimate Sexy Tina,4250ACFD1B15ED82E17B54580EE3AC43F762328558
[DOA5 Last Round],2015/10/13,40,1.99,74,DOA5LR Nyotengu Halloween Costume 2015,3CA267089473DD5EFAB850FAC6C4C6AB7CDC8D3358
[DOA5 Last Round],2014/10/14,40,1.99,137,Dead or Alive 5 Ultimate Tina Halloween Costume 2014,8E8B870948F9C23D4F131DFEEC9EA85C1B97CFC258
[DOA5 Last Round],2015/08/11,40,1.99,74,DOA5LR Hot Summer Rachel Costume,B696E96648881ACEEF3410DBBC75F28EE9E1176F58
[DOA5 Last Round],2015/10/13,40,1.99,74,DOA5LR Bass Halloween Costume 2015,3CA267089473DD5EFAB850FAC6C4C6AB7CDC8D3358
[DOA5 Last Round],2013/09/03,40,1.99,0,Hot Getaway - Mila,F833558ACA652D0EB742020BCF34CC09DCA132F658
[DOA5 Last Round],2015/10/13,40,1.99,66,DOA5LR Jann Lee Halloween Costume 2015,786C9E8C5787DC911B72041ECC6D350D130FEBE458
[DOA5 Last Round],2013/11/19,40,1.99,59,Casual Collection Vol. 1 - Hayate,2DA280BE39F95204943B8F59EC6EF414266021C858
[DOA5 Last Round],2013/09/03,40,1.99,0,Round 3 Special Costume - Ayane,056255BC4B0272DBCB9ED90CA0948F3D31F5CD2858
[DOA5 Last Round],2013/09/03,40,1.99,0,Hot Getaway - Helena,37A4EA419425410AD230808E29E218153860CB2858
[DOA5 Last Round],2013/11/05,40,1.99,82,Leifang Sports Gear,30937BC569CDE3056FF12B3A2378C7260DDD209C58
[DOA5 Last Round],2013/11/19,40,1.99,59,Casual Collection Vol. 1 - Mila,2DA280BE39F95204943B8F59EC6EF414266021C858
[DOA5 Last Round],2013/12/03,40,1.99,56,Casual Collection Vol. 2 - Rig,087F12F09CBD54C8E843437A9E79F92F0BF3402358
[DOA5 Last Round],2015/03/10,40,1.99,42,DOA5LR Ninja Clan 2 - Jann Lee,87B5AD8460CBADF1875E0D2E1BCF1721C41C5D9958
[DOA5 Last Round],2013/09/03,40,1.99,0,Player's Swimwear - Mila,F833558ACA652D0EB742020BCF34CC09DCA132F658
[DOA5 Last Round],2014/10/14,40,1.99,137,Dead or Alive 5 Ultimate Leon Halloween Costume 2014,8E8B870948F9C23D4F131DFEEC9EA85C1B97CFC258
[DOA5 Last Round],2013/10/15,40,1.99,179,Kokoro Halloween Costume,3D046047F38DF7838F900F472F935F969ACFA8D858
[DOA5 Last Round],2014/10/14,40,1.99,137,Dead or Alive 5 Ultimate Ein Halloween Costume 2014,8E8B870948F9C23D4F131DFEEC9EA85C1B97CFC258
[DOA5 Last Round],2013/09/03,40,1.99,0,Santa's Naughty Girls - Christie,FC0BEA78FA2DCB9FF9CE4F52ABD78DDCECDDD9C458
[DOA5 Last Round],2013/09/03,40,1.00,0,Lil' Santas - Hayabusa,15F33C777F283EF688C7C88197C7840593A65C3158
[DOA5 Last Round],2014/10/14,40,1.99,137,Dead or Alive 5 Ultimate Kokoro Halloween Costume 2014,8E8B870948F9C23D4F131DFEEC9EA85C1B97CFC258
[DOA5 Last Round],2013/09/03,40,1.99,0,Player's Swimwear - Kasumi,25F8AECAF42E52FE18A3895CDD646588AD0503B258
[DOA5 Last Round],2015/05/19,40,1.99,70,DOA5LR Fighter Force Zack,2D51E9391AF3F4C9F067311535354BAC087C2B6258
[DOA5 Last Round],2015/02/17,40,3.99,754,DOA5LR Character: Raidou,057F0D8C3473CE21FF876180F3FBBAD9D6A70A2658
[DOA5 Last Round],2013/09/03,40,8.99,0,Ayane DOA5 Costumes,056255BC4B0272DBCB9ED90CA0948F3D31F5CD2858
[DOA5 Last Round],2015/02/17,40,9.99,754,DOA5LR Honoka Character + Debut Costume Set,057F0D8C3473CE21FF876180F3FBBAD9D6A70A2658
[DOA5 Last Round],2015/06/16,40,2.99,63,DOA5LR Deception Costume - Momiji,08EB7554F84B2A0FF599941B4FBEC2F25E580C1558
[DOA5 Last Round],2014/10/14,40,1.99,137,Dead or Alive 5 Ultimate Momiji Halloween Costume 2014,8E8B870948F9C23D4F131DFEEC9EA85C1B97CFC258
[DOA5 Last Round],2013/10/15,40,1.99,179,Hitomi Halloween Costume,3D046047F38DF7838F900F472F935F969ACFA8D858
[DOA5 Last Round],2015/03/10,40,1.99,42,DOA5LR Ninja Clan 2 - Jacky,87B5AD8460CBADF1875E0D2E1BCF1721C41C5D9958
[DOA5 Last Round],2013/09/03,40,1.00,0,Cheerleader Tina,716C45CA99851F837A86769A63DFB5CE509F394058
[DOA5 Last Round],2013/09/03,40,1.99,0,Santa's Naughty Girls - Lisa,242A709EA2722C6C9EBFA77925573DA0906664E258
[DOA5 Last Round],2015/02/17,40,39.99,754,DOA5LR New Fighters + Debut Costume Set,057F0D8C3473CE21FF876180F3FBBAD9D6A70A2658
[DOA5 Last Round],2013/12/03,40,1.99,56,Casual Collection Vol. 2 - Kasumi,087F12F09CBD54C8E843437A9E79F92F0BF3402358
[DOA5 Last Round],2013/11/19,40,1.99,59,Casual Collection Vol. 1 - Sarah,2DA280BE39F95204943B8F59EC6EF414266021C858
[DOA5 Last Round],2015/06/16,40,2.99,63,DOA5LR Deception Costume - Rachel,08EB7554F84B2A0FF599941B4FBEC2F25E580C1558
[DOA5 Last Round],2013/09/03,40,5.99,0,Christie DOA5 Costumes,FC0BEA78FA2DCB9FF9CE4F52ABD78DDCECDDD9C458
[DOA5 Last Round],2013/09/10,40,1.99,128,Ultimate Sexy Sarah,4250ACFD1B15ED82E17B54580EE3AC43F762328558
[DOA5 Last Round],2014/02/04,40,1.99,99,Tropical Sexy Hitomi,B9F628E9BA8E210DDA772442FD078C26DB39C0B158
[DOA5 Last Round],2015/04/21,40,2.99,754,DOA5LR Honoka's Private Paradise,057F0D8C3473CE21FF876180F3FBBAD9D6A70A2658
[DOA5 Last Round],2013/12/17,40,1.99,68,Dead or Alive 5 Ultimate Hayabusa Legacy Costume,CC967528EC43BA61555C653EF184A42E4ACD4BBD58
[DOA5 Last Round],2015/10/13,40,14.99,74,DOA5LR Halloween Costume 2015 L Set,3CA267089473DD5EFAB850FAC6C4C6AB7CDC8D3358
[DOA5 Last Round],2013/09/03,40,1.00,0,Cheerleader Kokoro,D1C53E83579551323C52738B1524E0B61D14164758
[DOA5 Last Round],2014/06/17,40,1.99,122,Dead or Alive 5 Ultimate Leifang Overalls,9FEDFAD9FAEFF8833C13853DCD9AF98715C2C35858
[DOA5 Last Round],2013/10/15,40,1.99,179,Hayabusa Halloween Costume,3D046047F38DF7838F900F472F935F969ACFA8D858
[DOA5 Last Round],2015/10/13,40,1.99,66,DOA5LR Leifang Halloween Costume 2015,786C9E8C5787DC911B72041ECC6D350D130FEBE458
[DOA5 Last Round],2014/03/25,40,12.99,159,Marie Rose Character + Debut Costume Set,8683C81052DE0F1AE6CB3E1A1C9FD27ADEE601F158
[DOA5 Last Round],2014/05/20,40,1.99,54,Cheerleader Momiji,A3D6CD2AEE883CE79BC8D0970871A97E0D1CA08958
[DOA5 Last Round],2013/12/10,40,1.99,13,Musou Orochi 2U Sanzang Costume for Momiji,05AC8905E0D57D3F9A3ABE70DFE080378FEB91CB58
[DOA5 Last Round],2014/08/19,40,1.99,61,Dead or Alive 5 Ultimate Leifang Maid Costume,15AAB4B14B239D3621D02A8842868E43EB0E794B58
[DOA5 Last Round],2013/11/19,40,1.99,59,Casual Collection Vol. 1 - Akira,2DA280BE39F95204943B8F59EC6EF414266021C858
[DOA5 Last Round],2013/09/03,40,1.00,0,Lil' Santas - Zack,15F33C777F283EF688C7C88197C7840593A65C3158
[DOA5 Last Round],2015/04/21,40,1.99,112,DOA5LR Beach Party Leifang,13EBBD72E055ABB5A745FC47240A75AE22533D7458
[DOA5 Last Round],2013/10/15,40,1.99,179,Mila Halloween Costume,3D046047F38DF7838F900F472F935F969ACFA8D858
[DOA5 Last Round],2013/09/03,40,1.99,0,Player's Swimwear - Pai,F4F22BEA2CDF2B2641CDE70D3EFF87767F8C2EEA58
[DOA5 Last Round],2013/12/17,40,1.99,68,Dead or Alive 5 Ultimate Bass Legacy Costume,CC967528EC43BA61555C653EF184A42E4ACD4BBD58
[DOA5 Last Round],2013/12/03,40,1.99,56,Casual Collection Vol. 2 - Ein,087F12F09CBD54C8E843437A9E79F92F0BF3402358
[DOA5 Last Round],2013/12/17,40,1.99,68,Dead or Alive 5 Ultimate Santa's Helper Ein,CC967528EC43BA61555C653EF184A42E4ACD4BBD58
[DOA5 Last Round],2015/08/11,40,1.99,74,DOA5LR Hot Summer Hitomi Costume,B696E96648881ACEEF3410DBBC75F28EE9E1176F58
[DOA5 Last Round],2013/11/19,40,1.99,59,Casual Collection Vol. 1 - Ayane,2DA280BE39F95204943B8F59EC6EF414266021C858
[DOA5 Last Round],2013/09/03,40,1.00,0,Cheerleader Helena,37A4EA419425410AD230808E29E218153860CB2858
[DOA5 Last Round],2013/09/17,40,12.99,65,School Uniform Pack,9114F6154E035B4366604265E28D9048251AC15058
[DOA5 Last Round],2014/03/25,40,1.99,159,Dead or Alive 5 Ultimate Santa's Helper Marie Rose,8683C81052DE0F1AE6CB3E1A1C9FD27ADEE601F158
[DOA5 Last Round],2013/11/12,40,1.99,128,Pop Idol Christie,4250ACFD1B15ED82E17B54580EE3AC43F762328558
[DOA5 Last Round],2013/11/05,40,1.99,82,Momiji Sports Gear,30937BC569CDE3056FF12B3A2378C7260DDD209C58
[DOA5 Last Round],2014/06/17,40,1.99,8,Dead or Alive 5 Ultimate Hayabusa Yaiba Costume,DF82B224C420F080D8B52994FA74F30A07AFBEAE58
[DOA5 Last Round],2014/08/19,40,1.99,61,Dead or Alive 5 Ultimate Phase 4 Maid Costume,15AAB4B14B239D3621D02A8842868E43EB0E794B58
[DOA5 Last Round],2015/08/11,40,1.99,74,DOA5LR Hot Summer Phase 4 Costume,B696E96648881ACEEF3410DBBC75F28EE9E1176F58
[DOA5 Last Round],2015/10/13,40,1.99,66,DOA5LR Sarah Halloween Costume 2015,786C9E8C5787DC911B72041ECC6D350D130FEBE458
[DOA5 Last Round],2013/09/03,40,1.99,0,Hot Getaway - Leifang,0E945EEC778304F97416A9CBCDE530A0C032872A58
[DOA5 Last Round],2015/10/13,40,1.99,74,DOA5LR Pai Halloween Costume 2015,3CA267089473DD5EFAB850FAC6C4C6AB7CDC8D3358
[DOA5 Last Round],2014/09/02,40,7.99,106,Dead or Alive 5 Ultimate Nyotengu Debut Costume Set,B498A5595980886495E0FFD8280D1696367DD9CC58
[DOA5 Last Round],2014/07/29,40,1.99,46,Dead or Alive 5 Ultimate Hitomi Bedtime Costume,2A752D5F192AA164D6BD9934A6AD22844369ED5E58
[DOA5 Last Round],2015/10/13,40,1.99,66,DOA5LR Phase 4 Halloween Costume 2015,786C9E8C5787DC911B72041ECC6D350D130FEBE458
[DOA5 Last Round],2014/08/19,40,1.99,61,Dead or Alive 5 Ultimate Hitomi Maid Costume,15AAB4B14B239D3621D02A8842868E43EB0E794B58
[DOA5 Last Round],2015/04/07,40,1.99,40,DOA5LR Ninja Clan 3 - Pai,1BF04997B6CB9ECEE3F42C28366C4C592C333F3B58
[DOA5 Last Round],2013/11/05,40,1.99,82,Rachel Sports Gear,30937BC569CDE3056FF12B3A2378C7260DDD209C58
[DOA5 Last Round],2014/10/14,40,1.99,137,Dead or Alive 5 Ultimate Jacky Halloween Costume 2014,8E8B870948F9C23D4F131DFEEC9EA85C1B97CFC258
[DOA5 Last Round],2013/09/03,40,1.00,0,Lil' Santas - Jann Lee,15F33C777F283EF688C7C88197C7840593A65C3158
[DOA5 Last Round],2013/09/03,40,1.99,0,Hotties Swimwear - Sarah,232D1F250CB1ED95DE521F37D911C89CBFE00D0158
[DOA5 Last Round],2014/02/04,40,1.99,99,Tropical Sexy Kasumi,B9F628E9BA8E210DDA772442FD078C26DB39C0B158
[DOA5 Last Round],2014/03/25,40,1.99,159,Marie Rose School Uniform,8683C81052DE0F1AE6CB3E1A1C9FD27ADEE601F158
[DOA5 Last Round],2013/09/03,40,1.99,0,Ayane Uniform,056255BC4B0272DBCB9ED90CA0948F3D31F5CD2858
[DOA5 Last Round],2014/09/02,40,1.99,106,Dead or Alive 5 Ultimate Santa's Helper Nyotengu,B498A5595980886495E0FFD8280D1696367DD9CC58
[DOA5 Last Round],2015/07/21,40,2.99,71,DOA5LR Costume by Tamiki Wakaki - Hitomi,DC5AA5247C43B6C60A5DE3DA363C626AD5109F1458
[DOA5 Last Round],2013/11/19,40,1.99,59,Casual Collection Vol. 1 - Hitomi,2DA280BE39F95204943B8F59EC6EF414266021C858
[DOA5 Last Round],2013/09/10,40,1.99,128,Ultimate Sexy Kasumi,4250ACFD1B15ED82E17B54580EE3AC43F762328558
[DOA5 Last Round],2013/10/15,40,1.99,179,Ein Halloween Costume,3D046047F38DF7838F900F472F935F969ACFA8D858
[DOA5 Last Round],2015/03/10,40,1.99,42,DOA5LR Ninja Clan 2 - Bayman,87B5AD8460CBADF1875E0D2E1BCF1721C41C5D9958
[DOA5 Last Round],2014/09/23,40,1.99,46,Dead or Alive 5 Ultimate Sexy Bunny Nyotengu,AF411A5CF0792AD798AB30B7F91EA88FEB259D7758
[DOA5 Last Round],2014/11/18,40,1.99,59,Dead or Alive 5 Ultimate Kasumi Police Uniform,8B2AB4FF97AB7B47AE73F7F10A4FF9A91E078FBB58
[DOA5 Last Round],2014/07/29,40,1.99,46,Dead or Alive 5 Ultimate Kokoro Bedtime Costume,2A752D5F192AA164D6BD9934A6AD22844369ED5E58
[DOA5 Last Round],2014/02/04,40,1.99,99,Tropical Sexy Mila,B9F628E9BA8E210DDA772442FD078C26DB39C0B158
[DOA5 Last Round],2014/10/14,40,1.99,137,Dead or Alive 5 Ultimate Jann Lee Halloween Costume 2014,8E8B870948F9C23D4F131DFEEC9EA85C1B97CFC258
[DOA5 Last Round],2014/05/20,40,17.99,54,Dead or Alive 5 Ultimate Training Gear Set,A3D6CD2AEE883CE79BC8D0970871A97E0D1CA08958
[DOA5 Last Round],2013/11/12,40,1.99,128,Pop Idol Rachel,4250ACFD1B15ED82E17B54580EE3AC43F762328558
[DOA5 Last Round],2013/09/03,40,39.99,0,Complete DOA5 Costumes,BF859C173CAEC910CFFF13F516E9172CC411B59558
[DOA5 Last Round],2013/12/17,40,4.99,68,Dead or Alive 5 Ultimate Santa's Helpers Set,CC967528EC43BA61555C653EF184A42E4ACD4BBD58
[DOA5 Last Round],2015/04/21,40,1.99,112,DOA5LR New Challengers Nyotengu,13EBBD72E055ABB5A745FC47240A75AE22533D7458
[DOA5 Last Round],2013/09/03,40,1.00,0,Cheerleader Hitomi,72B1F67EE5422C8002F120ED0BEDC3587356EC3D58
[DOA5 Last Round],2014/08/19,40,1.99,61,Dead or Alive 5 Ultimate Kokoro Maid Costume,15AAB4B14B239D3621D02A8842868E43EB0E794B58
[DOA5 Last Round],2013/10/15,40,1.99,179,Tina Halloween Costume,3D046047F38DF7838F900F472F935F969ACFA8D858
[DOA5 Last Round],2014/12/09,40,1.99,59,Dead or Alive 5 Ultimate Nyotengu Christmas Costume,A6790DD98B1EE33734CB774CB3A80D3C65BAF43858
[DOA5 Last Round],2013/10/15,40,1.99,179,Sarah Halloween Costume,3D046047F38DF7838F900F472F935F969ACFA8D858
[DOA5 Last Round],2015/08/11,40,1.99,74,DOA5LR Hot Summer Ayane Costume,B696E96648881ACEEF3410DBBC75F28EE9E1176F58
[DOA5 Last Round],2015/07/21,40,2.99,71,DOA5LR Costume by Tamiki Wakaki - Leifang,DC5AA5247C43B6C60A5DE3DA363C626AD5109F1458
[DOA5 Last Round],2013/09/10,40,1.99,128,Ultimate Sexy Leifang,4250ACFD1B15ED82E17B54580EE3AC43F762328558
[DOA5 Last Round],2014/02/04,40,2.99,99,Dead or Alive 5 Ultimate Kasumi's Private Paradise,B9F628E9BA8E210DDA772442FD078C26DB39C0B158
[DOA5 Last Round],2014/02/04,40,2.99,99,Dead or Alive 5 Ultimate Lisa's Private Paradise,B9F628E9BA8E210DDA772442FD078C26DB39C0B158
[DOA5 Last Round],2014/09/02,40,1.99,106,Dead or Alive 5 Ultimate Gym Class Nyotengu,B498A5595980886495E0FFD8280D1696367DD9CC58
[DOA5 Last Round],2015/07/21,40,2.99,71,DOA5LR Costume by Tamiki Wakaki - La Mariposa (Lisa),DC5AA5247C43B6C60A5DE3DA363C626AD5109F1458
[DOA5 Last Round],2013/09/03,40,1.99,0,Hotties Swimwear - Lisa,242A709EA2722C6C9EBFA77925573DA0906664E258
[DOA5 Last Round],2013/09/03,40,1.99,0,Gym Class Ayane,056255BC4B0272DBCB9ED90CA0948F3D31F5CD2858
[DOA5 Last Round],2015/04/07,40,1.99,40,DOA5LR Ninja Clan 3 - Ein,1BF04997B6CB9ECEE3F42C28366C4C592C333F3B58
[DOA5 Last Round],2013/09/03,40,5.99,0,Mila DOA5 Costumes,F833558ACA652D0EB742020BCF34CC09DCA132F658
[DOA5 Last Round],2014/02/04,40,1.99,99,Tropical Sexy Christie,B9F628E9BA8E210DDA772442FD078C26DB39C0B158
[DOA5 Last Round],2015/10/13,40,1.99,74,DOA5LR Raidou Halloween Costume 2015,3CA267089473DD5EFAB850FAC6C4C6AB7CDC8D3358
[DOA5 Last Round],2014/12/09,40,1.99,59,Dead or Alive 5 Ultimate Ein Christmas Costume,A6790DD98B1EE33734CB774CB3A80D3C65BAF43858
[DOA5 Last Round],2014/06/17,40,14.99,122,Dead or Alive 5 Ultimate Overalls Set,9FEDFAD9FAEFF8833C13853DCD9AF98715C2C35858
[DOA5 Last Round],2015/04/28,40,1.99,33,DOA5LR Showstoppers Encore Helena,DF4FFC40FC421C097E823C6BBDB40DB9134EFECC58
[DOA5 Last Round],2014/08/19,40,1.99,61,Dead or Alive 5 Ultimate Tina Maid Costume,15AAB4B14B239D3621D02A8842868E43EB0E794B58
[DOA5 Last Round],2015/08/11,40,1.99,74,DOA5LR Hot Summer Nyotengu Costume,B696E96648881ACEEF3410DBBC75F28EE9E1176F58
[DOA5 Last Round],2014/06/17,40,1.99,122,Dead or Alive 5 Ultimate Tina Overalls,9FEDFAD9FAEFF8833C13853DCD9AF98715C2C35858
[DOA5 Last Round],2015/06/16,40,2.99,63,DOA5LR Deception Costume - Kokoro,08EB7554F84B2A0FF599941B4FBEC2F25E580C1558
[DOA5 Last Round],2015/04/21,40,1.99,112,DOA5LR Ninja 2015 Ayane,13EBBD72E055ABB5A745FC47240A75AE22533D7458
[DOA5 Last Round],2015/02/24,40,1.99,44,DOA5LR Ninja Clan 1 - Hitomi,C32C6184B39F7D88AAD642DA0663E4A57C685B2858
[DOA5 Last Round],2014/04/22,40,1.99,83,Kasumi Nurse Costume,FFB540AE28EE9DE814E618F80D7B4883912FFD5858
[DOA5 Last Round],2015/10/13,40,1.99,66,DOA5LR Leon Halloween Costume 2015,786C9E8C5787DC911B72041ECC6D350D130FEBE458
[DOA5 Last Round],2014/05/20,40,1.99,54,Gym Class Lisa,A3D6CD2AEE883CE79BC8D0970871A97E0D1CA08958
[DOA5 Last Round],2014/12/09,40,1.99,59,Dead or Alive 5 Ultimate Kokoro Christmas Costume,A6790DD98B1EE33734CB774CB3A80D3C65BAF43858
[DOA5 Last Round],2013/09/03,40,7.99,0,Kasumi DOA5 Costumes,25F8AECAF42E52FE18A3895CDD646588AD0503B258
[DOA5 Last Round],2013/09/03,40,1.00,0,Lil' Santas - Brad Wong,15F33C777F283EF688C7C88197C7840593A65C3158
[DOA5 Last Round],2013/09/03,40,1.00,0,Cheerleader Leifang,0E945EEC778304F97416A9CBCDE530A0C032872A58
[DOA5 Last Round],2015/06/16,40,2.99,63,DOA5LR Deception Costume - Hitomi,08EB7554F84B2A0FF599941B4FBEC2F25E580C1558
[DOA5 Last Round],2013/09/03,40,1.99,0,Hotties Swimwear - Leifang,0E945EEC778304F97416A9CBCDE530A0C032872A58
[DOA5 Last Round],2015/05/19,40,1.99,70,DOA5LR Fighter Force Tina,2D51E9391AF3F4C9F067311535354BAC087C2B6258
[DOA5 Last Round],2015/06/16,40,2.99,63,DOA5LR Deception Costume - Ein,08EB7554F84B2A0FF599941B4FBEC2F25E580C1558
[DOA5 Last Round],2013/09/03,40,1.99,0,Hot Getaway - Hitomi,72B1F67EE5422C8002F120ED0BEDC3587356EC3D58
[DOA5 Last Round],2013/09/03,40,1.00,0,Lil' Santas - Hayate,15F33C777F283EF688C7C88197C7840593A65C3158
[DOA5 Last Round],2013/09/17,40,1.99,65,Kasumi School Uniform,9114F6154E035B4366604265E28D9048251AC15058
[DOA5 Last Round],2015/05/19,40,1.99,70,DOA5LR Fighter Force Hayabusa,2D51E9391AF3F4C9F067311535354BAC087C2B6258
[DOA5 Last Round],2013/09/03,40,1.00,0,Lil' Santas - Gen Fu,15F33C777F283EF688C7C88197C7840593A65C3158
[DOA5 Last Round],2014/10/14,40,1.99,137,Dead or Alive 5 Ultimate Rig Halloween Costume 2014,8E8B870948F9C23D4F131DFEEC9EA85C1B97CFC258
[DOA5 Last Round],2014/09/02,40,28.99,106,Dead or Alive 5 Ultimate New Blood Char. +Costumes,B498A5595980886495E0FFD8280D1696367DD9CC58
[DOA5 Last Round],2013/10/15,40,1.99,179,Brad Wong Halloween Costume,3D046047F38DF7838F900F472F935F969ACFA8D858
[DOA5 Last Round],2014/10/14,40,1.99,137,Dead or Alive 5 Ultimate Helena Halloween Costume 2014,8E8B870948F9C23D4F131DFEEC9EA85C1B97CFC258
[DOA5 Last Round],2014/02/04,40,1.99,99,Tropical Sexy Pai,B9F628E9BA8E210DDA772442FD078C26DB39C0B158
[DOA5 Last Round],2014/10/14,40,1.99,137,Dead or Alive 5 Ultimate Hayate Halloween Costume 2014,8E8B870948F9C23D4F131DFEEC9EA85C1B97CFC258
[DOA5 Last Round],2014/02/04,40,1.99,99,Tropical Sexy Momiji,B9F628E9BA8E210DDA772442FD078C26DB39C0B158
[DOA5 Last Round],2015/10/13,40,1.99,74,DOA5LR Mila Halloween Costume 2015,3CA267089473DD5EFAB850FAC6C4C6AB7CDC8D3358
[DOA5 Last Round],2015/10/13,40,1.99,66,DOA5LR Marie Rose Halloween Costume 2015,786C9E8C5787DC911B72041ECC6D350D130FEBE458
[DOA5 Last Round],2014/06/17,40,1.99,122,Dead or Alive 5 Ultimate Phase 4 Nurse Costume,9FEDFAD9FAEFF8833C13853DCD9AF98715C2C35858
[DOA5 Last Round],2013/11/05,40,1.99,82,Lisa Sports Gear,30937BC569CDE3056FF12B3A2378C7260DDD209C58
[DOA5 Last Round],2015/04/07,40,1.99,40,DOA5LR Ninja Clan 3 - Rachel,1BF04997B6CB9ECEE3F42C28366C4C592C333F3B58
[DOA5 Last Round],2015/10/13,40,1.99,66,DOA5LR Bayman Halloween Costume 2015,786C9E8C5787DC911B72041ECC6D350D130FEBE458
[DOA5 Last Round],2014/04/22,40,1.99,83,Tina Nurse Costume,FFB540AE28EE9DE814E618F80D7B4883912FFD5858
[DOA5 Last Round],2013/09/03,40,1.00,0,Lil' Santas - Eliot,15F33C777F283EF688C7C88197C7840593A65C3158
[DOA5 Last Round],2014/10/14,40,1.99,137,Dead or Alive 5 Ultimate Marie Rose Halloween Costume 2014,8E8B870948F9C23D4F131DFEEC9EA85C1B97CFC258
[DOA5 Last Round],2015/04/21,40,1.99,112,DOA5LR Showstoppers Lisa,13EBBD72E055ABB5A745FC47240A75AE22533D7458
[DOA5 Last Round],2014/11/18,40,1.99,59,Dead or Alive 5 Ultimate Nyotengu Police Uniform,8B2AB4FF97AB7B47AE73F7F10A4FF9A91E078FBB58
[DOA5 Last Round],2013/10/15,40,24.99,179,Trick-or-Treat Halloween Costume Set,3D046047F38DF7838F900F472F935F969ACFA8D858
[DOA5 Last Round],2014/05/20,40,1.99,54,Gym Class Helena,A3D6CD2AEE883CE79BC8D0970871A97E0D1CA08958
[DOA5 Last Round],2013/09/10,40,1.99,128,Ultimate Sexy Christie,4250ACFD1B15ED82E17B54580EE3AC43F762328558
[DOA5 Last Round],2015/10/13,40,1.99,74,DOA5LR Ryu Hayabusa Halloween Costume 2015,3CA267089473DD5EFAB850FAC6C4C6AB7CDC8D3358
[DOA5 Last Round],2014/08/19,40,1.99,61,Dead or Alive 5 Ultimate Helena Maid Costume,15AAB4B14B239D3621D02A8842868E43EB0E794B58
[DOA5 Last Round],2015/04/21,40,1.99,112,DOA5LR Premier Sexy Costume Marie Rose,13EBBD72E055ABB5A745FC47240A75AE22533D7458
[DOA5 Last Round],2015/07/21,40,2.99,71,DOA5LR Costume by Tamiki Wakaki - Christie,DC5AA5247C43B6C60A5DE3DA363C626AD5109F1458
[DOA5 Last Round],2014/04/22,40,1.99,83,Mila Nurse Costume,FFB540AE28EE9DE814E618F80D7B4883912FFD5858
[DOA5 Last Round],2013/09/03,40,1.99,0,Hot Getaway - Ayane,056255BC4B0272DBCB9ED90CA0948F3D31F5CD2858
[DOA5 Last Round],2014/02/04,40,24.99,99,Dead or Alive 5 Ultimate Private Paradise Set,B9F628E9BA8E210DDA772442FD078C26DB39C0B158
[DOA5 Last Round],2013/09/03,40,1.99,0,Round 3 Special Costume - Leifang,0E945EEC778304F97416A9CBCDE530A0C032872A58
[DOA5 Last Round],2013/09/03,40,1.99,0,Santa's Nice Girls - Leifang,0E945EEC778304F97416A9CBCDE530A0C032872A58
[DOA5 Last Round],2014/06/17,40,1.99,122,Dead or Alive 5 Ultimate Santa's Helper Phase 4,9FEDFAD9FAEFF8833C13853DCD9AF98715C2C35858
[DOA5 Last Round],2013/09/03,40,1.99,0,Hot Getaway - Christie,FC0BEA78FA2DCB9FF9CE4F52ABD78DDCECDDD9C458
[DOA5 Last Round],2015/05/19,40,1.99,70,DOA5LR Fighter Force Raidou,2D51E9391AF3F4C9F067311535354BAC087C2B6258
[DOA5 Last Round],2013/11/19,40,1.99,59,Casual Collection Vol. 1 - Jacky,2DA280BE39F95204943B8F59EC6EF414266021C858
[DOA5 Last Round],2015/04/28,40,1.99,33,DOA5LR Showstoppers Encore Tina,DF4FFC40FC421C097E823C6BBDB40DB9134EFECC58
[DOA5 Last Round],2014/04/22,40,1.99,83,Helena Nurse Costume,FFB540AE28EE9DE814E618F80D7B4883912FFD5858
[DOA5 Last Round],2014/02/04,40,2.99,99,Dead or Alive 5 Ultimate Momiji's Private Paradise,B9F628E9BA8E210DDA772442FD078C26DB39C0B158
[DOA5 Last Round],2013/11/05,40,1.99,82,Hitomi Sports Gear,30937BC569CDE3056FF12B3A2378C7260DDD209C58
[DOA5 Last Round],2014/06/17,40,1.99,122,Dead or Alive 5 Ultimate Hitomi Overalls,9FEDFAD9FAEFF8833C13853DCD9AF98715C2C35858
[DOA5 Last Round],2014/12/09,40,1.99,59,Dead or Alive 5 Ultimate Kasumi Christmas Costume,A6790DD98B1EE33734CB774CB3A80D3C65BAF43858
[DOA5 Last Round],2015/02/24,40,1.99,44,DOA5LR Ninja Clan 1 - Tina,C32C6184B39F7D88AAD642DA0663E4A57C685B2858
[DOA5 Last Round],2015/08/11,40,1.99,74,DOA5LR Hot Summer Helena Costume,B696E96648881ACEEF3410DBBC75F28EE9E1176F58
[DOA5 Last Round],2014/08/19,40,1.99,61,Dead or Alive 5 Ultimate Marie Rose Maid Costume,15AAB4B14B239D3621D02A8842868E43EB0E794B58
[DOA5 Last Round],2015/02/24,40,1.99,44,DOA5LR Ninja Clan 1 - Eliot,C32C6184B39F7D88AAD642DA0663E4A57C685B2858
[DOA5 Last Round],2015/04/21,40,2.99,754,DOA5LR Phase 4's Private Paradise,057F0D8C3473CE21FF876180F3FBBAD9D6A70A2658
[DOA5 Last Round],2015/02/24,40,1.99,44,DOA5LR Ninja Clan 1 - Marie Rose,C32C6184B39F7D88AAD642DA0663E4A57C685B2858
[DOA5 Last Round],2013/12/03,40,1.99,56,Casual Collection Vol. 2 - Gen Fu,087F12F09CBD54C8E843437A9E79F92F0BF3402358
[DOA5 Last Round],2014/11/18,40,1.99,59,Dead or Alive 5 Ultimate Momiji Police Uniform,8B2AB4FF97AB7B47AE73F7F10A4FF9A91E078FBB58
[DOA5 Last Round],2014/05/20,40,1.99,54,Gym Class Leifang,A3D6CD2AEE883CE79BC8D0970871A97E0D1CA08958
[DOA5 Last Round],2014/10/14,40,1.99,137,Dead or Alive 5 Ultimate Bayman Halloween Costume 2014,8E8B870948F9C23D4F131DFEEC9EA85C1B97CFC258
[DOA5 Last Round],2015/05/19,40,1.99,70,DOA5LR Fighter Force Kasumi,2D51E9391AF3F4C9F067311535354BAC087C2B6258
[DOA5 Last Round],2013/09/03,40,1.00,0,Round 3 Special Costume - Hayate,15F33C777F283EF688C7C88197C7840593A65C3158
[DOA5 Last Round],2015/04/28,40,1.99,33,DOA5LR Showstoppers Encore Nyotengu,DF4FFC40FC421C097E823C6BBDB40DB9134EFECC58
[DOA5 Last Round],2014/03/25,40,1.99,159,Gym Class Marie Rose,8683C81052DE0F1AE6CB3E1A1C9FD27ADEE601F158
[DOA5 Last Round],2013/10/15,40,1.99,179,Bass Halloween Costume,3D046047F38DF7838F900F472F935F969ACFA8D858
[DOA5 Last Round],2015/04/21,40,1.99,112,DOA5LR Beach Party Kokoro,13EBBD72E055ABB5A745FC47240A75AE22533D7458
[DOA5 Last Round],2015/10/13,40,1.99,74,DOA5LR Gen Fu Halloween Costume 2015,3CA267089473DD5EFAB850FAC6C4C6AB7CDC8D3358
[DOA5 Last Round],2013/12/17,40,9.99,68,Dead or Alive 5 Ultimate Legacy Costume Set,CC967528EC43BA61555C653EF184A42E4ACD4BBD58
[DOA5 Last Round],2015/02/24,40,1.99,44,DOA5LR Ninja Clan 1 - Kokoro,C32C6184B39F7D88AAD642DA0663E4A57C685B2858
[DOA5 Last Round],2013/09/03,40,1.99,0,Santa's Nice Girls - Kokoro,D1C53E83579551323C52738B1524E0B61D14164758
[DOA5 Last Round],2013/09/03,40,1.99,0,Player's Swimwear - Leifang,0E945EEC778304F97416A9CBCDE530A0C032872A58
[DOA5 Last Round],2013/09/03,40,1.99,0,Player's Swimwear - Ayane,056255BC4B0272DBCB9ED90CA0948F3D31F5CD2858
[DOA5 Last Round],2014/05/20,40,1.99,54,Gym Class Rachel,A3D6CD2AEE883CE79BC8D0970871A97E0D1CA08958
[DOA5 Last Round],2013/11/05,40,16.99,82,Complete Sports Gear Costume Set,30937BC569CDE3056FF12B3A2378C7260DDD209C58
[DOA5 Last Round],2014/04/22,40,1.99,83,Hitomi Nurse Costume,FFB540AE28EE9DE814E618F80D7B4883912FFD5858
[DOA5 Last Round],2013/11/12,40,1.99,128,Pop Idol Kasumi,4250ACFD1B15ED82E17B54580EE3AC43F762328558
[DOA5 Last Round],2014/09/23,40,1.99,46,Dead or Alive 5 Ultimate Sexy Bunny Kokoro,AF411A5CF0792AD798AB30B7F91EA88FEB259D7758
[DOA5 Last Round],2013/09/03,40,1.99,0,Hotties Swimwear - Mila,F833558ACA652D0EB742020BCF34CC09DCA132F658
[DOA5 Last Round],2013/10/08,40,1.99,9,Intimate Kasumi Costume,1BAFC39EFB7FBA6BC38D5569B0F978DB550DEF7458
[DOA5 Last Round],2013/11/05,40,1.99,82,Eliot Sports Gear,30937BC569CDE3056FF12B3A2378C7260DDD209C58
[DOA5 Last Round],2013/09/10,40,1.99,128,Ultimate Sexy Pai,4250ACFD1B15ED82E17B54580EE3AC43F762328558
[DOA5 Last Round],2013/11/05,40,1.99,82,Helena Sports Gear,30937BC569CDE3056FF12B3A2378C7260DDD209C58
[DOA5 Last Round],2015/04/07,40,1.99,40,DOA5LR Ninja Clan 3 - Rig,1BF04997B6CB9ECEE3F42C28366C4C592C333F3B58
[DOA5 Last Round],2013/11/12,40,1.99,128,Pop Idol Mila,4250ACFD1B15ED82E17B54580EE3AC43F762328558
[DOA5 Last Round],2015/04/28,40,1.99,33,DOA5LR Showstoppers Encore Rachel,DF4FFC40FC421C097E823C6BBDB40DB9134EFECC58
[DOA5 Last Round],2015/03/10,40,1.99,42,DOA5LR Ninja Clan 2 - Momiji,87B5AD8460CBADF1875E0D2E1BCF1721C41C5D9958
[DOA5 Last Round],2014/10/14,40,1.99,137,Dead or Alive 5 Ultimate Mila Halloween Costume 2014,8E8B870948F9C23D4F131DFEEC9EA85C1B97CFC258
[DOA5 Last Round],2013/09/03,40,1.99,0,Hot Getaway - Sarah,232D1F250CB1ED95DE521F37D911C89CBFE00D0158
[DOA5 Last Round],2013/09/03,40,1.00,0,Lil' Santas - Bass,15F33C777F283EF688C7C88197C7840593A65C3158
[DOA5 Last Round],2013/10/15,40,1.99,179,Bayman Halloween Costume,3D046047F38DF7838F900F472F935F969ACFA8D858
[DOA5 Last Round],2014/11/18,40,1.99,59,Dead or Alive 5 Ultimate Rig Police Uniform,8B2AB4FF97AB7B47AE73F7F10A4FF9A91E078FBB58
[DOA5 Last Round],2015/02/17,40,1.99,754,DOA5LR Santa's Helper Honoka,057F0D8C3473CE21FF876180F3FBBAD9D6A70A2658
[DOA5 Last Round],2015/07/21,40,2.99,71,DOA5LR Costume by Tamiki Wakaki - Momiji,DC5AA5247C43B6C60A5DE3DA363C626AD5109F1458
[DOA5 Last Round],2013/09/03,40,1.99,0,Hot Getaway - Kasumi,25F8AECAF42E52FE18A3895CDD646588AD0503B258
[DOA5 Last Round],2014/12/09,40,1.99,59,Dead or Alive 5 Ultimate Marie Rose Christmas Costume,A6790DD98B1EE33734CB774CB3A80D3C65BAF43858
[DOA5 Last Round],2013/10/15,40,1.99,179,Leon Halloween Costume,3D046047F38DF7838F900F472F935F969ACFA8D858
[DOA5 Last Round],2014/09/02,40,13.99,106,Dead or Alive 5 Ultimate New Blood Character Set,B498A5595980886495E0FFD8280D1696367DD9CC58
[DOA5 Last Round],2014/05/20,40,1.99,54,Ayane Workout Clothes,A3D6CD2AEE883CE79BC8D0970871A97E0D1CA08958
[DOA5 Last Round],2013/09/03,40,1.00,0,Cheerleader Ayane,056255BC4B0272DBCB9ED90CA0948F3D31F5CD2858
[DOA5 Last Round],2013/11/05,40,1.99,82,Zack Sports Gear,30937BC569CDE3056FF12B3A2378C7260DDD209C58
[DOA5 Last Round],2014/06/17,40,12.99,122,Phase 4 Character + Debut Costume Set,9FEDFAD9FAEFF8833C13853DCD9AF98715C2C35858
[DOA5 Last Round],2014/12/09,40,1.99,59,Dead or Alive 5 Ultimate Helena Christmas Costume,A6790DD98B1EE33734CB774CB3A80D3C65BAF43858
[DOA5 Last Round],2013/11/12,40,1.99,128,Pop Idol Leifang,4250ACFD1B15ED82E17B54580EE3AC43F762328558
[DOA5 Last Round],2013/11/05,40,1.99,82,Leon Sports Gear,30937BC569CDE3056FF12B3A2378C7260DDD209C58
[DOA5 Last Round],2013/09/03,40,1.99,0,Player's Swimwear - Christie,FC0BEA78FA2DCB9FF9CE4F52ABD78DDCECDDD9C458
[DOA5 Last Round],2013/12/17,40,1.99,68,Dead or Alive 5 Ultimate Santa's Helper Momiji,CC967528EC43BA61555C653EF184A42E4ACD4BBD58
[DOA5 Last Round],2015/10/13,40,1.99,66,DOA5LR Rig Halloween Costume 2015,786C9E8C5787DC911B72041ECC6D350D130FEBE458
[DOA5 Last Round],2013/09/03,40,1.99,0,Gym Class Kasumi,25F8AECAF42E52FE18A3895CDD646588AD0503B258
[DOA5 Last Round],2015/10/13,40,1.99,66,DOA5LR Hitomi Halloween Costume 2015,786C9E8C5787DC911B72041ECC6D350D130FEBE458
[DOA5 Last Round],2013/10/08,40,1.99,9,Intimate Ayane Costume,1BAFC39EFB7FBA6BC38D5569B0F978DB550DEF7458
[DOA5 Last Round],2015/04/07,40,1.99,40,DOA5LR Ninja Clan 3 - Sarah,1BF04997B6CB9ECEE3F42C28366C4C592C333F3B58
[DOA5 Last Round],2015/03/10,40,14.99,42,DOA5LR Ninja Clan 2 Costume Set,87B5AD8460CBADF1875E0D2E1BCF1721C41C5D9958
[DOA5 Last Round],2015/10/13,40,1.99,74,DOA5LR Hayate Halloween Costume 2015,3CA267089473DD5EFAB850FAC6C4C6AB7CDC8D3358
[DOA5 Last Round],2013/12/17,40,1.99,68,Dead or Alive 5 Ultimate Santa's Helper Rachel,CC967528EC43BA61555C653EF184A42E4ACD4BBD58
[DOA5 Last Round],2015/04/07,40,1.99,40,DOA5LR Ninja Clan 3 - Alpha-152,1BF04997B6CB9ECEE3F42C28366C4C592C333F3B58
[DOA5 Last Round],2015/08/11,40,1.99,74,DOA5LR Hot Summer Tina Costume,B696E96648881ACEEF3410DBBC75F28EE9E1176F58
[DOA5 Last Round],2015/08/11,40,1.99,74,DOA5LR Hot Summer Momiji Costume,B696E96648881ACEEF3410DBBC75F28EE9E1176F58
[DOA5 Last Round],2015/02/24,40,14.99,44,DOA5LR Ninja Clan 1 Costume Set,C32C6184B39F7D88AAD642DA0663E4A57C685B2858
[DOA5 Last Round],2013/09/03,40,1.99,0,Santa's Nice Girls - Hitomi,72B1F67EE5422C8002F120ED0BEDC3587356EC3D58
[DOA5 Last Round],2013/12/10,40,3.99,13,Musou Orochi 2 Ultimate Costume Set,05AC8905E0D57D3F9A3ABE70DFE080378FEB91CB58
[DOA5 Last Round],2013/12/03,40,1.99,56,Casual Collection Vol. 2 - Rachel,087F12F09CBD54C8E843437A9E79F92F0BF3402358
[DOA5 Last Round],2015/02/17,40,1.99,754,DOA5LR Cheerleader Honoka,057F0D8C3473CE21FF876180F3FBBAD9D6A70A2658
[DOA5 Last Round],2014/07/29,40,1.99,46,Dead or Alive 5 Ultimate Momiji Bedtime Costume,2A752D5F192AA164D6BD9934A6AD22844369ED5E58
[DOA5 Last Round],2013/11/05,40,1.99,82,Mila Sports Gear,30937BC569CDE3056FF12B3A2378C7260DDD209C58
[DOA5 Last Round],2013/09/03,40,1.99,0,Santa's Nice Girls - Pai,F4F22BEA2CDF2B2641CDE70D3EFF87767F8C2EEA58
[DOA5 Last Round],2013/12/17,40,1.99,68,Dead or Alive 5 Ultimate Santa's Helper Jacky,CC967528EC43BA61555C653EF184A42E4ACD4BBD58
[DOA5 Last Round],2015/04/21,40,1.99,112,DOA5LR Premier Sexy Costume Honoka,13EBBD72E055ABB5A745FC47240A75AE22533D7458
[DOA5 Last Round],2013/09/03,40,1.00,0,Cheerleader Kasumi,25F8AECAF42E52FE18A3895CDD646588AD0503B258
[DOA5 Last Round],2013/09/03,40,1.99,0,Hot Getaway - Tina,716C45CA99851F837A86769A63DFB5CE509F394058
[DOA5 Last Round],2015/07/21,40,2.99,71,DOA5LR Costume by Tamiki Wakaki - Kasumi,DC5AA5247C43B6C60A5DE3DA363C626AD5109F1458
[DOA5 Last Round],2013/09/03,40,4.99,0,Pai DOA5 Costumes,F4F22BEA2CDF2B2641CDE70D3EFF87767F8C2EEA58
[DOA5 Last Round],2014/10/14,40,1.99,137,Dead or Alive 5 Ultimate Phase 4 Halloween Costume 2014,8E8B870948F9C23D4F131DFEEC9EA85C1B97CFC258
[DOA5 Last Round],2013/11/05,40,1.99,82,Bayman Sports Gear,30937BC569CDE3056FF12B3A2378C7260DDD209C58
[DOA5 Last Round],2013/12/03,40,10.99,56,Complete Casual Collection Vol. 2,087F12F09CBD54C8E843437A9E79F92F0BF3402358
[DOA5 Last Round],2014/03/25,40,1.99,159,Marie Rose Nurse Costume,8683C81052DE0F1AE6CB3E1A1C9FD27ADEE601F158
[DOA5 Last Round],2015/03/10,40,1.99,42,DOA5LR Ninja Clan 2 - Raidou,87B5AD8460CBADF1875E0D2E1BCF1721C41C5D9958
[DOA5 Last Round],2013/09/03,40,1.99,0,Gym Class Kokoro,D1C53E83579551323C52738B1524E0B61D14164758
[DOA5 Last Round],2013/09/10,40,1.99,128,Ultimate Sexy Mila,4250ACFD1B15ED82E17B54580EE3AC43F762328558
[DOA5 Last Round],2015/03/10,40,1.99,42,DOA5LR Ninja Clan 2 - Helena,87B5AD8460CBADF1875E0D2E1BCF1721C41C5D9958
[DOA5 Last Round],2014/06/17,40,1.99,122,Dead or Alive 5 Ultimate - Ultimate Sexy Phase 4,9FEDFAD9FAEFF8833C13853DCD9AF98715C2C35858
[DOA5 Last Round],2014/04/22,40,1.99,83,Momiji Nurse Costume,FFB540AE28EE9DE814E618F80D7B4883912FFD5858
[DOA5 Last Round],2014/10/14,40,1.99,137,Dead or Alive 5 Ultimate Pai Halloween Costume 2014,8E8B870948F9C23D4F131DFEEC9EA85C1B97CFC258
[DOA5 Last Round],2013/09/10,40,1.99,128,Ultimate Sexy Hitomi,4250ACFD1B15ED82E17B54580EE3AC43F762328558
[DOA5 Last Round],2013/11/12,40,1.99,128,Pop Idol Helena,4250ACFD1B15ED82E17B54580EE3AC43F762328558
[DOA5 Last Round],2014/06/17,40,1.99,122,Dead or Alive 5 Ultimate Mila Overalls,9FEDFAD9FAEFF8833C13853DCD9AF98715C2C35858
[DOA5 Last Round],2015/04/21,40,1.99,112,DOA5LR Aloha Kasumi Costume,13EBBD72E055ABB5A745FC47240A75AE22533D7458
[DOA5 Last Round],2015/02/24,40,1.99,44,DOA5LR Ninja Clan 1 - Akira,C32C6184B39F7D88AAD642DA0663E4A57C685B2858
[DOA5 Last Round],2015/04/21,40,2.99,754,DOA5LR Marie Rose's Private Paradise,057F0D8C3473CE21FF876180F3FBBAD9D6A70A2658
[DOA5 Last Round],2014/04/22,40,1.99,83,Kokoro Nurse Costume,FFB540AE28EE9DE814E618F80D7B4883912FFD5858
[DOA5 Last Round],2014/09/02,40,1.99,106,Dead or Alive 5 Ultimate Nyotengu Bathtime Costume,B498A5595980886495E0FFD8280D1696367DD9CC58
[DOA5 Last Round],2013/09/03,40,7.99,0,Kokoro DOA5 Costumes,D1C53E83579551323C52738B1524E0B61D14164758
[DOA5 Last Round],2013/09/17,40,1.99,65,Christie School Uniform,9114F6154E035B4366604265E28D9048251AC15058
[DOA5 Last Round],2013/10/15,40,1.99,179,Jann Lee Halloween Costume,3D046047F38DF7838F900F472F935F969ACFA8D858
[DOA5 Last Round],2014/02/04,40,1.99,99,Tropical Sexy Kokoro,B9F628E9BA8E210DDA772442FD078C26DB39C0B158
[DOA5 Last Round],2015/04/21,40,2.99,754,DOA5LR Nyotengu's Private Paradise,057F0D8C3473CE21FF876180F3FBBAD9D6A70A2658
[DOA5 Last Round],2013/11/12,40,1.99,128,Pop Idol Hitomi,4250ACFD1B15ED82E17B54580EE3AC43F762328558
[DOA5 Last Round],2014/02/04,40,14.99,99,Tropical Sexy Costume Set,B9F628E9BA8E210DDA772442FD078C26DB39C0B158
[DOA5 Last Round],2014/02/04,40,1.99,99,Tropical Sexy Lisa,B9F628E9BA8E210DDA772442FD078C26DB39C0B158
[DOA5 Last Round],2013/11/12,40,1.99,128,Pop Idol Lisa,4250ACFD1B15ED82E17B54580EE3AC43F762328558
[DOA5 Last Round],2014/09/02,40,5.99,106,Dead or Alive 5 Ultimate Character: Nyotengu,B498A5595980886495E0FFD8280D1696367DD9CC58
[DOA5 Last Round],2015/04/21,40,1.99,112,DOA5LR Premier Sexy Costume Phase 4,13EBBD72E055ABB5A745FC47240A75AE22533D7458
[DOA5 Last Round],2015/10/13,40,1.99,66,DOA5LR Jacky Halloween Costume 2015,786C9E8C5787DC911B72041ECC6D350D130FEBE458
[DOA5 Last Round],2013/09/03,40,4.99,0,Sarah DOA5 Costumes,232D1F250CB1ED95DE521F37D911C89CBFE00D0158
[DOA5 Last Round],2014/10/14,40,1.99,137,Dead or Alive 5 Ultimate Gen Fu Halloween Costume 2014,8E8B870948F9C23D4F131DFEEC9EA85C1B97CFC258
[DOA5 Last Round],2014/11/18,40,1.99,59,Dead or Alive 5 Ultimate Mila Police Uniform,8B2AB4FF97AB7B47AE73F7F10A4FF9A91E078FBB58
[DOA5 Last Round],2014/06/17,40,1.99,8,Dead or Alive 5 Ultimate Momiji Yaiba Costume,DF82B224C420F080D8B52994FA74F30A07AFBEAE58
[DOA5 Last Round],2014/02/04,40,1.99,99,Tropical Sexy Ayane,B9F628E9BA8E210DDA772442FD078C26DB39C0B158
[DOA5 Last Round],2014/12/09,40,1.99,59,Dead or Alive 5 Ultimate Phase 4 Christmas Costume,A6790DD98B1EE33734CB774CB3A80D3C65BAF43858
[DOA5 Last Round],2013/11/05,40,1.99,82,Rig Sports Gear,30937BC569CDE3056FF12B3A2378C7260DDD209C58
[DOA5 Last Round],2014/10/14,40,1.99,137,Dead or Alive 5 Ultimate Sarah Halloween Costume 2014,8E8B870948F9C23D4F131DFEEC9EA85C1B97CFC258
[DOA5 Last Round],2015/02/17,40,1.99,754,DOA5LR Nurse Honoka,057F0D8C3473CE21FF876180F3FBBAD9D6A70A2658
[DOA5 Last Round],2013/09/03,40,1.00,0,Lil' Santas - Akira,15F33C777F283EF688C7C88197C7840593A65C3158
[DOA5 Last Round],2013/12/17,40,1.99,68,Dead or Alive 5 Ultimate Momiji Legacy Costume,CC967528EC43BA61555C653EF184A42E4ACD4BBD58
[DOA5 Last Round],2014/06/17,40,1.99,122,Dead or Alive 5 Ultimate Kokoro Overalls,9FEDFAD9FAEFF8833C13853DCD9AF98715C2C35858
[DOA5 Last Round],2014/05/20,40,1.99,54,Gym Class Tina,A3D6CD2AEE883CE79BC8D0970871A97E0D1CA08958
[DOA5 Last Round],2015/10/13,40,1.99,66,DOA5LR Christie Halloween Costume 2015,786C9E8C5787DC911B72041ECC6D350D130FEBE458
[DOA5 Last Round],2014/06/17,40,1.99,122,Dead or Alive 5 Ultimate Gym Class Phase 4,9FEDFAD9FAEFF8833C13853DCD9AF98715C2C35858
[DOA5 Last Round],2015/03/10,40,1.99,42,DOA5LR Ninja Clan 2 - Leifang,87B5AD8460CBADF1875E0D2E1BCF1721C41C5D9958
[DOA5 Last Round],2013/09/03,40,1.99,0,Hot Getaway - Kokoro,D1C53E83579551323C52738B1524E0B61D14164758
[DOA5 Last Round],2015/04/21,40,24.99,112,DOA5LR Last Getaway Costume Set,13EBBD72E055ABB5A745FC47240A75AE22533D7458
[DOA5 Last Round],2013/09/03,40,1.99,0,Hot Getaway - Pai,F4F22BEA2CDF2B2641CDE70D3EFF87767F8C2EEA58
[DOA5 Last Round],2013/12/17,40,1.99,68,Dead or Alive 5 Ultimate Helena Legacy Costume,CC967528EC43BA61555C653EF184A42E4ACD4BBD58
[DOA5 Last Round],2013/10/15,40,1.99,179,Gen Fu Halloween Costume,3D046047F38DF7838F900F472F935F969ACFA8D858
[DEAD RISING],2006/09/06,40,0.00,0,Coldhearted Snake Key,C725B2F4F6AB95A733296276F451EC822AEDFFF458
[DEAD RISING],2006/08/08,40,0.00,0,Burgundy Wine Key,68DF0AF7FB6858CED0F291D9AEB6C9658354F2C958
[DEAD RISING],2006/08/08,40,0.00,0,Grandpa Key,11812284746A0214130B9E1312E458FF56FF6B3B58
[DEAD RISING],2006/08/08,40,0.00,0,Pink Paparazzi Key,31E80C853853BFC14C9208AAC730649CF3863E3B58
[DEAD RISING],2006/08/08,40,0.00,0,Man in Black Key,DFCCD4DD27A16D29C95AD8087D0E76EFB4A0C8B858
[DEAD RISING],2007/05/31,40,0.00,0,Pure White Suit Key,E7DF782C8EAC1A3AB72C47B9D781549FE26871BC58
[DEAD RISING],2006/08/08,40,0.00,0,Miami Nights Key,27F474AA08F3F1B52335DF3927D04BD4B673935E58
[DEAD RISING],2006/08/08,40,0.00,0,Casual Key,A72D152E1068A8F9F04E6CA60C361C9DA53A424B58
[DEAD RISING],2006/08/08,40,0.00,0,Weekender Key,F2D60338514FF20A7FA595F1707C945ED0ED7D0558
[DEAD RISING],2007/05/31,40,0.00,0,Accountant Key,C633F0DCB305DD926EEBDB51A35E3FE7608512D758
[DEAD RISING],2007/05/31,40,0.00,0,Stripe Key,83966E3FA22CD7D683C4DEEBA71C81B70735E57858
[DEAD RISING],2006/08/08,40,0.00,0,Round Shades Key,E75173BD30B593DEFAF84C0D2D2900DFA3F6E1C158
[Dead Rising 2],2010/09/21,40,0.00,4,Free Pack - Psycho,7761A6D5D83029012735FC3D516F82377B61451758
[Dead Rising 2],2010/09/21,40,0.00,3,Free Pack - Sports Fan,7CD6CAD12E0983670B70575BE64CE8D8A1AA885358
[Dead Rising 2],2010/09/21,40,0.00,4,Free Pack - Soldier,8AD7D4E9E6FF1F73B900DC71045443B310AA28C058
[Dead Rising 2],2010/09/21,40,0.00,2,Free Pack - Ninja,E57DD053F5688472BCF9AA4741DE52D11C9E5AC758
[Dead Rising 2],2010/10/12,40,1.99,4,Skills Pack - Psycho,93DF76B662846211C17A40FAD0494FB3CB1A754958
[Dead Rising 2],2010/10/19,40,1.99,4,Skills Pack - Soldier,C0A08CDE1D9BCCC620B40114649A2B1A118857D458
[Dead Rising 2],2010/10/26,40,1.99,3,Skills Pack - Sports Fan,749FBA80B1B93FE4C7428AEF11CF6AF8597C78F858
[Dead Rising 2],2010/11/02,40,1.99,2,Skills Pack - Ninja,6D00880A545BE02D35FFB4BB1B558AC757909AA458
[DEAD RISING 2 OFF THE RECORD],2011/10/04,40,0.00,16,DR2: OTR Support Pack,22E90C2938ED1A2FAC2FC54FC8A76ADD71D1904D58
[DEAD RISING 2 OFF THE RECORD],2011/11/08,40,4.99,0,DR2:OTR GAMEBREAKER Pack,CE6D45ABF2C6530E370CF5F44EA5CA2F3776E43958
[DEAD RISING 2 OFF THE RECORD],2011/10/25,40,1.99,6,DR2:OTR CYBORG Skills Pack,FE81521F9111AB1307DBDA9A9D39122C14860AAF58
[DEAD RISING 2 OFF THE RECORD],2011/11/01,40,1.99,3,BBQ CHEF Skills Pack,37B7BB22E0A790882D2281F436F34B1A8F1B4B2D58
[DEAD RISING 2 OFF THE RECORD],2011/11/15,40,1.99,3,COSPLAY WARRIOR Skills Pack,CCFB0BF073A4D0414E150DB11B0CE78742FD742458
[DEAD RISING 2 OFF THE RECORD],2011/11/08,40,1.99,3,FIREFIGHTER Skills Pack,260A2DC05CC4E2768D0FADBAFEC2192918035BA958
[Dead Space™ 3],2013/02/05,40,14.99,0,Tau Volantis Survival Kit,3333765238E05AA4D22CAEDE26C79C597CE5C63758
[Dead Space™ 3],2013/03/12,40,4.99,0,Witness the Truth Pack,5A52400A85ADF18DC206BF71CF0C4942E260521758
[Dead Space™ 3],2013/03/12,40,9.99,1133,Dead Space™ 3 Awakened,7AFF60173C99FC5D95B2B043C8EE8ED9A250B1C758
[Dead Space™ 3],2013/02/05,40,4.99,0,Bot Capacity Upgrade,7A7A0E8E5FBC560526B50490A1E7D75DBE438B3758
[Dead Space™ 3],2013/02/05,40,4.99,0,Tundra Recon Pack,EA869860349A1E163D4FA32036BAD4F84754D22C58
[Dead Space™ 3],2013/03/12,40,1.99,0,EG-900 SMG,F47AE7651E86B857CF97BD1AB7F2D87F1C838CB558
[Dead Space™ 3],2013/02/05,40,4.99,0,Sharpshooter Pack,4A0876A128C8625643F9446DFF5DE829ED2A792858
[Dead Space™ 3],2013/03/12,40,4.99,0,First Contact Pack,588747FCE6CBD7508F085C657637E9E5116BD23F58
[Dead Space™ 3],2013/02/05,40,4.99,0,Marauder Pack,3F83922B831FD349EAE6E3C151183409A48C153058
[Dead Space™ 3],2013/02/05,40,4.99,0,Bot Accelerator,543AD1892352F36219E75B556ACD66D72936380A58
[Dead Space™ 3],2013/02/05,40,4.99,0,Bot Personality Pack,3D964F82719A2C1DD5CF9E67D117596AB3008BB658
[Dead Space™ 3],2013/03/12,40,1.99,0,Enervator,55E2BBA68F67AAAF74B906C3BF5A8F37D7C81F3D58
[Dead Space™],2008/10/13,40,2.49,6,Elite Suit,02479C390E3FB7038C9DBBB1B79B1FD24642CE9C58
[Dead Space™],2008/11/13,40,3.99,10,Military Pack,B715486A86801F370BF0E575D006C17EA9F1563158
[Dead Space™],2008/11/13,40,2.99,9,Elite Pack,D2BF4E716F9713C9D8EBC7D38E96943E7047F52C58
[Dead Space™],2008/11/13,40,1.00,2,Big Gun Pack,A01750B1B97B9190EBF511789BF2C25A7484039B58
[Dead Space™],2008/11/13,40,2.25,4,Speed Kills Pack,AC596907EDC33957F4122E12D3CCF1984C99FC5D58
[Dead Space™],2008/11/13,40,3.99,10,Tank Pack,5D5CFFC84D9C3F92F34B2515F0021B4CC46E343958
[Dead Space™],2008/11/13,40,2.99,5,Heavy Damage Pack,9D055DED434381433C04C516C4A2DE8A9B8C86FC58
[Dead Space™],2008/11/13,40,1.49,6,Pedestrian Pack,50CE4BF3F80E9BF06516A9908D875554EC74A78258
[Dead Space™],2008/11/13,40,2.99,11,Astronaut Pack,B4D0904B19763CCFD780E71B13D12AD685283C4C58
[Dead Space™],2008/11/13,40,2.25,4,Scorpion Weapon Pack,391AE8D596C7FA02F1D35858296CD450E27135D958
[Dead Space™],2008/11/13,40,3.99,10,Scorpion Pack,7B0FF501EC0F590BA1BCD37A42838711762014B058
[Dead Space™],2008/11/13,40,1.49,3,Elite Weapon Skin Pack,B8E30B72A9E866AFD340E88836B3E88A12CA387058
[Dead Space™],2008/11/13,40,1.00,2,Hot Rod Pack,1127C770AE6D8407A429E57FEFD478999440B5A158
[Dead Space™],2008/10/13,40,2.49,6,Scorpion Suit,C65A543F4B28B4887D32CD96742F91D48853C4FB58
[Dead Space™ 2],2011/03/01,40,6.99,1441,Dead Space™ 2: Severed,29E2FCC04BEF1D2532C48269EC42EF2E3DBFC45858
[Dead Space™ 2],2011/01/25,40,4.99,0,Dead Space™ 2: Supernova Pack,F06669E502032070FCF0460415A2C6B3131CBF4158
[Dead Space™ 2],2011/01/25,40,4.99,0,Dead Space™ 2: Hazard Pack,19DAC44D7EE0416E77BAC2AAD5FE8A8F5C9C05EF58
[Dead Space™ 2],2011/01/25,40,4.99,0,Dead Space™ 2 Martial Law Pack,1D36A8D40F55FFEF5352B7D23BBA244BCC29F9FD58
[Deadfall Adventures],2014/01/14,40,9.99,0,Deadfall Adventures Collectors Edition DLC,84744C534AB7C4FB7CC1C0B0E5475B08B910895458
[Deadliest Warrior],2011/02/24,40,0.00,64,Deadliest Warrior: DLC 1 FREE VERSION,C919FC657B7A96A90910FF1BFEB9D33893CD18CB58
[Deadliest Warrior],2011/02/02,-65535,4.99,64,Deadliest Warrior: DLC Expansion Pack 1,C919FC657B7A96A90910FF1BFEB9D33893CD18CB58
[Deadliest Warrior: Legends],2011/08/10,40,2.99,4,Joan of Arc DLC,79BC2CD95EC385317BDE00D561ECBC7EDCEDEF6058
[DeathSpank: T.O.V.],2010/09/29,30,1.00,1,Tankko the Warrior,2BC4B0B50B66AC34571AF93DB39EAB52B8BCFD6558
[DeathSpank: T.O.V.],2010/09/29,30,2.99,12,The Snowy Mountain Dungeon,3FE8E1089C6B46CD4F3DFB198A50C46B5E968C0758
[Defense Grid],2010/06/16,20,1.00,11,Defense Grid - Map Pack 3,C944F63239094F7B84517FA97D4BCC0416384B8558
[Defense Grid],2010/06/09,20,1.00,15,Defense Grid - Map Pack 2,2AB76C70FBB0482BF331669B1C6F9A6C6468A07C58
[Defense Grid],2010/06/02,20,1.00,13,Defense Grid - Map Pack 1,939629A0F3D3B34F0825A9BC185ACD1EF552C86958
[Defense Grid],2011/12/07,20,4.99,228,Defense Grid: You Monster,7BA5F8AAAABCA1B3FFDAC60345A0D920FDB36B2458
[Defense Grid],2010/06/23,20,1.00,12,Defense Grid - Map Pack 4,094C0F0D694DAB48737254326675315DE6F60B0658
[Destiny],2015/09/01,30,19.99,0,Destiny: The Taken King,4F387BCC1AB91B67B6D1F49C12A14B48B1FEFE8958
[Destiny],2014/12/09,30,19.99,0,DESTINY EXPANSION I: THE DARK BELOW,E07EC69EA4289DD9FD65C0F9C6C195BA411D0BFD58
[DEUS EX: HUMAN REVOLUTION],2011/10/18,40,5.99,1751,DEUS EX: HUMAN REVOLUTION - THE MISSING LINK,582DAF362F82D11FFEC436FD501BFC3DB7D70B8D58
[DEUS EX: HUMAN REVOLUTION],2011/09/28,40,1.99,0,Deus Ex: Human Revolution Tactical Enhancement Pack,E9B9214913180B370C061217BE24CC79C650ACDA58
[DEUS EX: HUMAN REVOLUTION],2011/09/28,40,2.99,0,Deus Ex: Human Revolution Explosive Mission Pack,5FF9020C1AA0D25F2F2E3FC7FD238ED4A0311EB458
[Diablo III: Reaper of Souls],2014/09/19,40,4.99,0,Diablo III: Reaper of Souls – Infernal Pauldrons,3DBA54D14850A4948C7D61E9D92277F28E08DBF158
[DiRT 2],2009/10/13,30,4.99,0,DiRT 2 Access All Areas Pack,D558662F7D77C0B834AF89D080CBEDF01A87259F58
[DiRT 2],2009/10/13,30,4.99,0,DiRT 2 Trust Fund Pack,E3496FD3CF3FF8A4AE177D331F3DD03F24460D0158
[DiRT 3],2011/05/24,30,0.00,0,VIP Pass,72AAAA30D6762B84A19BAA85A2CDEA5D0BA54F9A58
[DiRT Showdown],2012/06/26,-65535,2.99,0,Loaded Liveries Pack,281EF1D8431E45C28E5050F452D720F18833A52F58
[Dishonored],2013/08/13,40,9.99,1747,The Brigmore Witches,49FBF5F210A564D1330B1C27DF26A963CDA6AD0458
[Dishonored],2013/04/16,40,9.99,1276,The Knife of Dunwall,77F0374A7CFDB2218FB849AFA0261B669B01111E58
[Dishonored],2013/05/14,40,3.99,0,Void Walker's Arsenal,70E1BF84330269BA19AC3C997DDAADB72D1D663258
[Dishonored],2012/12/11,40,4.99,904,Dunwall City Trials,6CA5C2E74DEAFF1221F933C6C24848185EB238FA58
[Disney Infinity 3.0],2016/03/10,20,0.00,33,Character language pack - French,CD4D492C16B8F03AE302C123B430529D9E5A696F58
[Disney Infinity 3.0],2016/03/10,20,0.00,32,Character language pack - English,96E59311974FE77866BF7D6C97D66B4EE26D1C5158
[Disney Universe],2011/11/15,20,1.00,2,Disney Universe Cruella de Vil Costume,7EE2BE1FB01C0D3EEBBA73E9071C17D5B62726AF58
[Disney Universe],2012/03/20,20,1.00,2,Disney Universe Animal Costume,1EDA827C7160B3405E33A327BCCC2FD4DD1F13ED58
[Disney Universe],2012/04/17,20,4.99,635,Disney Universe Neverland Level Pack,B61DDF81403FAEA7358717E5E0DEAD10447FEEAF58
[Disney Universe],2012/01/17,20,1.00,2,Disney Universe King Louie Costume,16DD4169C301023522035448E2A0CF51AB05D79D58
[Disney Universe],2011/11/15,20,1.00,2,Disney Universe Evil Queen Costume,C372C97E659BA4021D545303EA0D885FB193449258
[Disney Universe],2011/11/15,20,1.00,1,Disney Universe Hades Costume,6E78E4F8881CA554D37F3F7889E59247FB8ADE5358
[Disney Universe],2012/03/20,20,1.00,2,Disney Universe Gonzo Costume,B6DCA5A8CB51CDC14288ED583A65EAEF7F6A7BEB58
[Disney Universe],2011/11/15,20,1.00,2,Disney Universe Maleficent Costume,34B19C1F0AA8880B8BD606DE6C53B0670C65C4EA58
[Disney Universe],2011/10/25,20,0.00,4,Disney Universe Daisy Duck & Absolem Costumes,FB235313EBACD9249AA227A8F0C5ABF6DA31117758
[Disney Universe],2012/03/20,20,1.00,1,Disney Universe Kermit Costume,A8D29DA5DC8C83E8BC214C3A6B5FC46478C0F52958
[Disney Universe],2012/01/17,20,1.00,2,Disney Universe Shere Khan Costume,F129A7D46EBEA9725EBA39E5D594AF78D96DB2C158
[Disney Universe],2012/02/14,20,4.99,374,Disney Universe Phineas and Ferb Level Pack,13C0D48B459E9F77556C136F47D76BCC3C22590558
[Disney Universe],2012/03/20,20,1.00,2,Disney Universe Miss Piggy Costume,45DFC30CE6C242001E385FC8E24A7BCDDB9D66A958
[Disney Universe],2012/03/20,20,1.00,2,Disney Universe Fozzie Costume,88726448F21FCE3208FD4DA7886D589206B6561C58
[Disney Universe],2011/11/15,20,1.00,2,Disney Universe Ursula Costume,5A5E6C69A04970CFE1716660C1EC36C629DF5FCD58
[Disney Universe],2011/12/13,20,4.99,305,Disney Universe Nightmare Before Christmas Level Pack,E5E1DA7D76714B0E13AD2155FFF283D44869F75958
[Disney Universe],2012/01/17,20,1.00,2,Disney Universe Mowgli Costume,F95A2C582A5DF4DE78825745AE4DA34C1914BC7B58
[Disney Universe],2011/11/15,20,2.99,7,Disney Universe Villains Costume Pack,8EFBA640F73CA8E1B5E07BF0CB8FFD6FF19B597F58
[Disney Universe],2012/01/17,20,1.00,1,Disney Universe Bagheera Costume,BE07CACEEDC20E7101A84ADAD41389412CCB896158
[Disney Universe],2012/01/17,20,1.00,1,Disney Universe Baby Elephant Costume,FB5D4EB474726DA8D79222601F5EF11DB224907158
[Disney Universe],2012/03/20,20,2.99,7,Disney Universe Muppets Costume Pack,E64BF4615DE2143C857E768CDD161D02DE52B9F358
[Disney Universe],2012/01/17,20,2.99,7,Disney Universe Jungle Book Costume Pack,7710594200FF153A27C15B8D5C5294D43BF05FC958
[DmC],2013/02/20,60,0.00,199,Bloody Palace DLC,C25FEE1EA29C864D29763B88921736110A5A3F6E58
[DmC],2013/01/30,60,3.99,32,Costumes Pack,0034005B11E7B358C280DA1BAB98030E85231EAC58
[DmC],2013/02/20,40,1.99,10,Bundle Pack,23C99ABB6D3E08BCA3B2C6371AF8460582FF54BA58
[DmC],2013/03/06,40,8.99,1854,Vergil's Downfall,8F7A42E2131C53CFBF1BD17B49BA3D4A181C3C9158
[DmC],2013/02/20,60,1.00,3,Samurai Pack,12BEB55723285BE40F9BBB77E753E3C725310FCE58
[DmC],2013/02/20,40,1.00,3,Golden Pack,38ADB7CEF5C7EB8CB12C9617FD0836B39C3B488058
[DmC],2013/02/20,40,1.00,4,Bone Pack,C5952365F1BECD3B62F021B080605472095A82C958
[DMMM:Elements],2008/03/11,40,4.99,101,"Exclusive Maps, Classes and Weapons",87136C8132693B83FB5ECFEC5354343B00E9E86B58
[Dogfight 1942],2012/11/28,30,2.99,307,Russia under Siege,42BE6D8BEA97DD817B183F0D3ED8F1B2B5AB63EA58
[Dogfight 1942],2012/11/28,10,2.99,297,Fire over Africa,ECB2F36012456549BAD3824D86DE688A0377AC9958
[Dollar Dash],2013/05/21,20,2.99,0,Dollar Dash - More Ways to Win,1F72F30D7E69B6F9458011B0FA5AEF0149707A5358
[Dollar Dash],2013/12/03,20,1.99,0,Dollar Dash - Winter Pack,06B32E8FF3447106A687BBEF7EC9649AADC1E1EB58
[Dollar Dash],2013/06/04,20,1.99,0,Dollar Dash - Robbers Tool Kit,323C4FC47416223CC8A2D0C9082F5A3D7B36FB7858
[Domino Master],2009/04/18,10,1.99,14,Domino Master Chillin',BC667D7161F4AD381A36BEB435C94F682C585F6158
[Domino Master],2009/04/18,10,1.99,16,Domino Master Bone Slammin’,53E41F85DC94467E19E5195DC26AAF17B2A12DD458
[Domino Master],2010/02/17,10,1.00,10,Domino Master Rap,CE515980A978301C0A8FF4A05530FC8A6BEDCEA058
[Domino Master],2010/02/17,10,1.00,11,Domino Master Basketball,A03FDCDCD8C1218F428CEAF3FA48F4A7E02492D358
[Domino Master],2010/02/17,10,1.00,11,Domino Master Baseball,FEBBA528143758E61988799D2E6818C174D0799658
[Domino Master],2010/02/17,10,1.00,11,Domino Master Football,EA5F224BF8FB38D18861B9215A3B5EE2FD6909E258
[Doritos Crash Course],2013/01/02,10,1.99,5,Doritos Crash Course City Lights,5C5E4648EC4191422AD927380710447E3968017158
[Dragon Age: Origins],2010/08/10,40,0.00,182,Dragon Age: Origins - The Stone Prisoner,908DD47D20AD5E88E5D08E08C7EF5CB34A5AD51C58
[Dragon Age: Origins],2010/08/10,40,6.99,118,Dragon Age: Origins - Warden's Keep,84A651A0859C4B5F1EAC66895B0A10679387DED758
[Dragon Age: Origins],2010/08/10,40,4.99,125,Dragon Age: Origins - Return to Ostagar,84679C73AA257B43751AC83108689DDC91AA331958
[Dragon Age: Origins],2010/05/18,40,4.99,335,The Darkspawn Chronicles,9DA01BE22623DB97CA992E6E91CA8EF9A70F87D258
[Dragon Age: Origins],2010/07/06,40,6.99,443,Leliana's Song,35F2AA65A0CDDB099F21E3280F7CE1054B5E080258
[Dragon Age: Origins],2010/09/14,40,6.99,421,Witch Hunt,F99A17257ACBBE80B6F5918C90622E916A82162558
[Dragon Age: Origins],2010/08/10,40,4.99,403,The Golems of Amgarrak,B4F60481EC028E13C747B58754D26626913816EB58
[Dragon Age: Origins],2010/04/01,40,2.99,1,Feastday Combo Pack,F1EB863DA6F2D80295AA16D14A37497E17A525C358
[Dragon Age: Origins],2010/08/10,40,9.99,1802,Dragon Age: Origins - Awakening,E92188F50C483B8A709579B2A65681AE08A92FE658
[Dragon Age: Origins],2010/04/01,40,1.99,1,Feastday Gifts,F553922380E1F2F6C1D2EE407D6071D6B1FD777C58
[Dragon Age: Origins],2010/04/01,40,1.99,1,Feastday Pranks,90B89A308B3765B64AD5BC43B9FA9C9A13A4520658
[Dragon Age™ 2],2011/03/01,40,0.00,17,The Black Emporium,CA8754F59B5D59BE432371BD0548EA4F89F4B9CF58
[Dragon Age™ 2],2011/07/26,40,9.99,687,Legacy,638D52DDABC91F3732F5BACD647C2B98C652367A58
[Dragon Age™ 2],2011/08/23,40,4.99,20,All-Class Item Pack II,A47ACAB276E608BC3322804B8D8F2974FBA19CBB58
[Dragon Age™ 2],2011/03/01,40,6.99,47,The Exiled Prince,974E2DE69A2941F66C573F84B1E4CC1FDE58B37958
[Dragon Age™ 2],2011/04/26,40,4.99,13,Dragon Age II Item Pack Bundle,CDEF46270F94551B1443A6972A0C38F018608B4D58
[Dragon Age™ 2],2011/10/11,40,9.99,1018,Mark of the Assassin,1D9AD2CD801307886A39D0CF627506705C33CAD658
[Dragon Age™ 2],2011/04/26,40,2.99,5,Mage Item Pack,28B990B399A2B701CB8AE6D968CD3C56D66BC6DD58
[Dragon Age™ 2],2011/08/23,40,2.99,8,Warrior Item Pack II,F8E63390666317D1733C784591EB035C49323ADA58
[Dragon Age™ 2],2011/08/23,40,2.99,6,Mage Item Pack II,E78D68088DDBB9BE06FC536C9F32860B83C37A6258
[Dragon Age™ 2],2011/04/26,40,2.99,4,Warrior Item Pack,2F7DFA0A53F52261503921352EFE1DAC9A86DE9A58
[Dragon Age™ 2],2011/08/23,40,2.99,6,Rogue Item Pack II,BB39B73CDCC661F6F6D4E57CEA97EB055B2F27D758
[Dragon Age™ 2],2011/04/26,40,2.99,5,Rogue Item Pack,31BA79A5581D52DDF6250EEA22AE0BDC9084112658
[Dragon Age™: Inquisition],2015/05/05,40,0.00,47,Dragon Age™: Inquisition - The Black Emporium,6E3FA212D441FE7EDB2FAE792B6864006651220F58
[Dragon Age™: Inquisition],2014/12/16,40,0.00,254,Dragon Age™: Inquisition - Destruction Multiplayer Expansion,CFB1920065A79816B5DAF74CDFA4A66DCB24DEB358
[Dragon Age™: Inquisition],2015/05/05,40,0.00,201,Dragon Age™: Inquisition - Dragonslayer Multiplayer Expansion,2FEE665D8D9465D6B1C9870BC5D6A128AE3372C958
[Dragon Age™: Inquisition],2014/12/16,40,9.99,5,Dragon Age™: Inquisition Deluxe Edition Upgrade,DC4EE51257B7C25E816A271A15F07F42CDC5BC7F58
[Dragon Age™: Inquisition],2014/11/18,40,0.00,1727,Dragon Age™: Inquisition English Voice Over Pack,0F39094C19CB15B4B7366EF517192084D38CD82A58
[Dragon Age™: Inquisition],2015/05/26,40,14.99,648,Dragon Age™: Inquisition - Jaws of Hakkon,C4684C36005466048C1596C08CC7CFEAE8D5D6C158
[Dragon Age™: Inquisition],2015/06/09,40,4.99,28,Dragon Age™: Inquisition - Spoils of the Avvar,34167F47FA01B2FBEB155172018E7F09415C02A058
[DD: Dark Arisen],2013/07/23,40,0.00,1403,HD Texture Pack,CF6DEC0DC65B01DFF9F1597CE58C8A05626FE3D558
[DD: Dark Arisen],2012/06/19,40,1.00,0,Set Out for Adventure - A Great Defense,517D4D12B3E1D1904E2069189E90C6A5863E50F358
[DD: Dark Arisen],2013/05/21,40,1.00,1,Fighter's Ring Set,CF54A4B816A0CE3CE39C4995D3B55A0649E4662F58
[DD: Dark Arisen],2013/05/21,40,1.00,1,Strider's Ring Set,CE1D7F8869FB1B27C380FCF7243E65F11E70222258
[DD: Dark Arisen],2013/02/12,40,1.99,3,A Boon for Wanderers - Bonus Pack,3EA1F7D5CAEDC054A646A79CE8088D24468F141A58
[DD: Dark Arisen],2013/07/23,40,0.00,1386,Japanese Voice Track,6F0F78A390F33E1814590891624220186714010758
[DD: Dark Arisen],2012/07/24,40,1.99,8,Motley Crew,28DA264A1B447E266ACA540845257C88302FCB1858
[DD: Dark Arisen],2012/07/03,40,1.99,3,A Face of a Different Color,3ACCC26507B40EE485ADF3CBDDFC98D551C36A1458
[DD: Dark Arisen],2013/05/21,40,1.00,1,Mage's Ring Set,B70482A301E20D7710C867F7E28844BCBF9AE2AB58
[DD: Dark Arisen],2012/05/29,40,2.99,4,Weapon Pack: the Monster Hunter,F047A9C27BD0D8ACA3492D29241857FFB90EECC958
[DD: Dark Arisen],2012/05/29,40,1.00,0,From a Different Sky - Part 2,D5323E6D758659E09116D2A5A04E147131C3459958
[DD: Dark Arisen],2012/08/07,40,6.99,0,From a Different Sky - Bundle Pack,39BDF34B653A672B0DB8AC929FF07411F48AB0BC58
[DD: Dark Arisen],2012/07/10,40,2.99,3,Notice Board Quests - The Challenger,D099B859066F6B2B0328C74CD8615442E63DEB7858
[DD: Dark Arisen],2012/07/17,40,2.99,5,Weapon Pack: the Debilitator,46EA4224C8D515D916B080A51F64182DC7C2AC3458
[DD: Dark Arisen],2012/07/24,40,1.00,0,From a Different Sky - Part 10,E723494DCD9CDF95015F26B1ADA1E6BE1E7E07C658
[DD: Dark Arisen],2012/08/21,40,6.99,8,Notice Board Quests - Service Pack,D1DB77D1F576728F85BA50FF2CA804F25A4B143A58
[DD: Dark Arisen],2012/06/12,40,1.00,0,From a Different Sky - Part 4,E771F7D52A0C5937EF58367EAC3861FD24D6F70658
[DD: Dark Arisen],2012/06/19,40,1.00,0,From a Different Sky - Part 5,4B32E5B3231FC6C477AE5587F8553A5AC424B52058
[DD: Dark Arisen],2012/06/26,40,2.99,10,Armor Pack: Demon's Protection,A7F1C21BD99B0E4B93D1A8C5160BD52EE70CEF9558
[DD: Dark Arisen],2012/05/22,40,1.99,6,A Coiffure You Can't Refuse,CF078589A95066FA5F4291DE7615EE82EF57E7E358
[DD: Dark Arisen],2012/07/10,40,1.00,0,From a Different Sky - Part 8,5F70A40E1FB9A5DDEAB0A1D70D016FE7CAA9E7C558
[DD: Dark Arisen],2012/06/26,40,1.00,0,From a Different Sky - Part 6,F1841D969F9E0C4779EFE1AA2B80AD61EBCDB6A258
[DD: Dark Arisen],2012/05/22,40,1.00,0,From a Different Sky - Part 1,BCC742C9149186EF2FAB9B769EE3A279169D10D558
[DD: Dark Arisen],2012/07/17,40,1.00,0,From a Different Sky - Part 9,8CF0D9599C08DF0B5415C9E890E111AA12A5195658
[DD: Dark Arisen],2012/06/12,40,2.99,3,Notice Board Quests - The Chosen,2F4639D40261DF04E1D1E0BD7D6187301D02A21858
[DD: Dark Arisen],2012/07/03,40,1.00,0,From a Different Sky - Part 7,C3609FC1A48802483FAC2D675EF18848D2F7395D58
[DD: Dark Arisen],2012/06/19,40,1.00,0,Set Out for Adventure - The Best Offense,52204195EB8F300D63169AA709C89575A876370B58
[DD: Dark Arisen],2012/08/07,40,2.99,2,Notice Board Quests - The Savvy,C4FA48B397294D69751D528A15877C50CF35849158
[DD: Dark Arisen],2012/06/26,40,2.99,12,Armor Pack: Divine Protection,A2DEA3E5933E6200F2552AE90DFBF9C0C2E926E158
[DD: Dark Arisen],2012/06/19,40,1.00,0,Set Out for Adventure - The Right Tools,DB342F9ABB1474B5C80B7EAD743887EEC3A1964258
[DD: Dark Arisen],2012/06/05,40,1.00,0,From a Different Sky - Part 3,165649873DBD6126D5F19B0D21BFA5AC492AAEB958
[DTR: Retribution],2018/06/21,40,0.00,600,GAC Pack,7A2A2FBD7618DD90D9010CFE085A1F29A0D1FD5458
[Duke Nukem Forever],2011/12/13,40,9.99,1848,The Doctor Who Cloned Me,AF85C9CD83B91F2664735317EC0A6E5A0DF3083C58
[Duke Nukem Forever],2011/10/11,40,9.99,290,Hail to the Icons Parody Pack,EBCF26D47B0BBE3F9354D74280F994DEBB18CBC658
[Dungeon Defenders],2011/12/21,20,3.99,172,Mistymire Forest,B8C7855A1EAE7C0FA2737D1DE5D92AB1413E07F958
[Dungeon Defenders],2012/10/24,20,3.99,776,The Quest for the Lost Eternia Shards Part 4,3FE13A974D42CB55D1CE401D277792946688118258
[Dungeon Defenders],2012/05/15,20,3.99,272,The Quest for the Lost Eternia Shards Part 3,44A5051F3290E155F49E858939A1C5F3CFB50A7F58
[Dungeon Defenders],2012/04/26,20,3.99,201,The Quest for the Lost Eternia Shards Part 2,3A40313631BAE8C3E01A74B2D1B8B76B6E25195358
[Dungeon Siege III],2011/10/25,30,9.99,487,Dungeon Siege III: Treasures of the Sun,65F617EE7E0B9D8B93CA2CC50504715CB05088C058
[DW: GUNDAM 2],2009/05/14,30,0.00,0,Additional Mission 01,DD2D72430E6C9FDA72B2DBE7E46B9AF52B33B8B358
[DW: GUNDAM 2],2009/05/14,30,0.00,0,Additional Mission 02,07D897E7F0C7CC556F695E822EE7717719DEABD258
[DW: GUNDAM 2],2009/05/14,30,0.00,0,Additional Mission 03,5A52D6612539B8F6F8B4660D9A02E26556835EEF58
[DW: GUNDAM 2],2009/05/28,30,0.00,0,Additional Mission 04,FF3494A0201B94BF81C68574A913A8B791480F5458
[DW: GUNDAM 2],2009/05/28,30,0.00,0,Additional Mission 05,B9BA29F7056282FFA1D20152265C15EE7C6D10DC58
[DW: GUNDAM 2],2009/05/28,30,0.00,0,Additional Mission 06,C8571868FB716E038A2C50B938D01A86031A8F6F58
[DW: GUNDAM 2],2009/06/11,30,0.00,0,Additional Mission 07,530582EAC5E34403605AA3C672A002904753EB4C58
[DW: GUNDAM 2],2009/06/11,30,0.00,0,Additional Mission 08,560E7785DACBB4042728196989F144C4FE4E58DE58
[DW: GUNDAM 2],2009/06/11,30,0.00,0,Additional Mission 09,98DD9EAA1DB2245D1DCEE16F7DB361CBA55A257858
[DW: GUNDAM 2],2009/06/11,30,0.00,0,Additional Mission 10,42D5DBFD10C92711EE937AF704568406C4F52C6358
[DW: Strikeforce],2010/04/01,30,0.00,0,DW: Strikeforce Pack 4,E64E9798CDFF246D4F8B68A150D7C5C7B3DAD11758
[DW6 Empires],2009/07/02,30,0.00,2,Kempo Armor Set (men),5D7964B8F3CA398C60A733943C944DE4E33CD97858
[DW6 Empires],2009/07/02,30,0.00,2,Artemis Armor Set (women),55413047BEA0B0E276AEBC9ACA56189C6AD7F4A558
[DW6 Empires],2009/07/02,30,0.00,3,Royal Armor Set (men),5F8758880E4C01546AB7A9F5393E0224B924AE7158
[DW6 Empires],2009/07/02,30,0.00,2,Queen Armor Set (women),2CE4289F71882C6CC6193C8B09922F30364FA2A158
[DW6 Empires],2009/07/16,30,0.00,2,Desert Armor Set (men),E5D4007BE84389EA6F2B51E93D049416BAA0A7F258
[DW6 Empires],2009/07/16,30,0.00,3,Paladin Armor Set (women),38F34D83D20F99830337FE7EEDC32D0008A3813F58
[DW6 Empires],2009/07/16,30,0.00,3,Lion Armor Set (men),434AE605280442D30F0C4CBF9665B9E83397130A58
[DW6 Empires],2009/07/16,30,0.00,3,Shaman Armor Set (women),7B7E0A4F148106CED1BA96A828087F5D58E3F24058
[DW6 Empires],2009/07/30,30,0.00,3,Eclectic Armor Set (men),B4E20F0B5B16DC1F9D31AFA8E8352EF4A2274ED158
[DW6 Empires],2009/07/30,30,0.00,2,Priestess Armor Set (women),1E09CE43941B053F24E9188B64A4076CBF9E610758
[DW6 Empires],2009/07/30,30,0.00,2,Norse Armor Set (men),F25439EF4F53F08940E85D009E4F69424B3F411C58
[DW6 Empires],2009/07/30,30,0.00,3,Valkyrie Armor Set (women),B1226F3F1EFA8FAF5E58A5494061AF6683FF64C758
[DW6 Empires],2009/08/13,30,0.00,2,Shinobi Armor Set (men),4754455817ADDB9D128D209D0F39691B329DE74258
[DW6 Empires],2009/08/13,30,0.00,2,Arabian Armor Set (women),312E066851C8CF39D2EC9583C8531497ED89D38B58
[DW6 Empires],2009/08/13,30,0.00,2,Mystic Armor Set (men),0B67438E132878E85B6867E35918D51348E8A5E158
[DW6 Empires],2009/08/13,30,0.00,2,Wa Armor Set (women),2079964A3F63D6791B7E0A7EDFF43A32C1796A3058
[DW6 Empires],2009/07/09,30,0.00,28,Additional Music Set 1,ED35A17752C4D2F886ADCC4875C39D5F617E172358
[DW6 Empires],2009/07/23,30,0.00,24,Additional Music Set 2,D5D8FA8D8CC28D6BFAE68CE22CA94305D98BB85658
[DW6 Empires],2009/08/06,30,0.00,29,Additional Music Set 3,F7A333A5E37A6F67D9CD534F40D7FC93022C175D58
[Dynasty Warriors 7],2011/05/03,30,0.00,945,JAPANESE VOICE OPTION,30C9C2941136245237E36BC95A3BCE283A6505F558
[Dynasty Warriors 7],2012/04/17,30,2.99,0,XTREME STAGE PACK 5,3269BC73F58D8FC5A76159C1DE54BFBE8705DC2A58
[Dynasty Warriors 7],2011/07/26,30,4.99,31,ORIGINAL COSTUME PACK 3,5A9CB968BD46B79EA29E10BDA4CF2E8E1733F34458
[Dynasty Warriors 7],2012/05/08,30,2.99,39,WALLPAPERS 8,F97B15476D2BED99706E139CE1BC4B189766AEE658
[Dynasty Warriors 7],2012/04/17,30,2.99,29,WALLPAPERS 2,C32EC532EBAB27D9A92D5B74A6006AB2E831986858
[Dynasty Warriors 7],2011/07/26,30,1.00,3,NEW WEAPON 'Great Axe',77B425AFDAC9659A7B23ED7370A47E54D6BCF5EF58
[Dynasty Warriors 7],2011/10/11,30,3.99,66,STAGE PACK 4,77E962C9F0EE56C66AA79EB956754FE6C52C9A1E58
[Dynasty Warriors 7],2011/07/26,30,4.99,29,ORIGINAL COSTUME PACK 2,6BB3F358A1F21DB22CFF7892C33D0B69D8CE0C1958
[Dynasty Warriors 7],2011/05/03,30,2.99,49,NEW STAGE AND BGM PACK 1,8AB0B7927DDB7A20FEF38CA1C98E8E7885A992BA58
[Dynasty Warriors 7],2012/06/05,30,4.99,25,ORIGINAL COSTUME PACK 6,1A77651C0D8067E621A15020956491F63A30C10058
[Dynasty Warriors 7],2012/04/17,30,2.99,32,WALLPAPERS 3,36C3509D4EFD848B6A44A2286EF85DE8DE90E64158
[Dynasty Warriors 7],2011/08/16,30,2.99,59,NEW STAGE AND BGM PACK 2,F13D2678B7B0DBAAA4D841AE6F5162296DF96EEE58
[Dynasty Warriors 7],2012/06/05,30,4.99,32,ORIGINAL COSTUME PACK 9,742CE7E4E30BC1085966DF4AED581C63F7F9C9BB58
[Dynasty Warriors 7],2011/05/24,30,3.99,49,STAGE PACK 1,815FED51E547A2AD482642ADC426AD2266EC061E58
[Dynasty Warriors 7],2011/12/20,30,2.99,0,EXCEL STAGE PACK 1,6C47EBA9300361C6174CE77F3718B9B790F8B1BE58
[Dynasty Warriors 7],2011/05/24,30,1.00,84,Costume Pack 2,90AC3AF8E10666444AB2DA89D0C5A6A294C7886158
[Dynasty Warriors 7],2011/08/16,30,3.99,49,STAGE PACK 2,C90A734D1C0BA5003E9618345F885C433F3588FA58
[Dynasty Warriors 7],2011/09/13,30,1.99,7,WEAPON RANK PACK 2,B4636858EE0FB53E0C3970C091E8B6149819FD3A58
[Dynasty Warriors 7],2012/04/17,30,1.00,13,WALLPAPERS 5,6BE47928EAFD7813B85C87ADB638FCE18F1ADDA058
[Dynasty Warriors 7],2011/08/16,30,1.99,8,WEAPON RANK pack 1,8921EFA8E79178983A23E1DFDE905618FA98442A58
[Dynasty Warriors 7],2012/02/14,30,3.99,53,LEGEND STAGE PACK 1,4656B420153A0308B6F67A2969861077283B6A4558
[Dynasty Warriors 7],2012/06/05,30,4.99,30,ORIGINAL COSTUME PACK 7,ADFE66884726964AB16335597A697AA15257DF3E58
[Dynasty Warriors 7],2011/09/13,30,4.99,30,ORIGINAL COSTUME PACK 4,4345386ED98562958093485EC8926040C5135B1858
[Dynasty Warriors 7],2012/04/17,30,3.99,48,LEGEND STAGE PACK 3,2B5367539DE141BA6F34DEED51475977A4DA23AB58
[Dynasty Warriors 7],2012/03/13,30,3.99,55,LEGEND STAGE PACK 2,E88D1BDEDF665B80E431A7961E24AA7B3F482C9F58
[Dynasty Warriors 7],2011/09/13,30,2.99,58,BGM PACK,A72E9C5FCD0CC4875C7FFB1315159D87D266903D58
[Dynasty Warriors 7],2012/02/14,30,2.99,0,XTREME STAGE PACK 3,01CF9D49E0E597C71078022FD442DE7649DBECA258
[Dynasty Warriors 7],2012/04/17,30,2.99,30,WALLPAPERS 4,5A278FE5BF0428529546264A62C759AD5A56177E58
[Dynasty Warriors 7],2012/04/17,30,2.99,0,XTREME STAGE PACK 4,21C3AA921E10969BE9049E1EACECCF5A9E8AEFE558
[Dynasty Warriors 7],2012/03/13,30,1.99,10,NEW WEAPON PACK 5,EB0771CEAABCAA5A15AE5805D635B84AA352179158
[Dynasty Warriors 7],2012/05/08,30,2.99,35,WALLPAPERS 9,2D95953524D446A48715BE5E48D566EF73732B5B58
[Dynasty Warriors 7],2011/10/11,30,1.00,91,COSTUME PACK 4,E83357CA529B14DC88FBF585D55C9EA233919B0758
[Dynasty Warriors 7],2012/06/05,30,4.99,34,ORIGINAL COSTUME PACK 8,5D8AE9BCFD009D8E0EE5EB587ECA14C85690FED358
[Dynasty Warriors 7],2012/04/17,30,2.99,31,WALLPAPERS 1,372693C1F82D0DFCB9D8E950E204089C937D7A6758
[Dynasty Warriors 7],2012/01/17,30,2.99,0,XTREME STAGE PACK 2,F5EFC5A42B44982693E9DAD75F4BA922D994EDEC58
[Dynasty Warriors 7],2012/04/17,30,2.99,36,WALLPAPERS 6,8FC51C2DA3DBE61ABEBDD33B48120372B08CE4F258
[Dynasty Warriors 7],2012/03/13,30,2.99,45,BGM PACK 2,AC399AF9425EFA29A7DAEB825DA1BE89E477C4F158
[Dynasty Warriors 7],2012/04/17,30,1.99,6,NEW WEAPON PACK 6,4D2386D805BB2D6700C34C6CDFEBE8C7AC2BF73158
[Dynasty Warriors 7],2012/01/17,30,4.99,31,ORIGINAL COSTUME PACK 5,531A6626A2F552EB8E25CA1254281AD7879E847E58
[Dynasty Warriors 7],2012/04/17,30,2.99,37,WALLPAPERS 7,84B7DACBCF00275909DE2CD69DB4FE0AC1D3D94F58
[Dynasty Warriors 7],2011/09/13,30,3.99,60,STAGE PACK 3,1D4AECBF082E58A0BB4489D2EF549FE05282CFB358
[Dynasty Warriors 7],2011/10/11,30,2.99,56,NEW STAGE AND BGM PACK 3,0A09DD291B4DEA487A85F2068DCB727C97CEBFE858
[Dynasty Warriors 7],2012/01/17,30,1.99,7,NEW WEAPON PACK 4,9C7DDD3DF27314A9F35C782C466F0A9BE06E003458
[Dynasty Warriors 7],2012/05/08,30,1.99,7,NEW WEAPON PACK 7,C8B8C0915FD8067F3F5125007BA57F7526CEAC7758
[Dynasty Warriors 7],2011/08/16,30,1.00,87,COSTUME PACK 3,7C38923928755CB0D45727A61486723E406D3EE058
[Dynasty Warriors 7],2011/05/24,30,1.99,6,NEW WEAPON PACK 2,C1676F4DF1939AB3F1D0326BB25ECD4224D079B458
[Dynasty Warriors 7],2011/05/03,30,1.00,10,COSTUME PACK 0,DBE10434A958FA3FC00E2C7ACDBE78C4DB97694C58
[Dynasty Warriors 7],2011/05/03,30,1.99,7,NEW WEAPON PACK 1,63032604F93D21F503276DCA5BD0A6A9F160789358
[Dynasty Warriors 7],2011/05/03,30,1.00,87,COSTUME PACK 1,492797FBDA3523FDDA308A4B7294409A8935B18F58
[Dynasty Warriors 7],2011/05/24,30,4.99,23,Original Costume Pack １,891556416EFE7CB739CE79E9DB32B551D8586B4C58
[Dynasty Warriors 8],2013/11/19,30,2.99,81,OLD COSTUME PACK 3,4291A76D3E8E05A62F5CBD92CB3D1A087FD03AE758
[Dynasty Warriors 8],2013/08/27,30,2.99,150,NEW STAGE & BGM PACK 2,A212D643B8B3254F36B874BD20D30B29D9F8F1C658
[Dynasty Warriors 8],2013/10/08,30,1.99,41,BASE THEME 2,B3E23E8C95DDB35E01AB8EB9505AD372F028E6B058
[Dynasty Warriors 8],2013/11/19,30,3.99,4,WEAPON SYSTEM PACK 3,F6FDED19315E53B05E23BC5B457C9362BB57B18458
[Dynasty Warriors 8],2013/10/22,30,0.00,1444,Japanese Voice Option,0EB4BD5A624DD83FD7D0E4CCEAF57CB3AF7A5E0258
[Dynasty Warriors 8],2013/11/05,30,1.99,6,NEW WEAPON PACK 6,C19B81696FC5329EEB7AF8294D48F9A27B1F03F658
[Dynasty Warriors 8],2013/11/05,30,1.99,5,NEW WEAPON PACK 4,82BB8FECB07E2D8FAF5E1D35352395E43468C82958
[Dynasty Warriors 8],2013/11/19,30,2.99,123,NEW STAGE & BGM PACK 5,9FBF52C4107B81E5640000EC11E7B29AA9B0345D58
[Dynasty Warriors 8],2013/10/22,30,2.99,82,OLD COSTUME PACK 1,1F6F194C8A6C62CC89EEDFE28D60B54238DC70C358
[Dynasty Warriors 8],2013/09/24,30,1.00,12,WALLPAPERS - FEMALE SET,A021BDF0C5F2D817D8A50FBFD127D8BFED2D0A5858
[Dynasty Warriors 8],2013/10/22,30,3.99,5,WEAPON SYSTEM PACK 2,E3646E9745474A86DF329087A10B2647A457C58A58
[Dynasty Warriors 8],2013/08/13,30,1.99,16,BGM PACK 2,2648E9DB541EFA998BBEC61CBC060929029159D358
[Dynasty Warriors 8],2013/09/24,30,5.99,34,ORIGINAL COSTUME PACK 4,F8F13A2E9A24B62EA3202EE9487C69A9BBC3596C58
[Dynasty Warriors 8],2013/09/10,30,3.99,4,WEAPON SYSTEM PACK 1,6DCA175C0ED4E67B2EA3326228952DD295C80D6458
[Dynasty Warriors 8],2013/10/08,30,1.99,5,NEW WEAPON PACK 2,D9D31229CA8927B20394D04336692A546734016258
[Dynasty Warriors 8],2013/11/05,30,1.99,40,BASE THEME 3,59BE9D1559E302F392DD52DD7CEBCBFC7D81CB8858
[Dynasty Warriors 8],2013/09/10,30,5.99,31,ORIGINAL COSTUME PACK 1,4F9F6E41F412CD7D1E5C99C149E08B1A82BA868958
[Dynasty Warriors 8],2013/12/17,30,1.99,50,NEW STAGE 8,3EAD98E97DC66C61BDC5098FC0AE306D2AF06FD558
[Dynasty Warriors 8],2013/11/05,30,4.99,16,NEW WEAPON PACK SET 2,F2299666084E044C6E9FE59721228C72B3D1568A58
[Dynasty Warriors 8],2013/12/03,30,1.99,43,NEW STAGE 7,2F5F3310F037EB020E038052BD05DD73C875672058
[Dynasty Warriors 8],2013/12/03,30,2.99,8,OLD COSTUME PACK 4,31FECBE25903E71A56A098AAB598D94FF9CA439258
[Dynasty Warriors 8],2013/10/08,30,4.99,14,NEW WEAPON PACK SET 1,7ED684BD605C13674BB52A516AC6807B58F1BBCB58
[Dynasty Warriors 8],2013/12/03,30,1.99,57,NEW STAGE 6,6565FF9D993D7563C1C6CE9B4CD9B0B8390DE1B158
[Dynasty Warriors 8],2013/12/17,30,9.99,153,WALLPAPERS - TREASURE,2954BBB453A5108A7FAED3DFE9D614D176AC1EB158
[Dynasty Warriors 8],2013/12/03,30,1.99,13,NEW WEAPON PACK 7,BE62A0364A55086E17A9596F02B87F77EFB1BD7B58
[Dynasty Warriors 8],2013/09/24,30,21.99,129,ORIGINAL COSTUME PACK ALL,EF50957B02009BC7434357A960D89E20E8D46BFC58
[Dynasty Warriors 8],2013/12/17,30,2.99,71,OLD COSTUME PACK 5,FB0E4939A6B8DEBC05A0D70C673D2E479F66280958
[Dynasty Warriors 8],2013/10/08,30,1.99,5,NEW WEAPON PACK 1,4EA555F116339A0345434DDC93BC1BB1A0CD420B58
[Dynasty Warriors 8],2013/10/08,30,1.99,5,NEW WEAPON PACK 3,88B825BFF859155AA55FAA2E51402B9643E7760758
[Dynasty Warriors 8],2013/11/05,30,4.99,80,OLD COSTUME PACK 2,85B40D8A40F5BE0B43C60AB628C4E7AE4D23CB5C58
[Dynasty Warriors 8],2013/12/03,30,1.99,49,BASE THEME 5,12347199C528D80CC4C1D897DC0D024D6251304B58
[Dynasty Warriors 8],2013/07/30,30,2.99,115,NEW STAGE & BGM PACK 1,06E237D891F3FEC7502C0CDCB41049093515947058
[Dynasty Warriors 8],2013/10/22,30,2.49,12,WALLPAPERS - CLIMAX SET,F4CFEB15CC587BACEE42677DF88CA8913705C34858
[Dynasty Warriors 8],2013/10/02,30,5.99,35,ORIGINAL COSTUME PACK 3,59B8B7D006800C3900FCA3508C586BDCCCCE293E58
[Dynasty Warriors 8],2013/08/27,30,1.99,132,WALLPAPERS - KINGDOM SET,62E7E42BF5BBA2F9E84AAD7C39B00263D09A1CD058
[Dynasty Warriors 8],2013/11/19,30,1.99,48,BASE THEME 4,32F4F95FC83E6AFC14FEA7001AAB6AD2078A23B558
[Dynasty Warriors 8],2013/10/22,30,2.99,124,NEW STAGE & BGM PACK 4,D7B55399757CD4A309E6217EEF7557185AE0262558
[Dynasty Warriors 8],2013/07/30,30,1.99,16,BGM PACK 1,1337C127DEEDFB542D8F9198D2651B413AAD4DF558
[Dynasty Warriors 8],2013/11/05,30,1.99,5,NEW WEAPON PACK 5,61505FC05931E6ED429F07C38B364ABAAE62494658
[Dynasty Warriors 8],2013/10/08,30,1.99,44,BASE THEME 1,17C9652D1A078A9043C79B6D6B83DA1EDCF6B92958
[Dynasty Warriors 8],2013/09/10,30,5.99,29,ORIGINAL COSTUME PACK 2,65E757BF9D9AEC0C1E59197E3AAE215ADCBBB9A158
[Dynasty Warriors 8],2013/09/10,30,2.99,109,NEW STAGE & BGM PACK 3,21134D214379E038D630943A0FA92BDDB09C84AB58
[Earth Defense Force 2025],2019/08/27,40,0.00,0,Fencer Weapon Set,83801191DABB46230CA38A5FC90E9EE1BA37CBAD58
[Earth Defense Force 2025],2019/08/27,40,0.00,0,Ranger Weapon Set,CF7BF3F3F55E06952D8E4CEDF809FAF67F032BAF58
[Earth Defense Force 2025],2019/08/27,40,0.00,0,Air Raider Weapon Set,50E38AE62786C528711379BB068B35558E8ACE4A58
[Earth Defense Force 2025],2019/08/27,40,8.99,21,Mission Pack 3,6A2327AE498CFF5BE6DEE01BD6DB76F10503A97D58
[Earth Defense Force 2025],2019/08/27,40,8.99,21,Mission Pack 2,393F7278E35C549FB12FEC861ED9B44E87EE5D6058
[Earth Defense Force 2025],2019/08/27,40,0.00,0,Wing Diver Weapon Set,112A78C50BBF2DED45675AA5DA2A685B391E371A58
[Earth Defense Force 2025],2019/08/27,40,2.99,1,Mission Pack 1,7CE30BD5BEDE2CA89338C037A84A084BEC29570F58
[Earth Defense Force: IA],2011/08/09,30,2.99,0,Jet Armor Weapons Pack,51A0BF57EB36BFA52AD96A70A4A3AE8E3464FA5758
[Earth Defense Force: IA],2011/08/09,30,2.99,0,Pounds of Pain! Pack,787872C23F00C7BE17D6AED56C894402918E085B58
[Enemy Front],2014/09/07,40,0.99,0,Bundle Pack,35F2048C915C6B0B11CBA7096DA0E48E88BDB0A558
[Enemy Front],2014/09/08,40,2.99,21,ST. Nazaire Map Pack,A5CEEDAC11059EF7C1104FD9DB9FA39398EB26AB58
[Enemy Front],2014/09/08,40,0.99,0,StormTrooper Pack,C88B01D782409AE2B25D4F23699F9D97B9541F8B58
[Enemy Front],2014/09/08,40,0.99,0,Resistance Pack,F77AABD8E90BE1B7BCB8A98FF9AC47B1F0C5D9C558
[Enemy Front],2014/07/01,40,2.99,107,Multiplayer Expansion Pack,D1CBBAE4305C0FBA1C87F9F71E298C3611C2BF9B58
[Enemy Front],2014/09/08,40,0.99,0,Sniper Pack,4668FE0C0544D2869F9BF7AD10CA1B84CC0A5B7058
[Enemy Front],2014/09/08,40,1.99,21,Limited Pack,8849846417F5C97EDDC6DA8A2582D9A94BEA099658
[Enemy Front],2014/09/08,40,0.99,0,Demolition Pack,A5A7F997516ED84F8B2AB1DD1D75D24669C8B91758
[Enslaved],2019/09/05,30,9.99,1311,Pigsy’s Perfect 10,91C9C41A7281418588B2E0D922CF5DB832DDD55758
[Enslaved],2010/10/05,30,0.00,5,Ninja Monkey,E70436E32E5DA38F746CE293BE2FE5044DC8A94258
[Enslaved],2010/10/05,30,0.00,8,Classic Monkey,2F09B369CF4E28F9C5FA62427847DC0A2DA2990758
[Enslaved],2010/10/05,30,0.00,10,Sexy Robot Trip,1E8A74678A30AB267E805B767FA66692842FAB1758
[Escape Dead Island],2015/02/02,40,0.00,492,Underwater Labs,E5031606508C3771D3E1C8EE02077EF6C45325F058
[Eternal Sonata],2007/09/18,30,1.00,0,Piano Music Key,1CC5D595DD8B286C49C7B1C121A734FF777100DD58
[EXIT],2007/11/28,10,0.00,0,Additional Stage Pack 1,D498E2C1B46D3B9B17A55FFF69F3C6F9CE5534AB58
[EXIT],2007/12/12,10,0.00,0,Additional Stage Pack 2,AEFE50A11473DE96FECBDDE81A4738060C3906D658
[EXIT2],2009/04/22,10,2.49,1,<EXIT2>,6B9DC1897DB5DE03421D8AF91423A93E23101B7A58
[F.E.A.R. 2],2009/04/16,40,0.00,151,FEAR 2: “Toy Soldiers” Map Pack,01B649C34C46464D6A20FAC8CDAF7D0A0D7A999E58
[F.E.A.R. 2],2009/09/03,40,9.99,942,F.E.A.R. 2: Reborn,ED3413BEAAFC2BC965D7436D1A67E3A4FDE8437558
[F.E.A.R. 2],2009/05/15,40,6.99,135,F.E.A.R. 2 Armored Front Map Pack,96602C1F0A93FDF10F9D8E9076B91D711011F6BA58
[Fable Anniversary],2014/03/06,40,0.00,0,Fable Guard Weapon and Outfit Pack,FAA1F9CC64822FD85025A3E3310DD6E95A17A37658
[Fable Anniversary],2014/03/06,40,4.99,0,Fable Launch Day Weapons and Outfits Pack,1ECDD848F93E880F76F435851171EFD2EE47A68858
[Fable Anniversary],2014/02/04,40,0.00,0,"Fable Dave’s ""Mind Crate"" Hat Pack",8A74700040445D1B470A866B6D9B6A07E65686EB58
[Fable Anniversary],2014/03/06,40,1.99,0,"Fable ""Sword of Strategia"" Golden Weapon Pack",6DCE41E642E86A3477A6A2D5254B66055F2A855358
[Fable Anniversary],2014/03/06,40,2.99,0,Fable Ranger Weapon and Outfit Pack,6A881FB800E3D240A0C5CA5574DA24FFA7E42A5E58
[Fable Anniversary],2014/02/04,40,4.99,0,Fable Hero's Weapons and Outfits Pack,812FA7B9D18BEB27F62386A7E0BE7BF5E699E29C58
[Fable Anniversary],2014/02/04,40,4.99,0,Fable Creature Weapons and Outfits Pack,9D0DEADC56C94069E4A92C498F88EDBFCC7215CE58
[Fable Anniversary],2014/03/06,40,2.99,0,Fable Pirate Weapon and Outfit Pack,9D07853B71DCE982263072578DC91499212060D358
[Fable Anniversary],2014/02/04,40,4.99,0,Fable Villain's Weapons and Outfits Pack,E5106F774674B23977EAC8246BEFAFE7E559372E58
[Fable Anniversary],2014/02/04,40,4.99,0,Fable Armoured Weapons and Outfits Pack,B312F4FCA0E1F16393CBE30D5F6E90948E1B86C958
[Fable II],2009/01/13,40,0.00,466,Fable II - Knothole Island (Free),A5A267C979F25038A4F780E166F9C636A78C38C158
[Fable II],2009/05/12,40,0.00,396,Fable II – See the Future (Free),CE4D05665E46A471157C7C64B9C78531809CF4A458
[Fable II],2014/02/24,40,1.99,0,Fable II® Bonus Game Content,3B050D14BE17296AD592A92BD2B8521E2928D0FF58
[Fable II],2009/12/26,40,6.99,396,Fable II – See the Future (Premium),CE4D05665E46A471157C7C64B9C78531809CF4A458
[Fable II],2009/01/13,40,9.99,466,Fable II - Knothole Island (Premium),A5A267C979F25038A4F780E166F9C636A78C38C158
[Fable III],2010/12/14,40,0.00,11,Fable III Dog Breed Set,23FFEE6BF75389EE3CFC645BB6234ECA1FC76A6D58
[Fable III],2011/03/01,40,0.00,718,Fable III Traitor's Keep Quest Pack,CAB9067FA9E0D94A0313576B8DDD09A5091FA5C858
[Fable III],2010/12/14,40,0.00,11,Fable III Free Yule Hat,23FFEE6BF75389EE3CFC645BB6234ECA1FC76A6D58
[Fable III],2010/10/25,40,0.00,196,Free Weapons,A5383E1D894E91886D9AC2A4AB66FE168665501D58
[Fable III],2011/03/01,40,0.00,718,Fable III Free Soldier Outfit,CAB9067FA9E0D94A0313576B8DDD09A5091FA5C858
[Fable III],2014/02/24,40,0.99,0,The Shardborne Sword,215DC229DFD34BB053F10EDF6F0A63D024FF8D7A58
[Fable III],2010/11/23,40,4.99,196,Fable III Understone Quest Pack,A5383E1D894E91886D9AC2A4AB66FE168665501D58
[Fable III],2014/02/24,40,1.99,0,Fable III  Collector’s Edition In-Game Content,215DC229DFD34BB053F10EDF6F0A63D024FF8D7A58
[Fable III],2014/02/17,40,0.99,0,Channeler Sword & Crystal Tattoo,215DC229DFD34BB053F10EDF6F0A63D024FF8D7A58
[Fable III],2010/11/09,40,1.99,196,Fable III Industrial Knight Outfit,A5383E1D894E91886D9AC2A4AB66FE168665501D58
[Fable III],2014/02/24,40,0.99,0,Absolver Hammer & Dragonbreath Tattoo,215DC229DFD34BB053F10EDF6F0A63D024FF8D7A58
[Fable III],2010/11/09,40,1.00,196,Fable III Dye Pack,A5383E1D894E91886D9AC2A4AB66FE168665501D58
[Fable III],2010/11/23,40,1.00,196,Fable III Five Star Dog Potion,A5383E1D894E91886D9AC2A4AB66FE168665501D58
[Fable III],2014/02/24,40,0.99,0,The Champion Hammer & Balance Tattoo,215DC229DFD34BB053F10EDF6F0A63D024FF8D7A58
[Fable III],2010/11/23,40,1.99,196,Fable III Hair Pack,A5383E1D894E91886D9AC2A4AB66FE168665501D58
[Fable III],2014/02/24,40,0.99,0,Inquisitor Sword & Industrial Tattoo,215DC229DFD34BB053F10EDF6F0A63D024FF8D7A58
[Fable III],2010/11/09,40,1.99,196,Fable III Female Highlander Outfit,A5383E1D894E91886D9AC2A4AB66FE168665501D58
[Fable III],2010/11/09,40,1.99,196,Fable III Male Highlander Outfit,A5383E1D894E91886D9AC2A4AB66FE168665501D58
[Fable III],2010/11/09,40,1.99,196,Fable III Red Setter Dog Potion,A5383E1D894E91886D9AC2A4AB66FE168665501D58
[Fable III],2014/02/24,40,0.99,0,Swirlwing Tattoo Set,215DC229DFD34BB053F10EDF6F0A63D024FF8D7A58
[Fable III],2010/10/26,40,1.99,196,Fable III Dog Outfit,A5383E1D894E91886D9AC2A4AB66FE168665501D58
[Fable III],2010/11/09,40,1.00,196,Fable III Highlander Tattoo Set,A5383E1D894E91886D9AC2A4AB66FE168665501D58
[Fable III],2014/02/24,40,0.99,0,Clockwork Tattoo Set,215DC229DFD34BB053F10EDF6F0A63D024FF8D7A58
[Fable: The Journey],2012/12/17,-65535,1.00,0,Dangly Gnome,C8663D9D4DEED16CB987E64975703D77C450C32C58
[Fable: The Journey],2012/12/17,-65535,1.00,0,Non-Fluffy Dice,C8663D9D4DEED16CB987E64975703D77C450C32C58
[Fable: The Journey],2012/12/17,-65535,1.00,0,Gauntlets of the Shard,C8663D9D4DEED16CB987E64975703D77C450C32C58
[Fable: The Journey],2012/12/17,-65535,1.00,0,Fragment of the Spire,C8663D9D4DEED16CB987E64975703D77C450C32C58
[Fable: The Journey],2012/12/17,-65535,1.00,0,Gauntlets of Flame,C8663D9D4DEED16CB987E64975703D77C450C32C58
[Fable: The Journey],2012/12/17,-65535,1.00,0,Pet Cluckling,C8663D9D4DEED16CB987E64975703D77C450C32C58
[Fable: The Journey],2012/12/17,-65535,1.00,0,Gauntlets of Wisdom,C8663D9D4DEED16CB987E64975703D77C450C32C58
[Fable: The Journey],2012/12/17,-65535,1.00,0,Gauntlets of Force,C8663D9D4DEED16CB987E64975703D77C450C32C58
[Fable: The Journey],2012/12/17,-65535,1.00,0,Wisp-in-a-Jar,C8663D9D4DEED16CB987E64975703D77C450C32C58
[Fable: The Journey],2012/12/17,-65535,1.00,0,Gauntlets of Bolt,C8663D9D4DEED16CB987E64975703D77C450C32C58
[Fallout 3],2013/05/07,40,4.99,500,Broken Steel,3E966B4C6F6097086F393A7B749ACACC4A5BB55E58
[Fallout 3],2009/03/24,40,4.99,329,The Pitt,110FD9E2B1FDDD987308655D15EDC0E8C0704FD958
[Fallout 3],2013/05/07,40,4.99,272,Operation:  Anchorage,13A23F52544334979EF84F1EB6863E3FAF65ABAF58
[Fallout 3],2013/05/07,40,4.99,314,Point Lookout,334D015835D80889F46B39C5F2099DACC723DCE158
[Fallout 3],2012/10/19,40,4.99,212,Mothership Zeta,045674ED426A195154CDABBE34D8F83F571C329458
[Fallout: New Vegas],2011/09/27,40,3.99,46,Fallout: New Vegas - Gun Runners Arsenal (English),3C28A922F168C29F039DA168A6A3057F5F98725858
[Fallout: New Vegas],2011/09/27,40,1.99,8,Fallout: New Vegas - Courier's Stash (English),3A6FE18236EBD2125A1C898E7982C6E974286C2D58
[Fallout: New Vegas],2011/07/19,40,4.99,293,Fallout: New Vegas - Old World Blues (English),73663060E739131E58530A3151482A43106CCD6658
[Fallout: New Vegas],2011/09/20,40,4.99,274,Fallout: New Vegas - Lonesome Road (English),BF8165B70D7D9BD93B7DCC299DDE312AE92A7CDB58
[Fallout: New Vegas],2011/05/17,40,4.99,190,Fallout: New Vegas - Honest Hearts,E2AC499606431C7F74C757C0D49C006CE50D0B6458
[Fallout: New Vegas],2010/12/21,40,4.99,195,Fallout: New Vegas - Dead Money,F3E30CC51469686629DF56202A26A4B7187655EB58
[Fantastic Pets],2011/05/03,10,2.99,78,The Fantastic Pets flight pack,3BFA7374412A9C48F741C73360E0EDD9506FF47F58
[Far Cry 3],2013/05/21,40,0.00,6,Far Cry 3 Map Editor Pack – MARK IV Style,3B03A91C15AD3FBEDD9B817E8675ADCADA30D85658
[Far Cry 3],2013/01/17,40,9.99,0,Far Cry 3: Deluxe Bundle DLC,97E54F76A6B530DCFA97A8A867FF2B42F8813D0158
[Far Cry® 4],2015/03/10,40,14.99,583,FAR CRY 4 - Valley of the Yetis,CDCA4E9B2A3A72D54FF42CE228CC2F51A80903C558
[Far Cry® 4],2015/01/27,40,7.49,0,FAR CRY 4 Hurk Deluxe Pack,86D6A94BB5CED6DC36A9752B0E2BA5AF4599220858
[Far Cry® 4],2015/01/13,40,9.99,492,FAR CRY 4 Escape from Durgesh Prison,E33C6AA02267F3E49578FF724E91DC7D565FD2A858
[Far Cry® 4],2014/11/06,40,29.99,0,Far Cry® 4 Season Pass,A0E1C2D48CF04851D62F1E29B45D35B853FA274E58
[Far Cry® 4],2015/02/10,40,4.99,254,FAR CRY 4 Overrun,B3FF504E0EFD74B50EB76F62E9717A06C8E491D458
[Far Cry® 2],2008/11/25,40,4.99,42,Far Cry®2 Fortunes Pack,D0370C00D9A5FF84B49CFD3E823BDD85BE875B4758
[Farming Simulator],2014/12/03,10,0.00,6,Farming Simulator - Modding Pack #3,2900F78833D464D3C705F1142E21DFF7D0A089D058
[Farming Simulator],2014/09/16,10,0.00,3,Farming Simulator - Modding Pack #1,8389DAEC48CAEB0B468E6872DDF08116785F12AB58
[Farming Simulator],2014/10/22,10,0.00,4,Farming Simulator - Modding Pack #2,153AB1E51FED2E3F2EFA68332C9D11E97B73A77358
[Farming Simulator],2013/12/18,10,0.00,15,Farming Simulator - Classics Pack,396F35E2D05751ED59A4FF8F00CBD1B77143A32B58
[Farming Simulator],2014/09/16,10,3.99,15,Farming Simulator - Titanium Vehicles,C4F6E0874FC002BD79493ADB563AAABB6CFB49B658
[Farming Simulator],2013/12/18,10,7.99,12,Farming Simulator - Ursus Vehicles,0B56FBB8BF21759C4FE5CDF2BEB04C033FCFD39458
[Farming Simulator],2014/10/15,10,4.99,7,Farming Simulator - Marshall Equipment,F28492895AC92D322F7DF616B57B9DF3EFD1E89458
[Farming Simulator],2014/09/16,10,1.99,4,Farming Simulator - Titanium Equipment,C112F2B186E1AB5015B9F5CE7AFBC43482A971E758
[Farming Simulator],2014/10/15,10,7.99,9,Farming Simulator - Väderstad Equipment Pack,EFA67A2AE429D6459895B962E63B8B792E98C29958
[Farming Simulator],2014/01/08,10,6.99,7,Farming Simulator - Ursus Equipment Pack,BC1396D2752E094B52B33DC92F2AFC93A34B764D58
[Farming Simulator 15],2016/01/19,10,0.00,9,Mod Pack,3A66708AE03624AA76419D5E413F0695DAB5101A58
[Farming Simulator 15],2015/08/25,10,6.99,11,New Holland,52D5B6B2B345D21153BB165E00A2164CE22E91A358
[Farming Simulator 15],2015/05/19,10,0.99,2,Farming Simulator 15 - Lamborghini Nitro 120,FB1549AA4926B87C79D73A395C15E8CB59DD758D58
[Farming Simulator 15],2015/10/27,10,9.99,38,Farming Simulator 15 - Official Expansion (Silver),0385FC2DD5BB816B3843A89956A9FF87F5F1711B58
[Farming Simulator 15],2015/05/26,10,9.99,4,ITRunner - DLC,FF19E5850B47A418FE47A4D4BF05550F22FD163B58
[Farming Simulator 15],2015/05/26,10,9.99,15,Farming Simulator 15 - JCB,30E8D90C750E95247765A62DD89507158B1CED3458
[Farming Simulator 15],2015/12/08,10,1.99,5,Niva,F4AC65CE8785904F164B869FF6EDD8D22FC30C4158
[FIGHT NIGHT CHAMPION],2011/02/22,40,0.00,0,Legendary Young George Foreman,8E556554D83D410AB9D43D25F9BC9C586A7F26EC58
[LIGHTNING RETURNS FFXIII],2014/03/11,30,3.99,4,FFVII Cloud,D1A7B83169E221476B42032EC92FABB2587BC9D358
[LIGHTNING RETURNS FFXIII],2014/03/11,30,9.99,12,FF LEGENDS Collection,1FEFFE536533E88C6EDAB3F13B8016BE7AD3906558
[LIGHTNING RETURNS FFXIII],2014/03/11,30,2.99,4,Shogun,808B04F5EF2DE00089E271F42C390CBE956B4C4458
[LIGHTNING RETURNS FFXIII],2014/03/11,30,2.99,4,Utsusemi,143A2338E738A84E1A7A7A8F6E0B768F125D678D58
[LIGHTNING RETURNS FFXIII],2014/03/11,30,2.99,4,Art of War,58618F4F52F611936391110E75CA76D89EB9353158
[LIGHTNING RETURNS FFXIII],2014/03/11,30,2.99,3,Shining Prince,A9A66D03EBFD917F9EA8C03EC87EE1B53F3D727C58
[LIGHTNING RETURNS FFXIII],2014/03/11,30,2.99,4,Dark Samurai,919D6C4BE9752A286E0ECF0345F133C80757801B58
[LIGHTNING RETURNS FFXIII],2014/03/11,30,2.99,3,Flower of Battle,209863D98C92A7ACD5AF353BAC92F4CC6437F83758
[LIGHTNING RETURNS FFXIII],2014/02/25,30,9.99,11,The Premium Collection,490B5857572DBCAE3AFD1895DCB627D0891E3E0B58
[LIGHTNING RETURNS FFXIII],2014/03/11,30,2.99,4,Sohei Savior,7578AAA4F99A2CF164AE7BE493DF5B053B68C15E58
[LIGHTNING RETURNS FFXIII],2014/02/25,30,3.99,4,Ultimate Savior,25CBA040D538012262351C64C9F6DB5C539CF71A58
[LIGHTNING RETURNS FFXIII],2014/03/11,30,9.99,18,The Samurai Collection,9E0E1052D996C12C3370E14A34342A2D175B4C0758
[LIGHTNING RETURNS FFXIII],2014/03/11,30,3.99,4,FFX Yuna,8A32097781889764BDE3129481B101F599219D3958
[LIGHTNING RETURNS FFXIII],2014/03/11,30,3.99,4,FFVII Aerith,93FB8B2A8A92CEE08A14C4EB76F92AD6BE4B0C4058
[LIGHTNING RETURNS FFXIII],2014/02/25,30,3.99,3,Moogle Lover,397A14E627C97AA4F39FFC43F333C9309AE0AE7158
[LIGHTNING RETURNS FFXIII],2014/02/11,30,3.99,4,Tomb Raider,578A3F5A76FE8E23B86F86F516120BD9C233512458
[LIGHTNING RETURNS FFXIII],2014/02/11,30,3.99,1845,Japanese Voice Pack,9767C9834D3DABCC43BC86FCF106D8CAB345F67558
[LIGHTNING RETURNS FFXIII],2014/02/11,30,3.99,5,FFX-2 Yuna,D10B46F3C16422B98F7A6731F7B439F0460FFFC058
[LIGHTNING RETURNS FFXIII],2014/02/25,30,3.99,4,Divine Wear,37B09C9C6FDB55294647DD3CAAF9C45089EF601058
[FINAL FANTASY XIII-2],2012/04/10,30,0.00,2,Serah's Outfit: Style and Steel,964BB3DE37549CFBED10D175F281D20B1C12BB2E58
[FINAL FANTASY XIII-2],2013/06/11,30,2.49,431,Lightning: Requiem of the Goddess,402C9DC972F7BAB844FB9CCE45FCE82B63CC2A7758
[FINAL FANTASY XIII-2],2013/06/11,30,1.49,8,Mog's Outfits: A Wondrous Wardrobe,7B7BB607A6BD475A2B6FD83E7E7A033EED66A7C458
[FINAL FANTASY XIII-2],2013/06/11,30,1.49,3,Noel's Outfit: Spacetime Guardian,7BB3ABA72DF5647310A5355D0783E658B3D44DDE58
[FINAL FANTASY XIII-2],2012/03/06,30,0.99,1,Serah's Weapon: Seraphic Wing,67B4355D2786D2C25DC747074331E34A9FE7C6B658
[FINAL FANTASY XIII-2],2013/06/11,30,1.49,2,Serah's Outfit: Beachwear,6C9F0141464EC0E5CE0401CC94DCCA12A071C45158
[FINAL FANTASY XIII-2],2012/03/06,30,0.99,1,Noel's Weapon: Muramasa,D83E33A0B3DF93DEDE833BFEDC971AECF7B34BE158
[FINAL FANTASY XIII-2],2013/06/11,30,1.49,6,Serah's Outfit: White Mage,B5028EB8F727C8C810CA7AAEA006F5072BB472F558
[FINAL FANTASY XIII-2],2013/06/11,30,1.99,118,Snow: Perpetual Battlefield,65248FAB286C8764A96EE1A15CD318C5E846A7C658
[FINAL FANTASY XIII-2],2013/06/11,30,2.49,156,Sazh: Heads or Tails?,5CD6A260B84426EED715BB1E6E5AE003C78734B958
[FINAL FANTASY XIII-2],2013/06/11,30,1.49,2,Noel's Outfit: Black Mage,C9AC3A22254A9A05DB2CD503F81CA73396B9499658
[FINAL FANTASY XIII-2],2012/03/06,30,0.99,1,Noel's Weapon: Catastrophe Blade,CEA60496A84FC9BDA0B02EB1BDF6F71EFB167A3658
[FINAL FANTASY XIII-2],2013/06/11,30,1.49,9,Opponent: Omega,5A85CDF9D801E20AF0FCAEED737D5C07CC26D9C558
[FINAL FANTASY XIII-2],2012/01/31,30,0.99,1,Serah's Weapon: Azrael,B69F70EA0136BCB6637E6147F57004B1BD7D2F1E58
[FINAL FANTASY XIII-2],2013/06/11,30,1.49,15,Opponent: Lightning & Amodar,C9D4652E8D0AF45560BE6888FDB11D5652894BE158
[FINAL FANTASY XIII-2],2013/06/11,30,1.49,3,Noel's Outfit: Battle Attire,0D3F7D7FEACFEE02FF0494080FF8856999ACA8E958
[FINAL FANTASY XIII-2],2013/06/11,30,1.49,15,Opponent: Nabaat,532037E268F06BBDDB3E41E97244FAA0FE6AD64558
[FINAL FANTASY XIII-2],2012/03/06,30,0.99,1,Serah's Weapon: Genji Bow,BF9890F7D86620F4EACCCDF8AE443C57609C2CA858
[FINAL FANTASY XIII-2],2013/06/11,30,0.99,6,Opponent: PuPu,8346030069AED496EEFF54A27EAFE16B293982B758
[FINAL FANTASY XIII-2],2013/06/11,30,1.99,25,Opponent: Ultros & Typhon,456140397978F242B932848C53FF3356FACE0E0858
[FINAL FANTASY XIII-2],2013/06/11,30,16.99,774,FINAL FANTASY® XIII-2 DLC Bundle Pack,58D2695DF8A6B290B161A2CF02C0839B1873EEF358
[FINAL FANTASY XIII-2],2013/06/11,30,1.49,2,Serah's Outfit: Summoner's Garb,B83F4C09C97A70B0974D6C94183E2BE7E91D67FA58
[FINAL FANTASY XIII-2],2013/06/11,30,1.99,20,Opponent: Gilgamesh,659B5D8E5A918002D514EF70A0D4B93F3F5A146C58
[Fire Pro Wrestling],2012/09/21,30,4.99,0,Fire Pro Wrestling - Legend Series,DE214B6994D46819293862B9AB46347C1F5786E158
[Fist of the North Star],2010/11/02,40,2.99,5,Kenshiro - Original costume,B31F9DE13E20F997898BC18C384EA5094E16E34858
[Fist of the North Star],2010/11/02,40,6.99,6,Playable character 'Heart' and 2 new missions,DF34E613FE5D8831DE7E5C825DD72CCC975DD12E58
[Fist of the North Star],2010/11/16,40,4.99,18,"Rei, Mamiya & Raoh - Original costumes",56FBBED66BAB706919E1BE33E35E2DDD8A204E8658
[Fist of the North Star],2010/11/30,40,4.99,7,Jagi - Original costume and 2 new missions,3CABEB20693E82115D37D024E89D2C56171A1FE758
[Fist of the North Star],2010/11/02,40,6.99,7,Playable character 'Outlaw' and King survival mission,464577B200C1765C20BD7EA8543ED35D70970B3F58
[Fist of the North Star],2010/12/28,40,4.99,6,Toki - Original costume and 2 new missions,806BFE44AFC6EBD1F13D9413DC0673417E90CBB958
[Fist of the North Star],2011/01/11,40,5.99,12,Shin & Thouzer - Original costume and 2 new missions,410010285AA37D2A32D90D399A24C8F358D83DB458
[Fist of the North Star: Ken’s rage 2],2013/04/02,40,7.99,5,Han - Playable Character,5C0A1B348030D1BA67A59800B7F58C3868EE29AE58
[Fist of the North Star: Ken’s rage 2],2013/04/02,40,7.99,4,Nameless Shura - Playable Character,C4FAFA8DCDC41AAABA3A810F21B9568DEEB840FE58
[Fist of the North Star: Ken’s rage 2],2013/03/12,40,9.99,15,Celestial Emperor Costume Set,BF7CF10E8054ADCD6E9EA917171EBD1EB649466158
[Fist of the North Star: Ken’s rage 2],2013/02/26,40,1.00,0,New Mission 4,BCB32F78E57AAB6049478D8B80D12EDE3830975158
[Fist of the North Star: Ken’s rage 2],2013/02/26,40,1.00,0,New Mission 1,99878929ED4A150B094069B58BF0DFBBE3C8A8CD58
[Fist of the North Star: Ken’s rage 2],2013/03/26,40,1.00,0,New Mission 8,E9D2372947F8E18D9575B47945933C7715ECB06C58
[Fist of the North Star: Ken’s rage 2],2013/03/12,40,2.99,3,Rin - Original Costume,B5047E2374E81FA53D055C76F9D85EBB81D3F4D158
[Fist of the North Star: Ken’s rage 2],2013/04/02,40,17.99,13,Playable Characters Full Set,457C5DAB113B0DF640E02FB4B387E891236B7D9558
[Fist of the North Star: Ken’s rage 2],2013/03/26,40,1.00,0,New Mission 9,DDD8E4D8464894BAD3DCDED32A747DC1E8E7F1AF58
[Fist of the North Star: Ken’s rage 2],2013/03/26,40,1.00,0,New Mission 7,7FA6F18449710FBD612B1A0FAC9A8E422DE159CA58
[Fist of the North Star: Ken’s rage 2],2013/02/26,40,1.00,0,New Mission 5,39ECA82A17A155C924F58783F8D0DDE26E370A5158
[Fist of the North Star: Ken’s rage 2],2013/02/12,40,2.99,0,Additional Scroll 1,E1237E37A4FB96C9EBD0B4AAB8D2FA9B5527B42258
[Fist of the North Star: Ken’s rage 2],2013/03/12,40,7.99,32,Land of Shura Costume Set,5C9F63E40D4F9BB065423ED79DC67BAD78BEB16258
[Fist of the North Star: Ken’s rage 2],2013/02/26,40,1.00,0,New Mission 2,44326325757054349EE4F1A0D8EB8111C2CF049558
[Fist of the North Star: Ken’s rage 2],2013/04/02,40,7.99,4,Amiba - Playable Character,C090875C6BE87DA583FC5FD4ED0E7816256A3A1058
[Fist of the North Star: Ken’s rage 2],2013/03/12,40,2.99,2,Ein - Original Costume,1B6EE539F1A9DEA0D2FD3E9FDECE443201C7ADDA58
[Fist of the North Star: Ken’s rage 2],2013/02/12,40,2.99,6,Shew - Original Costume,954518A53C5BE909041CB1B878D1C831190FFE6F58
[Fist of the North Star: Ken’s rage 2],2016/04/07,40,7.99,96,Exclusive Original Costumes Pack,92F21CA0293C488D4A241333B812F36A8DF1A7FF58
[Fist of the North Star: Ken’s rage 2],2013/02/26,40,2.99,18,Kenshiro - Land of Shura 'Red' Costume,C85350EE0E927EC1BAB3FB00F0B4D658DC667DC558
[Fist of the North Star: Ken’s rage 2],2013/03/26,40,1.00,0,New Mission 6,A699E8A22A684E27E29A59281C7C445114DD544B58
[Fist of the North Star: Ken’s rage 2],2013/02/26,40,3.99,0,New Mission Pack 1,7E4C0D36CC99A48A1D66F0CF96BA19C27D16B6E758
[Fist of the North Star: Ken’s rage 2],2013/02/12,40,11.99,22,Raoh`s Legend - Costume Set,A3C9AC3E08C4E9EC678FF0D98A7F79BB895B3E8458
[Fist of the North Star: Ken’s rage 2],2013/03/12,40,2.99,0,Additional Scroll 2,C9565128E6ACD8B336DEEB0761F58D800B9A091158
[Fist of the North Star: Ken’s rage 2],2013/03/12,40,2.99,3,Bat - Original Costume,86AA15C9B86A96BDE36EAE8414C4E1F395D1D03458
[Fist of the North Star: Ken’s rage 2],2013/03/12,40,2.99,11,Kaioh - Original Costume,EF7CB09869C55636B74E72FE1367BA5C183039C058
[Fist of the North Star: Ken’s rage 2],2013/03/12,40,2.99,11,Hyou - Original Costume,C27A1FACD9AB8A0E78BC45E25809310F266B9A4558
[Fist of the North Star: Ken’s rage 2],2013/02/12,40,2.99,2,Ryuga - Original Costume,54842276F0CC1B6D350B5652CD7FFBD8466794FB58
[Fist of the North Star: Ken’s rage 2],2013/03/26,40,3.99,0,New Mission Pack 2,E135F7F97DD8FDCAFC148661FDAF7101F3AD195A58
[Fist of the North Star: Ken’s rage 2],2013/02/12,40,2.99,3,Juda - Original Costume,40C3D91F4DFA4965E98557CF225B229F1E6B35BD58
[Fist of the North Star: Ken’s rage 2],2013/03/12,40,2.99,6,Falco - Original Costume,5850AF8CA5C542241F9840D9D39CE23BC5C4EAA858
[Fist of the North Star: Ken’s rage 2],2013/02/26,40,1.00,0,New Mission 3,AE7C76499F5F8B20FC9F2B27CBFD9FB74D799BF558
[Fist of the North Star: Ken’s rage 2],2013/03/26,40,1.00,0,New Mission 10,AC37DF924E17239E4A986A598D959DF84CF6464C58
[Fist of the North Star: Ken’s rage 2],2013/03/12,40,2.99,11,Shachi - Original Costume,E8827191D49AE7C1DB9BBBCA0C31A81BDBB1944C58
[Front Mission Evolved™],2010/11/23,30,3.99,65,Front Mission Evolved: Map Pack,76EEAB1E366AE68A1ED972AFA21C4E3D9F3D4C9D58
[Front Mission Evolved™],2010/11/02,30,0.00,0,Front Mission Evolved: Wanzer Weapons Pack 1,C62D95FBE96F98C1F906B8B011D6E857CA91D97158
[Front Mission Evolved™],2010/10/28,30,2.99,0,Front Mission Evolved: Wanzer Weapons Pack 2,C84D10CBDB31D69EB4BBF483B277027FC8A4A94358
[Front Mission Evolved™],2010/11/23,30,4.99,35,Front Mission Evolved: Last Stand,02F1474A5B68C23C102B7E565340C753F2E1439F58
[Front Mission Evolved™],2010/11/09,30,3.99,1,Front Mission Evolved: Wanzer Pack 3,F207BFEDCA36C9DAA8DECE1A07EA37B53260963858
[Front Mission Evolved™],2010/11/02,30,3.99,1,Front Mission Evolved: Wanzer Pack 2,17ED704EE65BB798605D13345B9244398DDB315558
[Frontlines:Fuel of War],2008/06/23,30,0.00,139,Frontlines™: Boneyard Map,BEEFB716BE0DBC3D967F3A925AD599092CD22C3658
[Frontlines:Fuel of War],2008/09/06,30,0.00,397,Frontlines™: Conquer Mode,C392BB2369865E94F1711AA59E3DB021F59D402858
[Frontlines:Fuel of War],2008/09/19,30,9.99,638,Frontlines™: 4 Map Pack,8522908906EF2ACFE8B82CE970464EC3CECA63F958
[Frozen Free Fall: Snowball Fight],2016/09/13,10,2.99,0,Summer Levels,E131755FCBFFA395C7D0097A6BED05931DCA3E3958
[Frozen Free Fall: Snowball Fight],2015/09/15,10,2.99,0,Olaf,B1F724C10D30EFB876DBA681349F31EDD1B5187258
[Frozen Free Fall: Snowball Fight],2015/09/15,10,1.99,0,Hans,320E5C381482BDBDDDD2F68B2478D0DCEBF66AC958
[Frozen Free Fall: Snowball Fight],2015/09/15,10,2.99,0,Elsa,75F70EDC9406896CD3D0DD98CDF45EBD1C684FB958
[Frozen Free Fall: Snowball Fight],2015/09/15,10,2.99,0,Kristoff,DD28582854A1DA3A831E77B3F1ACB63612F401FF58
[Frozen Free Fall: Snowball Fight],2015/09/15,10,19.99,0,Multiplayer Character Pack,BD73102FBD56A5714365825B65DD2F76C26A909A58
[Frozen Free Fall: Snowball Fight],2015/09/15,10,1.99,0,Pabbie,81D8CBF848B3E8F893F1D0236C7788061491AAA758
[Frozen Free Fall: Snowball Fight],2015/09/15,10,2.99,0,Queen Elsa,BEF106B97DE63B71ED0069E8B9786B8BE87273E958
[Frozen Free Fall: Snowball Fight],2016/09/13,10,2.99,0,Halloween Levels,2B28CA2F9ED97F97F0C561AEE1C39EACD850B3D858
[Frozen Free Fall: Snowball Fight],2016/09/13,10,2.99,0,Autumn Levels,0D0123F0CE19A1D7B3FFD43C50B6B87D78EDEF4058
[Frozen Free Fall: Snowball Fight],2015/09/15,10,2.99,0,Anna,BE3ADFB49A5DB82051F5183DD480816A8AC6E86658
[Frozen Free Fall: Snowball Fight],2015/09/15,10,2.99,0,Sven,AD79EEDD3E39B78286BB2ABD1CBDED900F93B4A558
[Frozen Free Fall: Snowball Fight],2015/09/15,10,4.99,0,Marshmallow,20FD34EB9A6DAB22A3622E9EC974C3A3119A576858
[Fruit Ninja Kinect],2011/09/07,10,1.99,2,Space Capsule,0FEFC213A6D7B79E3C51E72FABC6B6470B355EF858
[Fruit Ninja Kinect],2011/12/14,10,0.00,9,Christmas Present,34B68E92695769ACECEF8135F3726334910F084A58
[Fruit Ninja Kinect],2012/11/14,10,1.99,5,Flower Power,0FCE719DFA17EAC1D12284ED8A3D4C39BD74000958
[Fruit Ninja Kinect],2012/08/31,10,1.99,4,8-bit Cartridge,1DBD52CCEC36EB8B536DF6074A6848920DB1886858
[Fruit Ninja Kinect],2012/11/24,10,1.99,1,High-Tech Vault,290E2C6ABF7539A05DBD3B7BE1D785FAB263265458
[Fruit Ninja Kinect],2012/10/24,10,1.99,6,Trick or Treat Bag,2CF35AA04DAD7A082EBD88E4ED224603B0AE29E658
[Fruit Ninja Kinect],2011/09/21,10,1.99,1,Art Box,151003FFFD951BBE4616D26659B98904FB59792358
[Fruit Ninja Kinect],2011/08/24,10,1.99,1,Storm Season,272CD3E549C0F3EC8807FFE8D0F4F6B102032F6258
[Full House Poker],2013/03/27,30,0.00,0,"Full House Poker: Texas Heat, Spring 2013 Season",7F84F93F8B3F4CB7BEB2427D770353CAB6C06C9D58
[FunTown Mahjong],2010/03/10,10,1.99,6,FunTown Mahjong - Zen Garden Theme,38DE79D90150EB8E231CAABBBB13ECA17BF801CC58
[FunTown Mahjong],2009/01/28,10,1.99,6,FunTown Mahjong - Chinese Festival,5FF46C1D37065E11DC5458F11B0917D0031D3E7258
[FunTown Mahjong],2009/10/08,10,1.99,4,FunTown Mahjong - Moon Festival Theme,37DF29130E80F92BB5BBCFA7D387035AA3C6BF6058
[FunTown Mahjong],2010/08/04,10,1.99,4,FunTown Mahjong - Cool Summer Theme,B7EDDDC6016BBBEFE89E9A1313707C9DACEE852C58
[FunTown Mahjong],2011/12/21,10,1.99,6,Merry Christmas DLC,9F88C81D762D6DF88B43221795AD951141EC7D4858
[GGXXACP],2013/10/11,40,0.00,196,Version Up CATALOG #1,DAC7FA49F88C1655590F5484D9187EAB2FE4700858
[Gears of War],2007/05/03,40,0.00,205,'Hidden Fronts' Multiplayer Map Pack 2,C6177400E615CD53B88100C028629B1C6182B79258
[Gears of War],2007/01/10,40,0.00,87,Gears of War Multiplayer Map Pack 1 Brought to you by Discovery Channel,7B74BF02284D4A3D197B0303ED413AE6BD5C9B3058
[Gears of War 2],2009/07/17,40,0.00,763,Gears of War 2: All Fronts Collection,EE8B02924A1181B5BCC673745060901489BD34BB58
[Gears of War 3],2011/11/24,40,0.00,196,Booster Map Pack,85F354E7EA1059D615958A024B01349EED30B6C358
[Gears of War 3],2012/04/05,40,0.00,221,Fenix Rising Map Pack,34585BDDDF18CF96034199DC9145A0F3E5A099A558
[Gears of War 3],2012/03/27,40,0.00,341,Forces of Nature Map Pack,60DB9E7E25775023069D0847A251F91C6AE031DB58
[Gears of War 3],2011/09/19,40,14.99,0,Gears of War 3 Season Pass,8952FCA317607092A8911836AC203BF7A88C332258
[Gears of War 3],2011/12/13,40,9.99,1954,RAAM’s Shadow: Pack 2,9BA6A0FD894515150B74027D026393740FAFD66558
[Gears of War 3],2011/11/01,40,9.99,1,Horde Command Pack,A88137AA80AC7CC1560E7F1E820C090C21509A8358
[Gears of War 3],2011/09/19,40,3.99,0,Weapon Skin Bundle - Electrical Animated Set,76B1069703CCE11EB70B3E223C532B4424221EED58
[Gears of War 3],2011/09/19,40,3.99,0,Weapon Skin Bundle - Imulsion Animated Set,D342096823D73CAFB4E526CB6D0F18E3AB76A46258
[Gears of War 3],2011/09/19,40,3.99,0,Weapon Skin Bundle - Thunderstorm Animated Set,42D6B33B9060F1C4CEDAA740B93F728E23A8508858
[Gears of War 3],2011/09/19,40,3.99,0,Weapon Skin Bundle - Oil Slick Animated Set,678C142997D977B0E43E223650D89DC0663834A058
[Gears of War 3],2011/09/16,40,2.99,0,Weapon Skin Bundle - Flower Set,44002EF4146992E1351383F4A4A2D4249CB5B35958
[Gears of War 3],2011/09/19,40,2.99,0,Weapon Skin Bundle - Deadly Cute Set,0813EAFEDF0FF2611681BD5BC36962A9CDC293C358
[Gears of War 3],2012/01/03,40,3.99,0,Green Liquid Metal Weapon Skin Set,D5F9AF78F7F8731D37639A5876FF3FDF21D54BCE58
[Gears of War 3],2011/09/19,40,1.00,0,Crimson Omen Lancer Skin,402C90903EAF4A585E3B6ED4DA46701341F7B86F58
[Gears of War 3],2011/09/19,40,3.99,0,Weapon Skin Bundle - Team Metal Set,E76643261A0AFE9215EECB01C537625D1AB5B2BF58
[Gears of War 3],2011/09/19,40,2.99,0,Weapon Skin Bundle - Haze Set,6D7392A586D03E04F5886F75807FEA250E83CA5458
[Gears of War 3],2011/09/19,40,9.99,0,Shotguns Launch Collection Weapon Skin,513BAF0A87CB19F72B81FF1C4E3386C96E14DE3658
[Gears of War 3],2011/09/19,40,19.99,0,Weapon Skin Collection - Launch Collection,015C30AE4EEB3484C60193D98124977AD36EB33A58
[Gears of War 3],2011/09/19,40,3.99,0,Weapon Skin Bundle - Team Pulse Animated Set,B5CBEF4B731E8B65AE5740114F8C12F37D251FC858
[Gears of War 3],2011/09/19,40,3.99,0,Weapon Skin Bundle - Ocean Animated Set,4614C3BFD4CC95F8CB40194029DB9D5ECF0F729458
[Gears of War 3],2011/09/19,40,2.99,0,Weapon Skin Bundle - Desert Digital Camo Set,5EE037389096F1EFE5103E29EA534847E250F8A658
[Gears of War 3],2011/09/19,40,2.99,0,Weapon Skin Bundle - Arctic Camo Set,075DE430D6483983E33DA5609368FD122C2119C058
[Gears of War 3],2011/09/19,40,9.99,0,Retro Lancer Launch Collection Weapon Skin Set,03B78291B5E9B01BB7567F674019E171D06F946E58
[Gears of War 3],2011/09/19,40,2.99,0,Weapon Skin Bundle - Tiger Set,1350D2C6CF00491DBBC8DBB162E5C37D345B9D1258
[Gears of War 3],2011/09/19,40,2.99,0,Weapon Skin Bundle - Jungle Digital Camo Set,41519EBA4B6716D90314FC10C63DB5860076915F58
[Gears of War 3],2011/09/19,40,9.99,0,Weapon Skin Gun Pack - Hammerburst,0BDA67E61E50BFC6ECAAA49BF26ED4E408FDCAA758
[Gears of War 3],2011/09/19,40,2.99,0,Weapon Skin Bundle - Bloody Set,58395B4DD32C94B72C6CEF36EC137ACE20A7B54D58
[Gears of War 3],2011/09/19,40,2.99,0,Weapon Skin Bundle - Desert Camo Set,7716810AD9E7E66506F1EF63258C47A40F367F3758
[Gears of War 3],2011/09/19,40,3.99,0,Weapon Skin Bundle - Rainbow Animated Set,9FC318E822315B597BF7B049AEBB57207356682958
[Gears of War 3],2011/09/16,40,2.99,0,Weapon Skin Bundle - Garish Set,2BE0839260D8B52C965B2518CB34172AB102333B58
[Gears of War 3],2011/09/19,40,2.99,0,Weapon Skin Bundle - Tribal Set,C4C03D1E6FD0A47C963E8D781254C9C0AD98BA8758
[Gears of War 3],2011/09/19,40,9.99,0,Lancer Complete Launch Collection Skin,72B4BE927E6CE5026CFC4CCBD51E5989FA7AE3DC58
[Gears of War 3],2011/09/19,40,2.99,0,Weapon Skin Bundle - Team Distressed Set,494BA39D561DB9923F4631E22C9F7D5F38FA133258
[Gears of War: Judgment],2013/03/29,40,0.00,49,Haven DLC Pack,81019E5DEB3826987D034E0C18564F13FF89491C58
[Gears of War: Judgment],2012/12/25,40,0.00,0,Gears of War Judgment Alex Brand Multiplayer Character,91D096986CEEC4BA6FD148FFF64499A80629422A58
[Gears of War: Judgment],2013/06/25,40,12.49,194,Lost Relics DLC Pack,B2733CF1ECCF821C6BFD44C015C75196EFADF9C958
[Gears of War: Judgment],2013/04/30,40,12.49,204,Call to Arms DLC Pack,674F0C6615292E7714328083B4E4FC247F5EB66D58
[Gears of War: Judgment],2013/03/19,40,4.99,0,Double Rainbow Armor Skin,41B9DAFA85A4C04CD9ADC055A54C40D0886321B158
[Gears of War: Judgment],2012/12/25,40,1.99,0,Gears of War Judgment Emergence Era Dom Multiplayer Character,E2C8EA1E69E06D2F17ABF68E2AD116554B6C974B58
[Gears of War: Judgment],2013/03/11,40,19.99,0,Gears of War Judgment VIP Pass,8585C44AEF43368140069517D5695526B0DB570158
[Gears of War: Judgment],2013/03/19,40,3.99,0,Electrostatic Weapon Skin,AC44DED7AFFBFB66A4C0811B785B519590E9281958
[Gears of War: Judgment],2013/03/19,40,3.99,0,Aurora Weapon Skin,51B26B1127665250203F3FA32099AB4028E40D8658
[Gears of War: Judgment],2013/03/19,40,2.99,0,Car No. 13 Weapon Skin,E029384665E1D8D7AB17DFD50EE285DC19B7792558
[Gears of War: Judgment],2012/12/25,40,1.99,0,Gears of War Judgment Emergence Era Marcus Multiplayer Character,083DEEC4744B0B1C752DA3CE8442DA5F32A4AB0D58
[Gears of War: Judgment],2013/03/19,40,2.99,0,Groovy Weapon Skin,D03608142433E273EF986872A1A5DA0968769F7A58
[Gears of War: Judgment],2012/12/25,40,1.99,0,Gears of War Judgment Anya Stroud Multiplayer Character,F1F4AB1E97BBFBB4DBB8D4F9DBA551AD0A98FD3458
[Gears of War: Judgment],2013/03/19,40,14.99,0,Static Weapon Skin Pack,C5D15746D8E60D56604B188244ABED1224CE73CC58
[Gears of War: Judgment],2013/03/19,40,3.99,0,Zombie Armor Skin,C6DD33699CCEA3D14435A536263215127FDCA02658
[Gears of War: Judgment],2013/03/19,40,3.99,0,Skeletal Armor Skin,9B0106EF45909554B112D4B2F3C253373A0777A158
[Gears of War: Judgment],2013/03/19,40,3.50,0,Ladybug Armor Skin,4CC7C1C54EBA23DD117A72448088866A53F9C64258
[Gears of War: Judgment],2013/03/19,40,14.99,0,Animated Armor Skin Pack,AD3A13F7AB4827077027BAC2EDCB9A1E10F2E01258
[Gears of War: Judgment],2013/03/19,40,3.99,0,Candy Cane Armor Skin,63D01BE12115DBEF310C711B3CDF38309394B72158
[Gears of War: Judgment],2013/03/19,40,2.99,0,8 Ball Weapon Skin,CC97532C8A83A2FF542A4D5537C2152E894A210A58
[Gears of War: Judgment],2013/03/19,40,3.99,0,Harlequin Armor Skin,ACB9789A586F8EC9D5E7CC1FB73C3D6EA23D0D0B58
[Gears of War: Judgment],2013/03/19,40,3.99,0,Comic Weapon Skin,932D2AE9D4663BE0F6A6CBC40CC00DBC97A6A29858
[Gears of War: Judgment],2013/03/19,40,2.99,0,Pink Rabbit Weapon Skin,5EBD82E5C5FBB80FF1D8A430703A3A0BFB01D39758
[Gears of War: Judgment],2013/03/19,40,3.99,0,HBPD Blue Armor Skin,F911DB439A2F0CCA2FB36ABB82D0B0FCE255827158
[Gears of War: Judgment],2013/03/19,40,4.99,0,Cracked Armor Skin,5E3292EEF217197A16A8EF41E826F4CF5D1C1DE658
[Gears of War: Judgment],2013/03/19,40,19.99,0,Epic Weapon Skin Pack,A1D60ED54EC43031A5068FB3B828FC8ED48F843B58
[Gears of War: Judgment],2013/03/19,40,24.99,0,Static Armor Skin Pack,CF58837C6E412A9FD994B5B25622219B52E4039058
[Gears of War: Judgment],2013/03/19,40,4.99,0,Burning Armor Skin,29254CF918DC97BE0292F14821FBB765313FB2EE58
[Gears of War: Judgment],2013/03/19,40,3.99,0,Paintball Armor Skin,463917244AC3E93193C45995D042FF4C515B290358
[Gears of War: Judgment],2013/03/19,40,2.99,0,Candy Weapon Skin,A3C78A708BE588EB7078A6370826A0B62652BD9C58
[Gears of War: Judgment],2013/03/19,40,3.99,0,Tiger Stripes Armor Skin,5C997E2F29802636A098A9F97B729103A4824D9658
[Gears of War: Judgment],2013/03/19,40,3.99,0,X-Ray Weapon Skin,0194A1DD37DA3EC74F58987D8E00EF114D89491658
[Gears of War: Judgment],2013/03/19,40,3.99,0,Inmate Armor Skin,6DB1A3A31B2259BF19B907FD7D8F94BA02AC367758
[Gears of War: Judgment],2013/03/19,40,3.99,0,Astro Division Armor Skin,14583292E05FE6E09F8953945D98471879D0A62958
[Gears of War: Judgment],2013/03/19,40,49.99,0,Total Skin Pack,D04AC76C8D89510BA1A5275F747905C997B5834A58
[Gears of War: Judgment],2013/03/19,40,2.99,0,Wood Weapon Skin,CA8C04C601A95DE8ACA5D06C7B3CD7674260761758
[Gears of War: Judgment],2013/03/19,40,2.99,0,Mod Culture Weapon Skin,E8E99E1A2F64E09304F55EB65E66ECC7A4CDEC4758
[Gears of War: Judgment],2013/03/19,40,4.99,0,Digital Armor Skin,DD179A72B2B09C81BB8E3C48F516402D7A21477358
[Gears of War: Judgment],2013/03/19,40,2.99,0,UIR Weapon Skin,66F9BA19ED9232EF4702643DBF5C427080383F1B58
[Gears of War: Judgment],2013/03/19,40,4.99,0,Cascade Armor Skin,84BDE9A34A80A31EF5352D4B16F5F5B7B2B8F55158
[Gears of War: Judgment],2013/03/19,40,3.99,0,Clown Armor Skin,C1DB3F79156B3EE25D57CE2A21A71BC3F64E3E7E58
[Gears of War: Judgment],2013/03/19,40,2.99,0,Melon Farmer Weapon Skin,971171BAC1A49E7EFB8D35E205D904FF2A4C9A9D58
[Gears of War: Judgment],2013/03/19,40,3.99,0,Program Armor Skin,C2E00C9B65E33E02CAD8949DD83C17F8DF0E6F6758
[Gears of War: Judgment],2013/03/19,40,3.99,0,Bacon Armor Skin,54C212617FBADA2F5B782CFDF47BFAA8C98E625658
[Gears of War: Judgment],2013/03/19,40,3.99,0,Super Hero Armor Skin,9D917A866C2BCFE2B06E423F290EE9C4D80585CD58
[Gears of War: Judgment],2013/03/19,40,3.99,0,Groovy Armor Skin,6E5E5A1711070C6B0C04B085A60D1F6C6C89094A58
[Gears of War: Judgment],2013/03/21,40,3.99,0,Gears of War Judgment Neon Armor Skin,726C156657C987CFCCFE53C3C36B04D73020C6C658
[Gears of War: Judgment],2013/03/19,40,34.99,0,Epic Armor Skin Pack,5F946E8E87CFD7821E93002D68F8FEAAD8C55E4058
[Gears of War: Judgment],2013/03/19,40,3.99,0,Double Rainbow Weapon Skin,9701FE3A0F88C84A121A0CD0932EE31F9AAE388858
[Gears of War: Judgment],2013/03/19,40,3.99,0,Deadly Cute Armor Skin,3A2FDC94072721CF5D0E1FDC89456808B700FF4258
[Gears of War: Judgment],2013/05/28,40,1.99,40,Dreadnought DLC Pack,6940E555F7D975A9BA729FB27B42720EC3552BD458
[Gears of War: Judgment],2013/03/19,40,2.99,0,Shark Weapon Skin,781B2780BC32364B19695569D5DB39828A648EDC58
[Gears of War: Judgment],2012/12/25,40,1.99,0,Gears 3 Baird Multiplayer Character,3826DA178A6B84A11A6E6CBEECB66777741C69D458
[Gears of War: Judgment],2013/03/19,40,9.99,0,Animated Weapon Skin Pack,5E386BB13730DCAF55DFFBA47BB769531063DDD058
[Gears of War: Judgment],2013/03/19,40,2.99,0,Imperial Weapon Skin,2BDF04E248D3BC879FA2C1C177950A5485ECB78F58
[Ghost Recon: Future Soldier™],2012/09/11,40,0.00,628,Raven Strike DLC Pack Trial,CDD04B2890E387122E622DF13F88718CFDCB4F9758
[Ghost Recon: Future Soldier™],2012/09/11,10,14.99,628,Raven Strike DLC Pack,CDD04B2890E387122E622DF13F88718CFDCB4F9758
[Ghost Recon: Future Soldier™],2012/10/09,40,9.99,509,Khyber Strike DLC Pack,308382732020E811FC3B6B74E4D0CA2AC52D865958
[Ghost Recon: Future Soldier™],2012/07/17,40,9.99,276,Arctic Strike DLC Pack,B546785D4392E5589EF5BE0F39DE7D9C62516F0D58
[Ghostbusters: Sanctum of Slime],2011/06/01,20,1.99,0,Ghostbusters Sanctum of Slime Challenge Pack,80FE057CFD5DCA68EFFF7A09619A705CCFCD85C158
[Gin Rummy],2008/09/05,10,1.25,8,Gin Rummy - Theme Deck,84A891EF4BCBD472BE6A80DC19832BE5608098DB58
[Goat Simulator],2016/05/06,30,4.99,92,Goat Simulator: GoatZ,BF98DAF85D656577C520F865FDFDE1FB1851DA2158
[Goat Simulator],2016/05/06,30,4.99,110,Goat MMO Simulator,42FDF63B26AFA83E24554446D866BE8F8D133B6158
[Goat Simulator],2016/12/06,30,4.99,135,Goat Simulator: PAYDAY,D1871063A8C26F60E33CD76C4D34BE1615DCFCA658
[Goat Simulator],2017/03/21,30,4.99,193,Goat Simulator: Waste Of Space,FE2C867953023CC6292844B4DD1C08553314EB1558
[Golf: Tee It Up!],2008/09/03,10,1.99,48,Golf: Tee It Up! Desert Course,4529EDE1EFF342E75C68C9C0371C2065ED06899458
[Golf: Tee It Up!],2008/09/03,10,1.00,0,Golf: Tee It Up! Clothing Pack #1,2BB411B9B6507EC3153AC62E1B07EAC9A248126D58
[Golf: Tee It Up!],2008/09/03,10,1.00,0,Golf: Tee It Up! Clothing Pack #2,52970127CCEA22E9584C19816DF0D953E9D8922358
[Gotham City Impostors],2012/05/16,30,4.99,0,Steamy Punk Pack,811910AE080AEC872466EEF70F0A422519D5577458
[Gotham City Impostors],2012/04/25,30,4.99,0,Rodeo Pirate Pack,97CEB254CFF92789F7F16F144B82F7E398C70F6458
[GTA V],2015/07/08,40,0.00,153,The Ill-Gotten Gains Update Part 2,36A854F5AB1E618DE81098F97C00EF1E6F9CB7F958
[GTA V],2015/06/10,40,0.00,37,The Ill-Gotten Gains Update Part 1,C2EF481CE6C6BE6A2468E97DDA481264BCD12DF358
[GTA V],2015/03/10,40,0.00,1040,Grand Theft Auto Online Heists,846E66C127140476D7794CDC7041842B5A0CF64458
[GTA V],2014/12/18,40,0.00,28,Festive Surprise,1E308CE948282CF6D90C3C5C85AD49C8EBB0608258
[GTA V],2014/10/02,40,0.00,73,The Last Team Standing Update,EC2B3E9FB39783174A211D3B298D21865C28C90F58
[GTA V],2014/08/19,40,0.00,34,The San Andreas Flight School Update,C4D0E661EFFDF372ECC8DDA324B6205EAED3D7F358
[GTA V],2014/05/13,40,0.00,184,The High Life Update,0DCED20CA9F9EFD34E2B4B9E0460FFC72A21DA8558
[GTA V],2014/07/01,40,0.00,20,Compatibility Pack #2,EE6A343FD838049A2F7C29778C030209B43EAB5E58
[GTA V],2013/11/19,40,0.00,32,Beach Bum Update,BE6B0B1658B40E9A7E8670B90FD795601217858758
[GTA V],2014/06/17,40,0.00,51,The 'I’m Not a Hipster' Update,8280C8393B0CB996C434A0FAC75F8172D3647BBE58
[GTA V],2014/02/13,40,0.00,13,Compatibility Pack #1,91CF72CAF411EE28BCC6407ED1C0EFDDDBDBCC9058
[GTA V],2014/03/03,40,0.00,47,The Business Update,35EA63388DFB83AD82C29955A8CD62CCC5708E3858
[GTA V],2013/12/18,40,0.00,3,Capture Mode,A0483655A655C4D977F330A39F0428AD22B3562D58
[GRID Autosport],2014/08/05,10,4.99,18,Black Edition Pack,48392524802E1CA1F659B342E1E264E525A75B3258
[GRID Autosport],2014/09/02,10,2.99,18,Road & Track Car Pack,257BA3F512593E4ED87AF4444678BC143CC9689558
[GRID Autosport],2014/08/26,10,5.99,718,Sprint Pack,3B52B9E362293E9D140B994BB94EDD9FEC23256C58
[GRID Autosport],2014/07/15,10,2.99,0,Boost Pack,87EAB2276830E4F6E806F3BEF595BA10B85F568658
[GRID Autosport],2014/07/22,10,1.99,0,Premium Garage Pack,051FC010F2E3148B3BF60B1B003C765272F9261E58
[GRID Autosport],2014/09/16,10,12.99,315,Touring Legends Pack,D8981F82762616D63BEF0EB1FAE82184BF3DF3CE58
[GRID Autosport],2014/08/05,10,2.99,13,Coupé Style Pack,D1210B69A40112BD4808CB8664DBC4E9789B91F958
[GRID Autosport],2014/10/14,10,4.99,329,Drag Pack,86920D2B611AC1C7527C4F0ADDD737D00DCB224758
[GRID Autosport],2014/07/22,10,2.99,11,Best of British Pack,B7447780B4283A644539920DA26D0B79541BD07758
[GripShift],2008/02/13,20,4.38,38,GripShift - Turbo Boost Expansion Pack,5153268C4FEA163A5114BEEDE4969335A3A58EE158
[GTA IV],2010/11/09,40,9.99,1691,GTA IV: The Lost and Damned,B66716ED23BE790FCF1210AB932119501DC7405E58
[GTA IV],2009/10/29,40,19.99,1761,Grand Theft Auto: The Ballad of Gay Tony,B5C320ED1BDB21A8C7C6922B4FD8E56DCFB7583958
[Guardians of Middle-earth],2013/02/27,30,3.99,0,Survival Game Mode,68E9909CBE54D377A53DD8673E1B4B7914A6426758
[GUILTY GEAR 2],2008/10/15,30,4.99,0,New Master “Raven”,E0031418AAA5D9099B9EAB86A3D7D9CC68D1B5E958
[GUILTY GEAR 2],2008/10/30,30,1.25,0,New Costume “Ex. Sol”,7A3EEBBFF99DBD4C95D1D735D32EF53EBC2C14C758
[GUILTY GEAR 2],2008/11/15,30,4.99,37,New Stage “Holy Knight's Fortress”,E04A9EB9332F37D5EA8499C0376178E461175C6E58
[Gyromancer],2009/11/18,30,2.99,0,Gyromancer Map Pack,C00B2A3B587D0BBDFBC25DC46F206CD91529D2BF58
[Halo 3],2008/07/07,40,0.00,99,Halo 3 Cold Storage Map,E1AE0F002B64A4D0043DC696ADB2208752C8DFDC58
[Halo 3],2008/03/18,40,0.00,417,Halo 3 Heroic Map Pack,A625E0D7ED51ADDA217AD5F150C843988717E9BD58
[Halo 3],2010/07/22,40,0.00,359,Halo 3 Legendary Map Pack,36F0FA570C01BA9F0FED91C6FAEDF2035AAACC2458
[Halo 3],2010/07/06,40,0.00,266,Halo 3 Mythic II Map Pack,FCFE205A564DD53376FC3EFD5C58E93A597D9E4358
[Halo 3],2010/07/22,40,0.00,277,Halo 3 Mythic Map Pack,F8D38D3EA9983BD6C9E364ADDFF7E380A998AE5C58
[Halo 4],2013/03/29,40,0.00,117,Halo 4 Forge Island,2D7C97F91493AC5D9ED470133133FD88A9E8BDB858
[Halo 4],2013/01/21,40,0.00,1934,Halo 4 Spartan Ops Season 1: Episodes 6-10,CBA3E6335C5AD6AE2CEE337AE35A3992BCC8058358
[Halo 4],2013/08/20,-65535,0.00,288,Halo 4 Champions Bundle,BA642F2EE5F60F7570058B65DE7AD9BFC3F6F27158
[Halo 4],2012/11/05,40,0.00,0,Halo 4 War Games Map Pass,428E84E01B050246ED18A2CCA1658C55077C0D1658
[Halo Wars],2009/05/19,30,0.00,2,Halo Wars Strategic Options Add-on Pack,ED9FCCADD111DA36CCAB9E1AA480B2925F2A732B58
[Halo Wars],2009/07/01,30,0.00,185,Halo Wars Historical Battle Map Pack Add-on,9DB38360ACE9D94CF369BF60F4425EFE4C4ADC9558
[Halo: Reach],2011/11/15,40,0.00,1094,Halo: Reach - Anniversary Map Pack,848C0B85F5E526EEE7548C1C0E0B3EE190BAF85258
[Halo: Reach],2011/03/15,40,0.00,598,Halo: Reach - Defiant Map Pack,D16D40A3F4880C24CB7D359FD37CC099B952D05E58
[Halo: Reach],2010/11/30,40,0.00,329,Halo: Reach - Noble Map Pack,DD39D2D2E233455838D91C6B13F550AE812EB64958
[Hard Corps: Uprising],2011/02/16,30,2.49,14,Sayuri,73168E136E602ACC9BEBAB434297CF803B03E30558
[Hard Corps: Uprising],2011/02/16,30,2.49,14,Harley,AA928CFD0AED7A13DC4BD96128CB4967C8B738A058
[Hard Corps: Uprising],2011/03/02,30,2.49,10,Leviathan,B95B88A8664323D54AB7C70E01D3F81357FC51F958
[HELL YEAH! Wrath of the Dead Rabbit],2012/10/24,60,4.99,30,The Virtual Rabbit Missions,260525D06811D38E851F5C6F67F369BB5D24D73658
[HELL YEAH! Wrath of the Dead Rabbit],2012/10/24,30,2.99,0,Pimp My Rabbit Pack,03EAF4889BBFAF09C7FE4299F83555C264FE864558
[Hitman: Absolution],2012/12/21,40,0.00,1421,Hitman Absolution English Language Pack,BAC22C6574843EC35F8C2AEBED1B9A30527E80CC58
[Hitman: Absolution],2012/11/20,40,1.00,6,Hitman Absolution Deus Ex Suit,86A2704CC286FF797F446D926E8D3B611CBC56E958
[Hitman: Absolution],2012/11/20,40,1.00,2,Hitman Absolution Krugermeier 2-2 Gun,B86C7F0020251ED63F9DB1EE282064F9C1D6302758
[Hitman: Absolution],2012/11/20,40,1.00,2,Hitman Absolution Deus Ex 'Zenith' Gun,F66E8DE29F6F976D78AE9DBE7F47C45FDDD2FA1C58
[Hitman: Absolution],2012/11/20,40,1.00,0,Agency SPS 12,10B32DA688536B460C2C8AA46A09538C9728918E58
[Hitman: Absolution],2012/11/20,40,1.00,7,Hitman Absolution High Tech Suit,28A08C0F0F684577F652DAA310BA628E7E70EE4158
[Hitman: Absolution],2012/11/20,40,1.00,2,Hitman Absolution Bronson M1928 submachinegun,FC51C8F2B592355EDA7AD9D7777ADBE0FE41BFA958
[Hitman: Absolution],2012/11/20,40,1.00,5,Hitman Absolution High Roller Suit,EC186875E8AA381AA01CC2A16045A129E718C47758
[Hitman: Absolution],2012/11/20,40,1.00,10,Hitman Absolution Public Enemy Suit,E044ECD796ED333CC7BD117872857C13DB401DC358
[Hitman: Absolution],2012/11/20,40,1.00,0,Agency HX UMP,061312043AF9A4125CD8206D6B156CCA2A22659758
[Hitman: Absolution],2012/11/20,40,1.00,0,Agency Jagd P22G,B2BD393810128D1334FF777592CE7E653117052858
[Hitman: Absolution],2012/12/21,40,5.99,36,Hitman Absolution Suit and Gun Collection,D2B1401FC2DDA6D0D7B08F7FB5B99C84518AE1B558
[Hitman: Absolution],2012/11/20,40,1.00,2,Hitman Absolution Bartoli Custom Pistol,A997DD8363B974B421D3A8C7526FA05D35A990BF58
[How to Survive],2013/10/30,40,1.00,0,"How to Survive ""Heat Wave"" Abby's Pack",E0578772F82BDC4E02F0E76F4207EA6AB8BCB1A158
[How to Survive],2013/10/30,40,1.00,0,"How to Survive ""Heat Wave"" Jack's Pack",8B069B2F669F263AA1C8B02D52A9C6ED249DA4B458
[How to Survive],2013/10/30,40,1.00,0,"How to Survive ""Heat Wave"" Kenji's Pack",02D93CE0C3E35B412CDCE57BF9FBA16880360C2158
[How to Survive],2013/10/30,40,1.99,0,"How to Survive ""Heat Wave"" x 3 Pack",A2F52E2053E5216B48C8220C618D1FA16B525F0A58
[Hydro Thunder],2010/10/27,10,0.00,106,Tempest Pack (Multiplayer Only),C995E87FB46F446F58E194647202F4ABB3BD77E958
[Hydro Thunder],2010/10/20,10,4.99,106,Tempest Pack (Full Version),C995E87FB46F446F58E194647202F4ABB3BD77E958
[I Am Super!],2012/03/26,10,0.00,139,I Am Super!,358A85442A7004B753AA5916DAC44E1DFB6A8B6658
[IL-2: Birds of Prey],2009/10/06,30,9.99,0,IL2 Sturmovik - Mission Pack,E56A793B67094F137266AED00F97F2501B6C89D158
[ilomilo],2011/03/09,10,2.99,14,Autumn Tale,83D040DB5A47383A5D947B3A889729566A0F441758
[Infinite Undiscovery],2019/06/11,30,0.00,0,A Voucher,FFE502E05822B776B4D43E582147E9C7BCF7E74658
[Infinite Undiscovery],2019/06/11,30,0.00,0,B Voucher,3AC62E07E7D6C67501C7A81F35C56EC13855632058
[Injustice: Gods Among Us],2013/04/30,30,0.00,146,Compat Pack 1: Flashpoint Batman Skin,44BCB03434B8D7EBDD66586C42208107098B5D2F58
[Injustice: Gods Among Us],2013/07/02,30,0.00,143,Compat Pack 4: Classic Ares Skin,A63E7D7B324EA7B8A1D41D39551B16C9D468190558
[Injustice: Gods Among Us],2013/07/30,30,0.00,92,Compat Pack 5: John Stewart Green Lantern,73A2E4552E33D0E131C4669656EAB35DF988B96B58
[Injustice: Gods Among Us],2013/08/13,30,0.00,96,Compat Pack 6: Cyborg Superman Skin,45C9C5C3571509BA067B9F2ACD36E673097A2BDE58
[Injustice: Gods Among Us],2013/06/11,30,0.00,149,Compat Pack 3: Containment Suit Doomsday Skin,6FAE5D32A88083BE6B3DFD273E31172191B9CF9E58
[Injustice: Gods Among Us],2013/05/21,30,0.00,148,Compat Pack 2: Lucidore Bane Skin,E3D84C6202C579801D4D710B78470914304B69A858
[Injustice: Gods Among Us],2013/10/01,30,0.00,96,The Man of Steel Pack - Zod,45C9C5C3571509BA067B9F2ACD36E673097A2BDE58
[Injustice: Gods Among Us],2013/10/08,30,0.00,0,Arrow Skin,6C9C3B0D725DA90E07FA77C36C4855CBFEF8826758
[Injustice: Gods Among Us],2013/08/13,30,4.99,96,Zatanna,45C9C5C3571509BA067B9F2ACD36E673097A2BDE58
[Injustice: Gods Among Us],2013/07/30,30,4.99,92,Martian Manhunter,73A2E4552E33D0E131C4669656EAB35DF988B96B58
[Injustice: Gods Among Us],2013/05/21,30,4.99,148,Batgirl,E3D84C6202C579801D4D710B78470914304B69A858
[Injustice: Gods Among Us],2013/07/02,30,1.00,0,Zombie Mode,1DF4C184D0AC4DB9A297E230D004EA117302542C58
[Injustice: Gods Among Us],2013/07/02,30,1.00,143,The Man of Steel Pack - Superman,A63E7D7B324EA7B8A1D41D39551B16C9D468190558
[Injustice: Gods Among Us],2013/06/11,30,2.99,0,Arkham City Skin Pack,3DDE8D956EAFB4F02D9DCFF53541FCDEB5D19FD058
[Injustice: Gods Among Us],2013/06/11,30,4.99,149,Scorpion,6FAE5D32A88083BE6B3DFD273E31172191B9CF9E58
[Injustice: Gods Among Us],2013/05/21,30,2.99,0,Red Son Pack,8DFD4FD74BFF8CC7DC510D0D5A76211935705EB058
[Injustice: Gods Among Us],2013/05/07,30,4.99,146,Lobo,44BCB03434B8D7EBDD66586C42208107098B5D2F58
[Injustice: Gods Among Us],2013/06/11,30,2.99,149,Blackest Night Pack 1,6FAE5D32A88083BE6B3DFD273E31172191B9CF9E58
[Injustice: Gods Among Us],2013/07/02,30,2.99,0,New 52s Skin Pack,0D098C2875656F74B854ECDC938331C5052148D658
[Injustice: Gods Among Us],2013/07/02,30,4.99,143,General Zod Character Add-On,A63E7D7B324EA7B8A1D41D39551B16C9D468190558
[Injustice: Gods Among Us],2014/06/18,30,2.99,0,Lockdown Skin Pack,DA180962E70A2059F2667D269EC60F777756FD3058
[Injustice: Gods Among Us],2013/06/11,30,2.99,149,Red Son Pack 2,6FAE5D32A88083BE6B3DFD273E31172191B9CF9E58
[Injustice: Gods Among Us],2013/04/16,30,14.99,0,Injustice Season Pass,7254B18FB2067D4CD94BEEE286D51D17C173DB5258
[Injustice: Gods Among Us],2013/07/02,30,2.99,143,Earth 2 Pack,A63E7D7B324EA7B8A1D41D39551B16C9D468190558
[Injustice: Gods Among Us],2013/05/07,30,2.99,146,Bad Girls Skins,44BCB03434B8D7EBDD66586C42208107098B5D2F58
[Injustice: Gods Among Us],2013/05/07,30,2.99,146,Teen Titans Skins,44BCB03434B8D7EBDD66586C42208107098B5D2F58
[Injustice: Gods Among Us],2013/07/02,30,2.99,143,Blackest Night Pack 2,A63E7D7B324EA7B8A1D41D39551B16C9D468190558
[Injustice: Gods Among Us],2013/07/23,30,1.99,103,S.T.A.R. Labs Missions,C7820600DB3EC831D55799A1ABA0AC0F482D6FCA58
[Injustice: Gods Among Us],2013/04/16,30,2.99,0,Flashpoint Skin Pack,7254B18FB2067D4CD94BEEE286D51D17C173DB5258
[Insanely Twisted Shadow Planet],2011/10/12,40,4.99,79,Insanely Twisted: Shadow Hunters,01763716103FB08DBAED926CB84DC98C93F7FF3858
[Inversion™],2018/06/21,40,1.99,0,"Inversion™ - Map ""VERGE""",E51B5EFDBF40F68328EA05A66F1E4FA6B79DD93458
[Inversion™],2018/06/21,40,1.99,0,"Inversion™ - Map ""RIOT""",A54EA7B69CAD8EBF8EB13EE1B3342CF4930AA9CA58
[Iron Brigade],2012/02/12,30,4.99,265,Rise of the Martian Bear,8034235E5F61DAE91A26B257296E540FA192EED058
[Jam Live Music Arcade],2012/09/05,30,1.00,4,"JAM Live Music Arcade ""I Love To Loop"" by Heatbox",FE622BDC096AFD3271DAA01F0AE4F5617470C4ED58
[Jam Live Music Arcade],2012/09/05,30,1.99,12,"JAM Live Music Arcade ""Savior"" by Rise Against",EC3E1BCB10A3B639D8E91CD842C4F5B0B532BC0958
[Jam Live Music Arcade],2012/09/05,30,1.00,21,"JAM Live Music Arcade ""Overdrive"" by Jaytech",0C0A26F57B1AAFABAA6C77E350D8C0835683504E58
[Joe Danger 2: The Movie],2013/06/19,10,4.99,146,Nasty Championship Pack,73F034CCFE7AA7EB933386BB94CB91CB3F04F14D58
[Joe Danger 2: The Movie],2013/05/15,10,4.99,76,Undead Movie Pack,00016D0382EC96CF27716149956EA8749B11E69858
[Joe Danger Special Edition],2012/03/28,10,2.99,25,Showtime Content Pack,2370F6CB7EC339CA0350443CEC2A5F1187AF5D3658
[Junk Fu],2012/02/20,10,2.99,52,Junk Fu,84F6243B8D9D67A7BE820EA6D574334F835C3BC758
[Just Cause 2],2010/06/22,40,0.00,1,Tuk Tuk Boom Boom,EFE03B662023C06049712454810BAB037FFFF9F758
[Just Cause 2],2010/11/16,40,0.00,0,Chaos Parachute,BB64907C30DBEF740530522F81C6B025716145EA58
[Just Cause 2],2010/04/08,40,0.00,1,Chevalier Ice Breaker,47D3C8D0D5E730EEDDC5072B604FAFA58BF5773558
[Just Cause 2],2010/06/22,40,1.00,1,Agency Hovercraft,B93A4EB8586D8D325E7EE1BE1D69AA8E9585D40558
[Just Cause 2],2010/05/25,40,1.99,1,Black Market 'Boom' Pack,188261EFD189E540212C9833E1EDC4ADF5AC495158
[Just Cause 2],2010/04/15,40,1.00,1,Monster Truck,007D5E2D30C0C8E37711D28A5EF3F419A8408D1558
[Just Cause 2],2010/06/22,40,1.00,0,Bull’s Eye Assault Rifle,C21BB6F9DEAFC50E2DA01FF24EA0D498FB08293158
[Just Cause 2],2010/06/22,40,1.00,0,Rico’s Signature Gun,F08B50EF3CB5650851AC1EEA7CC80953D2138D6658
[Just Cause 2],2010/06/22,40,1.00,1,Chevalier Classic,E6E1C34F035A3C2D63AD4EF08994E002F758B52258
[Just Cause 2],2010/04/29,40,1.99,2,Black Market Aerial Pack,2DEBEC493FA71C9A5129E644284A3A66556788D058
[Just Dance® 2015],2014/10/21,20,0.00,139,"Just Dance 2015 - ""Break Free"" by Ariana Grande Ft. Zedd",CC5E005D5D6651AAA29A7B59043245BCE20904E458
[Just Dance® 2015],2014/10/21,20,1.99,123,"Just Dance 2015 - ""Beauty and a Beat"" by Justin Bieber Ft. Nicki Minaj",C6F734847DF002D933D593BB42B79C3613EABB2858
[Just Dance® 2015],2014/10/21,20,2.99,115,Papaoutai by Stromae,6C86C83916AFDD9B2E94473581F1C87EDCF62F3158
[Just Dance® 2015],2014/11/25,20,1.99,116,"Just Dance 2015 - ""C'mon"" by Ke$ha",FDD9D4194306AAF8F6C719E566DFC9C803F115E758
[Just Dance® 2015],2015/01/20,20,1.99,110,"Just Dance 2015 - ""Rock N Roll"" by Avril Lavigne",D751CFE7BF183822F35EA6C626CD976F4E942DDC58
[Just Dance® 2015],2014/10/21,20,1.99,104,"Just Dance 2015 - ""Sexy And I know It"" by LMFAO",97EA62F63669614B24FDF3CD7B3480B48F31354958
[Just Dance® 2015],2014/10/21,20,1.99,85,"Just Dance 2015 - ""One Way Or Another (Teenage Kicks)"" by One Direction",23B64056619FDFC4088C1666493584336212CE9C58
[Just Dance® 2015],2014/10/21,20,1.99,110,"Just Dance 2015 - ""Moves Like Jagger"" by Maroon 5 Ft. Christina Aguilera",562008F964A2F2DB474429D8112C2AC5B3157C6B58
[Just Dance® 2015],2014/10/21,20,1.99,114,"Just Dance 2015 - ""Die Young"" by Ke$ha",0C0845FD57443F30FA784AFD90B6AC6899044CEA58
[Just Dance® 2015],2014/10/21,20,1.99,105,"Just Dance 2015 - ""Wake Me Up"" by Avicii",BE39FCCD3951AF91CB6DC7C49E70CDF7ECDC99FA58
[Just Dance® 2015],2014/11/25,20,1.99,144,"Just Dance 2015 - ""Kiss You"" by One Direction",005E493249AECF16941BDC96070D230FA3B0FCCD58
[Just Dance® 2015],2014/10/21,20,1.99,117,"Just Dance 2015 - ""Gangnam Style"" by PSY",BD455130EE2EF650EA2C19DDEB6C1A22B581E04258
[Just Dance® 2015],2014/10/21,20,1.99,130,"Just Dance 2015 - ""Just Dance"" by Lady Gaga Ft. Colby O'Donis",7D6D074D0AB346B38148CDDB54237289653214EB58
[Just Dance® 2015],2015/01/20,20,2.99,118,"Just Dance 2015 - ""Let It Go"" by Disney Frozen",027B543CE1A36C0E82C2197158A4BD96ECF0C30558
[Just Dance® 2015],2014/11/25,20,2.99,134,"Just Dance 2015 - ""We Can't Stop"" by Miley Cyrus",3D5AEAB5500D918A608179BFD42C9C49B265D2CF58
[Just Dance® 2015],2014/10/21,20,1.99,119,"Just Dance 2015 - ""Roar"" by Katy Perry",3F1A50F4792E99F6BC35F17C47028CAFA4000D2558
[Just Dance® 2015],2014/10/21,20,2.99,135,"Just Dance 2015 - ""I Luh Ya Papi"" by Jennifer Lopez Ft. French Montana",8335552E7928FEA254D75858390530C6BA2F1E4F58
[Just Dance® 2015],2014/11/25,20,1.99,110,"Just Dance 2015 - ""Funhouse"" by P!nk",A50727E6C529ED78532308838D191B96E177ACB658
[Just Dance® 2015],2014/10/21,20,1.99,115,"Just Dance 2015 - ""Don't You Worry Child"" by Swedish House Mafia",11EEA9FA35F2EC9EB914BCD4C4ADB465C6E2BF3A58
[Just Dance® 2015],2014/11/25,20,1.99,173,"Just Dance 2015 - ""Want U Back"" by Cher Lloyd Ft. Astro",FD725BFA2F620007F7A774845D1712AC8EA4D19958
[Just Dance® 2015],2015/01/20,20,2.99,113,"Just Dance 2015 - ""Kiss Kiss"" by Prince Royce",99082C7DD121C00CFE7C543E6A2B0D78ACB4EFC758
[Just Dance® 2015],2015/01/20,20,2.99,107,"Just Dance 2015 - ""Boom Clap"" by Charli XCX",AE0B935415E6CAEC2B28103B7DE606C07F51C0A058
[Just Dance® 2015],2014/10/21,20,1.99,123,"Just Dance 2015 - ""I Need Your Love"" by Calvin Harris Ft. Ellie Goulding",5A619457A8AC76E373D48CFB2699585B7F15A00D58
[Just Dance® 2015],2015/01/20,20,2.99,235,"Just Dance 2015 - ""India Waale"" by From the movie Happy New Year",60A65EC6FC1E4F6BBEC92D88578801C6285E170D58
[Just Dance 3],2011/12/06,20,2.99,55,Baby Girl,726E592600EE4FE8A08A17C1CAD20FD07983EBB558
[Just Dance 2014],2013/10/08,20,0.00,122,Just Dance®2014 Katy Perry – Roar,DD972988E895D10782F890283EB03FA683CAC06058
[Just Dance 2014],2014/04/22,20,1.99,115,"Just Dance 2014 - ""Moves Like Jagger"" by Maroon 5 Ft. Christina Aguilera",5BB5890893757C57FF7B2D44A108F6266D08AC9958
[Just Dance 2014],2014/04/22,20,1.99,127,"Just Dance 2014 - ""Beauty And A Beat"" by Justin Bieber Ft. Nicki Minaj",677CB6ECEB7DF76E639B91B2E6A1A03940EF2AD958
[Just Dance 2014],2013/11/26,20,2.99,129,"Just Dance®2014 ""American Girl"" by Bonnie McKee",12B5969DD6F2F93E1C2DA2E0ECB2FC764078809758
[Just Dance 2014],2013/10/08,20,1.99,43,Just Dance 2014 - « Pound the Alarm » - Extreme,9E170B6B57EF26C81BFBA74C6E3A125EA65BF80B58
[Just Dance 2014],2013/11/26,20,2.99,111,"Just Dance®2014 ""Sexy And I Know It"" by LMFAO",30EE28B433F1534E476F9E9B0CA5B15DB141820C58
[Just Dance 2014],2014/04/22,20,1.99,113,"Just Dance 2014 - ""One Thing"" by One Direction",AB197FB648C7643C89A95AA8D4EEE6DAFBB88F8658
[Just Dance 2014],2013/12/17,20,2.99,131,"Just Dance®2014 ""I Need Your Love"" by Calvin Harris Ft. Ellie Goulding",3609359F4FCCCC1B6ADB61473BF13CB2C021EBAF58
[Just Dance 2014],2013/12/17,20,1.99,91,"Just Dance®2014 ""#thatPOWER"" - On-Stage",F0564C8854447D5C49168E9C9101222B4948DB2D58
[Just Dance 2014],2013/12/17,20,1.99,52,"Just Dance 2014 - ""Applause"" - Official Choreo by Richy Jackson",F97DC2FC1EA1B0DEF155B39B91399EB49AF021FF58
[Just Dance 2014],2014/04/22,20,1.99,116,"Just Dance 2014 - ""We R Who We R"" by Ke$ha",6964B00093CD401FE62BADEE0B01D584E8F1F28A58
[Just Dance 2014],2014/02/11,20,2.99,133,"Just Dance 2014 - ""Timber"" by Pitbull Ft. Ke$ha",EC43D6E893A42A89BC4040BEB5AEF5C77DF48D2C58
[Just Dance 2014],2014/03/26,20,1.99,121,"Just Dance 2014 - ""Part of Me"" by Katy Perry",59290EEDE5785451E15718BD06606C33C9E4E8C958
[Just Dance 2014],2013/11/26,20,2.99,93,"Just Dance®2014 ""One Way Or Another (Teenage Kicks)"" by One Direction",56BC8CC795AA9D6F5F026179791DE50072776E5E58
[Just Dance 2014],2014/02/11,20,1.99,56,"Just Dance 2014 - ""Just Dance"" - Sweat",A02829A15F88212CE24E884FCBD5AACFDA4039CA58
[Just Dance 2014],2013/12/17,20,2.99,125,"Just Dance®2014 ""Can't Get Enough"" by Becky G Ft. Pitbull",08F399159F7D4DB4B86F20EA267B056C393542AC58
[Just Dance 2014],2013/10/08,20,2.99,62,Just Dance®2014 Macklemore & Ryan Lewis Ft. Ray Dalton – Can’t Hold Us,2D8C31B88BAA4D529F2EAE7457293673D91BE7BE58
[Just Dance 2014],2014/03/26,20,1.99,117,"Just Dance 2014 - ""Funhouse"" by P!nk",93A07FF9A5ACB95E93081EDB0D4530B0F5E3DECD58
[Just Dance 2014],2014/02/11,20,1.99,122,"Just Dance 2014 - ""Die Young"" by Ke$ha",120E94A11DF745DE35108B8FC9D2DD531AF1E5CF58
[Just Dance 2014],2013/12/17,20,2.99,95,"Just Dance®2014 ""My Main Girl"" by MainStreet",73AE54FAC7AF620AE9F1B786463FF3F50CBB4A3558
[Just Dance 2014],2014/04/22,20,2.99,62,"Just Dance 2014 - ""Waking Up In Vegas"" by Katy Perry",A0FB67BDA5B5B63D9180FB0EBFD352E519AC079D58
[Just Dance 2014],2013/12/17,20,2.99,134,"Just Dance®2014 ""Gangnam Style"" by PSY",868F6A15C3F6E18DA0E02E8882C34CD4D723150758
[Just Dance 2014],2013/11/26,20,1.99,50,"Just Dance®2014 ""Blurred Lines"" - Extreme",4FF435495958967C3CF4DFB18EFEC1E3F9561C5458
[Just Dance 2014],2014/02/11,20,2.99,117,"Just Dance 2014 - ""Rock N Roll"" by Avril Lavigne",BAC653711ED36AC69E91590C20B67E6B1882AA9858
[Just Dance 2014],2013/11/26,20,2.99,118,"Just Dance®2014 ""What About Love"" by Austin Mahone",48B349A757C711E5CC51289260F11E42155857B158
[Just Dance 2014],2014/04/22,20,2.99,111,"Just Dance 2014 - ""Wake Me Up"" by Avicii",B8C7EFD3FDAEEE719F5C7B468B295DB3C1ED4F6158
[Just Dance 2014],2013/12/17,20,2.99,132,"Just Dance®2014 ""Don’t You Worry Child"" by Swedish House Mafia Ft. John Martin",348D735DD688A425A3C27E7EB20B6B653E04C36958
[Kameo],2006/09/26,30,0.00,6,Kameo Design-A-Skin Pack,3315297F7EFF0B5B4589A164C1EA9AE17FC81EC058
[Kameo],2006/04/05,30,0.00,22,Kameo Co-Op Pack,E1F6B20F16687B8028CB97722C81AD89A7AD004758
[Kameo],2006/04/05,30,1.00,22,Kameo: Fright Warrior Pack,E1F6B20F16687B8028CB97722C81AD89A7AD004758
[Kameo],2006/04/05,30,1.00,22,Kameo Masquerade Pack,E1F6B20F16687B8028CB97722C81AD89A7AD004758
[Kameo],2006/09/12,30,1.00,43,Kameo Power Pack,C9352F191BB6AB00A54E312E4CC1CD8152F41F6258
[Kameo],2005/11/14,30,1.00,6,Winter Warrior Pack,AD0F339921FD08510166957CBD19322F0C6ECFEC58
[Kane & Lynch 2],2010/08/31,40,2.99,0,Kane &  Lynch 2 - Alliance Weapon Pack,36E1740B44576E97A9D269783DBDBE2EBD7D860F58
[Kane & Lynch 2],2010/08/31,40,1.99,0,Kane & Lynch 2 - Multiplayer Masks Pack,0CB1C584AC9BB792115075AEE09B3AAFF793493D58
[Kane & Lynch 2],2010/08/31,40,6.99,427,Kane & Lynch 2 - The Doggie Bag,B382B3410664A2975E74374A3D2C18A4B5EB856C58
[Kane and Lynch:DeadMen],2008/04/17,40,0.00,424,The Dope Bag,54A23E67B823DC7394A9519E5492A32E36B0269458
[KILLER IS DEAD],2013/12/03,40,4.99,0,Smooth Operator Pack,B5A1CEBA1FCF12F5032A9395DA7B1B1833FB370658
[Kinect Fun Labs],2011/06/06,-65535,0.00,625,Kinect Fun Labs,386131BE872EEFDF71352F255D619343FBA8C41858
[Kinect Party - Base Game],2012/12/18,10,9.99,0,Kinect Party - Full Unlock,CFB557F6458FF7DC75C038B32EFE888E042BAAF058
[Kinect Party - Base Game],2012/12/18,10,1.00,0,The Pirate's Treasure,CFB557F6458FF7DC75C038B32EFE888E042BAAF058
[Kinect Party - Base Game],2012/12/18,10,4.99,0,Kinect Party - Full Unlock for DFHAT Owners,CFB557F6458FF7DC75C038B32EFE888E042BAAF058
[Kinect Party - Base Game],2012/12/18,10,1.00,0,Hyperspace,CFB557F6458FF7DC75C038B32EFE888E042BAAF058
[Kinect Party - Base Game],2012/12/18,10,1.00,0,Voxel Runner,CFB557F6458FF7DC75C038B32EFE888E042BAAF058
[Kinect Party - Base Game],2012/12/18,10,1.00,0,High Voltage,CFB557F6458FF7DC75C038B32EFE888E042BAAF058
[Kinect Party - Base Game],2012/12/18,10,1.00,0,Cosmic Flow,CFB557F6458FF7DC75C038B32EFE888E042BAAF058
[Kinect Party - Base Game],2012/12/18,10,1.00,0,The Wiggle Warper,CFB557F6458FF7DC75C038B32EFE888E042BAAF058
[Kinect Party - Base Game],2012/12/18,10,1.00,0,Pine Cone Panic,CFB557F6458FF7DC75C038B32EFE888E042BAAF058
[Kinect Party - Base Game],2012/12/18,10,1.00,0,Sweet Tooth,CFB557F6458FF7DC75C038B32EFE888E042BAAF058
[Kinect Party - Base Game],2012/12/18,10,1.00,0,Bubble Bath,CFB557F6458FF7DC75C038B32EFE888E042BAAF058
[Kinect Party - Base Game],2012/12/18,10,1.00,0,The Star Gazer,CFB557F6458FF7DC75C038B32EFE888E042BAAF058
[Kinect Party - Base Game],2012/12/18,10,1.00,0,Dub Step,CFB557F6458FF7DC75C038B32EFE888E042BAAF058
[Kinect Party - Base Game],2012/12/18,10,1.00,0,Castle Smasher,CFB557F6458FF7DC75C038B32EFE888E042BAAF058
[Kinect Party - Base Game],2012/12/18,10,1.00,0,Hot Lava,CFB557F6458FF7DC75C038B32EFE888E042BAAF058
[Kinect Party - Base Game],2012/12/18,10,1.00,0,The Puddle Splasher,CFB557F6458FF7DC75C038B32EFE888E042BAAF058
[Kinect Party - Base Game],2012/12/18,10,1.00,0,The Popcorn Popper,CFB557F6458FF7DC75C038B32EFE888E042BAAF058
[Kinect Party - Base Game],2012/12/18,10,1.00,0,The Enchanted Forest,CFB557F6458FF7DC75C038B32EFE888E042BAAF058
[Kinect Party - Base Game],2012/12/18,10,1.00,0,The Paint Master,CFB557F6458FF7DC75C038B32EFE888E042BAAF058
[Kinect Party - Base Game],2012/12/18,10,1.00,0,The Blooming Garden,CFB557F6458FF7DC75C038B32EFE888E042BAAF058
[Kinect Party - Base Game],2012/12/18,10,1.00,0,The Magic Battle,CFB557F6458FF7DC75C038B32EFE888E042BAAF058
[Kinect Party - Base Game],2012/12/18,10,1.00,0,The Super Duplicator,CFB557F6458FF7DC75C038B32EFE888E042BAAF058
[Kinect Party - Base Game],2012/12/18,10,1.00,0,Blizzard,CFB557F6458FF7DC75C038B32EFE888E042BAAF058
[Kinect Party - Base Game],2012/12/18,10,1.00,0,Fish Tank,CFB557F6458FF7DC75C038B32EFE888E042BAAF058
[Kinect Party - Base Game],2012/12/18,10,1.00,0,Bug Patrol,CFB557F6458FF7DC75C038B32EFE888E042BAAF058
[Kinect Party - Base Game],2012/12/18,10,1.00,0,Googly Balls,CFB557F6458FF7DC75C038B32EFE888E042BAAF058
[Kinect Party - Base Game],2012/12/18,10,1.00,0,Starring You,CFB557F6458FF7DC75C038B32EFE888E042BAAF058
[Kinect Party - Base Game],2012/12/18,10,1.00,0,Pigeon Feeder,CFB557F6458FF7DC75C038B32EFE888E042BAAF058
[Kinect Party - Base Game],2012/12/18,10,1.00,0,Fireworks,CFB557F6458FF7DC75C038B32EFE888E042BAAF058
[Kinect Party - Base Game],2012/12/18,10,1.00,0,Booty Shaker,CFB557F6458FF7DC75C038B32EFE888E042BAAF058
[Kinect Rush: Snapshot],2012/04/06,25,0.00,516,Kinect Rush: Snapshot,73BB886D0A4D48EA744ACED6BBD0E5493E61B0F758
[Kinect Sparkler],2011/07/28,10,2.99,225,Kinect Sparkler,CBA5D74C7D8E7E465AF4B034E085DAE9FDD792CB58
[Kinect Sports],2010/12/14,20,0.00,8,Kinect Sports: Party Pack,DE2CF3751ACAFF0449290B1CD7F58BE92ABF887358
[Kinect Sports],2011/04/26,-65535,3.99,28,Kinect Sports Calorie Challenge Pack,1B844357CD9D6F41D2A8A2DD7E17E133222E71B658
[Kinect Sports: Season Two],2011/11/07,10,0.00,212,Kinect Sports: Season Two - Challenge Pack #1,CC8C99E4905FD19AA050B79D24CC0913AA26C7E258
[Kinect Sports: Season Two],2012/05/22,10,9.99,922,Kinect Sports: Season Two - All Access Pass,6CB1E38FD37F35148D44D44F237705B733E0E70358
[Kinect Sports: Season Two],2012/04/02,10,4.99,161,Basketball Challenge Pack,CBC8395E502B26D4623E624D88A93CE7CF24634958
[Kinect Sports: Season Two],2012/03/01,10,0.00,285,Kinect Sports: Season Two - Challenge Pack #2,17B2DFDC9DB2F596570FED65554CC22AC4C5768158
[Kinect Sports: Season Two],2012/01/10,10,0.00,92,Kinect Sports: Season Two – Free Ski Trial,F0535874F7AAE23FD64C0483113CC16BD9F0ACE658
[Kinect Sports: Season Two],2011/12/20,10,0.00,173,Kinect Sports: Season Two Free Golf Trial,657A5130425988BFE3C215BB2A557A29A0BD807B58
[Kinect Sports: Season Two],2011/12/20,10,4.99,173,Kinect Sports: Season Two Maple Lakes Golf Pack,657A5130425988BFE3C215BB2A557A29A0BD807B58
[Kinect Sports: Season Two],2012/01/10,10,4.99,92,Kinect Sports: Season Two - Midnight Mountain Pack,F0535874F7AAE23FD64C0483113CC16BD9F0ACE658
[Kinectimals],2011/05/10,10,2.99,0,African Lion (Plush),ECDC355124053EE63BB4F9F70D96CABC2477310C58
[Kinectimals],2011/05/10,10,2.99,0,Asiatic Cheetah,2E3970B3DE62FC04F0549A1AC1727D850CE6FEB758
[Kinectimals],2011/05/10,10,2.99,0,Bornean Clouded Leopard (Plush),D34ECAEACBD92F84C9E5162F1995BC7277086D7258
[Kinectimals],2011/05/10,10,2.99,0,Golden Tabby Tiger,CDD8EB6C468D495116C19520A340855C9B9B8DAD58
[Kinectimals],2011/05/10,10,2.99,0,Asiatic Lion,77716BBCFBFDF241FD0682B0A9C469C2470AAB4D58
[Kinectimals],2011/05/10,10,2.99,0,Canadian Lynx,32F35D056E0A8BBFD5BB27FC1F619E42C419185358
[Kinectimals],2011/05/10,10,2.99,0,Jaguar,ADBCFC6015B2749FC2CA020D8519BAB2D80B88D958
[Kinectimals],2011/05/10,10,2.99,0,Iberian Lynx,8DB701DCEEDE8F361EBA56C5AD0E2D15B9BC9E3D58
[Kinectimals],2011/05/10,10,2.99,0,Saber-Tooth Tiger (Plush),ED0468AD443DDC31447E5B9A9CE4F98693DD284458
[Kinectimals],2011/05/10,10,2.99,0,White Tiger,3477335EC0DF4E1BD1422648AF033EE6275AFF6858
[Kinectimals],2011/10/11,10,14.99,1483,Kinectimals: Now with BEARS!,A4830A1D21E18D7B9103DA8A924C4F9F559FAD2858
[Kinect™ Joy Ride],2010/11/02,10,0.00,0,Kinect Joy Ride Chevrolet Volt,B58A470FCA353DE443DF54F9010364128867E26958
[Kinect™ Joy Ride],2011/01/04,10,0.00,4,Kinect Joy Ride Chevrolet Car Pack,C44DE0D5D2EB4D04E9790DED33E2C90CD0C1C82558
[King’s Quest – Ch. 1],2015/12/15,20,0.00,1612,King’s Quest Compatibility Pack 1,8D3DAEA5386BE60E29575ECD65D15D40B457F32958
[King’s Quest – Ch. 1],2015/12/15,20,0.00,1339,King’s Quest Compatibility Pack 2,145F1A811823510ED6F2750F893756CC24BAC5CC58
[King’s Quest – Ch. 1],2016/09/27,20,9.99,1868,King's Quest - Chapter 4: Snow Place Like Home,90A6C496D7E5F1DA6721C7AC1B4301D237C39DC458
[King’s Quest – Ch. 1],2015/12/15,20,9.99,1451,King's Quest - Chapter 2: Rubble Without A Cause,B6BC074CED243C57AF3821D3077F24BE01CD0D7858
[King’s Quest – Ch. 1],2015/07/30,20,24.99,0,King’s Quest™: Season Pass,2CEBE61327FD7AEAB2EDD94F8439A1A99A5ECCBA58
[King’s Quest – Ch. 1],2016/04/26,20,9.99,1931,King's Quest - Chapter 3: Once Upon a Climb,22B4717FBF34A6FC08C32CA1C35BD250A0754C6058
[King’s Quest – Ch. 1],2016/10/25,20,9.99,1631,King's Quest: The Good Knight,CB11FE4983A84A7D0DB6CE4CDA0D1345739D463658
[King's Quest],2015/12/15,20,0.00,1339,KQ Complete Collection Compatibility Pack 2,D76BDD42CA256EE1CEDEE8E3BD639E89F84D43F058
[King's Quest],2015/12/15,20,0.00,1612,KQ Complete Collection Compatibility Pack 1,BA58A621B412E6477F8097209FDAF4FFBCC39F6C58
[King's Quest],2016/12/20,20,0.00,255,King's Quest: Epilogue,7A88349A27CB084C5BED71E79B478AC1461A803858
[KOF XII],2009/11/26,30,3.99,10,"KOF XII BGM ""Hard Rock"" Arrange",0F3B3D59261EFE6FC510B35B892B6A7DAE73BFA858
[KOF XII],2009/11/26,30,3.99,10,"KOF XII BGM ""Dance"" Arrangements",6F5C134404DC362D7577CBB20D95F364C239970458
[KOF XII],2009/11/26,30,3.99,11,"KOF XII BGM ""Jazz"" Arrangements",2E2E2FC2FA5ACC83E684B595D985AA2BE5C2FF8958
[KOF XII],2009/11/26,30,1.99,11,"KOF XII BGM ""Classic""",2B622BFE1B2F3BCF68FDED499CE2FEFB4D773B8758
[Kung Fu Panda],2016/01/29,20,0.99,0,Kung Fu Panda Skin: Jombie Master Oogway,5F3F3F81DFEA2221DE6F43949A51B7D6DBA0714658
[Kung Fu Panda],2016/01/29,20,0.99,0,Kung Fu Panda Character: Warrior Po,7E5D0DDEE72642562D86146ED678FC840F64100458
[Kung Fu Panda],2016/01/29,20,0.99,0,Kung Fu Panda Character: Armored Mr. Ping,B96620B2BB7B988C9B4EA20745AA525F9559351158
[Kung Fu Panda],2016/01/29,20,0.99,0,Kung Fu Panda Skin: Jombie Master Croc,18F72803DFFC410673545F7F0700212A616A5EFA58
[Kung Fu Panda],2015/12/01,20,0.99,0,Kung Fu Panda Level: Master Garden,1D11249268C2027A008373FC67158528BB159DF258
[Kung Fu Panda],2016/01/29,20,0.99,0,Kung Fu Panda Skin: Jombie Master Chicken,221229F1A6AFAFC85E70FE36590406F37A796BEF58
[Kung Fu Panda],2016/01/29,20,0.99,0,Kung Fu Panda Level: Spirit Realm,E6714F4E2E078569260F4FA654CE613810BE519358
[Kung Fu Panda],2015/12/01,20,0.99,0,Kung Fu Panda Skin: Jombie Master Bear,BA38C84877EB2D708271F25552ED32366F89EDBA58
[Kung Fu Panda],2015/12/01,20,0.99,0,Kung Fu Panda Level: Panda Vista,950324AF1520F6B25E40C3C1114FAD7345FB0E7058
[Kung Fu Panda],2015/12/01,20,0.99,0,Kung Fu Panda Character: Kai,AFE745B5A5FC95AA9E6C492DC3F860373189BB0258
[Kung Fu Panda],2016/01/29,20,0.99,0,Kung Fu Panda Character: Jombie Porcupine,237BA9D51C81D964D3DD777D133E6C6C3664B4FF58
[Kung Fu Panda],2016/01/29,20,0.99,0,Kung Fu Panda Skin: Master Shifu,A34FA6CDC5FCE11DFADD787D6E6C6924E7CF15C358
[Kung Fu Panda],2016/01/29,20,0.99,0,Kung Fu Panda Skin: Jombie Monkey,425CC0B300E3FB6D04FD729A357B889910308BF458
[Kung Fu Panda],2016/01/29,20,0.99,0,Kung Fu Panda Skin: Jombie Crane,5A71861F4BC068F1A565A0DEA2879368CA39CA9A58
[Kung Fu Panda],2015/12/01,20,0.99,0,Kung Fu Panda Character: Bao,F3AAD6DB492354FB1302230DAC6D677B421DDBBF58
[Kung Fu Panda],2016/01/29,20,0.99,0,Kung Fu Panda Character: Rhino Armor Li,8EA5A3F6614C71048F06686227F2AE239846A67A58
[L.A. Noire],2011/05/31,40,0.00,0,The Chicago Piano,954D9D75DF97CFED3E23C8F510EA4BD516C5621558
[L.A. Noire],2011/05/31,40,3.99,234,A Slip Of The Tongue Traffic Case,282F689A2DCEDBCBBBDC18831DEC6D121CCDAF5F58
[L.A. Noire],2011/05/31,40,1.00,0,The Sharpshooter Detective Suit,F7D0D77F44BC1FB50AC30BD5B7960823AC90CF5F58
[L.A. Noire],2011/05/31,40,3.99,406,The Naked City Vice Case,DDCFDA857F2B7C253AF9B3BF6AA977954DA5E48658
[L.A. Noire],2011/07/12,40,3.99,235,Reefer Madness Vice Case,CF1A6FA676F8829CD086611C618BECEDBA4BD70D58
[L.A. Noire],2011/06/21,40,3.99,200,Nicholson Electroplating Arson Case,E4C76E62CCFA41B88B9D4D1F32BFDAF7D5768B6658
[L.A. Noire],2011/05/31,40,1.99,0,The Badge Pursuit Challenge & Button Man Suit,BF338A78DC7AB9687C5E85571661928DF1ECDC4358
[L.A. Noire],2011/05/31,40,1.00,0,The Broderick Detective Suit,469B1495B5B795282ABAE91002C6AEFED0F3507D58
[Lara Croft: GoL],2010/12/22,30,0.00,125,Kane & Lynch Character Pack,445BEF35FB5B6B8ECA4FCC09AF8C79F5D6A7F0AB58
[Lara Croft: GoL],2010/12/15,30,2.99,138,Raziel & Kain Character Pack,62A3614552DC8889590070534F4C469DA466B85058
[Lara Croft: GoL],2010/12/08,30,2.99,91,A Hazardous Reunion Challenge Pack 3,5A67B888550F70B20B35AEA57293B5E1953D95E558
[Lara Croft: GoL],2018/12/19,30,2.99,72,All The Trappings Challenge Pack 1,8A11579367AEE811A2EFCB13F3389383CF9699B058
[Lara Croft: GoL],2018/12/19,30,2.99,85,Things That Go Boom Challenge Pack 2,4B71D9BAA190B82BD0D8146146D0A6B630ABE56458
[Left 4 Dead],2009/04/21,40,0.00,74,Left 4 Dead™ Survival Pack,31DFB2848A16CDE4B0FB475BE7123B0FFFF0842158
[Left 4 Dead],2009/09/29,40,6.99,59,Crash Course,62138F85356E99BD8C62911766E4B7A13471133358
[Left 4 Dead],2010/10/06,40,6.99,175,Left 4 Dead: The Sacrifice,076F5B951FD309F7C055A8B754C8C1EB1004F84758
[Left 4 Dead 2],2012/08/03,40,6.99,830,Left 4 Dead 2: Cold Stream,FC5A8D5AD03B290BA4FC9C7A4D31CCC9F8C76EFC58
[Left 4 Dead 2],2010/04/22,40,6.99,198,The Passing,2FDDA216C3D7B33BD2C345B970B103489025854258
[Left 4 Dead 2],2010/10/05,40,6.99,429,Left 4 Dead 2: The Sacrifice,D398DAE3AC6F6B9DED57B53224DDCFFCB548164258
[LEGO® Batman™ 2],2012/07/19,20,1.99,1,LEGO® Batman™ 2:  DC Super Heroes - 5 Heroes Pack,2BBBB06AD0DF92D33AF840F4F0F4240C736C3E6E58
[LEGO® Batman™ 2],2012/07/19,20,1.99,1,LEGO® Batman™ 2:  DC Super Heroes - 5 Villains Pack,AA1DD3B21FE9C6EAADAC53222A8EB33122B796DB58
[LEGO Marvel],2013/11/19,20,4.99,0,LEGO® Marvel(TM) Super Heroes DLC: Super Pack,29A2E8A2CDFB3D292D4CB0E44BEDAA0E0CED6E8658
[LEGO Marvel],2013/11/19,20,1.99,0,LEGO® Marvel™ Super Heroes DLC: Asgard Pack,65F04491CE2998C47FBBF5865D2D3B9BA8085E4E58
[LEGO® Movie Videogame],2014/03/07,20,2.99,0,The LEGO® Movie Videogame:Wild West Pack,F6CD539030280F05D136420DBD2D178C10DC67D858
[Rock Band],2008/03/28,30,0.00,16,Still Alive,9C38F53C3EC428C92FAA88CB8924791578F2460C58
[Rock Band],2009/09/08,30,1.99,31,Kryptonite,6CB94F803576508211230A090AB6F7858CCEF5ED58
[Rock Band],2008/01/15,30,1.99,18,All the Small Things,ADF19ECE0C14BBA0DFC08CBF752967BF2219551958
[Rock Band],2008/09/11,30,0.00,8,Charlene (I'm Right Behind You),B94BF5ABE87A7861BDF7E4EB746F8294DF04388C58
[Rock Band],2007/11/20,30,1.99,32,Joker & The Thief,D1289DF27F8346C4035878C5A068DDCDE133AD9958
[Rock Band],2009/05/26,30,1.99,38,Linger,FA9C80170DF23B084DEBB04C7B26650DB47246B558
[Rock Band],2008/07/15,30,1.99,24,Baba O'Riley,3625B439B031858F7CDAD06B6FA2B80ACDEEB61558
[Rock Band],2008/01/08,30,1.99,21,Interstate Love Song,C411F55E84527727264F9685C94A7A446288E72D58
[Rock Band],2009/11/17,30,1.99,27,Walk Like An Egyptian,C115EA0ECEBF716A31443FF1501F449B9BE78BF158
[Rock Band],2010/03/02,30,1.99,21,Downfall,DF5389675C338A79F51C1A43DA947204CDB77B7058
[Rock Band],2010/07/06,30,1.99,12,Bad Moon Rising,29C460A0E72C89E0313B7A76BAE7E0014BCD970A58
[Rock Band],2010/07/06,30,1.99,26,Born on the Bayou,9964834ADC3F4F5FE0A730E9F2A207E421E6705D58
[Rock Band],2010/07/06,30,1.99,11,Fortunate Son (Original Version),DFC8F18CD75C70E0F18F2B5AC94981C9F3E243E458
[Rock Band],2010/07/06,30,1.99,15,Lookin' Out My Back Door,9A3A971329BD17182A97687460940B18967DAB4558
[Rock Band],2010/07/06,30,1.99,13,Who'll Stop the Rain,1042B6CAB24372822D7128D7375C01F12D38238858
[Rock Band],2008/07/15,30,1.99,20,Going Mobile,7976A41687DF7B055CAD07A3A03C3DD2409BBA5458
[Rock Band],2008/07/15,30,1.99,26,Behind Blue Eyes,A4B4852680F38648EC8904735A629EB972398A8658
[Rock Band],2008/07/22,30,1.99,26,Devour,149E9DEFEDAB27B059941FF507E38B5E5E05167358
[Rock Band],2008/07/29,30,1.99,40,Electric Crown,A913F68C5367F1DE38F38E287504B55DC4F0B17258
[Rock Band],2008/08/12,30,1.99,44,Constant Motion,6C599403DFB918C8EAFEB83CABCBEE0B1D1F066158
[Rock Band],2010/06/01,30,1.99,24,Alive,81ED7AF1470C863256F30B0D4E074F7F9332F71358
[Rock Band],2008/09/23,30,1.99,19,Limelight (Original Version),132D0E4ACA3A3D8F2CC90BB32B1FC7D89904EB6B58
[Rock Band],2008/09/09,30,1.99,30,Two Weeks,A02F585AA22142FA9C67038F7B57ABC9F11D1F4058
[Rock Band],2008/09/09,30,1.99,26,This Calling,DC24A4CE93446D0DF390DD9D21F4052EF6DA643D58
[Rock Band],2008/09/09,30,1.99,28,Chiron,1158106D971EA23EA6F30BF8D6472222759639C658
[Rock Band],2010/05/11,30,1.99,19,Breaking the Law (Live),C0338F15CBFD28ABBC47FEA803D08996E48E23B858
[Rock Band],2010/05/11,30,1.99,32,Rapid Fire (Live),1CED31B2188141D5BEAB3C2FB7A597BC4A8EEED558
[Rock Band],2010/05/04,30,1.99,19,According To You,421E278299A6CBE3A9CDFEDD11758F389351358D58
[Rock Band],2008/11/11,30,1.99,33,My Hero,A6B97A8E6B2EE433B5616A8837A8BA77C50F432058
[Rock Band],2010/04/06,30,1.99,22,Meant to Live,CF174E23C3F2189066CB1ADF1DB96F4532AEF8FD58
[Rock Band],2010/03/23,30,1.99,27,Stop & Stare,CD72385D8E3B572E6CF12A05DD8BBDA20BA0158B58
[Rock Band],2009/12/05,30,1.00,25,Headphones On,7295A18A5DF84FDF20F33F5D55B76A3FD2244C4458
[Rock Band],2010/03/16,30,1.99,25,Control,70F08D6A6205E40988B3D36D98C5B18DF31F3B5A58
[Rock Band],2010/03/09,30,1.99,8,Fell in Love with a Girl,773DA44DF6334B82C32B180B523429659A3F269358
[Rock Band],2010/02/08,30,1.99,84,The Who Super Bowl S-mashup,55758F029A0F5743D325411B3AF76F3277824F8658
[Rock Band],2009/01/13,30,1.99,23,Are You Gonna Go My Way,FCCB70B35FDF774A702097C62CA21B1F224BBD6C58
[Rock Band],2010/02/09,30,1.99,36,Hangar 18,5DD35CDBB93DCCF771193F132F17AA1E5EC29B3A58
[Rock Band],2010/01/05,30,1.99,21,First Date,5CA41C87783F890A57B901B3F13C29067546036558
[Rock Band],2009/12/01,30,1.99,29,(You Can Still) Rock in America,D7429239D6E78395F56809B57D52B27FE99C73EC58
[Rock Band],2009/11/24,30,1.99,21,Miss Independent,8AD9BD6360F68D91FE17F419E0D86587D3FDAE1558
[Rock Band],2009/03/03,30,1.99,21,Pride and Joy,A1AE0D2E609AF0ED66CD9F5A64D93D19B758EF3358
[Rock Band],2009/03/10,30,1.99,15,All I Want,CA3E4CCCD528225258960E1010833AB28749B8A758
[Rock Band],2009/03/17,30,1.99,26,Lifeline,561B94BA3611F4D41BD956D50AAA4A55EAB9397858
[Rock Band],2009/10/27,30,1.99,29,Sundial,24252F6F1832542262BEE94E5F99E6B0BC3C69F558
[Rock Band],2009/10/27,30,1.99,17,Woman,FF065600876416379E4131585192E1B4492524EF58
[Rock Band],2009/10/20,30,1.99,29,I Want It All,226CC502B6013DA965D444F6FCBDD7E8E079BC4F58
[Rock Band],2009/10/20,30,1.99,22,Under Pressure,F2A592BA7CED437C9A54FE9AB626942F093FEDDA58
[Rock Band],2009/05/12,30,1.99,33,Ring of Fire,9153A6447A6C33256345A79DA8D69933F9DC591C58
[Rock Band],2009/05/26,30,1.99,12,She's Not There,201B905BD12ADF781AC93A072A43239083FF0D7558
[Rock Band],2009/06/09,30,1.99,56,Fear of the Dark (Live),4CCFA99EB6973BE09DF1A8874FD1FB67D0C8C64D58
[Rock Band],2009/06/16,30,1.99,27,Bring Me to Life,346FC65A8B2E6894ED17414A981BCF051A4596D858
[Rock Band],2009/08/25,30,1.99,30,Runnin' Down a Dream,7F00E167F295A0AC46F0FC41939BC4B365CD162D58
[Rock Band],2009/07/28,30,1.99,26,My Name Is Jonas,0790B1523A70C1E19F65FBF5F8F5A5A15100EE3F58
[Rock Band],2009/07/28,30,1.99,19,Down,A1F46099EED1C2D96C637E01768A94F2FB83CF0658
[Rock Band],2009/07/21,30,1.99,24,Prayer of the Refugee,D5141834484EA6B83C30E8BC8E23060A76EC08B258
[Rock Band],2008/03/25,30,1.99,34,More Than A Feeling,8A901099F5503960BE11EC079FE8C17AE38F5ABD58
[Rock Band],2010/09/14,30,1.99,24,Stand Up and Shout,4B76FCB807AE0B687039964FB5EB6AF681C46CBA58
[Rock Band],2010/08/03,30,1.99,22,Bulletproof,CDBA5AF41B5B00D040E73507F28C267C4DD3361458
[Rock Band],2007/12/25,30,1.99,26,The Kill,992E93614F3FF9A5A84BED9C4DF654C4B8CEA84C58
[Rock Band],2007/12/25,30,1.99,22,Dirty Little Secret,0D1C30B57E40939349BFE65206A04FF74485F1EB58
[Rock Band],2008/05/20,30,1.99,29,Hysteria,8C1903B3BE953F3EE55A9ECC37266E6915D2409158
[Rock Band],2008/03/25,30,1.99,40,Peace Of Mind,AE636A6B61E3D4F798CC9D6AB605C3159E08C7C758
[Rock Band],2007/12/18,30,1.99,17,Buddy Holly,30EA565F20D511BE586C9A0AAE16A2A7D9CA38DB58
[Rock Band],2009/11/10,30,1.99,19,Club Foot,E4D122B2A72485CE8F5505731B5956B7F6503F2E58
[Rock Band],2009/11/10,30,1.99,22,Smash It Up,C9411115161B2E6821E8EE1A0D75EA3EB46A6A6258
[Rock Band],2009/11/10,30,1.99,21,"""Girl, You Have No Faith in Medicine""",652A87963643FD1CC4B1AADFE086F1266A8F4D4D58
[Rock Band],2009/11/13,30,1.99,22,Dead Leaves and the Dirty Ground,DF37A52B4EE362853E7A0801EE46AC31A9CC7CBD58
[Rock Band],2010/10/05,30,1.99,31,Radio Free Europe,22433D6448AA7664C369BD51F52585AADA4794F958
[Rock Band],2010/10/05,30,1.99,29,Cosmic Dancer,DD60DD678F7DA5A6D7F564DB9A7925AE4C20971558
[Rock Band],2010/10/12,30,1.99,19,Foxey Lady,61B7F5AC878741F87C8EA4630CC5FD3138DF91AD58
[Rock Band],2009/11/24,30,1.99,37,Refugee (Live),CE5F9CDA00C1EBD9EE4892F440C560525BF2422658
[Rock Band],2009/11/24,30,1.99,31,Here Comes My Girl (Live),DDCC7CE44DBB6946322EE0072FA94D9AA43D060758
[Rock Band],2009/11/24,30,1.99,32,A Thing About You (Live),D1311A98B5963C92C181105157523A3B3FF0AB0558
[Rock Band],2009/11/24,30,1.99,22,Who Knew,8F5F57A1F01B56C2EFD6A150239C8D9345BE8C6358
[Rock Band],2010/09/28,30,1.99,27,Out of Line,93A1D86719D5160F9EC5738EEAD66811500FCBB658
[Rock Band],2010/10/05,30,1.99,27,These Days,6C3AC410E8803DF0ADD43E19A298665D440A763F58
[Rock Band],2009/11/24,30,1.99,20,Our Lips Are Sealed,5CFF9488A4DACEAA54697A7398F22818C49C6D9A58
[Rock Band],2009/11/17,30,1.99,28,New Fang,74B35064CB2A8F1E25BED312AE38D8448D20057258
[Rock Band],2009/12/01,30,1.99,28,Come As You Are (Live from MTV Unplugged),DCAEBEF69B75DB2B71D9F00AD99FFF03A4A7045D58
[Rock Band],2009/12/01,30,1.99,29,Don't Tell Me You Love Me,6B9364E4007E4A01AA1660838A74252C794B99AF58
[Rock Band],2010/10/12,30,1.99,16,May This Be Love,05AC6103292AA4E4E0DF32DD26AEF649AEE9818758
[Rock Band],2009/12/08,30,1.99,17,The Sounds of Silence,36BF2B4E0105C2E794103F6343F4C4F2EA33FA2558
[Rock Band],2009/12/08,30,1.99,11,I Am a Rock,8E8E85D710462D65F58EE3D42B4200F69494482F58
[Rock Band],2009/12/15,30,1.99,23,¡Viva la Gloria!,43F58E1D148FAB1E41C6894E5B053CC170F6AC2658
[Rock Band],2009/12/15,30,1.99,22,Last of the American Girls,D3240B48D386F70FED91042245D1143403ED5B7F58
[Rock Band],2009/12/22,30,1.99,22,Ocean Avenue,03D273536B30F1F316F36BA3E4C03A79AACA9F1958
[Rock Band],2009/12/22,30,1.99,23,A Lot Like Me,A7367E9481C8B1BE98D87CC48690B41B3FE67AD758
[Rock Band],2009/12/22,30,1.99,30,Build a Bridge,C907DE1E36C46748117E6F383D2B4C91049236FC58
[Rock Band],2009/12/22,30,1.99,25,Let it All Hang Out,0DB80DDC1A160002E265A6D3BEF7E0D2C154638258
[Rock Band],2009/12/22,30,1.99,23,(If You're Wondering If I Want You To) I Want You To,6E267C75521542BBD40FB69575B2391E91D0B90A58
[Rock Band],2009/12/29,30,1.99,29,Any Man of Mine,3CAA57731287B29D9379B68306C0069F6392AC2858
[Rock Band],2009/12/29,30,1.99,30,This One's for the Girls,1819E5BAE6FB5715592CFD9CFECFD8734BC1DF7658
[Rock Band],2009/12/29,30,1.99,33,I Told You So,1E162534D963BB0D14954C7D36104F4B0C8ECC4858
[Rock Band],2009/12/29,30,1.99,34,Cry Lonely,31DA6F01F0A23C52B6C06E926DF27CD0C9C7F37458
[Rock Band],2010/01/05,30,1.99,17,Rock 'n' Roll High School,3858D96477E6BE5364BAF9934AD1AD860B55EFC758
[Rock Band],2010/01/05,30,1.99,25,Love My Way,01F48ACC7BEF0C35217C7699B752E6D65288375658
[Rock Band],2010/10/05,30,1.99,14,Children of the Revolution,A9BB4364EB898BAEC2961D87494E6BB9566C9CE958
[Rock Band],2010/01/05,30,5.49,92,Paul McCartney New York City Pack 01,40733D65381C96BF5BFC363AC6E69A12EC16697E58
[Rock Band],2010/01/05,30,1.99,27,Sing the Changes (Live),7A363B84980A0E2E1B97E27446CABBE0D5F4DFA858
[Rock Band],2010/01/05,30,1.99,29,Jet (Live),3A7297ABCED41AD4350105F5C9B4CFF1481573F558
[Rock Band],2010/01/05,30,1.99,36,Band on the Run (Live),501D0A5EBA0DF8D45992F21DA0A1749A74A7484C58
[Rock Band],2010/01/19,30,1.99,32,Breakdown (Live),3BC6C3FE0D418E9B99F2275056FC6942C20499B858
[Rock Band],2010/01/19,30,1.99,30,Lisztomania,3A66E1B99E08A5A92DEC0FEC21EC5ECD42D9121158
[Rock Band],2010/01/19,30,1.99,27,1901,0EDAA2F40FB4D3A22F4F2398FD91DF4B5E0012DD58
[Rock Band],2010/02/09,30,1.99,10,Dawn Patrol,FA0E55AB3444CDEE7FA1D3AC779412CEFF6F2BFE58
[Rock Band],2010/09/28,30,1.99,37,Listen to the Music,7400F09BDC3DD9F5477ED745E927D8E90D00BD7D58
[Rock Band],2010/02/16,30,1.99,14,Fa-Fa-Fa-Fa-Fa (Sad Song),D5A1607190CD0161CEC12EE486ECF6CFCECFF1D058
[Rock Band],2010/02/16,30,1.99,12,(Sitting on the) Dock of the Bay (Take 2),A3A8F28A2B9C486B5C3AFC119E0764D59532974F58
[Rock Band],2010/10/12,30,1.99,17,Purple Haze,AB6AC98DA6298065BE61207DEB3F8CFC694C4E5C58
[Rock Band],2010/09/21,30,1.99,18,Three Little Birds,0109797CED4258D433168769846DBD4C48D815A658
[Rock Band],2010/02/16,30,1.99,15,Let Forever Be,6E5D059F85BB7368671D0603FFD6B19BAD03EE9E58
[Rock Band],2010/02/16,30,1.99,24,Stray Cat Strut,DC61E249B59B363CC1E74971FAE803151FAF395758
[Rock Band],2010/10/12,30,1.99,16,Love or Confusion,B783F112DC5711689EC677489F3872E4938AA5C658
[Rock Band],2009/07/21,30,1.99,20,Ruby Soho,C585860FCB9DD17B45A0DFB43AB8698D3D1828E158
[Rock Band],2010/10/05,30,1.99,29,It's the End of the World As We Know It (and...,151CDC25263B26F95FF45BDD891308B8F81DF42B58
[Rock Band],2009/07/28,30,1.99,22,Pork and Beans,328DB2DECFECEA1451CA8EEB1ABDE28A7D11B29F58
[Rock Band],2010/09/28,30,1.99,21,Long Train Runnin',E83EB89364BC5C33480651D02D7924330729DEC458
[Rock Band],2009/07/28,30,1.99,27,Out Here All Night,7592770807885C8B01570A1B4419F03B6ED2E86458
[Rock Band],2009/07/28,30,1.99,27,Parasite (Live),C2901F80936B6D5D832417C8F0E8297EFE05F4CC58
[Rock Band],2009/08/11,30,1.99,22,Piece of My Heart,CF20765AF2804301DED2CB98186E28C1950BA01858
[Rock Band],2009/08/25,30,1.99,21,I Won't Back Down,F1F83CBCE967E1378A6F2DDFD55FB978E74755E158
[Rock Band],2010/09/21,30,1.99,31,Waiting in Vain,C9021E63EE692A5A29E0137B5C0CEE51113E317F58
[Rock Band],2009/09/01,30,1.99,28,Going Underground,280B00D0D119DB178E79CFB9CD066FA462A17C5758
[Rock Band],2009/09/01,30,1.99,44,Girlfriend Is Better,0357880333FFEB3BEF2729DA6CCD70A64CFC57EC58
[Rock Band],2009/09/01,30,1.99,37,Crosseyed and Painless,CBFE7C5BBD008A4CFBD750209A952143E11260E758
[Rock Band],2009/09/01,30,1.99,29,And She Was,E7C4EA292009D01FF99E96D075625A9EDA4AAC3558
[Rock Band],2009/09/08,30,1.99,27,ABC,A5099084C6679AC85330FC3EB934BA8C69DECF6B58
[Rock Band],2010/09/28,30,1.99,36,Indians,A39728EDC8C672D792B3B87A46091A061E0B177958
[Rock Band],2010/10/12,30,1.99,18,Highway Chile,9EDCB7F6DF32C5503F2D0041DFEE67BB58EDBBC558
[Rock Band],2009/09/08,30,1.99,32,Science Genius Girl,5F171D6ACC81673BA83391AA40BCC02A1FA077C058
[Rock Band],2009/09/08,30,1.99,30,Get Ready 2 Rokk,DCFF054CE008279EE41C9A45120962D4B033983258
[Rock Band],2010/09/21,30,1.99,28,Is This Love,584D18CD400266BA7B525C5D64F3334983EC458658
[Rock Band],2009/09/15,30,1.99,21,No Time,54C3E44B0787BCBE763FEE3AEC8F0E349094F5BC58
[Rock Band],2009/09/15,30,1.99,21,Hand Me Down World,F219029743AF6F71FBCACF4B451E0FD50EB4BACF58
[Rock Band],2010/10/12,30,1.99,14,Manic Depression,7B5301CF9D209690859399C154A7680896A9E94B58
[Rock Band],2009/09/20,30,1.99,24,Speed of Sound,42899E2C2F1CFE800C2A52D77C1C0E8D501BB82958
[Rock Band],2009/09/20,30,1.99,28,Unthought Known,E7078371A4362B2CAE140778A1FCF538C72ACBBE58
[Rock Band],2009/09/20,30,1.99,24,The Fixer,C64880577A596302FBED09A4C327C5A70E77338158
[Rock Band],2009/09/29,30,1.99,23,Knight on the Town,FC823DC7AA99484DE5A95103F2FB0FB32FFC799758
[Rock Band],2009/09/29,30,1.99,20,The Diary of Jane,579EDC52CB457A3E9D8B4555109A4B684F3DC7A258
[Rock Band],2009/09/29,30,1.99,33,No Excuses,65F3555ABDC90BD22B0A8992FC144B1A8A5E3DC058
[Rock Band],2009/09/29,30,1.99,25,Check My Brain,E1190247426B8601B4F4BDB03EAC4C36D4103BDB58
[Rock Band],2009/10/06,30,1.99,34,Head Over Feet,D921A98F9A6D93D61D632B5F71CA03D9742AE0AF58
[Rock Band],2009/10/06,30,1.99,19,"""Steady, As She Goes""",499C30E5189947BA0F79317E6B566668F4E238A458
[Rock Band],2009/10/06,30,1.99,24,Salute Your Solution,CC12DB23BE5EF73D5501678078C752410ADBA14458
[Rock Band],2009/10/06,30,1.99,28,Many Shades of Black,6EBBAB6D285F92C99582299320D014621971A33B58
[Rock Band],2010/09/21,30,1.99,29,Satisfy My Soul,0FC217DB92671401FE190C1755B2AAFAFCBBABE858
[Rock Band],2009/10/13,30,1.99,21,Point of Know Return (Live),B4E3CD685F06F2B9ADC3CA4D5238A34AA73E947C58
[Rock Band],2009/10/13,30,1.99,39,Icarus - Borne on Wings of Steel (Live),CE81AF9E0E9919E81EC990B517B5069F3B055C2358
[Rock Band],2009/10/13,30,1.99,27,Surfing with the Alien,300BE7F8F917B934456436AF36DD457F17A228F458
[Rock Band],2009/10/13,30,1.99,21,Satch Boogie,F3791E1B174D8DC9B82C781A12DEC5044C7DF30C58
[Rock Band],2009/10/13,30,1.99,24,Show Me the Way,0AC7A0F00ECD3E0191341F072796975BFD0D50CE58
[Rock Band],2009/10/13,30,1.99,16,The Metal,9A99DF6800D9DBD8AFDD1DFA75B9BBE3D9D9989D58
[Rock Band],2009/10/20,30,1.99,15,Crazy Little Thing Called Love,9924976D3A7F5B2A30449CA83573D51CA7F1E44258
[Rock Band],2010/10/19,30,1.99,33,My Best Theory,CBBFF9173DABB274C021F9685EC855E79831897A58
[Rock Band],2009/10/27,30,1.99,34,Pilgrim,EDC831F73DFC92698A91528386B80064154D772B58
[Rock Band],2009/10/27,30,1.99,29,New Moon Rising,120E9DE8AB2F419F5E6BC593F24981277E6C86DB58
[Rock Band],2009/11/03,30,1.99,14,School,F2123477788BFA3A73CA8A12A19575F734B1382C58
[Rock Band],2009/11/03,30,1.99,20,Blew,005E6A93E1316DBB5B2FA17F9714069E2BDE87CC58
[Rock Band],2009/11/03,30,1.99,20,About a Girl,C92F7E71E349CFAFFD15C97B08D98E64AE6A688558
[Rock Band],2009/11/03,30,1.99,26,Word Forward,28A1B34F7357E2F0A2FFF57EA0C7A83333AF939158
[Rock Band],2009/11/03,30,1.99,34,Wheels,222C80048901DE7BAFC8217A87745878A555872658
[Rock Band],2009/11/03,30,1.99,33,The Pretender,ACB87CCDCDCF3986C0FA57F7B476EA2AEF746DFC58
[Rock Band],2009/11/03,30,1.99,30,Best of You,9BE38E51914285623BF13236870A261D8EBE7AC858
[Rock Band],2010/05/11,30,1.99,36,Steeler (Live),64BA93832EB84BCD9257E7681261E12A7B3DEF2B58
[Rock Band],2010/05/11,30,1.99,34,The Rage (Live),243CA01AB8F06E7022BE7A64839D567E8FE97A3858
[Rock Band],2010/05/11,30,1.99,26,United (Live),CBF48AAD7CDB544E6956CAFBA94F6A044EDFF02458
[Rock Band],2010/05/11,30,1.99,28,Grinder (Live),C1F4F3C581C6CFEA1B7B3384CCBE0678DC325B0558
[Rock Band],2010/09/14,30,1.99,22,This Charming Man,64709FE9F5AADAC4A6E230093E8188206653D52758
[Rock Band],2010/09/28,30,1.99,25,Madhouse (Live),17FEEEE706BD2CAEFD906AB4B6A1C317EC9BF3E158
[Rock Band],2010/05/18,30,1.99,29,Only a Memory,892A8E2767E3279D9565CEF8C2998EDB9E70686558
[Rock Band],2010/09/28,30,1.99,18,Metal Thrashing Mad (Live),ACF01C862513A9D6E8B818078DFC782C5F81F9CD58
[Rock Band],2010/10/12,30,1.99,20,Stone Free,209012E1DFD28322293DD82774B973871B3D8D5558
[Rock Band],2010/10/05,30,1.99,24,Driver 8,7552B3C2FB6B649E46C15E5C7BE5669242911F7E58
[Rock Band],2010/05/18,30,1.99,28,U.S. Blues,2D9F5752EECF978D6E284133B91F999D1EEBCE5858
[Rock Band],2010/05/18,30,1.99,46,Touch of Grey,38EDE1E1706D547B6E4EEF5B48EDCBB66281BFB358
[Rock Band],2010/05/18,30,1.99,25,Scarlet Begonias,BB242AFC826AB4FCED83F3BC6FC916AC2B2A638858
[Rock Band],2010/09/28,30,1.99,26,Closer to the Edge,0858D9A0C4063A012912C638BEF43857CB415F7558
[Rock Band],2010/05/18,30,1.99,20,Cumberland Blues,DDA1B669F87EA2D63ECE7F19306D04C9DFFD884558
[Rock Band],2010/05/18,30,1.99,15,Beat It on Down the Line,F9F3D42FAC009C6AB03793EAD4880D806D5AB56958
[Rock Band],2010/06/01,30,1.99,15,Trouble Comes Running,819F1B8EB459EF6417B528E1FC44B172B9C3D37658
[Rock Band],2010/08/31,30,1.99,24,Would You Go With Me,2ABDBC90104117C14ECD2F50C82652188536416458
[Rock Band],2010/06/01,30,1.99,23,I Turn My Camera On,C07ED5E710E62B16EB6520E595CC8CC0B183B3E958
[Rock Band],2010/06/01,30,1.99,18,Got Nuffin,AB3EB4822330F6A3BDAC5F5F85989D8C64E35B1458
[Rock Band],2010/06/01,30,1.99,22,Don't You Evah,465333BEFB08101F16178F5C71B0ED3515754A2D58
[Rock Band],2010/08/31,30,1.99,25,Days Go By,89446CD7D6E0B502955C7296D0C892FD928438A958
[Rock Band],2010/06/01,30,6.99,78,Spoon Pack 01,ABE1912F601DEEF2F71A7AB9D1C0E84B7C3A30E658
[Rock Band],2010/06/08,30,1.99,27,Hole in the Earth,DBEE622A6E65F1768FF3CA5DD2F0EB6E7E7568D358
[Rock Band],2010/06/08,30,1.99,33,Cherry Waves,BCE82436673BC69606AB860DCC3C9BA812A07A4958
[Rock Band],2010/08/31,30,1.99,27,Fancy,0A0516A484523E3E4E8915EFCACD2EBA2266A03558
[Rock Band],2010/06/08,30,1.99,32,Rock Ready,C0B8DFA74FB290747A56B3E4F7E92B6A4EC2059858
[Rock Band],2010/06/15,30,1.99,32,Soul Sucker,96F75843FAE5A684DB81B149352427FB4A62EA7458
[Rock Band],2010/06/15,30,1.99,55,No More Tears,6587513F5F4A696657CBA5F6FED8ABC02DC8B0C758
[Rock Band],2010/08/31,30,1.99,22,It Happens,B1932D428F8D637833613DB5E05D2B42622BDF3F58
[Rock Band],2010/06/15,30,1.99,30,Crazy Babies,B9E52C310C0F53644F2B9D86DC0E2CC5119D677158
[Rock Band],2010/08/17,30,1.99,25,I Got Mine,701DF2B91CAB8EFD9CB12215B0672B1D0901DFF058
[Rock Band],2010/06/22,30,1.99,20,Start All Over,8EF2AFF204E114384E595C28C800DF5B0A06260E58
[Rock Band],2010/08/17,30,1.99,11,Your Touch,8361242A151F54F870BA30DF205BAEE2FA252AFB58
[Rock Band],2010/08/03,30,1.99,20,I Only Want You,AD46E303EDB4411D68B752F9DF69EA71B043DF7758
[Rock Band],2010/06/22,30,1.99,23,See You Again,300897546A107CAEEA0F536227B073CD9AD394B958
[Rock Band],2010/06/22,30,1.99,22,Fly on the Wall,2EE8BB986EEC1B4749604C025B834CDC5D54058858
[Rock Band],2010/06/22,30,1.99,22,7 Things,D5B109B1AC362A9C15C95A5E5F1FD4A8E6120DCC58
[Rock Band],2010/08/03,30,1.99,20,Saturday Morning,9F0CA74849DBDF2FE62B315D455C064CF31FB70E58
[Rock Band],2010/07/06,30,1.99,21,Up Around the Bend,C5EB98FF2A624B20BB61E446B07C4EB75FEA943C58
[Rock Band],2010/07/06,30,1.99,14,Travelin' Band,400D0635BF40A6C6FADE4B20F333C3A1FE7798D458
[Rock Band],2010/07/06,30,1.99,17,Proud Mary,9C157804F165B9CDC0CC73BA121DD7BC34C1593E58
[Rock Band],2010/07/06,30,1.99,72,I Heard It Through the Grapevine,6F5EF27BAF0C2EAAAFC18E369E2D6E9B8735D54458
[Rock Band],2010/07/06,30,1.99,15,Green River,1F7416B4126635A274077E995A7B0CB57379997658
[Rock Band],2010/07/20,30,1.99,14,No Control,6E8355D313158461D7895653A3E0EDB15CE6A95A58
[Rock Band],2010/07/06,30,1.99,15,Down on the Corner,8D63084614AC2AB4BBF91FFA57B9483C6C34BCAA58
[Rock Band],2010/07/20,30,1.99,25,1969,4F4A0D64C9AA8E05952DD5B826E67F325EF16B3858
[Rock Band],2010/07/20,30,1.99,17,I Wanna Be Your Dog,5EB80817B9E29D71FE680AA4C0A8793A58D9D52C58
[Rock Band],2010/07/13,30,1.99,21,Outtathaway,4A539E1C8F375CE4DCFF6736433BA39D3F60DBB558
[Rock Band],2010/07/13,30,1.99,13,Orange Amber,2AB3726CA90BBCB3FAB4644EBD5670700F636D0E58
[Rock Band],2010/07/20,30,5.49,74,The Stooges Pack 01,78F4C35591DF21E5AF2851D07B715CC6F91F807258
[Rock Band],2010/07/20,30,1.99,32,No Fun,85B0492A64C27B22F8371777281870C83028311758
[Rock Band],2010/02/16,30,1.99,14,I've Got Dreams to Remember,A4A1E19FE461FF6D54DC45C9832F67EC193FB45158
[Rock Band],2010/02/16,30,1.99,15,I'm Sick Y'all,C4B3BC4EA1E1A33F5C16ECBF4B2C54A1EAB5E7E658
[Rock Band],2010/02/23,30,1.99,29,Walking on the Moon,06789BDB07C18DA008635D191A5B795D7C3CF80C58
[Rock Band],2010/02/23,30,1.99,28,Just For Tonight,9E026C75609AB6623FE777603374EBF705D7780558
[Rock Band],2010/02/23,30,1.99,25,Distracted,65D7D5B3BB5F79840E9646600240A229E7DBF4D358
[Rock Band],2010/02/23,30,1.99,25,Heartkiller,785E0F72B721A387516F25A1F9803AF28E3E976058
[Rock Band],2010/10/12,30,1.99,11,Fire (Live),4BE3E662E9F703778AFB683037E18B11341A474158
[Rock Band],2010/03/02,30,1.99,30,White Falcon Fuzz,B3AE74E4E6FA8F89D24352AF2AB0B47B790D531C58
[Rock Band],2010/03/09,30,1.99,26,You Don't Know What Love Is (You Just Do As You're Told),39212A6EBFE21BFAB409DC8CF3EDD0992EA761C058
[Rock Band],2010/10/05,30,1.99,24,Stand,CF4472E251AA118A625EFB64AB4AE94DEF4501C358
[Rock Band],2010/03/09,30,1.99,16,All of This,A5599DF6A2D2F31BBF0B57B19FC9B5FD5420736F58
[Rock Band],2010/03/09,30,1.99,24,Tie You Down,E0513B3F4BA1376C88C3D30542B9620760E85A2758
[Rock Band],2010/03/09,30,1.99,6,The Hockey Theme,241FD31C71D786692A9A83DBFC381B9F0565346458
[Rock Band],2010/03/09,30,1.99,18,Walk Away,D61001A7B5F86AFAB3B6F12CC77DC8C38C0C0CE358
[Rock Band],2010/03/09,30,1.99,20,Hounds of Love,A17EF0B7FA2221DE1596DEE4200D131BDCD1369758
[Rock Band],2010/03/09,30,1.99,18,Decent Days and Nights,80E0211291E04C2BA7C9452E84A5F68ECE004BDE58
[Rock Band],2010/03/16,30,1.99,18,Rock & Roll Queen,E38DFC0680A359C7EAECC55827036F38868B68FB58
[Rock Band],2010/10/12,30,1.99,30,3rd Stone from the Sun,86F2245A9B34CBB5DACC10DED237658478BED8A858
[Rock Band],2010/03/16,30,1.99,25,It's Not My Time,7E6FB58F4AE673195B0AD12430704A564F296E0958
[Rock Band],2010/03/30,30,1.99,20,Bold As Love,E376D6484AF3DD3C100DCAD689FC11D59EC1DC1A58
[Rock Band],2010/03/30,30,1.99,18,One Rainy Wish,B753D7860EAF049532070556A949F6CBD70C061858
[Rock Band],2010/03/30,30,1.99,15,She's So Fine,8EB91A446EBB20049CEB0EAAF59F4546BF5AFC7758
[Rock Band],2010/03/30,30,1.99,18,You Got Me Floatin',4D7BBBDE1B02ADA27963A3EB1F287FCECF8C8BBB58
[Rock Band],2010/03/30,30,1.99,31,If 6 Was 9,CF558EF19870CF17551B146D94DC1D000D8C7EED58
[Rock Band],2010/03/30,30,1.99,13,Little Wing,5A5FCFF456278E15D6A1A359F952244C50C52E7458
[Rock Band],2010/03/30,30,1.99,11,Ain't No Telling,1F9E069D4C46383D48B76949229FAD0D48DED9D558
[Rock Band],2010/03/30,30,1.99,19,Wait Until Tomorrow,F4602E330423A817F2DF80ABBEF2F93B3A3DB2EB58
[Rock Band],2010/10/12,30,1.99,16,The Wind Cries Mary,8312E0C3614FCC53BAC140EF1C2766DFBFF4A52F58
[Rock Band],2010/03/30,30,1.99,19,Spanish Castle Magic,9FB196775D18822EA5F7372373884B8790A5E03458
[Rock Band],2010/03/23,30,1.99,15,Blue Spark,C61B1D9A3517741D38094DE5F10F1BB94C70DEA658
[Rock Band],2010/09/14,30,1.99,27,Holy Diver,020CDA9FAE5EDD94F76EF48D2F0EB062DF0718DB58
[Rock Band],2010/03/23,30,1.99,25,All-American Girl,1578C56F46BDA93E46F36D52967D1EE2CE5BE4A258
[Rock Band],2010/03/30,30,1.99,27,Valleys of Neptune,43D063E2C1B1DDB10DAAE614B6C8536A86B44CDC58
[Rock Band],2010/04/06,30,1.99,17,Fire It Up,0D9AB06E4D7319E72139881A7E8661569E78686F58
[Rock Band],2010/04/06,30,1.99,25,Monster,D0C9E1976C5685FB24475990194BCE733CD9125758
[Rock Band],2010/04/06,30,1.99,22,Live Life Loud,C2D15D385A86500B8F1E3178C44317DE33A51BC458
[Rock Band],2010/04/27,30,1.99,22,Again,0CF812419F6DA098858C1408AFBA896FF76D751858
[Rock Band],2010/04/13,30,1.99,21,All Star,2232BD5D3C28535E52B5A6F21833C0E7803430EF58
[Rock Band],2010/04/13,30,1.99,21,Sky is Over,0D76123EB46107A4AF9FBA817A20F7840C856BD358
[Rock Band],2010/04/20,30,1.99,35,Sun Hits the Sky,5E7BCE8131D99938B57D52B9437C9E922DC4DC1B58
[Rock Band],2010/04/20,30,1.99,29,The Broken,5494A30C06008624F38C20C92F424F0155125E1F58
[Rock Band],2010/04/20,30,1.99,43,Guns of Summer,8392104D6F07D4B3EA7AA8F9D780D6DFD20859FC58
[Rock Band],2010/04/27,30,1.99,29,Tomorrow,5BE4035E5E0B72B3AC03E4F2C53692BC4918708058
[Rock Band],2010/04/27,30,1.99,23,Thunderbirds Are Go!,A9B93CF3696674DF80CA9FCACED8C8BB7E922F4058
[Rock Band],2010/10/05,30,1.99,19,Superman,5F915F65C055330693958A206C3716CD3794CA1E58
[Rock Band],2010/05/04,30,1.99,35,World Go 'Round,3682B1A7282AE7CB1B1B2EE8DB5F35D0450C884A58
[Rock Band],2010/05/04,30,1.99,42,Tragic Kingdom,7B7239C535C3CA9534F7F86CD542CCB99E143EF158
[Rock Band],2010/05/04,30,1.99,47,The Climb,C6B077C3987B24C5C9F31B727854C1CDE8B2D8C858
[Rock Band],2010/05/04,30,1.99,25,Sixteen,580FB92E5C3CA730FB0970E3726ECB77F37CF35858
[Rock Band],2010/05/04,30,1.99,26,Hey You,C93A37831C9CEFB9436DADBA5EEE39B03AA480F858
[Rock Band],2010/05/04,30,1.99,27,Happy Now?,25ED504C708A157BC91130CD045E85E7073F532C58
[Rock Band],2010/05/04,30,1.99,29,End It On This,17AA49C6E61E651BC2D19C17C9C1A5C26DAE0B6C58
[Rock Band],2010/05/04,30,1.99,36,Different People,EEC7B307101A4CC18BB1B74D809A850F98F7448558
[Rock Band],2008/07/15,30,1.99,15,Summertime Blues (Live at Leeds),5CA456D9887F201AA198DE5CDC852FB028D2545358
[Rock Band],2008/07/15,30,1.99,22,My Generation (Live at Leeds),7751EE84596869C85B3125655A96C8155458A19758
[Rock Band],2008/07/15,30,1.99,11,Leaving Here,4B95D401D5730B3506316D9BD3C005BA8B2DDCEB58
[Rock Band],2008/07/15,30,1.99,38,Eminence Front,C9744277584139D164019E112BA95C6A1A5268AF58
[Rock Band],2008/07/15,30,1.99,17,Amazing Journey,A1ACEB18651A1EF03986A2BDF77490D644CF075D58
[Rock Band],2008/07/29,30,1.99,19,Yomp,A3F19B8AD536B9EDAF3BA45C2269AAF41B1084BC58
[Rock Band],2008/07/29,30,1.99,27,This Is It,4D7C1EF0DE29781F0EE2ECD948C28566C18F808558
[Rock Band],2008/08/05,30,1.99,20,Rescue Me,E72F4D15FC6CDBCCB3EFF9944C518BB7F14C163658
[Rock Band],2008/08/12,30,1.99,20,My Curse,A686E77AC6BA1DC05430B68D9295C4C0C59B433B58
[Rock Band],2008/08/19,30,1.99,42,Rio,9F59B01DDAD111550CA4D9968C64E4EA3169204658
[Rock Band],2008/08/19,30,1.99,27,Girls on Film,EF0EF71F4DF9EC132B595A0CE08594A180F9487D58
[Rock Band],2008/08/19,30,1.99,28,Through Being Cool,C477E35B94C63B1C530E5518A44C3C9F28E1F0DD58
[Rock Band],2008/08/19,30,1.99,25,Girl U Want,1913338B7A64582BC9E87C44E4214A9D6907A4A158
[Rock Band],2008/09/23,30,1.99,24,Vital Signs,D6CD83BD60C1B89C4B862DEAFD92C00A4839B46858
[Rock Band],2008/09/23,30,1.99,19,Witch Hunt,2E8418DA52FE0C6B1092ECC4F908014522F1E7C058
[Rock Band],2008/09/23,30,1.99,48,The Camera Eye,276519CC301F1B6DA30E349481B9FA145A4B4B3958
[Rock Band],2008/09/23,30,1.99,17,YYZ,0FB5B4A40B50425E259ED3DAC64C482D00F7727758
[Rock Band],2008/09/23,30,1.99,37,Red Barchetta,DDB68FC36790162B4B957F282BD09E1040169ABF58
[Rock Band],2008/09/23,30,1.99,26,Tom Sawyer (Original Version),5EECEF6FDD91CCD8F1A35EBB81737B76406D9AD758
[Rock Band],2008/09/02,30,1.99,27,Skullcrusher Mountain,EB02C984AC9FB855D1178E188947955B1CE6ECE658
[Rock Band],2008/09/16,30,1.99,25,She's a Handsome Woman,B0A81F846EBD0618CA9F7E5A28FDC70AFF8785CA58
[Rock Band],2008/09/16,30,1.99,25,One of THOSE of Nights,86FF3ACD8BF6D3666C598EDDD691214ACF54A43C58
[Rock Band],2008/09/23,30,1.99,32,She Sells Sanctuary,67B7AFF2B5499DEBE360461E31D3AC6F982E68EF58
[Rock Band],2008/10/07,30,1.99,32,Nearly Lost You,F64F77576436BA799572B8246D40C32EB3479A0D58
[Rock Band],2008/10/07,30,1.99,38,Bad to the Bone,35DD5AD98DB4A4D68B6B09189F75871721DCFD6458
[Rock Band],2008/10/14,30,1.99,35,Time For Change,6243FFDAAAF3FA84540F0727009EC330E494BCE258
[Rock Band],2008/10/14,30,1.99,32,Don't Go Away Mad (Just Go Away),F8A67B63CE3205FDDE53BB2B82A7D6AAEB2B433358
[Rock Band],2008/10/14,30,1.99,31,Without You,EBF1960D2B9AC14982BD41E21037133411633E5958
[Rock Band],2008/10/21,30,1.99,20,Something in the Way,C125AA19DC23EF813EDBDA284F73E3D829A8AD9058
[Rock Band],2008/10/28,30,1.99,30,The Killing Jar,39AB7B5C7235ED8CF1D0543CE9127CC4B767054558
[Rock Band],2008/10/28,30,1.99,29,Kiss Them For Me,67D86BA8E99EA62280B9D9072D8E12E616C60B4058
[Rock Band],2008/04/08,30,1.99,33,Rock Rebellion,BF527700F17CAC6B0E18F3650AABE64A9DD0281258
[Rock Band],2008/04/08,30,1.99,21,Sprode,3D0053DABC404E51878BE17BD79E79117FB3AED758
[Rock Band],2008/04/15,30,1.99,29,Message In A Bottle,6BBE60068BE160A66F8A832880F90532581DAB4A58
[Rock Band],2008/04/15,30,1.99,35,Simple Man,67E6FFBB5C003AF67FF55DEE13E3B0AEE6B22BD458
[Rock Band],2008/04/15,30,1.99,23,Call Me,12328F9BF1820EE8AEAB30D96068875BBA91DDCB58
[Rock Band],2008/04/22,30,1.99,23,(Take These) Chains,A5425C77022B366BF7AD9449040D07710CFB938C58
[Rock Band],2008/04/22,30,1.99,23,Bloodstone,9FBAC47EE3E9936262C6651E40ADCC0450AA689158
[Rock Band],2008/04/29,30,1.99,35,Red Tandy,D271934CA2590A08C5E335AF92A69E5101D5B90558
[Rock Band],2008/04/29,30,1.99,17,Time-Sick Son of a Grizzly Bear,91FEB434F2CD0C488292B957056C085E775B638B58
[Rock Band],2008/10/28,30,1.99,18,Hong Kong Garden,608A910FCFD211EF1381E24B6802C18C5607B7D458
[Rock Band],2008/10/28,30,1.99,28,Well Thought Out Twinkles,84776EAAF08189193BA9E756F530B4166D70C00E58
[Rock Band],2008/10/28,30,1.99,28,Melatonin,260411A34B7FFC70404056236A31AF2E420E122B58
[Rock Band],2008/10/28,30,1.99,28,Pretty in Pink,9A5E2E7B803B1E402998F7FCA99373B097D9FF5D58
[Rock Band],2008/11/11,30,1.99,37,New Way Home,B6AA1FA63EF47A3811D14712C95FCDBC365035C058
[Rock Band],2008/11/11,30,1.99,34,Walking After You,0601859ACEAB5CD059297EE71346434110B3FA6658
[Rock Band],2008/11/11,30,1.99,34,February Stars,CD7975DD237ADAB54A3FC640C18BDCA063BAE98158
[Rock Band],2008/11/11,30,1.99,17,Enough Space,688EDBF2D84F5D52667AC2DDD9AF2AFAD640385158
[Rock Band],2008/11/11,30,1.99,17,See You,8E6BE3C7F058B6D6C3A3FC3C8456BFECC06F230D58
[Rock Band],2009/05/12,30,1.99,21,Black Friday,BA86ADE0EA8A39B3F3B204F9CB99A4577DB10C0458
[Rock Band],2009/05/12,30,1.99,24,Radio Radio,9C7A038D069B151787834C19C9929FDDD308CF5458
[Rock Band],2009/05/05,30,1.99,20,Midnight Rider,F43A47E9DF6D44E71EB88C2C889F43858CCF0D5E58
[Rock Band],2009/05/05,30,1.99,30,Blue Sky,50C0F08DAE01ADD26C374538DC28610B457BBE8A58
[Rock Band],2009/05/05,30,1.99,19,Lucid Dreams,EA1FDDD019046C3230E66DD1B22C627066A429A458
[Rock Band],2009/05/19,30,1.99,19,Liar (It Takes One to Know One),FB81AEC3CFCEC7B0022E1700C9CBF16EB5FFB31F58
[Rock Band],2009/05/19,30,1.99,26,Under My Wheels (Live),A9B5BEEEF2FC32F32D022F5A85B85139EB3221B558
[Rock Band],2009/05/19,30,1.99,29,School's Out (Live),D521ABDD3BE452633F212383B56D8BCB09B9330A58
[Rock Band],2009/05/19,30,1.99,40,I'm Eighteen (Live),ED569F4105F0C0DF1AA7CD448C109042F4F2F40F58
[Rock Band],2009/06/02,30,1.99,19,Shimmer & Shine,BB0359B75E7D1B8CBAB0F8330BE4D4B1A5E59C2258
[Rock Band],2009/05/26,30,1.99,8,Tell Her No,4CB67D482E88633DDA29509515B59BB65C37490B58
[Rock Band],2008/11/11,30,1.99,18,Up in Arms,7F1AF563E28E1483B55E9CEC12FC152C60E60CDF58
[Rock Band],2008/11/11,30,1.99,20,Wind Up,0578ADE6E3C22D58EC173F04104F733AD364DA8558
[Rock Band],2008/11/11,30,1.99,31,"""Hey, Johnny Park!""",8DFCC210FDD43D1B2FFDD9C579F5AA4A32F2531558
[Rock Band],2008/11/11,30,1.99,9,Doll,707DA8A4917EAFD29999A23B758E0DE3D29F766258
[Rock Band],2008/11/04,30,1.99,20,Ladybug,C9E7B022FB36301CF1D692941042DE261520838658
[Rock Band],2008/11/04,30,1.99,26,Feather Pluckn,E8B19041869EBFA3558F7F0C2129956CAC972D3358
[Rock Band],2008/11/18,30,1.99,14,That's How I Escaped My Certain Fate,8F007C9E7E55560CC38FD8600D61F0FFB76E55C058
[Rock Band],2008/11/18,30,1.99,25,Mica,9F6DDC580D5B81CE014CF83FA98C406971A20A3858
[Rock Band],2008/11/18,30,1.99,29,Swamped,D255F7231F3C85B44E7D6900EBBFD64AD1ABC2E958
[Rock Band],2008/11/18,30,1.99,33,Forever,A06A3D794F16124D2705FF485A727C83BB464ACC58
[Rock Band],2008/11/25,30,1.99,35,Smile Like You Mean It,39325E17AB7229F72A6F3C34BC993651FCFA16BB58
[Rock Band],2008/11/25,30,1.99,42,Spaceman,8DA6AD84FFD3A84264113F7DAEB837AF93727ADB58
[Rock Band],2009/06/09,30,1.99,38,Wasted Years,6B3AA61B42E48E15D67009FCFC4D3DD1340B021758
[Rock Band],2009/06/09,30,1.99,33,Aces High (Live),FB347F3B68E78155BB5705DAB608B018908171C158
[Rock Band],2008/03/11,30,1.99,22,Crushcrushcrush,4F0EE23520FF382E4E141FB2589C74F1DDE7957358
[Rock Band],2008/01/15,30,1.99,22,Last Train to Clarksville*,4F2D572389261F235432D0F81804F4BBD7F9885058
[Rock Band],2009/06/02,30,1.99,18,Steady at the Wheel,1961BC2904EB3A9D17F588410AA157EBD77F120558
[Rock Band],2009/06/02,30,1.99,29,A Favor House Atlantic,EF3C265F521751A8A8335C4F55D59C6C71552A3958
[Rock Band],2009/06/02,30,1.99,29,Wilson (Live),C0740D0605580997996953778B123114F31BAC6E58
[Rock Band],2009/03/03,30,1.99,16,Love Struck Baby,163DD06FB2D943C4CD43044CD2CAB9D5977A907058
[Rock Band],2009/03/03,30,1.99,35,New,0F07C1CAE2C3B24FC1EBA127EEFE3C409798648058
[Rock Band],2009/03/10,30,1.99,41,Losing My Religion,0A22C5B740C57A65D9FC6635232A11DBDC6360FB58
[Rock Band],2009/03/10,30,1.99,34,The Way That It Shows,BFD9CFFB44D8848CCA58B9D09C02E8B9CC017F8B58
[Rock Band],2009/06/23,30,1.99,33,Reinventing Your Exit,A2E01F51019FE50C6FA6CF567367CE38D685540058
[Rock Band],2009/06/23,30,1.99,27,The Flood,9FA0FF43CFBD16AD6811FEFEE574DF37B4282B1558
[Rock Band],2009/06/23,30,1.99,25,The Downfall of Us All,9E10EF790DFED27C0B66C143DF72DCC661FE3CC858
[Rock Band],2009/06/30,30,1.99,28,Headknocker,47031470865E855C5BBDFDC21B574A6F0FEF9CBB58
[Rock Band],2009/06/30,30,1.99,23,"""Blue Morning, Blue Day""",24185FFA2DC6522D3A22521A66413F98FBAB341358
[Rock Band],2009/06/30,30,1.99,23,Sweet Talk,20D640645AED70223F798B137C5AFC98408C116558
[Rock Band],2009/06/30,30,1.99,27,Image of the Invisible,9E9C879036CDCDBC812B451DA49F23836021142358
[Rock Band],2009/07/14,30,1.99,21,No Hassle Night,AEA2928BA9E86A428583C255853E25F53D5D3A8258
[Rock Band],2009/07/14,30,1.99,29,Treat Me Like Your Mother,8A4AB5B52DA7FB412794D89A2ECEA918D43D819F58
[Rock Band],2009/07/14,30,1.99,19,She's Fetching,A5CDFEA037D562FD181591D970E055DA2CF2C42258
[Rock Band],2009/07/14,30,1.99,19,All Going Out Together,432E8457B3C68C48CAD87951E4498D0148F9C49158
[Rock Band],2009/07/21,30,1.99,43,Sweetness and Light,9705747CA6B4E62A8264441219F4391E8D5F5B1558
[Rock Band],2009/07/21,30,1.99,28,Savior,CD990467FD7DF1DC811F46E18BF916AC046FAFC558
[Rock Band],2009/07/21,30,1.99,26,Re-Education (Through Labor),4380D23012CA792AAFF0763E8ACFA1E70D6C5A7158
[LEGO Star Wars II],2018/10/22,20,0.99,0,LEGO Star Wars Characters,DA9CB34161C0427E0948EE03DA4D7126C7F1252358
[BEYOND GOTHAM],2015/04/01,20,0.00,7,Heroines Pack,D32E8D4A1EAD4932A669D287796962947E5A443E58
[BEYOND GOTHAM],2015/01/20,20,0.00,2,Rainbow Character Pack,603ACDEFEA9A3FCDDDAE6679C14B34AECAE737BF58
[BEYOND GOTHAM],2014/12/15,20,1.99,5,Batman Beyond Pack,A487C645C718A76BF192F726F686CCE845D8812658
[BEYOND GOTHAM],2014/11/11,20,2.99,102,Man of Steel Pack,B659638A8246C6BFA844D772D4EB8A0C40CDDE6F58
[BEYOND GOTHAM],2015/03/03,20,2.99,158,The Squad Pack,7A50F5749ECDEF1FCBB1B46DAC4D53C983405E9358
[BEYOND GOTHAM],2014/11/11,20,14.99,0,LEGO Batman 3 Season Pass,A5F619A6F4CFD0E66C46A958A8B314E6B72B571158
[BEYOND GOTHAM],2015/01/14,20,2.99,110,Arrow Pack,6F23393031A993E0E7747DF76DB38C3ADF17A3EC58
[BEYOND GOTHAM],2014/11/11,20,2.99,55,75th Anniversary Pack,88F9F43D6964A168A4E6648B700E4284343B36FF58
[BEYOND GOTHAM],2015/02/17,20,2.99,109,Bizarro World Pack,444B5FD1AECC50E126EC54700F0CCC3E6008631758
[BEYOND GOTHAM],2014/11/11,20,2.99,121,Dark Knight Pack,0AF1510EA8F4A7B2129E66D1A2E4DE21873ED73758
[LEGO® Harry Potter™: Years 5-7],2011/12/13,20,2.99,1,Downloadable Character Pack,3E4E1CA078226B300DD22AFB4D2FECDB41CD4D1B58
[LEGO® Harry Potter™: Years 5-7],2012/02/07,20,1.99,13,5 Spell Pack,13B419D23F1D4F62E315AB7798883DF3680CADE758
[LEGO® Jurassic World™],2015/06/12,20,1.99,2,LEGO® Jurassic World Pack,E44ACFFA6C1220C5644153CC713C96E6B72663C658
[LEGO® Jurassic World™],2015/06/12,20,0.99,2,LEGO® Jurassic Park Trilogy Pack #1,132CA168C697D0D67F74CB44D0FB388BE342A66458
[LEGO® Jurassic World™],2015/06/12,20,0.99,1,LEGO® Jurassic Park Trilogy Pack #2,0CF1508D8308E976E8898632EB7CA3B0B89D353958
[LEGO® Marvel's Avengers],2016/05/24,20,0.00,4,Spider-Man Character Pack,73878D50D624FDA4A803B283E57D1FEF8BE9624958
[LEGO® Marvel's Avengers],2016/03/01,20,1.99,3,The Thunderbolts Character Pack,A66EAEEEF5E54059AC025439528C9D23B6FA0BC758
[LEGO® Marvel's Avengers],2016/03/01,20,0.99,1,The Avengers Adventurer Character Pack,DEBC399EDCD8380155FD9FD2AAEB1C7583E1BBA058
[LEGO® Marvel's Avengers],2016/05/03,20,2.99,112,Black Panther Pack,FD2F85797C30FBF0F55AD82E24CE6ACAC76E879D58
[LEGO® Marvel's Avengers],2016/01/26,20,9.99,0,LEGO® Marvel’s Avengers Season Pass,58EFFEF307BD60EF82186BBBF6CB436288DCF98C58
[LEGO® Marvel's Avengers],2016/05/17,20,2.99,133,Marvel's Agents of S.H.I.E.L.D. Pack,CDAF2C9DA39463C96DCAE81C6A2A2D2E01D77DCE58
[LEGO® Marvel's Avengers],2016/03/29,20,2.99,128,Classic Captain Marvel Pack,20715D44BD0F4AA1B2077AAF6BC41326E26E1E5958
[LEGO® Marvel's Avengers],2016/03/29,20,2.99,70,The Masters of Evil Pack,58B9C740BEAF08E76AEAD72F59E6FC5F4C6A7DD558
[LEGO® Marvel's Avengers],2016/05/10,20,2.99,97,"All-New, All-Different Doctor Strange Pack",D05DC2EFA01BF0D861B6E00AF90C10DB44B7EFCD58
[LEGO Star Wars: TFA],2016/06/28,20,9.99,1,LEGO® Star Wars™: The Force Awakens Season Pass,4C238CA8FEDB87B0DDF4A22322CD17CDD7F03B7258
[LEGO Star Wars: TFA],2016/07/26,20,1.99,5,The Prequel Trilogy Character Pack,13E5B69AF68B2D5AFAF8BC9E07D4F9B339F85F2358
[LEGO Star Wars: TFA],2016/09/15,20,1.99,4,Star Wars: Rebels Character Pack,4C656F06D0265B6B59ABD90EF612CAEE92E83D0858
[LEGO Star Wars: TFA],2016/08/02,20,1.99,1,Jabba's Palace Character Pack,07445225BB96D0624A42D54C7C006C9525D4621258
[LEGO Star Wars: TFA],2016/09/15,20,1.99,5,The Clone Wars Character Pack,1CF8D504DE570E11550E8727D237F4A506571F5758
[LEGO Star Wars: TFA],2016/08/02,20,1.99,1,The Empire Strikes Back Character Pack,0E30AB94DE58CD08B920AC44E82194962D9953A758
[LEGO Star Wars: TFA],2016/07/26,20,1.99,5,The Freemaker Adventures Character Pack,012CF18697554AD7A8078B1E2EFD9110FC08319F58
[LEGO Star Wars: TFA],2016/10/05,20,2.99,180,Poe’s Quest for Survival Level Pack,18EB3A16D49264A9F082DAF6D7E490F82FAFA11658
[LEGO Star Wars: TFA],2016/10/25,20,2.99,237,First Order Siege of Takodana Level Pack,1B30546FFD6E19C634C6CF21AE2119ADDD4543AA58
[LEGO Star Wars: TFA],2016/11/01,20,2.99,182,Escape From Starkiller Base Level Pack,566225CF01207897F12EC20E7A0109281D5A993E58
[Life Is Strange Episode 1],2015/01/30,40,16.99,0,Life is Strange Season Pass (Episodes 2-5),1B4AD49F6F4D02705CBE61893C5690D96FED7A5458
[Life Is Strange Episode 1],2015/03/24,40,4.99,981,Life Is Strange Episode 2,C34F190D8355B2265F0081C4B6601D28366764E058
[Life Is Strange Episode 1],2016/01/19,40,0.00,1891,Life Is Strange - Directors' Commentary,339FBFFC5818DE02DA315A40AC065A23126B429458
[Life Is Strange Episode 1],2015/10/20,40,4.99,1847,Life Is Strange Episode 5,FCA5D9036E7A3FAC3E775023336F9467BF7F47C558
[Life Is Strange Episode 1],2015/07/28,40,4.99,1628,Life Is Strange Episode 4,D9BADDF539AD57C76435399966AEAAE8AB702D7858
[Life Is Strange Episode 1],2015/05/19,40,4.99,1180,Life Is Strange Episode 3,5FCA23763F466D377CCDFA279901817C141685A358
[LocoCycle],2014/02/14,30,0.00,2003,Datapack,28D61D2DB026A82C28AC66FE562B70627526046B58
[Lode Runner™],2010/12/29,10,1.99,0,Skill Expansion Pack,CD86EA2627F9BBB306866B0C5A0EE1B7A69766EE58
[Lode Runner™],2011/01/12,10,2.99,0,Journey Expansion Pack,64676DBC724EAC43F9FC7308141EE2519E4906F258
[Lost Odyssey],2008/04/25,30,1.00,81,Dungeon Pack: Seeker of the Deep!,C4390E60CCD75ED71DBC2BE0E15755E6287ED50058
[Lost Odyssey],2008/09/05,30,2.49,1,Triple Bonus Pack,9B7EB9C7CFFBA4B9A54625E31E6136276EF8D99A58
[LOST PLANET 2],2010/06/04,30,4.99,56,Lost Planet 2 Map Pack #2,B1905F42459E9932CDC5498CA89276E1A72F072758
[LOST PLANET 2],2010/05/11,30,4.99,63,Map Pack #1,8ADD29BA84CBD54D410AD376A2E6278A383E2C8D58
[LOST PLANET 2],2010/07/27,30,2.99,4,LOST PLANET 2 Rush Arena,4E48BF98FDA7A40FA3BF984A21AD423D0053643258
[Lost Planet 3],2013/08/27,30,0.00,140,Lost Planet 3,C7A9899A9ED7B032CE4BB5DA460B137218D9473558
[Lost Planet 3],2013/10/01,30,4.99,144,Map Pack 2,79C02B25DC59D9055A7CDF80320B0223E01182BD58
[Lost Planet 3],2013/10/01,30,2.99,140,Punisher Pack,DFF293ED194CE019F62BB5A7E3EDD156B08EDA2258
[Lost Planet 3],2013/10/01,30,4.99,140,Survival Pack,A3A88338399F17FE3FCCF6547CA144E900C1FA2058
[Lost Planet 3],2013/10/01,30,4.99,115,Map Pack 1,0EBF5346BFA1AC17C5CB327B79C183F669EB3A5658
[Lost Planet 3],2013/10/01,30,4.99,101,Map Pack 3,49AE7DECC2DCA428CF2950A51A872D82C7736EB158
[Lost Planet 3],2013/10/01,30,2.99,140,Freedom Fighter Pack,3752EE2E57833D5F1D7C579FFC972A90E2A321BD58
[Lost Planet 3],2013/10/01,30,2.99,140,Assault Pack,24F7173D004014A6A0821AB6F34E75B3961FD2A158
[LUMINES LIVE!],2007/10/17,20,4.99,66,Rockin' Holiday Pack,72844F6973678577A1552335F61263DF8456D27758
[LUMINES LIVE!],2007/01/24,20,3.75,21,VS CPU Pack - LUMINES™ LIVE!,76E4B6D35D64AAF65F01E7403F69374B6CB83C1058
[LUMINES LIVE!],2007/06/27,20,4.38,210,Tokyo Club Mix Pack - LUMINES™ LIVE!,CCBE4517C934FD60207808F2502DFE3523B3D00658
[LUMINES LIVE!],2007/01/24,20,7.49,45,Advance Challenge Pack - LUMINES™ LIVE!,27BD9EB4C0573EBE3925EC9405AC90896950D81058
[LUMINES LIVE!],2007/06/27,20,7.49,129,Booster Pack - LUMINES™ LIVE!,1D71851DF21A8DB3CA67C0F1FF72C90207DA8EEB58
[LUMINES LIVE!],2007/01/24,20,3.75,27,Puzzle/Mission Pack - LUMINES™ LIVE!,8DE7D97FB83CE54A13A77EE08947EBB6E5817A0258
[Madballs Babo:Invasion],2009/08/17,20,0.00,2,Obsidian Magmor - Madballs Babo:Invasion,7A9FF288E0835AAE09FBB23322AC7A89DD9DA09058
[Madballs Babo:Invasion],2009/10/02,20,1.00,2,Versus Weapons - Madballs Babo:Invasion,C8D02F939C942E2E357B7D84EA3CA6884582B57558
[Mafia II],2016/09/19,40,2.99,9,Made Man Pack,A33EC174FB2BB1D942274DBC0A060F5EAD35B40558
[Mafia II],2016/09/19,40,2.99,6,War Hero Pack,F29F8510F984A05FE08728CB28611E3FFED39CE658
[Mafia II],2016/09/19,40,2.99,7,Vegas Pack,2FB11BBF146E8654171C4C5912519AD76876868A58
[Mafia II],2010/08/23,40,9.99,1160,Joe's Adventure,EF402C6979EFA0048461B0639BAD228B65EC2EA458
[Mafia II],2016/09/19,40,2.99,13,Renegade Pack,61408E568A04473F48D18E5041340EF216E1ACDA58
[Mafia II],2016/09/19,40,9.99,336,Jimmy's Vendetta Pack,26471AA1DC2FEEFF65C1DF2CDA427E7852553D2758
[Mafia II],2016/09/19,40,2.99,10,Greaser Pack,7E77E34C13954F306C3E9FF50DA73BAF74A9A22458
[Mafia II],2016/09/19,40,9.99,288,Betrayal of Jimmy,A0E2C50D5FB619CF11255EE9415589FB3AE2ECCF58
[Majin and the Forsaken Kingdom],2010/12/07,30,1.99,85,Majin Challenge Pack,4F403F3CA6F9D31943D8E2CDA7EA18CD13B5946E58
[Marathon: Durandal],2008/07/30,40,4.99,2,Marathon: Durandal - Total Carnage Netmap Pack,6DF754B7AAD1838FE25F1DBBB1983224F361C38F58
[Marathon: Durandal],2008/07/23,40,4.99,3,Marathon: Durandal - Jjaro Net Map Pack,B13924A845882C126425D598B21E8D37CA6998DA58
[Mark of the Ninja],2013/08/16,40,4.99,260,Mark of the Ninja Special Edition,3E2B353D66BFCFFF06C3948EE2852AC0F54BB8F058
[Marvel Puzzle Quest],2016/02/29,30,1.99,0,Marvel Puzzle Quest: Dark Reign -The Mighty Tool-Kit Access Pass – Thor: Goddess of Thunder,D17E32FE0823BB0DCB536A6FB8F1C4A7F064E86B58
[Marvel Puzzle Quest],2015/10/16,30,3.99,0,Marvel Puzzle Quest: Dark Reign -Volume 2: The Case of the Cold Chimichangas – Deadpool & Doctor Octopus,6401DFCCAC03476BCD16AB4ECB236B929A4D5BDE58
[Marvel Puzzle Quest],2015/10/16,30,3.99,0,Marvel Puzzle Quest: Dark Reign Volume 1: Science Friction – Hulk & Punisher,1416CB3B8333BF6B234B01401B9C338A4D73D49C58
[Mass Effect],2008/03/10,40,1.00,236,Bring Down the Sky [EN],A275890E35D31622A6AB8D43C53F932A0342DEF658
[Mass Effect],2009/08/20,40,4.99,191,Pinnacle Station,2F0186372DDADB3B2C8557688F02D2587EEAFBC858
[Mass Effect 2],2010/06/15,40,0.00,0,Cerberus Network,9B6FA78D98DB656DCCD24814F1616AB7D52DBF6958
[Mass Effect 2],2010/06/15,40,6.99,709,Kasumi - Stolen Memory,5BBB11E23527D5993527D3C8C431D55A759AD02958
[Mass Effect 2],2010/09/07,40,9.99,1440,Lair of the Shadow Broker,683D234B622E5CD81D56CDD4BF08E44FEB8E35F858
[Mass Effect 2],2011/03/29,40,6.99,720,Mass Effect 2: Arrival,68653C15F88A2AC8220A06EC775F03BE4A766F3658
[Mass Effect 2],2010/08/03,40,1.99,7,Firepower Pack,533C4089C4BFEE5F71A603D1EB15C4CF46F0C58158
[Mass Effect 2],2010/05/04,40,1.99,23,Equalizer Pack,88C7794A4696B72AC4760D2E4179EDFEC6E301E658
[Mass Effect 2],2010/03/23,40,1.99,50,"Alternate Appearance Pack 1 (Garrus, Thane, Jack)",A737B95D0B0FE7EF6C67694176C16F8113DAA0D158
[Mass Effect 2],2010/07/06,40,1.99,19,Aegis Pack,F5F506B1CECBF7A6027CD998714EB7191E2503ED58
[Mass Effect 2],2011/05/17,40,3.99,210,Mass Effect 2: Genesis,D5A723341F8BD68A0936D476495285C60247010D58
[Mass Effect 2],2010/06/15,40,6.99,773,Overlord,1FAC40D9A47B4DE2B0CAD7B426880A9D47958C9F58
[Mass Effect 2],2011/02/08,40,1.99,53,Appearance Pack 2,80299888112E2CDF1D8705A869536128BDA7B3BE58
[Mass Effect™ 3],2012/06/26,40,0.00,1873,Mass Effect™ 3: Extended Cut,BB3DC9398ECE6A5A59FF9ECDF44743F21C8CD7A058
[Mass Effect™ 3],2012/07/17,40,0.00,189,Mass Effect™ 3: Earth Multiplayer Expansion,C45C5F76E4628EF9EBD7E287EF0ACB36E924EF6558
[Mass Effect™ 3],2013/03/05,40,0.00,2026,Mass Effect™ 3: Citadel (2 of 2),7C61F13CD8D45671A12EFF98E2D0BB91F6CFC8DD58
[Mass Effect™ 3],2012/10/09,40,0.00,432,Mass Effect™ 3: Retaliation Multiplayer Expansion,A1F24A5C44FC4A7418333554EC35560709D4924158
[Mass Effect™ 3],2013/02/26,40,0.00,155,Mass Effect™ 3: Reckoning Multiplayer Expansion,7C97374D7D929B97848427B0E6DE6673CA722C7C58
[Mass Effect™ 3],2012/04/10,40,0.00,164,Mass Effect™ 3: Resurgence Multiplayer Expansion,9AF419527A53BEFFD0064D0EA680AC512AE1F99B58
[Mass Effect™ 3],2013/03/05,40,14.99,2023,Mass Effect™ 3: Citadel (1 of 2),FFBA5FAE69818B5E803C5F53EBB99A7967808F3458
[Mass Effect™ 3],2012/03/06,40,9.99,621,Mass Effect 3: From Ashes,5BF5191986B1D32C094D7338B9E5363B224609CE58
[Mass Effect™ 3],2012/05/29,40,0.00,158,Mass Effect™ 3: Rebellion Multiplayer Expansion,962DF311EDBE08575790B72AA71814270A00625558
[Mass Effect™ 3],2012/08/28,40,9.99,1677,Mass Effect™ 3: Leviathan,82D5C5D9420757FB6CE995BC6467229D5DD27E4A58
[Mass Effect™ 3],2012/11/27,40,14.99,2034,Mass Effect™ 3: Omega,9E1D9AC19E866C53B752DB268D21DE4B1CC9E75558
[Mass Effect™ 3],2013/04/02,40,3.99,279,Mass Effect™: Genesis 2,6F5C240BA6110B7BAA5F708D544BB22B3A30BB9C58
[Mass Effect™ 3],2012/10/16,40,1.99,25,Mass Effect™ 3: Groundside Resistance Pack,AFC90B61E9985BEF4B58C005F260C996223C45AF58
[Mass Effect™ 3],2012/08/07,40,1.99,23,Mass Effect™ 3: Firefight Pack,9EC705C8005E3AC654A5EA581EC4451596EC88DB58
[Mass Effect™ 3],2012/11/20,40,1.99,60,Mass Effect™ 3: Alternate Appearance Pack 1,060BB89AF084214455A96E6F10B4B8CC1A243B7F58
[Max Payne 3],2013/01/22,40,0.00,16,Multiplayer Compatibility Pack # 3,B430A6E70E12D46C60F41EF5D60F7540BBEE116258
[Max Payne 3],2012/12/04,40,0.00,76,Multiplayer Compatibility Pack # 2,90151E3D7A7DE05C32E367E4336E733A71BBE80B58
[Max Payne 3],2012/10/30,40,0.00,51,Multiplayer Compatibility Pack # 1,DFE7DA6AC4E19190A0878722AAEB0517B8415E7E58
[Max Payne 3],2012/09/12,40,0.00,2011,Max Payne 3 Content Pack 1 of 3,CB7896BA003C9B3D857A2D7537B506BE7E411BD658
[Max Payne 3],2012/09/12,40,0.00,1108,Max Payne 3 Content Pack 3 of 3,DACF1E9169D29E6A727E2A7FCC5182917F1A048658
[Max Payne 3],2012/09/12,40,0.00,1375,Max Payne 3 Content Pack 2 of 3,974A84E7AE6F84970D4DC9A63EE6FFA946DD737158
[Medal of Honor],2010/10/12,30,0.00,0,Medal of Honor(TM) Online Pass,FBA1D534162EF26EA9426A9E736CC27E37D2BBC758
[Medal of Honor],2010/11/02,30,0.00,75,Medal of Honor™ Clean Sweep Pack,927A15A6D8AC6862BCF17FC02455D238439C24E558
[Medal of Honor],2010/11/02,30,9.99,130,Medal of Honor™ Hot Zone Pack,E4571F079A1812200A1BB44BE28022EFD4FDF62A58
[Medal of Honor],2010/12/07,30,9.99,0,Medal of Honor™ Multiplayer Shortcut Pack,076053906B25C1BC3D7005CDBAAA060430D1B32C58
[Medal of Honor™ Warfighter],2012/12/18,40,0.00,445,MEDAL OF HONOR™ WARFIGHTER MULTIPLAYER UPDATE,A6E895972C65E4AD1778281B1BF919EB528741AD58
[Medal of Honor™ Warfighter],2012/12/18,40,4.99,0,MEDAL OF HONOR™ WARFIGHTER DEMOLITIONS SHORTCUT PACK,7ADAA0C135E2C7A32F1EA9B49D32BE16578D03D658
[Medal of Honor™ Warfighter],2012/12/18,40,9.99,409,MEDAL OF HONOR™ WARFIGHTER ZERO DARK THIRTY,536BFB0B1A30AFC35A6C10B5A8B9F9CD44A130A958
[Medal of Honor™ Warfighter],2012/12/18,40,4.99,0,MEDAL OF HONOR™ WARFIGHTER POINT MAN SHORTCUT PACK,C172B5EE9BDB7851D4F9D1244053D8037865A84658
[Medal of Honor™ Warfighter],2012/12/18,40,4.99,0,MEDAL OF HONOR™ WARFIGHTER ASSAULTER SHORTCUT PACK,347E7C5CA149853FDE160ECFFC6F89667076B2D158
[Medal of Honor™ Warfighter],2012/12/18,40,4.99,0,MEDAL OF HONOR™ WARFIGHTER HEAVY GUNNER SHORTCUT PACK,F3D1480D1FDCE8B5A7E22E08862061B72C0C777A58
[Medal of Honor™ Warfighter],2012/12/18,40,4.99,0,MEDAL OF HONOR™ WARFIGHTER SNIPER SHORTCUT PACK,EE529F5B7794B17167192BAC18564FE8915F459F58
[Medal of Honor™ Warfighter],2012/12/18,40,19.99,0,MEDAL OF HONOR™ GLOBAL WARFIGHTER SHORTCUT PACK,CB912A65B551D2450A958080829707564ECF22E658
[Medal of Honor™ Warfighter],2012/12/18,40,4.99,0,MEDAL OF HONOR™ WARFIGHTER SPEC OPS SHORTCUT PACK,D0F9B9DD2132BF0F0A2A4F180B972F5B1143493A58
[MEGA MAN 10],2010/04/06,10,1.99,0,BASS MODE,E85B405A4494F760022C7DC2D871719D6F0AA8B258
[MEGA MAN 10],2010/04/27,10,2.99,0,ENDLESS ATTACK,9D67BBB08DC8636A2D6A89E5F0C8DB4290A5F57058
[MEGA MAN 10],2010/04/27,10,1.00,0,SPECIAL STAGE 3,0E72A9235BB15E656C97638C9EC4F158EC6530DC58
[MEGA MAN 10],2010/04/27,10,1.00,0,SPECIAL STAGE 2,D8FF001027B86816F048ABE2B43904663FFE419958
[MEGA MAN 10],2010/04/06,10,1.00,0,SPECIAL STAGE 1,BAE1313EBE705A2D8D85E0826E4D47BF8D9A2D4058
[MEGA MAN 9],2008/10/08,10,1.99,0,MEGA MAN 9 PROTO MAN MODE,0E507BE4D5C302581252B97B0C23A595D5BB4B9558
[MEGA MAN 9],2008/10/22,10,1.00,0,MEGA MAN 9 HERO MODE,D583317A09F63F5ABD8EE77BE66A5AA8BDB5A8E658
[MEGA MAN 9],2008/10/22,10,1.00,0,MEGA MAN 9 SUPERHERO MODE,B60FC172819930C8CAC8880C1A6F232FFA3EE8E658
[MEGA MAN 9],2008/10/08,10,2.99,0,MEGA MAN 9 ENDLESS ATTACK,4CE22800B40595E2906957FFA20CD9970A00A12158
[MEGA MAN 9],2008/10/22,10,1.00,0,MEGA MAN 9 SPECIAL STAGE,7E02463C7A24EB92B8983711A566BFF8E89F4AE758
[METAL GEAR RISING: REVENGEANCE],2013/05/14,40,0.00,790,Blade Wolf,4C526F5275130ABB7264B6E8FDFD1AC461C2EBFC58
[METAL GEAR RISING: REVENGEANCE],2013/04/09,40,0.00,963,Jetstream,AB802768E356039740912D97107D7ACE9275CE9D58
[METAL GEAR RISING: REVENGEANCE],2013/02/19,40,1.99,3,METAL GEAR RISING: REVENGEANCE MGS4 Raiden Custom Body,527AC14A4BBEEB492554B5BAA335E26C12A398EB58
[METAL GEAR RISING: REVENGEANCE],2013/05/28,40,1.99,0,METAL GEAR RISING: REVENGEANCE White Armor,DB4C6C57480C384AA8EF438836A11535F4E0FC1C58
[METAL GEAR RISING: REVENGEANCE],2014/03/17,40,2.49,91,VR Mission Expansion,E15C14A1D639CC6A2D35F417A8CE3F76940A130E58
[METAL GEAR RISING: REVENGEANCE],2013/08/20,40,1.99,0,Custom Body for “Raiden” in “Metal Gear Rising: Revengeance”. A green design is used to mimic military fatigues.,7B954EB21F0D32BDF268C7CEEFFD31164BAD1A5758
[METAL GEAR RISING: REVENGEANCE],2013/05/28,40,2.99,4,METAL GEAR RISING: REVENGEANCE Cyborg Ninja,C8A2F7F06CD43851E7DD9FA912F1E950A360A89F58
[METAL GEAR RISING: REVENGEANCE],2013/05/28,40,1.99,0,METAL GEAR RISING: REVENGEANCE Inferno Armor,B4A43ABB9C23C1E8BFFC5F4ED409CDE1C4A0DA9558
[METAL GEAR SOLID V: THE PHANTOM PAIN],2016/05/09,40,0.00,171,MGSV: TPP UPDATE DATA Ver 1.10 Eng,EBC1A8EA6F5459B8ADCECF920FC307DDB867FEB058
[METAL GEAR SOLID V: THE PHANTOM PAIN],2015/11/17,40,0.99,0,Adam-ska Special,5E6EEBAC88052A764D59C588FC1EBD44CC6965E758
[METAL GEAR SOLID V: THE PHANTOM PAIN],2015/11/17,40,0.99,0,Fatigues (Blue Urban),23876CBB8137C4C78992AD0F83FC9B65D11E9C7458
[METAL GEAR SOLID V: THE PHANTOM PAIN],2015/11/17,40,0.99,0,Personal Ballistic Shield (Silver),5ED7D3B188E18B153598307AD360C0A11EC90D2C58
[METAL GEAR SOLID V: THE PHANTOM PAIN],2015/11/17,40,0.99,0,Maschinen Ｔaktische Pistole 5 Weiss,122F2937610DDF012B27162E84659A07843692D458
[METAL GEAR SOLID V: THE PHANTOM PAIN],2015/10/20,40,0.99,0,Sneaking Suit (Naked Snake),F5D2DC183ABEFFBD558CC98B612287805121601E58
[METAL GEAR SOLID V: THE PHANTOM PAIN],2015/10/20,40,0.99,0,Sneaking Suit (The Boss),8FADAE2EDF81A182D54BEC4AB58311500F67C10458
[METAL GEAR SOLID V: THE PHANTOM PAIN],2015/11/17,40,0.99,0,Fatigues (All-Purpose Dryland),217B06711356DA5BB8B4B64D0B757AEE93EC225958
[METAL GEAR SOLID V: THE PHANTOM PAIN],2015/11/17,40,0.99,0,Windurger S333 CombatSpecial,3A6C82CA786F2EED85F4D7762B4724D74D47D0A258
[METAL GEAR SOLID V: THE PHANTOM PAIN],2015/10/20,40,0.99,0,Fatigues (Naked Snake),F9F80781C083CB39045CC7BD225C3528A335B5AE58
[METAL GEAR SOLID V: THE PHANTOM PAIN],2015/11/17,40,0.99,0,Cardboard Box (Wetland),F8562D78C846D29BD809D64601696A0D94173DC958
[METAL GEAR SOLID V: THE PHANTOM PAIN],2015/10/20,40,0.99,0,Tuxedo,840B7EB809376E3AAF407A640F82CCD384EB4A7D58
[METAL GEAR SOLID V: THE PHANTOM PAIN],2015/11/17,40,0.99,0,Personal Ballistic Shield (Gold),A2BEF261C042A88A87C70C27CE919ECEA8D9F64358
[METAL GEAR SOLID V: THE PHANTOM PAIN],2015/11/17,40,0.99,0,Mother Base Staff 4,9DC816AF2112C428091D0EB471342D72529A390E58
[METAL GEAR SOLID V: THE PHANTOM PAIN],2015/11/17,40,0.99,0,Fatigues (Gray Urban),A87F8BCD8902215D1F0496D4B344C40A5EDA52B558
[METAL GEAR SOLID V: THE PHANTOM PAIN],2015/11/17,40,0.99,0,Bionic arm (Gold),FFBE97821AB5B6B7C59EE17762E2544732415DF058
[METAL GEAR SOLID V: THE PHANTOM PAIN],2015/10/20,40,0.99,0,Jumpsuit (EVA),A8ACDE62EB44D2D2DCD3030900DD8A813F186AA258
[METAL GEAR SOLID V: THE PHANTOM PAIN],2015/11/17,40,0.99,0,Fatigues (Black Ocelot),72977250B62BB94CE573F51F4DD4BCE7A1484EA158
[METAL GEAR SOLID V: THE PHANTOM PAIN],2015/11/17,40,0.99,0,Personal Ballistic Shield (White),7B9361E83552C037D1C1F0370115001B8BCF914458
[METAL GEAR SOLID V: THE PHANTOM PAIN],2015/11/17,40,0.99,0,Cardboard Box (All-Purpose Dryland),8DE74ACB0A11CE39451A2815ADCBD80E0DD273DE58
[METAL GEAR SOLID V: THE PHANTOM PAIN],2015/10/20,40,0.99,0,Western Tack,23A1C4B64DC73BBFE04EBC369F3F91E4FBF7E33258
[METAL GEAR SOLID V: THE PHANTOM PAIN],2015/10/20,40,0.99,0,Parade Tack,023999DCBC43886B3A956241CB844D13DAADEE6858
[METAL GEAR SOLID V: THE PHANTOM PAIN],2015/11/17,40,0.99,0,Cardboard Box (Rocky Terrain),014B832A6C245A730087B208060AD13F3BBBA95458
[METAL GEAR SOLID V: THE PHANTOM PAIN],2015/11/17,40,0.99,0,"Emblem ""VENOM SNAKE""",64808E9837D0B069A6BE2662E09966A08D0D08B258
[METAL GEAR SOLID V: THE PHANTOM PAIN],2015/11/17,40,0.99,0,Mother Base Staff 3,4E2C0FD6F480A0DDB4EA81505F741FDD2D3630A058
[METAL GEAR SOLID V: THE PHANTOM PAIN],2015/11/17,40,0.99,0,Personal Ballistic Shield (Olive Drab),C2FF7D1DB374F3284B8EAE63EEA7A915DD9F51AA58
[METAL GEAR SOLID V: THE PHANTOM PAIN],2015/11/17,40,0.99,0,Rasp Short-Barreled Shotgun (Gold),6543120BBD8CBF00C21D1E003B67C7D5C335F7B058
[Metal Slug XX],2010/06/16,30,1.00,0,METAL SLUG XX,A770E8B0A5F71214B2E8CB265F44E58854F3F73158
[METEOS WARS],2009/01/21,10,4.38,28,Planet Pack,73D60EA7DBACB46455852DBE78C307FFACA3510058
[METEOS WARS],2009/03/25,10,4.38,37,Galaxy Pack,A68875D3B2CFAAF2AB3B1A5E2D297022C12A3BA658
[Metro 2033],2010/08/03,40,2.99,1,Ranger Pack,999C681F2355B14DA0D91BBFDCC7A05A6A70F9FD58
[Metro: Last Light],2013/06/11,40,1.00,0,RPK,B9B9CEABC11EA34CC2CBCEEC9BC8E25AB0A9372A58
[Metro: Last Light],2013/10/15,40,4.99,487,The Chronicles Pack,E26133B7CC87D71C535BDA8EBFB228B3C103B66058
[Metro: Last Light],2013/05/21,40,14.99,0,Season Pass,15C74E3347E9FE5040708F46559864430D61EFE358
[Metro: Last Light],2013/05/14,40,4.99,0,Ranger Mode,3BBDFC8F395758E56639B34CD29539C10A96445D58
[Metro: Last Light],2013/07/16,40,4.99,206,The Faction Pack,E016BD9A15CF75F581214A096D9DB2E667A7548C58
[Metro: Last Light],2013/09/03,40,4.99,247,The Tower Pack,EB16966624AFD9FB956BDF3075F9207B9569F95158
[Metro: Last Light],2013/09/17,40,3.99,318,The Developer Pack,AEE53A13BD9AF5D773969F31DA788CA3986167AE58
[Shadow of Mordor],2015/02/03,10,0.00,0,Test of Power Challenge Mode,5F80FC68A69D04CA4B6B0C77748F8F73ED361C8A58
[Shadow of Mordor],2015/01/27,10,0.99,0,The Dark Ranger Character Skin,BD47BC74F568D7710953AA7CFD661BC86783BB5458
[Shadow of Mordor],2015/03/20,40,0.00,1733,Game Data (required for play),E12F7C096B25DB9256290F9474E25C11257D3D2858
[Shadow of Mordor],2015/01/20,10,0.99,0,Captain of the Watch Character Skin,3FBD2A5C45809EF41A25E732F2D492AF3DA18F4858
[Shadow of Mordor],2014/11/18,10,0.99,0,Rising Storm Rune,54BE09C187815B415477AC225749E00C808A9E9758
[Shadow of Mordor],2014/12/09,10,0.99,0,Flame Of Anor Rune,8CBBC7174730FFFCA02315677B34A054780423C458
[Shadow of Mordor],2015/01/13,10,0.99,0,Orc Slayer Rune,A84652428D3BA9706A2138D2B024CF27AF96F69F58
[Shadow of Mordor],2014/11/25,10,0.99,0,Deadly Archer Rune,99BAB22F8753DA7D8F583D09A93CAC59574C4FB558
[Shadow of Mordor],2014/11/18,10,0.99,0,Hidden Blade Rune,89EB5CB3232A4F21BFC49F1150CB6A9E687BA14058
[Might & Magic Clash of Heroes™],2011/11/23,20,0.00,5,Might & Magic Clash of Heroes - Advanced opponents!,1308A8226B73780BC8ECFD32239E9991A6AF882858
[Might & Magic Clash of Heroes™],2011/11/23,10,2.99,5,Might & Magic Clash of Heroes - I am the boss!,1308A8226B73780BC8ECFD32239E9991A6AF882858
[Mighty No. 9],2016/08/24,20,2.99,0,Mighty No. 9 - Retro Hero,7FD109F2FD0BAC6C09C21E384168DE065AC92BFB58
[Mighty No. 9],2016/06/21,20,4.99,95,Mighty No. 9 - Ray Expansion,ADC68AF3A34A3EBC889BA4CF79CDEFDD077444CF58
[Mindjack],2011/02/15,40,6.99,30,MINDJACK Extra Map Pack 01,322D90199E050776DF390EA08FDDE6C03CC1982C58
[Mindjack],2011/03/08,40,6.99,47,MINDJACK Extra Map Pack 02,AB07A0DE40DCBB14E199A8F9ACD4DB8B505FD6AD58
[Minecraft: Xbox 360 Edition],2015/10/22,10,5.99,60,Halloween 2015 Mash-up Pack,8D099268B410EEC37E72EF7BB28A9BA631AB02DF58
[Minecraft: Xbox 360 Edition],2014/05/28,20,5.99,82,Master Chief Mash-up,2B23828936788688CEC2EF3AB56BB6C4CB5A6C8C58
[Minecraft: Xbox 360 Edition],2015/07/24,10,5.99,69,Greek Mythology Mash-up,8FF0D674ADE42F3BE660DFE2F7CB68F17B39B88658
[Minecraft: Xbox 360 Edition],2016/08/30,20,2.99,1,Minecraft Battle Map Pack 3,E34E2BFCC1DD68EECE1E9EDA6A57528F7845309A58
[Minecraft: Xbox 360 Edition],2014/12/10,20,5.99,49,Festive Mash-up,477AD5CF0967B3AA4C180FB251B2062B516FF78658
[Minecraft: Xbox 360 Edition],2018/11/05,20,2.99,0,Minecraft Battle & Beasts 2 Skin Pack,E9C1444C07EF929C280B1855B65386E079E08AE758
[Minecraft: Xbox 360 Edition],2014/03/07,-65535,2.99,6,Minecraft City Texture Pack,C81902312EF1C2FF4EE7283BA2CCAD297D65CAAB58
[Minecraft: Xbox 360 Edition],2014/11/25,20,2.99,0,Star Wars Classic Skin Pack,6AB04DD334B1EC3344E0AEC3E6801817D8B9EE8B58
[Minecraft: Xbox 360 Edition],2013/11/20,20,5.99,133,Skyrim Mash-up,9A38D3F112A9FBCBC6A7255C4B56A66F8045F87F58
[Minecraft: Xbox 360 Edition],2013/10/18,20,2.99,6,Minecraft Natural Texture Pack,717BB2C8E8022318E8354B799FE8AD2F86FBECC258
[Minecraft: Xbox 360 Edition],2012/12/19,-65535,2.99,0,Minecraft Festive Skin Pack,57B70B20B984CC6B1D778A1051E3FCD9E42CCE1B58
[Minecraft: Xbox 360 Edition],2016/07/26,20,2.99,1,Minecraft Battle Map Pack 2,6E4254ADC63C2BBC26C5403725DDF86A90A5850F58
[Minecraft: Xbox 360 Edition],2018/11/05,20,2.99,0,Battle & Beasts Skin Pack,142DD41D998DDA0AD2A445634043D80B97A2B1D558
[Minecraft: Xbox 360 Edition],2014/04/15,-65535,2.99,4,Minecraft Candy Texture Pack,3839017EDCBF273CA39BCC2EDAEE73483256238858
[Minecraft: Xbox 360 Edition],2013/12/11,-65535,2.99,6,Minecraft Fantasy Texture Pack,3900AAE59308FD2409BCBDDA5F871333820B0DAF58
[Minecraft: Xbox 360 Edition],2016/07/26,20,2.99,0,Minecraft Redstone Specialists Skin Pack,A5D8537B3DA38FDC8E80A562DE3C9B4ECB0FD33C58
[Minecraft: Xbox 360 Edition],2013/10/02,20,2.99,3,Minecraft Plastic Texture Pack,6A4AE1E373ECEE66B38163FCE2EF8D2B1715044B58
[Minecraft: Xbox 360 Edition],2016/02/25,10,2.99,0,Minecraft Biome Settlers Skin Pack 1,7168589A158656CC82E74E13F6CBB805C0F6584458
[Minecraft: Xbox 360 Edition],2016/06/21,20,9.99,0,Battle Map Pack Season Pass,5BE078424DFAB265AF7792EC03485CFF16A06AB058
[Minecraft: Xbox 360 Edition],2016/06/21,20,2.99,0,Minecraft Battle Map Pack 1,B51E55FD3145763EEAC390E72B29F41F08EED53B58
[Minecraft: Xbox 360 Edition],2012/08/24,20,2.99,0,Skin Pack 2,029F96F873659380F94EEC7C7FAF5D51D7EA69EE58
[Minecraft: Xbox 360 Edition],2014/06/25,-65535,2.99,4,Minecraft Cartoon Texture Pack,D8DE99777BD4605D16C6569A00B08F7CEB8D968658
[Minecraft: Xbox 360 Edition],2012/10/17,20,2.99,0,Skin Pack 3,071989A3BB6451E6B3DCF1F0E7FA376990F6C59358
[Minecraft: Xbox 360 Edition],2014/10/29,20,2.99,7,Steampunk Texture Pack,EB594435F4A8AE0D6B243B111FB006E6A09E022758
[Minecraft: Xbox 360 Edition],2013/09/04,20,5.99,79,Mass Effect Mash-up,BB20615A7C5AB0CBFFA37C14933EB8339B63F97358
[Minecraft: Xbox 360 Edition],2016/04/06,10,2.99,0,Minecraft Story Mode Skin Pack,4E00F5E7B601A76F786499A80769699FAA6160F958
[Minecraft: Xbox 360 Edition],2014/10/03,10,2.99,0,Doctor Who Skins Volume I,A69C9DB7A4CBE2223145DCD85902623D3800830958
[Minecraft: Xbox 360 Edition],2015/03/25,20,2.99,5,Minecraft Pattern Texture Pack,C1F403588C8D51AAC137F783313663359BC48CF758
[Minecraft: Xbox 360 Edition],2014/12/18,10,2.99,0,Doctor Who Skins Volume II,2DDEA9A824C5EBA6F80716D7A931FC867F0FA7C258
[Minecraft: Xbox 360 Edition],2015/10/23,10,2.99,0,Minecraft Star Wars Prequel Skin Pack,D1E7E34AC27766373598138E1A0123E327F4EC9D58
[Minecraft: Xbox 360 Edition],2015/02/10,-65535,2.99,0,Star Wars Rebels Skin Pack,6B9C8435CB6745463C369833BD1CFAE994BBB14658
[Minecraft: Xbox 360 Edition],2018/11/05,20,2.99,0,Minecraft Strangers - Biome Settlers 3 Skin Pack,1814949F8D093517CBFFBCDCB310624427EE72EC58
[Minecraft: Xbox 360 Edition],2017/05/30,20,5.99,0,Minecraft Adventure Time Mash-up,9DE5B7E839515B5F0BB1CA8BA13EBA2C8B92C6C958
[Minecraft: Xbox 360 Edition],2016/10/25,20,2.99,1,Minecraft Battle Map Pack 4,8644D692DB57A6088096183D4CECB9B78624D5E058
[Minecraft: Xbox 360 Edition],2017/04/25,20,2.99,0,Minecraft Glide Beasts Track Pack,8F46DCF27823A82EE9A320CCEC75A25DF58F19D558
[Minecraft: Xbox 360 Edition],2017/04/25,20,9.99,0,Minecraft Glide Track Pack Season Pass,E9CAD8079DB3665E64ADCA2BE17DE5365063D30D58
[Minecraft: Xbox 360 Edition],2016/10/04,20,16.99,0,Minecraft Builder’s Pack,DE7EF7E0FE9A8E75FCAE23D2ED319AE1ADE453EF58
[Minecraft: Xbox 360 Edition],2016/12/21,20,5.49,0,Doctor Who Skins I & II Bundle,9B045FC225C74135969319D34C1B4AE924B6626958
[Minecraft: Xbox 360 Edition],2016/12/21,20,6.99,0,Minecraft Merry Bundle,456DECC383A528290D9A15A4521FD1E6ADD9D1FA58
[Minecraft: Xbox 360 Edition],2018/08/28,20,2.99,0,Solo: A Star Wars Story Pack,77A9180371F28C902791B951678077F7FDB8428F58
[Minecraft: Xbox 360 Edition],2017/02/28,20,2.99,0,Minecraft Fallout Battle Map Pack,2C92CEFC807F0926FEBB064AEA97C55EA53B0CD758
[Minecraft: Xbox 360 Edition],2018/04/24,20,2.99,0,Minecraft FINAL FANTASY XV Skin Pack,EE88F57D6247236A4F766F39761829DC25E15D2558
[Minecraft: Xbox 360 Edition],2018/05/29,20,5.99,0,Minecraft Egyptian Mythology Mash-up,1D4696DAD725D1ECC803AF135D37C0E1CD31524158
[Minecraft: Xbox 360 Edition],2018/03/27,20,2.99,0,Minecraft Star Wars Sequel Skin Pack,E9AA1A262DD8DCBEC7F59913438BADFA83428A8A58
[Minecraft: Xbox 360 Edition],2017/03/28,20,2.99,0,Minecraft Mini Game Masters Skin Pack,21656E695D3C477A0665BA73272D6083906DA95258
[Minecraft: Xbox 360 Edition],2018/09/25,20,5.99,53,Pirates of the Caribbean Mash-up,126AE2FC00DD5AAFC686B79832800A84FC10A3C858
[Minecraft: Xbox 360 Edition],2016/12/21,20,5.99,0,Minecraft Fallout Mash-up,FE649DE74E6D82FE55BE2EE11B217AB821D3954E58
[Minecraft: Xbox 360 Edition],2018/12/18,20,5.99,55,The Nightmare Before Christmas,7D68617BE033C943ED223BAE94EEEEF50E6E95B158
[Minecraft: Xbox 360 Edition],2016/12/21,20,1.99,0,Minecraft Festive Battle Map,2B7E5B4EF1518AE8209461D00479FE663C1B6F4958
[Minecraft: Xbox 360 Edition],2018/10/23,20,2.99,0,Minecraft From the Shadows Skin Pack,146139B5CBCD6438D5A1791BA9579E408544D7EC58
[Minecraft: Xbox 360 Edition],2016/10/25,20,6.99,0,Minecraft Spooky Bundle,8869E0E67DAF594013FDDA3B29E369016CEA8F1058
[Minecraft: Xbox 360 Edition],2016/10/25,20,1.99,0,Minecraft Halloween Battle Map,7C8C8B60FC0A96D49A41B9EB406C2457E916A15258
[Minecraft: Xbox 360 Edition],2017/12/19,20,5.99,0,Minecraft Norse Mythology Mash-up,66D43BEA196ABA566674A4C6E020F073BCBD15C958
[Minecraft: Xbox 360 Edition],2017/06/27,20,2.99,0,Minecraft Mini Game Heroes Skin Pack,949B9AB08F3AA35C9411779C97475B9A2108132258
[Minecraft: Xbox 360 Edition],2016/10/04,20,5.99,1,Minecraft Chinese Mythology Mash-Up,E1B6743B37D87A0CD508293E2BEF27288FEE930158
[Minecraft: Xbox 360 Edition],2017/08/29,20,2.99,0,Minecraft Glide Myths Track Pack,B67F1B961F1C83FCC5CC57CD03E370D2F1BBAD7D58
[Minecraft: Xbox 360 Edition],2016/10/25,20,2.99,0,Minecraft Campfire Tales Skin Pack,42D2394F690CB30DF2B218B907C2C2055E46F50F58
[Minecraft: Xbox 360 Edition],2017/01/31,20,2.99,0,Minecraft Villains Skin Pack,1AD6D5B2515AA52708A225885F770AFD82BA0DF658
[Minecraft: Xbox 360 Edition],2017/05/30,20,2.99,0,Minecraft Magic: The Gathering Skin Pack,E965301E43E737C0A2AE1EB78D5B811E24CDDE6158
[Minecraft: Xbox 360 Edition],2018/06/21,20,2.99,0,Minecraft The Incredibles Skin Pack,D8D574A38A462E57A080049ABF26F106A796C2F558
[Minecraft: Xbox 360 Edition],2018/07/31,20,3.99,4,Minecraft Super Cute Texture Pack,40EB7A49480FAD29BD58E5C0DC59415E9B66136A58
[Minecraft: Xbox 360 Edition],2018/01/30,20,2.99,0,Minecraft Moana Character Pack,F001F3C5374710AC67CBEDBF6540FB1A4204249A58
[Minecraft: Xbox 360 Edition],2017/07/25,20,2.99,0,Minecraft Biome Settlers Skin Pack 2,86D88A08FC179F7EF285DB910FDB3F8CD6F4362858
[Minecraft: Xbox 360 Edition],2017/06/27,20,2.99,0,Minecraft Glide Giants Track Pack,42C19C7BB795A9045D6940BE525C0FD71ACC8C8358
[Mirror's Edge™],2009/02/19,30,4.99,157,Mirror's Edge Pure Time Trials,FD49E786AB20F13834D1E327C26FB6219B78D67B58
[Monday Night Combat],2010/10/14,30,0.00,493,Spunky Cola Special,F8E3FA0E0A6F00945C5643644495827DEBB2B03658
[MONOPOLY PLUS],2015/01/20,10,2.99,0,MONOPOLY RABBIDS DLC,1DB8A1B21895F0F57E63F3E483C31D59F92D9ED458
[MONOPOLY PLUS],2015/09/29,10,2.99,11,MONOPOLY MY LITTLE PONY DLC,0C7631AC5F4BA77B57C9E48E7FC15D08266297FF58
[MONOPOLY PLUS],2015/03/10,10,2.99,10,Monopoly Just Dance DLC,5408F293E91C59720273213CF91F9BBE6572272758
[MONOPOLY PLUS],2015/01/20,10,9.99,0,MY MONOPOLY,1CA2E42BC50EB87DB46D72685AB74B76B507082A58
[MOON DIVER],2012/06/06,30,1.00,0,Silence and Score Attack Mode: Flow!,E36FB2239834E00EEF4576B9D0628899E7D79A4458
[MOON DIVER],2011/05/04,30,1.00,0,Score Attack Modes: Orbit and Rage!,129BF469DB9C6149840D4A082D13A04E221CC0E158
[MOON DIVER],2011/05/11,30,0.00,0,Chain Kill Mode: Bloodbath!,D55129EA815E2C3372CB609AC4BC85C6F4DCCB5D58
[Mortal Kombat],2011/07/06,40,0.00,75,Mortal Kombat Compatibility Pack 2 featuring Smoke and Noob Saibot Klassic Skins,FB75C58423AEE903CF87F5A7A28A80687EFC732858
[Mortal Kombat],2011/07/19,40,0.00,67,Mortal Kombat Compatibility Pack 3 featuring Klassic Skins,EF1B837A235D05FC569D502E42DD7CF77C9C99BD58
[MotionSports: Adrenaline],2011/12/13,10,4.99,474,Motionsports: Adrenaline Urban Jungle powered by Degree Adrenaline,2B29D5E7CCEE9132616EBF8E765D946C03DFB8B258
[MUD],2013/04/09,30,5.99,91,MUD - Land of Albion Stage,79B2C5B514727FA462E4ACE4484EF53FD6BAD5E158
[MUD],2013/03/26,30,2.99,0,MUD – Trickin' Demons Pack,C9F2CF0E55AF4C46C0D3423BA8EBCFA7C5173A3958
[MUD],2013/02/26,30,1.00,0,MUD – UFO Stylish Safety Pack,81C9B5856A979DA49466E7CE23A91E28D698D8C958
[Musical Feet],2011/10/24,10,0.00,173,Musical Feet,8B2711283258B24124127EED6D0DA12668E48EBE58
[Mutation Station],2011/10/30,10,0.00,120,Mutation Station,30E1883271BB86B886B69B2C9B1702378D528AF158
[MX vs ATV Reflex],2010/11/23,30,0.00,0,Reflex Special Series,BCDCB0F3E45446E37982762ED467C358C5AAA6FF58
[MX vs ATV Reflex],2010/10/26,30,2.99,555,Track Pack 1,1D1B6C67C0134449FC2E47B91C113ACEBA21C96258
[MX vs ATV Reflex],2010/10/26,30,2.99,484,Track Pack 2,6083B1BD8735D2119BCAAAB92376D9D8294416C758
[N+],2008/10/15,20,0.00,0,N+ Level Pack #3,110CF2D690ECC5583863FFB358320A512BC333D258
[N+],2008/09/10,20,2.49,0,N+ Level Pack #2,8423CC204542314E0E51FF35B596D780FF2E6BE158
[N+],2008/07/23,20,2.49,0,N+ Level Pack #1,7630C934614516E3734196B913DD78C81E601C7358
[Naughty Bear Panic in Paradise],2012/11/28,30,1.00,2,Naughty Bear Panic in Paradise - Ghostfacebear Costume,7712D5050D94865828C712C406B3D82D18DD9C9258
[Naughty Bear Panic in Paradise],2012/12/12,30,6.99,35,Naughty Bear Panic in Paradise - Totally Naughty Set,32FCAA73CD34346F6F9AE4BE6DA91291EEC46E7858
[Naughty Bear Panic in Paradise],2012/10/10,20,2.99,9,Naughty Bear Panic in Paradise - Paradise Island Chainsaw Massacre Set,76C375D6E1A626E51FC579308282D89167FBC5E158
[Naughty Bear Panic in Paradise],2012/10/24,30,2.99,5,Naughty Bear Panic in Paradise - Teddy Krubear Set,B4F3BCE02F99E4D1A2385425795F2DD27A8EC69F58
[Naughty Bear Panic in Paradise],2012/12/12,30,4.99,25,Naughty Bear Panic in Paradise - Naughty Weapon Set,A4A8C299E8EFFA3A16A3B8811CCED592827568AD58
[Naughty Bear Panic in Paradise],2012/10/31,30,1.00,6,Naughty Bear Panic in Paradise - Jason Pawhees Costume,64FC44BE48D882F50A11815D49A6AE3B1D92419958
[Naughty Bear Panic in Paradise],2012/12/05,30,1.00,1,Naughty Bear Panic in Paradise - BatBear Costume,80945B70B2DEC94C34DBCACDA80D145788D3C88558
[Naughty Bear Panic in Paradise],2012/11/14,30,1.00,3,Naughty Bear Panic in Paradise - Pennybear Costume,30A024CB98B73B4409C427F66D180EC926BFA93858
[Naughty Bear Panic in Paradise],2012/10/10,30,1.00,5,Naughty Bear Panic in Paradise - Mjolnpaw Hammer,6C24917BCC922DF9F18436CF3262E8F5ED8B401158
[Naughty Bear Panic in Paradise],2012/11/28,30,1.00,5,Naughty Bear Panic in Paradise - Stabby the Knife,8EAB377AAC6360E2CFA10B89A3127FA88542D9C358
[Naughty Bear Panic in Paradise],2012/11/14,30,1.00,0,Naughty Bear Panic in Paradise - Squeaky Mallet,477630A8217D790BD7346A5533ED47B7A283C8A558
[Naughty Bear Panic in Paradise],2012/12/12,30,4.99,11,Naughty Bear Panic in Paradise - Naughty Costume Set,442265329D3F93F0FFEDC7A754B289A21C80481458
[Naughty Bear Panic in Paradise],2012/11/21,20,5.99,0,Naughty Bear Panic in Paradise - Naughty Unlocks,61186605C2DD9322D20D94E66D4A8C9749F13A8658
[NCAA® Basketball MME],2009/03/18,10,0.00,59,NCAA® Basketball 09: March Madness Edition Bracket Pack,4BBA0DA7B08CCDCAFC5A23C097E008656ACBE36258
[NEED FOR SPEED™ MOST WANTED],2013/02/26,20,0.00,1958,Need for Speed™ Most Wanted Multiplayer Update 2,47EAB624A5D2D6D8415E0A639EE349608C05C5A958
[NEED FOR SPEED™ MOST WANTED],2012/12/18,20,9.99,477,Need for Speed™ Most Wanted Ultimate Speed Pack,4744C709F64182E37E509112D209582540C3920B58
[NEED FOR SPEED™ MOST WANTED],2012/12/18,20,0.00,477,Need for Speed™ Most Wanted Multiplayer Update,4744C709F64182E37E509112D209582540C3920B58
[NEED FOR SPEED™ MOST WANTED],2013/02/26,20,14.99,1958,Need for Speed™ Most Wanted Terminal Velocity Pack,47EAB624A5D2D6D8415E0A639EE349608C05C5A958
[NEED FOR SPEED™ MOST WANTED],2013/05/21,20,29.99,1958,Need for Speed™ Most Wanted Complete DLC Bundle,47EAB624A5D2D6D8415E0A639EE349608C05C5A958
[NEED FOR SPEED™ MOST WANTED],2013/02/26,20,9.99,1958,Need for Speed™ Most Wanted NFS Heroes Pack,47EAB624A5D2D6D8415E0A639EE349608C05C5A958
[NEED FOR SPEED™ MOST WANTED],2012/10/30,20,9.99,0,Need for Speed™ Most Wanted Time Saver,E47FD709CC3C29E0D459F176F36A9D896A297FA658
[NEED FOR SPEED™ MOST WANTED],2013/02/26,10,4.99,1958,Need for Speed™ Most Wanted Booster Pack,47EAB624A5D2D6D8415E0A639EE349608C05C5A958
[NEED FOR SPEED™ MOST WANTED],2013/02/26,10,6.99,1958,Need for Speed™ Most Wanted Premium Mod Unlock,47EAB624A5D2D6D8415E0A639EE349608C05C5A958
[NEED FOR SPEED™ MOST WANTED],2013/02/26,20,2.99,1958,Need for Speed™ Most Wanted Mod Unlock 1,47EAB624A5D2D6D8415E0A639EE349608C05C5A958
[NEED FOR SPEED™ MOST WANTED],2013/02/26,20,9.99,1958,Need for Speed™ Most Wanted Movie Legends Pack,47EAB624A5D2D6D8415E0A639EE349608C05C5A958
[NEED FOR SPEED™ MOST WANTED],2013/02/26,10,2.99,1958,Need for Speed™ Most Wanted Mod Unlock 2,47EAB624A5D2D6D8415E0A639EE349608C05C5A958
[NEED FOR SPEED™ MOST WANTED],2013/02/26,10,2.99,1958,Need for Speed™ Most Wanted Mod Unlock 3,47EAB624A5D2D6D8415E0A639EE349608C05C5A958
[NEED FOR SPEED™ MOST WANTED],2013/02/26,20,24.99,1958,Need for Speed™ Most Wanted Deluxe DLC Bundle,47EAB624A5D2D6D8415E0A639EE349608C05C5A958
[NEED FOR SPEED™ MOST WANTED],2013/02/26,10,9.99,1958,Need for Speed™ Most Wanted Premium Timesavers Pack,47EAB624A5D2D6D8415E0A639EE349608C05C5A958
[Need for Speed™ Carbon],2006/11/15,20,1.00,0,1967 Shelby GT500,4C077346C15C8D30A6624BE904919B5C18879B8858
[Need for Speed™ Rivals],2014/02/18,20,0.00,368,Need for Speed™ Rivals Content Update,B9F776ADE88E7404FB1F54921DD5FA66BA604C5658
[Need for Speed™ Rivals],2014/03/04,20,0.00,0,Need for Speed™ Koenigsegg One:1,A7FE37E47C2C30235A82B4CB45240CA444074B3C58
[Need for Speed™ Rivals],2013/12/10,20,4.99,0,Need for Speed™ Rivals Loaded Garage Pack,990A370A78A68429C04BBE4990632A9C5A4122D258
[Need for Speed™ Rivals],2014/02/25,-65535,3.99,0,Need for Speed™ Rivals Concept Lamborghini Racers,9FEDE208170E4198F9E9175E2C2476CF5DD3566F58
[Need for Speed™ Rivals],2014/03/11,-65535,4.99,0,Need for Speed™ Movie Pack - Cops,568E609EE11D34F11E23E55463F1E77E0920158B58
[Need for Speed™ Rivals],2014/02/25,20,3.99,0,Need for Speed™ Rivals Concept Lamborghini Cops,1C66AE56BBE924290853DAEFD9189415018B934D58
[Need for Speed™ Rivals],2014/03/11,20,4.99,0,Need for Speed™ Movie Pack - Racers,2495E167859C8E914FAE8692FED755034DAB391658
[Need for Speed™ Rivals],2014/03/11,20,6.99,0,Need for Speed™ Complete Movie Pack,E61AA6108FF182B71D737D0C738C78B3EB934C7958
[Need for Speed™ Rivals],2014/02/18,20,3.99,0,Need for Speed™ Rivals Ferrari Edizioni Speciali Cops,286785811D490426F2823157B76EB4ACBE85408E58
[Need for Speed™ Rivals],2014/02/18,-65535,5.99,0,Need for Speed™ Rivals Ferrari Edizioni Speciali Complete Pack,F2C35D6D17F0E74852F17C66C95710E5F05C3D5858
[Need for Speed™ Rivals],2014/02/25,20,5.99,0,Need for Speed™ Rivals Concept Lamborghini Complete Pack,0E4C2A75072C32914FCEABA70BDBC38AA963DDFA58
[Need for Speed™ Rivals],2014/02/18,20,3.99,0,Need for Speed™ Rivals Simply Jaguar Cops,CCFE6BE85222159D3D2F9FC5E1A2CBE529F7014B58
[Need for Speed™ Rivals],2014/10/21,20,19.99,0,Need for Speed™ Rivals: Complete Edition Bundle Pack,66A6EB0A9A3FFAC0B037EEE697CCAE246DE316A058
[Need for Speed™ Rivals],2013/11/19,25,9.99,0,Need for Speed™ Rivals Timesaver Pack,A6AC171E6C0EF77301D97833BB150CF821B6DFB958
[Need for Speed™ Rivals],2014/02/18,20,3.99,0,Need for Speed™ Rivals Ferrari Edizioni Speciali Racers,04232E7DE2DE8C679DD19C98D6B05AAD099BFBED58
[Need for Speed™ Rivals],2014/02/18,20,5.99,0,Need for Speed™ Rivals Simply Jaguar Complete Pack,FFA83E02946A9B1DD1581E57E2E51AB16D981F9B58
[Need for Speed™ Rivals],2014/02/18,20,3.99,0,Need for Speed™ Rivals Simply Jaguar Racers,58920CF0E962429FDF1F447C7FCC957CCABBBDE958
[NFS Undercover],2009/05/27,30,4.99,0,Boss Car Bundle,1A54A52BEFE0B936F1DD7D8EA9D234ADE594E08958
[NIER],2010/05/11,40,6.99,400,The World of Recycled Vessel,B5849AE068830A162D28A72C2E07667A19BCD61858
[Ninety-Nine NightsⅡ/NA],2010/09/02,40,0.50,0,Equipment pack,BE4D5BBD667027FB2C0247B8C80108219E3DF66358
[Ninety-Nine NightsⅡ/NA],2010/08/12,40,0.00,0,Rolland pack,C1989ED12CFFB80904ED6C7344F6DDD1D8C2320A58
[Ninety-Nine NightsⅡ/NA],2010/07/22,40,3.99,0,Map pack,C20411787367995755640490FF2E4CA19FC283F958
[NINJA BLADE],2009/04/28,40,0.00,5,NINJA BLADE Bonus Pack,D24C20380F9B26B03333AF3EF8E2E2FCB584A01C58
[NINJA GAIDEN II],2019/04/16,40,2.49,6,NGII: Biometal Hayabusa Costume Pack,F80413BA6E9D7DCCDF54D5C901DD915ABA73BCE558
[NINJA GAIDEN II],2019/04/16,40,2.49,5,NGII: Shadow Walker Hayabusa Costume Pack,EC14BBD269A74DA378F953B579B25795D29CBD4E58
[NINJA GAIDEN II],2019/04/16,40,2.49,7,NGII: Fiend Hayabusa Costume Pack,863C5F74B44C969C92A38F45830D9CBDF76DBD8158
[NINJA GAIDEN II],2019/04/16,40,6.99,58,NGII: Mission Mode,78368712E30314F6AA5B5A0FC94CE129E316252D58
[NINJA GAIDEN 3],2012/03/19,40,9.99,0,NINJA GAIDEN 3 Online Pass,0A367366C0805F48B4DDEB57879C028355AFF61958
[NINJA GAIDEN 3],2012/04/17,40,2.99,161,Ninja Gaiden® 3 Great Scythe,415A40B8477ED9128BAC0C38796070D1009AC41758
[NINJA GAIDEN 3],2012/04/03,40,2.99,161,Ninja Gaiden® 3 Metal Claws,415A40B8477ED9128BAC0C38796070D1009AC41758
[NINJA GAIDEN 3],2012/04/03,40,0.00,161,Ninja Gaiden® 3 Ninja Pack 1 Lite,415A40B8477ED9128BAC0C38796070D1009AC41758
[NINJA GAIDEN 3],2012/04/03,40,1.99,161,Ninja Gaiden® 3 Acolyte Pack 1,415A40B8477ED9128BAC0C38796070D1009AC41758
[NINJA GAIDEN 3],2012/04/17,40,9.99,161,Ninja Gaiden® 3 Ninja Pack 2,415A40B8477ED9128BAC0C38796070D1009AC41758
[NINJA GAIDEN 3],2012/04/17,40,1.99,161,Ninja Gaiden® 3 Leader Pack 2,415A40B8477ED9128BAC0C38796070D1009AC41758
[NINJA GAIDEN 3],2012/04/17,40,1.99,161,Ninja Gaiden® 3 Master Pack 2,415A40B8477ED9128BAC0C38796070D1009AC41758
[NINJA GAIDEN 3],2012/04/03,40,1.99,161,Ninja Gaiden® 3 Master Pack 1,415A40B8477ED9128BAC0C38796070D1009AC41758
[NINJA GAIDEN 3],2012/04/17,40,1.99,161,Ninja Gaiden® 3 Mentor Pack 2,415A40B8477ED9128BAC0C38796070D1009AC41758
[NINJA GAIDEN 3],2012/04/03,40,9.99,161,Ninja Gaiden® 3 Ninja Pack 1,415A40B8477ED9128BAC0C38796070D1009AC41758
[NINJA GAIDEN 3],2012/04/17,40,1.99,161,Ninja Gaiden® 3 Acolyte Pack 2,415A40B8477ED9128BAC0C38796070D1009AC41758
[NINJA GAIDEN 3],2012/05/31,40,7.99,161,Ninja Gaiden® 3 Ultimate Ninja Pack,415A40B8477ED9128BAC0C38796070D1009AC41758
[NINJA GAIDEN 3],2012/04/17,40,1.99,161,Ninja Gaiden® 3 Costume Pack 2,415A40B8477ED9128BAC0C38796070D1009AC41758
[NINJA GAIDEN 3],2012/04/03,40,1.99,161,Ninja Gaiden® 3 Leader Pack 1,415A40B8477ED9128BAC0C38796070D1009AC41758
[NINJA GAIDEN 3],2012/04/03,40,1.99,161,Ninja Gaiden® 3 Mentor Pack 1,415A40B8477ED9128BAC0C38796070D1009AC41758
[NINJA GAIDEN 3],2012/04/03,40,1.99,161,Ninja Gaiden® 3 Costume Pack 1,415A40B8477ED9128BAC0C38796070D1009AC41758
[NINJA GAIDEN 3: RE],2013/04/02,40,9.99,0,NINJA GAIDEN 3: Razor's Edge Online Pass,912693AF0305FBF8CC007735FCF58A4E979DA2EE58
[NINJA GAIDEN 3: RE],2013/07/02,40,4.99,0,NINJA GAIDEN 3: Razor's Edge Costume Pack,BADEDA5EE796355B4A76388E95C2B27EFF37308D58
[Novadrome],2007/03/21,20,3.13,4,Novadrome - Bonus Pack,C9C1C89EC949BAA3D254DCC301CF36ED64F63D6658
[Oblivion],2006/08/31,40,1.00,0,Spell Tomes,FEAB347284FEC9DFAEC12E86DFF3DD432AFDDF8A58
[Oblivion],2006/04/24,40,1.88,7,The Wizard's Tower,F2FCA6A06CB7DACA291A145CA1AEAB4D6140364A58
[Oblivion],2010/06/10,40,9.99,893,Shivering Isles,746A1727A1677C6F47B8B50538A2AE7B20AA5C0258
[Oblivion],2006/04/17,40,1.88,10,The Orrery,0EAD4EB5E7E36B9C58ECE8A8CE453E09E3A3FA9A58
[Oblivion],2007/10/15,40,1.88,9,The Fighter's Stronghold,AB291FA5D2D7D19E48F462E1BE09E6EE35145B1C58
[Oblivion],2006/07/13,40,1.88,3,The Vile Lair,7E812D585171CFCC8173E3F07DB4D48E976DFBDF58
[Oblivion],2012/08/13,40,4.99,132,Knights of the Nine,BFD659CAE17313AF57CA318C3DA26992E9727E2558
[Oblivion],2006/06/15,40,3.13,0,Mehrunes' Razor,19F88E6DFCD45E56A7FD11EC25B2568E12F8004558
[Oblivion],2006/04/03,40,2.49,2,Horse Armor Pack,6D9A2C3CC16F86D652E3105D3CCAE9CE043A121858
[Oblivion],2006/05/22,40,1.88,2,The Thieves Den,D1F47B364D545402E3E03F2041E0DB9250BF565258
[Omerta - City of Gangsters],2013/09/02,30,0.00,156,Omerta - City of Gangsters - Serious Business,5C2BCF70BF3D09DCE79DD08C636E789DD49D88BC58
[Omerta - City of Gangsters],2013/01/31,30,1.99,0,Omerta - City of Gangsters - The Bulgarian Colossus,9688F87CF0BD1DA417135D6637FA32DB2AFB66B658
[Omerta - City of Gangsters],2013/05/31,30,2.99,0,Omerta - City of Gangsters - Damsel in Distress,5C768A1FFACD20C50F850E091A17E5364CC9CE1958
[Omerta - City of Gangsters],2013/05/03,30,2.99,0,Omerta - City of Gangsters - The Arms Industry,AAD72A592776F556B5F18EE1F27B434884EBED7C58
[Omerta - City of Gangsters],2013/06/21,30,2.99,0,Omerta - City of Gangsters - The Con Artist,C58D4789281B1DE59B7326B51FA0EC13F57E746658
[Omerta - City of Gangsters],2015/02/24,30,4.99,849,Omerta - City of Gangsters - The Japanese Incentive,5EF4D7DA8369F64C0B597ED8AAC9EBEA32D1F1ED58
[Onechanbara],2009/02/19,40,0.00,25,Saki : Extra Costume Data [LEGACY],C538DECF5C80E3DECF07E08BCF99BBEEF5A2190358
[Onechanbara],2009/02/19,40,9.99,133,Full Pack Data,0E41D24F6DF2392835CE40B32CE630F900222C0458
[Onechanbara],2009/02/19,40,0.00,25,Aya : Extra Costume Data [LEGACY],133C099393A283B85C3555F56470B6C12BE4C95F58
[Onechanbara],2009/02/19,40,0.00,22,Reiko : Extra Character Data,EAFE5415AED6DFB9B7C8AFDB362A63CCBA55701058
[Onechanbara],2009/02/19,40,2.49,25,Saki : Extra Costume Data [SPECIAL],8B0656C32E00F9436F95E23F88DD83DD512C2C8658
[Onechanbara],2009/02/19,40,2.49,11,Anna : Extra Costume Data [SPECIAL],D78260C3B25B537B8C1044302667AFEEADEEB33B58
[Onechanbara],2009/02/19,40,2.99,27,Misery : Extra Character Data,A3DA99931270FE9AA2504E90B90837A3B383468B58
[Onechanbara],2009/02/19,40,2.99,19,Himiko : Extra Character Data,76B12D9174DE48EA9DAB015FFF1426C78FF088BE58
[Onechanbara],2009/02/19,40,2.49,24,Aya : Extra Costume Data [SPECIAL],05ACC6A293548691FBDE989C44795C0B6DF6C61058
[Onechanbara],2009/02/19,40,2.49,13,Anna : Extra Costume Data [LEGACY],C1E9E880CDEE761420FCDF7C122EE9FCBF75FD9158
[Optional Media Update],2011/07/08,-65535,0.00,0,Optional Media Update,532BBD19E5F023B68824854EEEB3F4C47A2A95F458
[Orcs Must Die!],2011/12/14,30,4.99,92,Orcs Must Die! Lost Adventures DLC,2F8512A54F4DAED20024CFA737C1725A9704224058
[Otomedius Excellent],2011/12/06,30,0.00,131,DLC Diol/Tita/Esmeralda (library),15AA7A2DB834BA986FEB9130A722CE37D8BF4F2158
[Otomedius Excellent],2011/12/20,30,0.00,109,DLC Yebisuboshi Stage (library),220480A4DDEF7C7BF2EECE5922130867676EEBF658
[Otomedius Excellent],2011/12/13,30,0.00,131,DLC St. Gradius Academy Stage (library),BF1EF3F3A0D1E6284C3436706F852181BCFCFBA958
[Otomedius Excellent],2011/11/22,30,0.00,126,DLC Anoa/Eru/Madoka (library),DEE4B229FCCCB8353590979DEAF3AEAA83D8B89858
[Otomedius Excellent],2012/01/17,30,0.00,111,DLC Donburi Island Stage (Library),D41921B8F6C09B960795B70938809DD96DD4FA0F58
[Otomedius Excellent],2011/12/20,30,0.00,134,DLC Poini/Hanafuuma/Arnval (library),707FBF0589C16E3A6F1E4903D27AFB178D7C70FB58
[Otomedius Excellent],2011/11/15,30,5.49,293,BGM Pack 2: Erul Tron,A0E4462B1ED4410193A2FB099347B01AF11B6B8B58
[Otomedius Excellent],2011/12/13,30,1.99,51,Tita Nium (Bacterian Force Uniform),A9383E3F5A387D8DB4C5FFD6B66E313EA78BD1C558
[Otomedius Excellent],2011/11/22,30,5.49,264,BGM Pack 6: Esmeralda & Poini Kune,9C27E4FBDF2C0267342FDD8B682D8A11E7581B7858
[Otomedius Excellent],2011/11/29,30,1.99,42,Aoba Anoa (St. Gradius Academy Uniform),AA6590D6BA2E9EBFCE859AA4E239207D51312BD958
[Otomedius Excellent],2011/11/22,30,0.00,46,Strarf (library),4D9C366CF1FD8F9CF516239C626F53B934A69C3058
[Otomedius Excellent],2011/12/20,30,1.99,40,Esmeralda (Restaurant Uniform),EB140C09546EAC727BE18E9A7A17E91366E7EAE558
[Otomedius Excellent],2011/12/13,30,5.49,279,BGM Pack 7: Gesshi Hanafuuma,A7CBBFEC1EF5EDC52E9F93B2D17CC0BD4367484658
[Otomedius Excellent],2011/11/29,30,5.49,278,BGM Pack 10: Strarf,B88F100A17DDAE34CB76A18FEDE67770BD6C60FA58
[Otomedius Excellent],2011/12/06,30,1.99,47,Madoka (Dynastic Dress),47F1A69AAF4618E56B6558EFF5EA78FCC8EF9D8258
[Otomedius Excellent],2011/11/22,30,4.99,56,Strarf,11885AA78BE75CC9A421A8D0511249AAE2A3B37E58
[Otomedius Excellent],2011/11/15,30,0.00,40,Kokoro Belmont (library),B17A37E0ED852AB315F2E0A6195148E89ADFCB9B58
[Otomedius Excellent],2011/11/15,30,4.99,49,Kokoro Belmont,0DB3A299E4333375E3F0177D11DA1685573050C658
[Otomedius Excellent],2011/11/01,30,0.00,35,RV Vic Viper T-301 (library),A4AE15B500163EC2A1A429185B678AB741E328C458
[Otomedius Excellent],2011/11/15,30,5.49,276,BGM Pack 3: Madoka,9BFFB296D72306CE6EF63B3EC853DAA32DF7E9DF58
[Otomedius Excellent],2011/12/20,30,5.49,285,BGM Pack 1: Aoba Anoa,B8D8C4F29E4346B3C2AF91666F16BC744819430B58
[Otomedius Excellent],2012/01/17,30,5.99,111,Donburi Island Stage,34C3688CB2ACDAE08C0B9A58609311381C95542058
[Otomedius Excellent],2011/12/20,30,1.99,45,Poini Kune (Apron Dress),26F6A29B59FD93EFB728A021ECE685643A48757F58
[Otomedius Excellent],2011/12/13,30,5.99,131,St. Gradius Academy Stage,A49FA1EF1888F57C3BAAD5E052979216C9D09D8F58
[Otomedius Excellent],2011/11/22,30,5.49,275,BGM Pack 5: Tita Nium,F91553428FBF9F9DE5DBBC671BF0083D2B1FE03658
[Otomedius Excellent],2011/11/15,30,5.49,289,BGM Pack 4: Diol Twee,F60A5E9B557C13D4097FB863AC3C5AC6FC39782958
[Otomedius Excellent],2011/12/20,30,5.99,109,Yebisuboshi Stage,55B9B63A85D2CF0CDFAC4CE5BEF35DF0C9A9819A58
[Otomedius Excellent],2011/11/29,30,5.49,276,BGM Pack 8: Arnval,1005658DC5D03340EEC6EDC78E53B49FFF2E892658
[Otomedius Excellent],2012/01/17,30,1.99,46,Gesshi Hanafuuma (P.E. Outfit),9915BB0F53BBFD40094A2D7A4846658BDFD4350758
[Otomedius Excellent],2011/12/06,30,5.49,275,BGM Pack 9: Kokoro Belmont,B049B7164A8EB3BB092950613ECDA36BB802361A58
[Otomedius Excellent],2011/12/06,30,1.99,44,Diol Twee (Heirloom Dress),3EEEDC9698056220D1E7001943821C02DBEF5B5F58
[Otomedius Excellent],2012/01/17,30,1.99,48,Arvnal (Summer Kimono),376593775C5D7A018DD964976086AEA6FDA64D2858
[Otomedius Excellent],2011/11/22,30,1.99,42,Erul Tron (Legendary Pilot Suit),EBC824A81552E0BCFFDC1A89509DDF3C6264F22758
[Outpost Kaloki X],2005/11/01,10,0.00,0,Fireworks Scenario - Outpost Kaloki,36821133F240E8543350F483963E978F9159BC7458
[Outpost Kaloki X],2006/01/10,10,0.00,0,Bounty Hunter Scenario - Outpost Kaloki,545DD3F3BE41F6F9ADE5E5397C22917FD788304658
[Outpost Kaloki X],2006/02/07,10,0.00,0,The Swarm Scenario - Outpost Kaloki,B577A6C058678EDE20486FF70639A50B3BB483A958
[Outpost Kaloki X],2006/02/07,10,1.25,0,Challenge of the Gods Scenario - Outpost Kaloki,290ECB572EF5C921B2ECF0F11B6E95673E52365258
[Outpost Kaloki X],2006/01/10,10,2.49,1,Love Story Scenario - Outpost Kaloki,59EF6B6B6457DB14A8040E0C49674E10F1CEEBCD58
[PAC-MAN CE DX+],2013/09/25,10,1.99,6,Big Eater Course,CA20E01B1217386537C17112050E0CEBCAAC6CBF58
[PAC-MAN CE DX+],2013/09/25,10,1.99,7,MOUNTAIN COURSE,1F0663E8B9A6279CE140C8637469A3EA5880773558
[PAC-MAN CE DX+],2013/09/25,10,1.99,28,Dig Dug Skin,5992884A50E4F01C41BEBBF90FB637C730DB55F758
[PAC-MAN CE DX+],2013/09/25,10,1.99,27,Rally-X Skin,A33C16E8B8875FE6FDB37059AFEC0DDF3DDAADA358
[PAC-MAN CE DX+],2013/09/25,10,1.00,18,Reentrance BGM,A041F1395993A84F4C6E693B8BBA98799FD2F90558
[PAC-MAN CE DX+],2013/09/25,10,7.99,146,PAC-MAN CE DX+ All You Can Eat Add-on Pack,1266B34A16BC9BAFE93DA457F021597FE54E54FA58
[PAC-MAN CE DX+],2013/09/25,10,1.99,33,Pac is Back Skin,713D4793E19A526540532FBF00B746AD81D32B0A58
[PAC-MAN CE DX+],2013/09/25,10,1.99,0,Championship III and Highway II Courses,186FBADDA299F9DFF7CAD8D81C6EC9AEF2AB4F9758
[PAC-MAN CE DX+],2013/09/25,10,1.00,23,Pac Steps BGM,36BF95DDC48FCF904C2B6C80F5C084439FECC6C958
[Painkiller Hell & Damnation],2014/07/11,40,6.99,324,Painkiller Hell & Damnation: Demonic Vacation BS,8C70D6B855F0C614BDC1AAF25DC5C9A3DBC23D4658
[Painkiller Hell & Damnation],2013/12/13,40,6.99,556,"Painkiller Hell & Damnation: Operation “Zombie Bunker""",EFFEB353CDAD6697AAC0436B857915B554316C8958
[Painkiller Hell & Damnation],2014/07/11,40,6.99,377,Painkiller Hell & Damnation: City Critters,5E3A87DDBEEF6B8C6243180A69C10704151621F058
[Painkiller Hell & Damnation],2013/07/12,40,3.99,482,Painkiller Hell & Damnation: Full Metal Rocket,FEBE1AB07BE0BB834078B9242E049944146BF7AC58
[Painkiller Hell & Damnation],2013/07/12,40,6.99,308,Painkiller Hell & Damnation: The Clock Strikes Meat Night,9AFCA8F5ADD37799ACDC3E5AF3C2790E0D9856C658
[Painkiller Hell & Damnation],2013/07/12,40,3.99,414,Painkiller Hell & Damnation: Medieval Horror,4D58100D82ACDC6A883D721039497B33D8A4089158
[PAYDAY 2],2014/10/28,40,0.00,1190,Bane has an update for us…,6B5CBBCEECB29E385D61A359CC95064B9D9BC55458
[PAYDAY 2],2014/10/28,40,0.00,0,PAYDAY™ 2 Thespian Mask Pack DLC,169CA9220FDDD0E61B6C093EC67EBE8C404A420758
[PAYDAY 2],2014/10/28,40,7.99,0,PAYDAY™2 Swag bag bundle,72FF9DE5F0E30BF6648518E5FC788C8D6A751B1758
[PAYDAY 2],2013/10/16,40,4.99,0,LootBag additional content,1FEB5F49F2C484EA7667412EEF4A91E9F3C81CEB58
[PAYDAY 2],2014/10/28,40,3.99,0,PAYDAY™ 2 The armored transport,E4538781807DF8705B63100910CF956B3316028158
[PAYDAY 2],2014/10/28,40,2.99,0,PAYDAY™ 2 Gage pack 1,858137BF8FE7B93A62C771F87F67AF33C9C72E9E58
[PAYDAY 2],2014/10/28,40,2.99,0,PAYDAY™ 2 Gage pack 2,F2A79C057D22D871CF6E43BAC7A22F3FA3A45B6F58
[Peggle],2009/11/12,10,4.99,17,Peggle™ Nights Content Pack,6AE5772224F8D86683B03E3A1B7509A48D1D4AAE58
[Perfect Dark Zero],2006/11/01,40,0.00,104,Perfect Dark Zero Map Pack Two,7841AEFC8C33B6D0BECAF57E4DD4DBAECD104C7358
[Perfect Dark Zero],2006/06/07,40,1.99,226,Perfect Dark Zero Map Pack One,28A3533063A3643DD1AF810EE03BFEA893A7C9D758
[Photo Party],2008/11/17,60,0.00,10,Photo Party,0BE599C6A2DA09846E7658850C43829C116D22E058
[Pinball FX2],2016/09/27,10,0.00,106,Marvel's Women of Power (Trial),90598FDD78B53C21F5B60F14AE274BB48102F52958
[Pinball FX2],2016/09/27,10,6.99,106,Marvel's Women of Power,90598FDD78B53C21F5B60F14AE274BB48102F52958
[Pinball FX2],2012/09/05,10,0.00,53,Plants VS. Zombies Table,7C1D6800AA6FBFD6EE176771CCDE6FDB65CA577B58
[Pinball FX2],2016/04/26,10,0.00,171,Aliens vs. Pinball (Trial),11B1E0C42D594AFA4B0BF2015A6136072EABA74358
[Pinball FX2],2013/10/16,10,0.00,173,Star Wars Pinball™: Balance of the Force,E578A500611F2726038BB009ED5E982048964DF558
[Pinball FX2],2011/12/14,10,0.00,261,Marvel: Vengeance and Virtue (Trial),DCE6C7C6D76E5CC2527EB6CB311FCC9EB32CFEEF58
[Pinball FX2],2014/08/27,10,0.00,61,The Walking Dead - Trial,DE44931E2FE38F1A331FFCA88A97C9D098874DF858
[Pinball FX2],2014/12/10,10,0.00,58,Venom Trial,A22BFC1D650C62CEE3AC3AABEDF2769F558962AF58
[Pinball FX2],2010/12/08,10,0.00,205,MARVEL Pinball (Trial),3985C43133DBBD1EC8AB49757A0E6ADB72AE9AD458
[Pinball FX2],2016/01/12,10,0.00,121,Star Wars™ Pinball: The Force Awakens™ Pack (Trial),5536095B03E12BDDA37515ACE64304EF308A8FB258
[Pinball FX2],2015/05/27,10,0.00,62,Portal ® (Trial),884B99788BC16C1D5C9FBCB38964F07735544BDB58
[Pinball FX2],2015/10/21,10,0.00,158,Balls of Glory Pinball (Trial),DA3762421EFEC67F3F979C484E534C179EFAA08058
[Pinball FX2],2014/04/30,10,0.00,249,Star Wars™ Pinball: Heroes Within Trial,301C87742B0239DE0D1623557708C626159A681858
[Pinball FX2],2011/08/31,10,0.00,38,Ms Splosion Man Table (Trial),76A77E3DF58D8B99EEFA5F888D50606EE68D713158
[Pinball FX2],2010/10/27,10,0.00,108,Pinball FX Classic (Trial),6D38FAAA9C4C76DC5194B2EA2F5222515488E9E158
[Pinball FX2],2012/06/20,10,0.00,252,Marvel: Avengers Chronicles (Trial),5EF42D0A1F2DF2D6E8C26B33A1D147CF421B445058
[Pinball FX2],2011/04/13,10,0.00,61,Mars (Trial),7AC0CA60ECFDB37556EEE5969329BC70804ADE2D58
[Pinball FX2],2015/04/29,10,0.00,62,Star Wars™ Pinball: Star Wars Rebels™ (Trial),C186CC2C7348586B4508A9517A801867AD15442358
[Pinball FX2],2010/10/27,10,0.00,33,Nightmare Mansion (Trial),D78D9B794CF0572AE93B3CA3AC4D3DE3F0293A3258
[Pinball FX2],2010/10/27,10,0.00,39,Earth Defense (Trial),25E5B70E6A7E66FB0DFD8D80FAED3BB872A77E4B58
[Pinball FX2],2015/07/15,10,0.00,58,Marvel's Ant-Man (Trial),94A54CEE6D0140F5774C27BF91565E56E42136DC58
[Pinball FX2],2014/08/27,10,2.99,61,The Walking Dead,DE44931E2FE38F1A331FFCA88A97C9D098874DF858
[Pinball FX2],2011/10/26,10,0.00,52,Paranormal (Trial),1ACCDB4F97E8777EDC19261FC938AB8C4EC16C2458
[Pinball FX2],2016/04/26,10,9.99,171,Aliens vs. Pinball,11B1E0C42D594AFA4B0BF2015A6136072EABA74358
[Pinball FX2],2010/10/27,10,0.00,29,Street Fighter II (Trial),C9EA25B651285D6ACAB05543BE87EA208AF0070358
[Pinball FX2],2015/04/22,10,0.00,65,Marvel's Avengers: Age of Ultron (Trial),783C62B3515E6B1547A54FCEE435F1D4033D641058
[Pinball FX2],2010/10/27,10,0.00,50,Excalibur (Trial),5B6A086D8BA5706486BAADCDB394207DB8F51C5D58
[Pinball FX2],2011/10/12,10,0.00,55,Sorcerer's Lair (Trial),AF3F39089442FF3A3D103D04B36AF48824CE0DB658
[Pinball FX2],2010/12/01,10,9.99,205,MARVEL Pinball (Full),3985C43133DBBD1EC8AB49757A0E6ADB72AE9AD458
[Pinball FX2],2012/12/12,10,0.00,119,Zen Classics (Trial),E8B103EDC5626001A9041EF2A9E03A3C8E913CAC58
[Pinball FX2],2015/05/27,10,2.99,62,Portal ®,884B99788BC16C1D5C9FBCB38964F07735544BDB58
[Pinball FX2],2013/12/18,10,0.00,72,Doctor Strange (Trial),2B78B332AA13C7B9B66CD1902ABCA90523EA999558
[Pinball FX2],2014/07/30,10,0.00,61,Guardians of the Galaxy (Trial),01E5050973538B97B62529043F7EBEA6F7C442A958
[Pinball FX2],2016/01/12,10,4.99,121,Star Wars™ Pinball: The Force Awakens™ Pack,5536095B03E12BDDA37515ACE64304EF308A8FB258
[Pinball FX2],2014/06/25,10,2.99,71,Deadpool (Full),4A7616E53A5ADC77ECD8566E0192229D52C0D77658
[Pinball FX2],2011/12/14,10,9.99,261,Marvel: Vengeance and Virtue,DCE6C7C6D76E5CC2527EB6CB311FCC9EB32CFEEF58
[Pinball FX2],2010/10/13,10,2.49,29,Street Fighter II (Full),C9EA25B651285D6ACAB05543BE87EA208AF0070358
[Pinball FX2],2010/10/27,10,0.00,0,Pinball FX2 Core Collection (Trial),70EA2567010F363688A53EF0C836A6F2B1412AFB58
[Pinball FX2],2012/11/20,10,0.00,58,Civil War Table (Trial),84CD593D8851156094292A5DC064AD92BE159EF658
[Pinball FX2],2012/09/05,10,2.99,53,Plants VS. Zombies Table,7C1D6800AA6FBFD6EE176771CCDE6FDB65CA577B58
[Pinball FX2],2010/10/13,10,9.99,0,Pinball FX2 Core (Full),70EA2567010F363688A53EF0C836A6F2B1412AFB58
[Pinball FX2],2014/04/30,10,9.99,249,Star Wars™ Pinball: Heroes Within,301C87742B0239DE0D1623557708C626159A681858
[Pinball FX2],2012/06/20,10,9.99,252,Marvel: Avengers Chronicles,5EF42D0A1F2DF2D6E8C26B33A1D147CF421B445058
[Pinball FX2],2013/02/27,10,9.99,171,Star Wars Pinball (Full),845E82BEDD3ADC86A064A280BADA78DA01FF7FA958
[Pinball FX2],2015/02/25,10,0.00,116,Iron & Steel Pack (Trial),31EF2968AF2C21F0895FB49EC03982D617E9A8B658
[Pinball FX2],2015/04/29,10,2.99,62,Star Wars™ Pinball: Star Wars Rebels™,C186CC2C7348586B4508A9517A801867AD15442358
[Pinball FX2],2012/02/15,10,0.00,73,Epic Quest Table: Trial,C2B6F5BF5B6E022FFB6F059C74E36252BB60479B58
[Pinball FX2],2014/06/25,10,0.00,71,Deadpool (Trial),4A7616E53A5ADC77ECD8566E0192229D52C0D77658
[Pinball FX2],2010/10/13,10,2.49,50,Excalibur (Full),5B6A086D8BA5706486BAADCDB394207DB8F51C5D58
[Pinball FX2],2014/12/10,10,2.99,58,Venom,A22BFC1D650C62CEE3AC3AABEDF2769F558962AF58
[Pinball FX2],2011/05/18,10,2.99,49,Fantastic Four Table (Full),0FCA51EA44566C2F8A0184AAB6EB102D9197126558
[Pinball FX2],2015/10/21,10,9.99,158,Balls of Glory Pinball (Full),DA3762421EFEC67F3F979C484E534C179EFAA08058
[Pinball FX2],2010/10/13,10,9.99,108,Pinball FX Classic (Full),6D38FAAA9C4C76DC5194B2EA2F5222515488E9E158
[Pinball FX2],2013/02/27,10,0.00,171,Star Wars Pinball (Trial),845E82BEDD3ADC86A064A280BADA78DA01FF7FA958
[Pinball FX2],2011/05/18,10,0.00,49,Fantastic Four Table (Trial),0FCA51EA44566C2F8A0184AAB6EB102D9197126558
[Pinball FX2],2014/07/30,10,2.99,61,Guardians of the Galaxy (Full),01E5050973538B97B62529043F7EBEA6F7C442A958
[Pinball FX2],2011/08/31,10,2.99,38,Ms Splosion Man Table (Full),76A77E3DF58D8B99EEFA5F888D50606EE68D713158
[Pinball FX2],2011/06/29,10,0.00,65,Captain America Table  (Trial),4D8C4F97A2D6BF74CEC8083786EB9AD6E05D80EA58
[Pinball FX2],2011/06/29,-65535,2.99,65,Captain America Table (Full),4D8C4F97A2D6BF74CEC8083786EB9AD6E05D80EA58
[Pinball FX2],2015/04/22,10,2.99,65,Marvel's Avengers: Age of Ultron,783C62B3515E6B1547A54FCEE435F1D4033D641058
[Pinball FX2],2015/07/15,10,2.99,58,Marvel's Ant-Man,94A54CEE6D0140F5774C27BF91565E56E42136DC58
[Pinball FX2],2012/12/12,10,9.99,119,Zen Classics (Full),E8B103EDC5626001A9041EF2A9E03A3C8E913CAC58
[Pinball FX2],2013/12/18,10,2.99,72,Doctor Strange (Full),2B78B332AA13C7B9B66CD1902ABCA90523EA999558
[Pinball FX2],2013/10/16,10,9.99,173,Star Wars Pinball™: Balance of the Force,E578A500611F2726038BB009ED5E982048964DF558
[Pinball FX2],2015/02/25,10,4.99,116,Iron & Steel Pack,31EF2968AF2C21F0895FB49EC03982D617E9A8B658
[Pinball FX2],2012/11/20,10,2.99,58,Civil War Table (Full),84CD593D8851156094292A5DC064AD92BE159EF658
[Pinball FX2],2012/02/15,10,2.99,73,Epic Quest Table,C2B6F5BF5B6E022FFB6F059C74E36252BB60479B58
[Pinball FX2],2010/10/13,10,2.49,33,Nightmare Mansion (Full),D78D9B794CF0572AE93B3CA3AC4D3DE3F0293A3258
[Pinball FX2],2010/10/13,10,2.49,39,Earth Defense (Full),25E5B70E6A7E66FB0DFD8D80FAED3BB872A77E4B58
[Pinball FX2],2011/11/02,10,2.99,52,Paranormal (Full),1ACCDB4F97E8777EDC19261FC938AB8C4EC16C2458
[Pinball FX2],2011/10/12,10,2.99,55,Sorcerer's Lair,AF3F39089442FF3A3D103D04B36AF48824CE0DB658
[Pinball FX2],2011/04/13,10,2.99,61,Mars (Full),7AC0CA60ECFDB37556EEE5969329BC70804ADE2D58
[Pinball FX2],2017/01/31,-65535,3.99,66,Star Wars™ Pinball: Rogue One™,7CF2F003A5366A31D5C2B9F1EF16A3E2FCD3F0FB58
[Pinball FX2],2017/01/31,10,0.00,66,Star Wars™ Pinball: Rogue One™ (Trial),7CF2F003A5366A31D5C2B9F1EF16A3E2FCD3F0FB58
[Pinball FX2],2016/12/06,10,0.00,226,Bethesda® Pinball (Trial),135A5A21C38F99F45CFE920C02B3D4225E8D7E3A58
[Pinball FX2],2016/12/06,10,10.99,226,Bethesda® Pinball,135A5A21C38F99F45CFE920C02B3D4225E8D7E3A58
[Plants vs Zombies Garden Warfare],2014/09/30,20,0.00,1515,Plants vs. Zombies™ Garden Warfare - Legends of the Lawn,0F926219CE9DD6380F5EEC568DD0DA92E103884758
[Plants vs Zombies Garden Warfare],2014/04/15,20,0.00,579,Plants vs. Zombies Garden Warfare Zomboss Down Pack,EBC1CC72A2F238CBF02B49499A0C550969DD304E58
[Plants vs Zombies Garden Warfare],2014/07/01,20,0.00,1181,Plants vs. Zombies™ Garden Warfare - Tactical Taco Party Pack,06B24F2550ABB0D8D670E08803252EC28321D02B58
[Plants vs Zombies Garden Warfare],2014/03/26,20,0.00,184,Plants vs. Zombies Garden Warfare Garden Variety Pack,412585D4370DD1E2E4252E6D6DE0FF7C7EB21AF358
[Plants vs Zombies Garden Warfare],2014/08/12,20,0.00,1528,Plants vs. Zombies™ Garden Warfare - Suburbination,4C7F11D36CC104DB56170E2D81F22AA0D5A7C87658
[Port Royale 3],2013/01/25,30,2.99,201,Port Royale 3 - Harbour Master,0EFB96DEE56DCD911735C4C02486C3CB82095BCD58
[Port Royale 3],2013/03/20,30,2.99,201,Port Royale 3 - Dawn of Pirates,0EFB96DEE56DCD911735C4C02486C3CB82095BCD58
[Port Royale 3],2013/05/31,30,2.99,201,Port Royale 3 - New Adventures,0EFB96DEE56DCD911735C4C02486C3CB82095BCD58
[Portal 2],2011/10/04,20,0.00,1331,Portal 2: Peer Review downloadable content,91F514AB1B17493356E1F220EC5F4BC35C8A289658
[Prey],2006/10/10,40,0.00,1,Becky,228E8A0DB65E47D3C1A97141397D68BC4D48E79B58
[Prey],2006/10/10,40,0.00,7,Gravity Labs,EF87A2DEC2C3AD24F6A1CC4A352E304A861A278D58
[Prey],2006/10/10,40,0.00,4,Space Oddity,5D0D903EFACBFBFB22AEDBAA0C7B53929B21D06558
[Prey],2006/10/10,40,0.00,6,Topillogical,B4225C5CA3D2F6B5650ED0DA9FF35EFC1CBC144D58
[Prey],2006/10/10,40,0.00,4,Tunnel Rat,1210A0E34B3B51308DAAC14904C8197ABCDAD99A58
[Prey],2006/10/10,40,0.00,1,Elhuit,9B5FEB47707E34035603F58D7DC0A44C289CC5AA58
[Prey],2006/10/10,40,0.00,1,Elite,E0787965E5EE7D0CE3C92137EA4D22C4AA379D7758
[Prey],2006/10/10,40,0.00,1,Hunter,7FE83DDE1FF6DE7C7123287BF0D01D533782506558
[Prey],2006/10/10,40,0.00,1,Jen,503025D620987A7AE4BAB083FB461F76A5A93F8358
[Prince of Persia],2009/03/05,30,9.99,548,Epilogue,CFDE1CB059F4655442FB4E8A7317144EFCAF7F9F58
[Prison Architect: Xbox 360 Edition],2016/08/02,40,9.99,0,Prison Architect: All Day And A Night DLC,66F0F92C7FAF3CFC2DE7E9235421918EB5E38DE458
[PROJECT SYLPHEED],2007/07/25,30,0.00,2,6 New Missions & Weapons + Leaderboards,B3B11B7FAC9C865BAD6CF8CAB3BCD7624C7219B858
[PROTOTYPE 2],2012/07/24,40,9.99,0,RADNET Access Pack,DFD1F592FF1D31B0D512A9DF3E453FF4151E486158
[PROTOTYPE 2],2012/05/08,40,4.99,3,Colossal Mayhem Pack,D0BBAB0B4A32E9F55879F7DD1087014CBC61EF8358
[PROTOTYPE 2],2012/05/29,40,4.99,3,Excessive Force Pack,94C032F3C171D0071DD8A4C99499DA7CD75F09D258
[Puzzle Arcade],2008/01/08,10,1.99,18,Puzzle Arcade - Space,C046F849EB3C89D3CB368DD885A5E7F312CAB8E358
[PUZZLE BOBBLE Live!],2009/11/11,10,2.99,0,1P Puzzle Pack-1,BD59150E2B2348D6EB75AC05C1A8E345BAABA88258
[PUZZLE BOBBLE Live!],2009/11/11,10,2.99,0,1P Puzzle Pack-2,F2A148A8149490E8F858FFF9B055B3159F91C58C58
[Puzzle Quest],2008/07/23,20,4.99,14,Puzzle Quest: Challenge of the Warlords - Revenge of the Plague Lord,4B91FE8DC88CB614D8FA97EE1D85B9B27A1DDD7958
[QIX++],2010/03/30,10,2.99,0,"QIX++ Expansion Pack 2 ""Hunt""",F1AE0922F661F48B87AF99FB8BDF3002900FEA9C58
[QIX++],2010/03/30,10,2.99,0,"QIX++ Expansion Pack 1 ""Float""",5FC17B7CFBCCF003B953A1AFFFD69261C673576858
[Quantum Conundrum],2012/09/12,10,2.99,116,IKE-aramba!,D87408478131F4C4AF5111D5615AFB9B1DAA9C4F58
[Quantum Conundrum],2012/08/15,10,2.99,111,The Desmond Debacle,077F3B90019B091AE46A05438921D4AD459D0EA158
[Rabbids Invasion: The Interactive TV Show],2015/03/03,20,3.99,728,RABBIDS INVASION - PACK #5 SEASON ONE,D9A522FACB231C8F467F2083BA7541A097EFDB8358
[Rabbids Invasion: The Interactive TV Show],2014/12/11,20,0.00,218,RABBIDS INVASION – BONUS EPISODE,4DCB0BB12E2C9E573C13A4BF40405CC5B44B73DF58
[Rabbids Invasion: The Interactive TV Show],2015/01/20,20,3.99,914,RABBIDS INVASION - PACK #3 SEASON ONE,3D67689927FB91D5C49B11C250513DA3F85125FE58
[Rabbids Invasion: The Interactive TV Show],2014/12/09,20,3.99,753,RABBIDS INVASION - PACK #2 SEASON ONE,14412796590A02C3C6CCC06F3501DF948BAE71CE58
[Rabbids Invasion: The Interactive TV Show],2014/12/11,20,3.99,711,RABBIDS INVASION - PACK #1 SEASON ONE,F75E3E403632773BA65DD26C76D33F583924E98258
[Rabbids Invasion: The Interactive TV Show],2014/11/18,20,14.99,0,RABBIDS INVASION - SEASON PASS,E65A0B55053894AE748097E3849632E1F860DF7F58
[Rabbids Invasion: The Interactive TV Show],2015/02/03,20,3.99,955,RABBIDS INVASION - PACK #4 SEASON ONE,C98990AAAA67B9DC0B22508C33118F2D360F705758
[Race Pro],2009/06/01,10,9.99,590,Race Pro Pack 1,1DF51FA4E9812F96D4040E388D6CF65A2D3478AA58
[Race Pro],2009/07/30,10,6.99,607,Race Pro Pack 2,53A643A4AB6BA6FA255B9232441A8BC0664D1DA058
[Race Pro],2009/07/29,10,9.99,676,Race Pro Pack 3,2F264F0BF32F4B5DF8CE284C58045CCD6EBD4D7758
[RAGE],2013/02/19,40,1.99,269,Wasteland Sewer Missions,5FC224466D3F5AFEFDCDF84C16F56C930CFAE60D58
[RAGE],2012/02/15,40,1.99,0,Anarchy Edition,38E2AA1F0D9ED19B439298F1DF3DF75912FA45F458
[RAGE],2012/12/18,40,4.99,1795,The Scorchers,D732A8A823D89AEDD3E8AC11F2596A063B667D6C58
[Raiden IV],2009/09/07,20,1.00,0,Additional ship #2: Fairy,686ED7B49D9C1306953E08CA80423B74E75C263258
[Raiden IV],2009/09/07,20,1.00,0,Additional ship #1: Raiden MK-II,12D0B71663BB8EB7147890F67895B8ACF1BAADF058
[Raskulls],2011/01/26,20,1.99,0,Raskulls Reinforcements 1,DBA2D36A99EA9B6B43D2BC093618E6FC246F0F3158
[Raskulls],2011/04/13,20,1.99,0,Raskulls Reinforcements 2,5DF84442A6AB7D60A424E604C6BF6D48F895C51058
[RE Revelations 2],2015/02/25,40,0.00,1088,RE Revelations 2: Compatibility Pack,C27391CFF2F5C0B9A043D104DBE617FDD922766158
[RE Revelations 2],2015/03/18,40,5.99,1617,RER2 Episode Four: Metamorphosis,65BC1203C54ABEB3A96E6E1A78BC0EB16C87CB3758
[RE Revelations 2],2015/03/04,40,5.99,1130,RER2 Episode Two: Contemplation,D84A892AF34BBA3691A8025E455CCD4A1276585F58
[RE Revelations 2],2015/03/11,40,5.99,1250,RER2 Episode Three: Judgment,162EB7AE7E3CAB11CD30B9D2F837C0A11492E15F58
[RE Revelations 2],2015/02/25,40,1.99,0,Raid Mode: Weapon Storage A,B94CC17C66C15F6E0B1662A961318036203059FD58
[RE Revelations 2],2015/02/25,40,19.99,0,Resident Evil Revelations 2 - Season Pass,5A579A3B1CFC198D4C60D3CC43727698573F216F58
[RE Revelations 2],2015/02/25,-65535,2.49,1088,Raid Mode Character: Albert Wesker,C27391CFF2F5C0B9A043D104DBE617FDD922766158
[RE Revelations 2],2015/02/25,-65535,2.99,1088,Claire's Rodeo Costume,C27391CFF2F5C0B9A043D104DBE617FDD922766158
[RE Revelations 2],2015/02/25,40,1.99,0,Raid Mode: Album Storage A,709FB3DD42354E1ADD27442C4D825AC929E46A0E58
[RE Revelations 2],2015/02/25,40,1.99,0,Raid Mode: Parts Storage A,C67E2CF3409CCC0CFF80BA6DD38EAA99E7BE480C58
[RE Revelations 2],2015/02/25,-65535,2.99,1088,Moira's Urban Ninja Costume,C27391CFF2F5C0B9A043D104DBE617FDD922766158
[RE Revelations 2],2015/02/25,-65535,2.99,1088,Natalia's Lottie Suit Costume,C27391CFF2F5C0B9A043D104DBE617FDD922766158
[RE Revelations 2],2015/02/25,40,1.99,0,Raid Mode: Weapon Storage C,CF74CD22D014C3CF68707B0CF204068885554A0058
[RE Revelations 2],2015/02/25,40,1.99,0,Raid Mode: Parts Storage C,C00CCE43F0086E19798279F604CD1BE6B1B2B08F58
[RE Revelations 2],2015/03/18,40,4.99,392,RER2 Extra Episode: Little Miss,AF91A53C69B3539F64BE4EC685FC58848C04E7C058
[RE Revelations 2],2015/02/25,40,1.99,0,Raid Mode: Weapon Storage B,36C97F1498E49FE90CBFDBDF424509671F39988458
[RE Revelations 2],2015/02/25,-65535,2.99,1088,Barry's Commandant Costume,C27391CFF2F5C0B9A043D104DBE617FDD922766158
[RE Revelations 2],2015/03/18,40,4.99,431,RER2 Extra Episode: The Struggle,60C10E129F324131E3FFFEF3FD8DEEAC398EF53158
[RE Revelations 2],2015/02/25,-65535,9.99,1088,Costume Pack,C27391CFF2F5C0B9A043D104DBE617FDD922766158
[RE Revelations 2],2015/02/25,40,1.99,0,Raid Mode: Album Storage B,AF2470105096E0BF2DA68A9ADC97AA5C58D6D88158
[RE Revelations 2],2015/02/25,40,1.99,0,Raid Mode: Parts Storage B,21389762A820D285087628ECC8D02C1655E774C658
[RE Revelations 2],2015/02/25,-65535,2.49,1088,Raid Mode Character: HUNK,C27391CFF2F5C0B9A043D104DBE617FDD922766158
[RE Revelations 2],2015/02/25,40,1.99,0,Raid Mode: Album Storage C,578BF05B70D5BAD4CF206F69251789D1A726C07758
[RE Revelations 2],2015/02/25,-65535,4.99,1088,Raid Mode: Throwback Map Pack,C27391CFF2F5C0B9A043D104DBE617FDD922766158
[Record of Agarest War],2010/07/13,30,0.00,0,The Role-model Pack,478E845FFAD32699CCA469C15EB0FB2A54B2E64058
[Record of Agarest War],2010/06/30,30,0.00,0,Additional-PP Pack 1,182C348922D1203CF0F2FE6522E32B7292A4B82C58
[Red Dead Redemption],2011/08/10,40,0.00,38,Legends and Killers Pack,6F7EDE1078256C2EB2C1BF61C4DF3EF4A176C51358
[Red Dead Redemption],2010/09/21,40,0.00,108,Liars and Cheats Pack,A9FA21F6C23182A720142FEC9B7AB1159732C1D558
[Red Dead Redemption],2011/09/13,40,0.00,41,Myths and Mavericks Bonus Pack,52AFDB3942F68038A4AA6DF0E480E31BBC0CD72B58
[Red Dead Redemption],2010/04/05,40,0.00,56,Hunting and Trading Pack,54A66825251B5A0FCFECA1C7F1D51E8826EDCB4E58
[Red Dead Redemption],2010/04/10,40,0.00,11,Outlaws To the End Co-Op Mission Pack,EC7376EB2D3137A5F7B0C3ED7680E6EDFE02DB2C58
[Red Dead Redemption],2010/10/26,40,9.99,1478,Undead Nightmare Pack,E853190A69AEA60F05C342A3CEECEA94F04502BE58
[Red Dead Redemption],2011/04/11,40,1.00,2,Deadly Assassin Outfit,562903A337D9504B3A23FC202D5AEE257E3C29ED58
[Red Dead Redemption],2011/04/12,40,1.00,2,Golden Guns Weapon Pack,087F4DDC8334AE7974FD18EEC0E7019A851B7EF058
[Red Dead Redemption],2011/04/12,40,1.00,1,War Horse,EAB461D1CA59C597252214D123D39B612ABDFFD158
[Red Faction: Armageddon],2011/08/02,40,6.99,1174,Red Faction: Armageddon - Path to War,B6C6F0FB5BDC910F9C43A455BA716DA1C2B4322058
[Red Faction: Armageddon],2011/06/07,40,4.99,0,Ruin Pack,4CFDE85AEAFEE95756C8C6CDCEF9B6C774C70F8058
[Red Faction: Armageddon],2011/08/09,40,1.00,0,Commando Pack,77EB0610512A2E9777547658F93A2361416ED1E658
[Red Faction: Armageddon],2011/08/09,40,1.00,0,Recon Pack,99DBB87467B840FC03E7F034CA0843618508C84458
[Red Faction: Battlegrounds],2011/06/01,20,2.99,0,Origins Pack,204FFA2B9D4293E04ED46B269AB3EE1D9BCA0D1558
[Red Faction: Battlegrounds],2011/05/25,20,2.99,0,Armageddon Pack,8E14B12946744B9381BCF5D381781FA7FBC1473858
[Red Faction: Guerrilla],2011/07/05,40,4.99,838,Red Faction: Guerrilla - Demons of the Badlands,3A346D1B48AEB784C5D8C225F4BD29BD1AC59C1658
[Red Faction: Guerrilla],2009/10/01,40,4.99,205,Red Faction®: Guerrilla™ Smasher Pack,354D734C5F862A99A45668FD7DA8E1A8ED99C3F058
[Red Faction: Guerrilla],2011/07/05,40,3.99,197,Red Faction®: Guerrilla™ Multiplayer Pack,C1ACE1DCAACC6F51719CB81E520C239E5E50148858
[Remember Me],2013/07/03,40,1.99,0,Memorize Pack,6B3C550148E21CCBC8780F5CAC9572479FB2E04258
[Remember Me],2013/07/03,40,1.99,0,Nilin Pack,C07EFF7B50448FCB0CB928AFFEC7162EAB9A501958
[Remember Me],2013/07/03,40,3.99,0,Combo Lab Pack,D28D5EA0E66AC13F9E7C7293B31BA8F43A3C8E6258
[Remember Me],2013/07/03,40,1.99,0,Neo-Paris Pack,CE90C52FA9538FFDA806134583422A4F250F356358
[Renegade Ops],2011/12/21,30,2.99,25,Renegade Ops Reinforcement Vehicle Pack,DB8611282BAC22C1C0CE67DF5F7E9FAB30C9FBC158
[Renegade Ops],2011/12/21,30,4.99,508,Renegade Ops Coldstrike Campaign,54223881B22E1105E474E3310F71B042BAA9038158
[Resident Evil 0],2016/04/20,40,0.00,3,Resident Evil 0 Fan Design T-shirt Pack,FDEADA39B7DE3F9E6B231331788DD70B2BCE86CD58
[Resident Evil 0],2016/02/18,40,2.99,2,Resident Evil 0 Costume Pack 2,6B494621F95C1B41B320961922D46906677F303D58
[Resident Evil 0],2016/01/19,40,2.99,2,Resident Evil 0 Costume Pack 4,4524D7BA289F189C0A54F6C5BE9EEF715D6400EA58
[Resident Evil 0],2016/01/19,40,2.99,2,Resident Evil 0 Costume Pack 3,A1333F0DBE4F8FBC943A2EB2149AC52F23B3533758
[Resident Evil 0],2016/02/18,40,2.99,2,Resident Evil 0 Costume Pack 1,9F0685CDE0BDDF013A72E1CDDBEC2C55EA4064CC58
[Resident Evil 0],2016/01/19,40,9.99,7,Resident Evil 0 Complete Costumes Pack,46C80D1B96C09AC0241A306CF774AE3644C0863558
[RESIDENT EVIL 5],2010/02/15,40,0.00,55,EXTRA FIGURES,4865AC06454F710BD91BF3B2B864030B273F2FAC58
[RESIDENT EVIL 5],2010/03/29,40,11.99,995,UNTOLD STORIES BUNDLE,A8B2137CBABA811F912BCBE852FB884D6F807FC058
[RESIDENT EVIL 5],2010/03/03,40,4.99,623,DESPERATE ESCAPE,E8B866B88C74DEDF8423F4AA1AE84B9234A5438558
[RESIDENT EVIL 5],2010/02/17,40,1.99,122,COSTUME PACK 1,9B724CFB21B344C6B815916422516FF3FBFF5A2E58
[RESIDENT EVIL 5],2010/03/03,40,1.99,125,COSTUME PACK 2,9932484C6C1BC3534349C2585ACC466F93FBEEDA58
[RESIDENT EVIL 5],2010/02/17,40,4.99,525,LOST IN NIGHTMARES,31B707B7AC630F2BD7C2AB708F4D83AB4F1909AA58
[RESIDENT EVIL 5],2009/04/09,40,4.99,2,RESIDENT EVIL 5 Versus Mode,E68A4C5DF864F61176CB1FDED9B7BB3B0239E8BB58
[RESIDENT EVIL 6],2012/12/20,40,0.00,641,French Voice Pack,A3CFC1CDBC0ABD6386F22EF9DF1B534E4C90697258
[RESIDENT EVIL 6],2012/12/18,40,3.99,128,Predator Game Mode,05292C534D5A51F4F268C0FE914FCBDE5559720858
[RESIDENT EVIL 6],2012/12/20,40,0.00,638,Spanish Voice Pack,D4993C14E8E4CC385D99EEEC005F0ECDD6BD2A2558
[RESIDENT EVIL 6],2012/12/20,40,0.00,633,Italian Voice Pack,D158F57F2F19D8929D303CCA00C6CFE6F3B8A8B158
[RESIDENT EVIL 6],2012/10/30,40,1.00,19,Additional Stage - The Catacombs,F9E1A4BCDB9C5E971763AB49CCA4C2CCA4B5A1E058
[RESIDENT EVIL 6],2012/12/04,40,1.99,49,Stage Map Pack A,0012239A3A4144A5AB745F8AFBF8960E5AE4EB2958
[RESIDENT EVIL 6],2012/12/20,40,0.00,635,German Voice Pack,834B15DDD5FE5E447C8D2E0D63DFA1CA6D97E69858
[RESIDENT EVIL 6],2012/10/30,40,1.00,23,Additional Stage - Rail Yard,473FAF855431539029797FFF96A989A6610A762558
[RESIDENT EVIL 6],2012/12/18,40,3.99,100,Survivors Game Mode,6277CF5FDC5ABA4164A39446DD1B039E56AA724958
[RESIDENT EVIL 6],2013/03/05,40,4.99,152,Map Pack Bundle,8E5F1A6E37C7E9F7FDA4C69A90636114DCB8938C58
[RESIDENT EVIL 6],2012/12/18,40,8.99,207,Additional 3-Mode Pack,52B6C8179BD9B9F78966F35D30E6872CF25396E358
[RESIDENT EVIL 6],2012/10/30,40,1.00,27,Additional Stage - High Seas Fortress,9871EF57769D89B2217E30CDCFEE1347FF62C54D58
[RESIDENT EVIL 6],2013/01/29,40,1.99,34,Stage Map Pack B,4D14C717C597A6254CF5F5B59489E00DB4994BD958
[RESIDENT EVIL 6],2012/12/18,40,3.99,107,Onslaught Game Mode,D5BD305FF086584CB1B6C66F4DC863D71C22FF9158
[RESIDENT EVIL 6],2013/03/05,40,3.99,128,Siege Game Mode,11A6F0E4EE9991F11986CBE085875AB184FC13CF58
[Resident Evil Operation Raccoon City],2012/04/10,40,0.00,212,FREE Echo Six Prologue Mission,BC4FC0F71B8C11127D5A7C686F1AC91CFD5A9DB558
[Resident Evil Operation Raccoon City],2012/05/01,40,1.99,0,Renegade Weapons,9C0B2413E3F7E935AAE28D5629E32B222A4E98D258
[Resident Evil Operation Raccoon City],2012/03/20,40,2.99,0,USS Wolfpack Uniforms,411D802745B74AA3BD1FA815FE5AA3BA051AED1658
[Resident Evil Operation Raccoon City],2012/05/01,40,4.99,0,Raccoon City Weapon Stash,F5A74D082831BE86A650A6BE2AF5CD1A253EE90058
[Resident Evil Operation Raccoon City],2012/03/20,40,3.99,1,Nemesis Multiplayer Mode,C64C212CB5783FCC622871A456807C407D9B521658
[Resident Evil Operation Raccoon City],2012/04/17,40,9.99,789,Echo Six Expansion Pack 1,762AEF68431E700C58B0E0E43B15BFC523DF533958
[Resident Evil Operation Raccoon City],2012/05/01,40,1.99,0,Elite Weapons,751E6D990754B2048B7822DD98A302805A13F77658
[Resident Evil Operation Raccoon City],2012/05/15,40,9.99,1016,Echo Six Expansion Pack 2,824E635B8B0276D83601A320566864CB76BC33BE58
[Resident Evil Operation Raccoon City],2012/05/01,40,1.99,0,Classic Weapons,6FAC2729186CDC7DF465307006AEE51DE448C42E58
[RESIDENT EVIL REV.],2013/06/11,40,0.00,11,"Catalog Data: RAID Outfit ""LADY HUNK""",C66A09F6B709F5C351B81B2A7D9C31BC1FA42CE558
[RESIDENT EVIL REV.],2013/05/21,40,0.00,14,"Catalog Data: RAID Outfit ""Rachael Ooze""",BBCA136477D2D8ACAAAF9668C3218C31E731A44058
[RESIDENT EVIL REV.],2013/05/21,40,0.00,2,Catalog Data: Weapon Pack,181AA4ECE1849139F2186F821F10EB29A443194C58
[RESIDENT EVIL REV.],2013/06/18,-65535,1.00,2,"Jill's Samurai Edge + Custom Part: ""S.T.A.R.S.""",181AA4ECE1849139F2186F821F10EB29A443194C58
[RESIDENT EVIL REV.],2013/06/18,-65535,1.00,2,"Jessica's G18 + Custom Part: ""BSAA""",181AA4ECE1849139F2186F821F10EB29A443194C58
[RESIDENT EVIL REV.],2013/06/04,-65535,1.99,2,"Upgrade Parts: ""Enhancement Set""",181AA4ECE1849139F2186F821F10EB29A443194C58
[RESIDENT EVIL REV.],2013/06/18,-65535,1.00,2,"Parker's Government + Custom Part: ""FBC""",181AA4ECE1849139F2186F821F10EB29A443194C58
[RESIDENT EVIL REV.],2013/06/11,-65535,2.99,14,"RAID Outfit: ""Rachael Ooze""",BBCA136477D2D8ACAAAF9668C3218C31E731A44058
[RESIDENT EVIL REV.],2013/06/04,-65535,1.99,2,"Upgrade Parts: ""Resistance Set""",181AA4ECE1849139F2186F821F10EB29A443194C58
[RESIDENT EVIL REV.],2013/06/11,-65535,2.99,11,"RAID Outfit: ""LADY HUNK""",C66A09F6B709F5C351B81B2A7D9C31BC1FA42CE558
[Ride to Hell: Retribution],2013/06/28,40,3.99,723,Cook's Mad Recipe,8F75EEEF05EFCD71E5544961A61C51E7E7FC223658
[Ridge Racer 6],2005/12/14,10,0.00,0,KANTARIS PROPHETIE,E8118F4D70974AA00926DCC5103289639097AF8558
[Ridge Racer 6],2006/03/16,10,0.00,0,Unlock Key21 CL4 BARADUKE BISONTE,52B6636F80EF6F3F9CC2CA06BCF402649014388158
[Ridge Racer 6],2005/12/14,10,0.00,0,neucom ABEILLE,ECFEF926A8F5104A375B3F2514019EAF3C01DDE458
[Ridge Racer 6],2006/03/16,10,0.00,0,Unlock Key20 CL4 NightRaven FATALITA,548F13251D1FA09827C5BD7A897220172CD994A658
[Ridge Racer 6],2006/03/16,10,0.00,0,Unlock Key19 CL3 DRAGONSPIRIT STARNOSE,3C9CAD50E8CE20423E67F6B66F4C987D1BC5766C58
[Ridge Racer 6],2006/05/18,10,0.00,0,Unlock Key35 SPC NAMCO PAC-MAN,F0FE8459AADA5783C3448FF05083D392F18E60ED58
[Ridge Racer 6],2006/01/19,10,0.00,0,Unlock Key07 CL2 XEVIOUS FATALITA,326D2B5327E61F93C87CDAFAC26C282A2C74B5DA58
[Ridge Racer 6],2006/04/20,10,0.00,0,Unlock Key25 CL4 MAPPY RAGGIO,6A47E3D486716119E342C9EF16467EF757C7785158
[Ridge Racer 6],2006/05/18,10,0.00,0,Unlock Key31 SPC neucom PRONZIONE,57C65245AA817BB1E03A12004A5A7ECFA44DEF7758
[Ridge Racer 6],2006/04/20,10,0.00,0,Unlock Key28 SPC GALAGA CRINALE,0791F69E95E67360CE64EB40A94C239A56BF39C858
[Ridge Racer 6],2006/04/20,10,0.00,0,Unlock Key30 SPC PAC-MAN TERRAJIN,A2F8B7415257140B5A450972661B955F6C3534F058
[Ridge Racer 6],2006/04/20,10,0.00,0,Unlock Key29 SPC ANDORGENESIS ULTRANOVA,D9673531AE8A6A3061EEE16DD5EB18BA46F6987B58
[Ridge Racer 6],2006/03/16,10,0.00,0,Unlock Key22 CL4 DRAGONSPIRIT MELTFIRE,597A3F1789A7B2A694FC701971022A95D191800758
[Ridge Racer 6],2006/03/16,10,1.00,63,22: Silver Stream,16A9758C2CDE01C01E8F882223A1D2AF46CE44C658
[Ridge Racer 6],2006/03/16,10,0.00,0,Unlock Key23 CL4 XIAOYU EO,DEBCB07CACEC7779214CCFD97FCDE859679CC9CD58
[Ridge Racer 6],2006/03/16,10,1.00,40,23: Naked Glow,F5B390F0A736AEAF7C13E04B087DC75F444753AC58
[Ridge Racer 6],2006/03/16,10,0.00,0,Unlock Key24 CL4 MITSURUGI ESPERANZA,5FDB326D01FA7CA4066A3B040ED427578FAC173E58
[Ridge Racer 6],2006/03/16,10,1.00,40,24: Your Vibe,197730FD994E40FAD309261B8B6669BF941E89CE58
[Ridge Racer 6],2006/04/20,10,1.00,50,25: Move Me,9E4958DAD8830E51941A4F74AC62897592E0638B58
[Ridge Racer 6],2006/04/20,10,0.00,0,Unlock Key26 CL4 WARPMAN HIJACK,BD5C94EC13AE89C39E3E7DD12F11884497E504D658
[Ridge Racer 6],2006/04/20,10,1.00,40,26: Movin' in Circles,57F1AF5EED8A8C8E21D4BC93B9DAFCA478CC144458
[Ridge Racer 6],2006/04/20,10,0.00,0,Unlock Key27 SPC MITSURUGI ANGELUS,B27F9EB0425BC03148C8FDB324BCC85CE4AD5C5C58
[Ridge Racer 6],2006/04/20,10,1.00,39,27: Eat'em Up!,B36E1311003D23E41FC9AB11C57E6F598DD306DF58
[Ridge Racer 6],2006/04/20,10,1.00,51,28: TuiTui,A490969E604FC51FDEE93C1E824740A7DA4AF28558
[Ridge Racer 6],2006/04/20,10,1.00,41,29: Samurai Rocket,BA7325A8F62D4B5B42D9EDDED3114E00223712EE58
[Ridge Racer 6],2006/04/20,10,1.00,51,30: Daredevil,225B60D902CAC12A0CE068246386641C820BB04E58
[Ridge Racer 6],2006/05/18,10,1.00,59,31: Deep Resonance,E9D3AAE9577DE87866553F5420676664A004F29F58
[Ridge Racer 6],2006/05/18,10,0.00,0,Unlock Key32 SPC ANDORGENESIS 490B,508ACB38F199E3DE77B8E754D4F43F22F819974C58
[Ridge Racer 6],2006/05/18,10,1.00,50,32: Liquid Soul,EF4840893C104570CAEB524188008E9AF4AA504A58
[Ridge Racer 6],2006/05/18,10,0.00,0,Unlock Key33 SPC ZASALAMEL G00,ABBB6A26A0B5C10E13F8A724CEC5ADD5121F69EA58
[Ridge Racer 6],2006/05/18,10,1.00,52,33: Mars Landing,A0686B10C673F6A20CE1549C219211536002287658
[Ridge Racer 6],2006/05/18,10,0.00,0,Unlock Key34 SPC DANVER BASS CRUISER,B805F27CEC25045F5C7CAF1A90B582FE70E21C9D58
[Ridge Racer 6],2006/05/18,10,1.00,41,34: Divas,B4EBFA83CD59B85B030F372DC22860789BB65B3958
[Ridge Racer 6],2006/05/18,10,1.00,58,35: Funk-A-Tronic,EF003DA1B4725F6524AD879B26C09C37E6A360FF58
[Ridge Racer 6],2006/05/18,10,0.00,0,Unlock Key36 SPC MONSTROUS,D757305876A83EA293C4CA73BE22352F464DB83D58
[Ridge Racer 6],2006/05/18,10,1.00,47,36: Rising,9B812681CFAEC6CF37A01EF04132D78789DB6D6658
[Ridge Racer 6],2006/05/18,10,1.00,46,37: T Minus Ten,A3EE50357D3BE5AEA214702027B4C153B95BE0E358
[Ridge Racer 6],2006/05/18,10,1.00,53,38: Monte Carlo,72A01610F5F9873CFB80A161EA0F269531AED09A58
[Ridge Racer 6],2006/05/18,10,1.00,53,39: Carmine,D2055F773E80D3D700D26907FF8C79D73EBD51F258
[Ridge Racer 6],2006/05/18,10,1.00,42,40: Boombox,55BE8F593590A8E1F152B8E1F48870CC3853794858
[Ridge Racer 6],2006/05/18,10,1.00,57,41: Time Compression,0C8C81D7ECC5A1E0AECAE578299B95BF298194F258
[Ridge Racer 6],2006/03/16,10,1.00,28,21: Euphoria,89B315409556553B9C099D2BAF982E38CC318F7D58
[Ridge Racer 6],2006/03/16,10,1.00,47,20: Grip,436C7F8AACB7335593FF5892FD1D43609832DF7058
[Ridge Racer 6],2006/03/16,10,1.00,52,19: Ridge Racer,BFDEE574951058DA4E20D749264B980E102584AD58
[Ridge Racer 6],2006/02/16,10,1.00,55,18: Motor Species remix,1887AD2ABC12EA9A8468E2A1103F010CF82B797758
[Ridge Racer 6],2006/02/16,10,0.00,0,Unlock Key18 CL3 SHOOTAWAY BAYONET,17C3D9441C3E0BACFEBDA1F395D29333229A112A58
[Ridge Racer 6],2006/02/16,10,1.00,46,17: Blue Topaz Remix,F241A8A3B6B3A550388507EDDE0DDC20713A0EBC58
[Ridge Racer 6],2006/02/16,10,0.00,0,Unlock Key17 CL3 DRAGONSABER WILD GANG,108BA6E8B70D95BBC0BD04AF6A11264AA514415158
[Ridge Racer 6],2006/02/16,10,1.00,33,16: Rareheroes,1245407B65A8D751B759743D491236A0F04D1B2D58
[Ridge Racer 6],2006/02/16,10,0.00,0,Unlock Key16 CL3 KLONOA PROPHETIE,185F77C8618914B05622697D4CF60CBEA97D319658
[Ridge Racer 6],2006/02/16,10,1.00,33,15: Drive U 2 Dancing Remix,048F033C9F951309F445F9AF8FAD39FFCA836F6F58
[Ridge Racer 6],2006/02/16,10,0.00,0,Unlock Key15 CL3 TOYPOP ABEILLE,63E88BD2BB97EC9A14CA5C29F0EF34146260A77C58
[Ridge Racer 6],2006/02/16,10,1.00,40,14: Speedster Remix,B71A031AA8B1430E6FA3A27214A906D153896AA258
[Ridge Racer 6],2006/02/16,10,0.00,0,Unlock Key14 CL3 HYPER KNIGHT FIERA,04E1C671EA3B9BD8E989AC25AFB5E33B26FFDC2B58
[Ridge Racer 6],2006/02/16,10,1.00,33,13: Rotterdam Nation Remix,6138F4F546D9D62411EF4C3E0311FA9D018BDDFD58
[Ridge Racer 6],2006/02/16,10,0.00,0,Unlock Key13 CL2 SHOOTAWAY HIJACK,A50BB9021003522C27CB1DBFFF3FC5C07336A7AA58
[Ridge Racer 6],2006/01/19,10,1.00,49,12: Tek Trek,7EF858733BEA9FC3AEB3DF58762C5D6C07D4375658
[Ridge Racer 6],2006/01/19,10,0.00,0,Unlock Key12 CL2 NENEKO RAGGIO,2AE6DE0588EFEB82D01BFF313762BFD4AFFEDCE558
[Ridge Racer 6],2006/01/19,10,1.00,54,11: Tunnel Visionary,405981378AC4291E179B4BD0E9A06B4D27F3AC2A58
[Ridge Racer 6],2006/01/19,10,0.00,0,Unlock Key11 CL2 FINALLAP ESPERANZA,D841EE7525638AF977B43DF44052AA4DB211CCFC58
[Ridge Racer 6],2006/01/19,10,1.00,39,10: Vanishing Horizon,770D2DD991EFC8A5633A5E8FF4FED39949AA7A8058
[Ridge Racer 6],2006/01/19,10,0.00,0,Unlock Key10 CL2 PAC-MAN EO,4A26C56A3E68751A3FAED59FE34BAAFE45648D6D58
[Ridge Racer 6],2006/01/19,10,1.00,34,09: Light Groove,7611E0278EBBD92B07AE85B336426E1162B40F5458
[Ridge Racer 6],2006/01/19,10,0.00,0,Unlock Key09 CL2 POPKA MELTFIRE,582C17B5DE77FE829634E7C8B4EB5881AD3591FD58
[Ridge Racer 6],2006/01/19,10,1.00,47,08: Night Stream,4A01A148203F3740669E0C45ADCCDD70E4582FB358
[Ridge Racer 6],2006/01/19,10,0.00,0,Unlock Key08 CL2 SOLVALOU BISONTE,456BA18F410DDE2C87D713B92F942BADEFE925C858
[Ridge Racer 6],2006/01/19,10,1.00,41,07: Disco Ball,8A4C6AA88AF30A673BABE7EC82644B821BDD014258
[Ridge Racer 6],2005/12/14,10,1.00,57,06: Synthetic Life,138BFAAC40522B6BBD0E0EB55129CDE470B5121258
[Ridge Racer 6],2005/12/14,10,0.00,0,DRAGONSABER STARNOSE,BE504689E2393C6EAA3EBF00255C447FF8D0952458
[Ridge Racer 6],2005/12/14,10,1.00,63,05: Chrome Drive,F52E9CA85C619D63DD80BA3D4BFB717375D261DA58
[Ridge Racer 6],2005/12/14,10,0.00,0,ELECTROSPHERE BAYONET,2E9DBBE94F2C15121A393D14F5C4326F6FFFA63858
[Ridge Racer 6],2005/12/14,10,1.00,54,04: Pulse Phaze,24F14E0103399500FD6DBE35D81220FB701B7EBF58
[Ridge Racer 6],2005/12/14,10,0.00,0,KILIK WILD GANG,E187A127872ADF6AD19426C0ED6759340EFC099558
[Ridge Racer 6],2005/12/14,10,1.00,42,03: Bassrider,9C2B8523FF7ACCA6579E62877F01337CA61416CD58
[Ridge Racer 6],2005/12/14,10,1.00,35,01: Highride,7DA1572F1D228EC270815B40DAB39A94F036F8CA58
[Ridge Racer 6],2005/12/14,10,0.00,0,BARADUKE FIERA,70DCAAF822DE1B55E05BC4F4A3E000DDD9FE59C058
[Ridge Racer™ Unbounded],2012/05/01,30,2.99,0,DLC3 Bundle: RIDGE RACER 7 Machine & The Gallows Pack,27C9143B2A70554ACBEF3B2DDD00FED4BCCE429058
[Ridge Racer™ Unbounded],2012/05/01,30,2.99,0,DLC2 Bundle: RIDGE RACER Type 4 Machine & El Mariachi Pack,5D914CFC64F343CF0BC2F21C5CB433C99B4CBBDE58
[Ridge Racer™ Unbounded],2012/05/01,30,4.99,0,DLC4 Bundle: Day One Edition Pack,747AA1B1EE07B9CE43B9D2E2A80FCC03647CCA6858
[Ridge Racer™ Unbounded],2012/05/01,30,2.99,0,DLC1 Bundle: RIDGE RACER 1 machine & The Hearse Pack,9DCB00439958D01366B16565826DB5E2DD4750F158
[Ridge Racer™ Unbounded],2012/05/01,30,2.99,0,RIDGE RACER Unbounded Royal Purple Exclusive Skin,6A55008335E7245EAF3FB202870DDB1A39ED83F658
[Rise of the Tomb Raider],2016/03/29,40,9.99,422,Cold Darkness Awakened,5E50127AE6BE0664A4B7D791339DC3F2B07C082058
[Rise of the Tomb Raider],2016/01/26,40,9.99,697,Baba Yaga: The Temple of the Witch,B795EB6AC84D0E3C1CFE4DF679D0391B5A90DD5258
[Rise of the Tomb Raider],2015/11/10,40,29.99,0,Rise of the Tomb Raider Season Pass,5B22CDE950350F872E478AE3C33A71FC1BE910FE58
[Rise of the Tomb Raider],2015/11/10,40,2.99,0,Tactical Survivor Pack,1F9D179C07D7CBC7788E2815D4F2351E3C65802258
[Rise of the Tomb Raider],2015/12/22,40,2.99,0,Prophet's Legacy,D41A33B1A877A25AE022C142862450B6AD4776BD58
[Rise of the Tomb Raider],2015/12/29,40,9.99,339,Endurance Mode,7D08AF0D8373999B36064015576E7A73A2188C9958
[Rise of the Tomb Raider],2015/11/24,40,2.99,0,Siberian Ranger,A4D1945CBEA4AF77CDEFBFCEBE8C6054C68F543F58
[Rise of the Tomb Raider],2015/11/10,40,2.99,0,Hope's Bastion Pack,26EBE0AF98FD28BAD9165E4D3294CCC9EEB76A3658
[Rise of the Tomb Raider],2016/01/12,40,2.99,0,Ancient Vanguard,E0E90F3BC2C41DA85184972CA65A84AD75E73F0F58
[Rise of the Tomb Raider],2015/11/10,40,2.99,0,Remnant Resistance Pack,1E5C6D509C3E5A15B1A49212545295477A653C1D58
[Rise of the Tomb Raider],2015/11/10,40,2.99,0,Sparrowhawk Pack,55E1CE3D79BB4E4E4D92FB8418113EF66C287FBC58
[Rise of the Tomb Raider],2015/11/10,40,2.99,0,Apex Predator Pack,6DF37437FF6144847CB85730B5A2E5B85FACAEFD58
[Rise of the Tomb Raider],2016/02/09,40,2.99,0,Wilderness Survivor,3B4103FCF6630577CAFF8FFFA10B5B53584A613058
[Risen 2™: Dark Waters],2012/07/31,40,4.99,1,Treasure Isle,4BEFC5B3C16F0C97FE9D3860ACA7E1A206A977CD58
[Risen 2™: Dark Waters],2012/07/31,40,4.99,1,The Air Temple,643DCB7F09A26161027897DFE8EEC1FF1DF3519158
[Risen 2™: Dark Waters],2012/07/31,40,2.99,0,A Pirate's Clothes,FCC796BFAAAFF6C011B1A5CDE4ED074F48C4886C58
[Risen 3 Titan Lords],2014/08/12,40,4.99,93,Fog Island,3128F597D44BF7E23D095777A9FFB24128E0223458
[Risen 3 Titan Lords],2014/08/12,40,4.99,80,Uprising of the Little Guys,C6E01BFE45FC887CAD43FBA184AA11A46DCF7A0A58
[Risen 3 Titan Lords],2014/08/12,40,1.99,1,Adventure Garb,D0FD525F124C9256E84CDEA0AD161A935E95F9B358
[Rock Band],2008/06/17,30,1.99,50,Afterlife,FAF57A09685182F9AD1E6498DDF848C1FBB95D6558
[Rock Band],2010/10/19,30,5.49,74,Jimmy Eat World Pack 02,25DF614A65BED55DD0835E7284B7B7745D93183058
[Rock Band],2010/10/20,30,1.99,17,Trippin' on a Hole in a Paper Heart,E4B0338A72710BD174E6741C1796FA65865896EE58
[Rock Band],2009/12/15,30,1.99,35,This Is War,75762E2B0D8E7A8A03C5A1A81FB903DA869F257858
[Rock Band],2010/07/27,30,1.99,44,Nightmare,EA2E796683A82454B657129A323CFDA8442BBAD958
[Rock Band],2009/05/12,30,1.99,33,Stricken,47EAD0E5840202F3C460DB96ADE2AD626ADB851358
[Rock Band],2008/07/08,30,1.99,26,“Working Man (Vault Edition)”,E8A9F94718F1789DACA617DBD2B85C18D3B1F97458
[Rock Band],2009/06/16,30,1.99,25,Call Me When You're Sober,5D731280D7A4348B333EB5ACF7252D6272B45D4358
[Rock Band],2009/05/19,30,1.99,34,Poison,960727C1FDBF18D8ED2F5BCCBA1E1F972081853E58
[Rock Band],2009/09/29,30,1.99,26,I Will Not Bow,C386ADB4B282CCE9370857B1C0105D23CA73B35F58
[Rock Band],2009/10/06,30,1.99,21,Ironic,54D8EE67DC74252404B96F83F1F26CCF6AA1122758
[Rock Band],2008/11/11,30,1.99,25,Monkey Wrench,37B614DED1529182538AD46D3870D0B6952C704D58
[Rock Band],2009/09/29,30,8.49,177,Alice in Chains Pack 01,B09504DAB4D3D3292D36A7C8E4A31431299352B158
[Rock Band],2009/10/20,30,1.99,32,Somebody to Love,3F9B597083DA7ED397D44826209C2670808B5F9558
[Rock Band],2010/09/21,30,1.99,16,Could You Be Loved,931C6E38EFB05442C7F7D0D2C0B7B6A4B2097E2158
[Rock Band],2010/09/28,30,1.99,21,I'm Not Okay (I Promise),B120760B1A01B061C4F8D34A48D1D66678E2800A58
[Rock Band],2008/10/28,30,1.99,21,Dammit,097CA5A844BB6FF2A695EAF10B337874698F3C5858
[Rock Band],2008/11/04,30,1.99,31,I Don't Care,4003E8B8C2775CC1C95CB41A747536298D9CAC6858
[Rock Band],2008/02/19,30,1.99,30,Sex Type Thing,540D9B8627E3D4E8470F3D31CCCD46D35C99A91F58
[Rock Band],2008/03/04,30,1.99,32,Franklin's Tower,F5594B5FC41F2A27F6D894675F2860979A77DD0758
[Rock Band],2010/03/09,30,1.99,21,Seven Nation Army,F5EBB98C0E714601F89C5904F9F0498392F4588458
[Rock Band],2009/03/31,30,1.99,17,C'mon C'mon,07F9BBE8A6107070E04F149D3AD9C844CA1BB32058
[Rock Band],2009/09/08,30,1.99,37,Gasoline,13255BB2AB46078F7073ED5B9E03908A297D430458
[Rock Band],2009/09/08,30,1.99,33,Miss Murder,E4EE727B5EA71ADDA085C1A64E8EDB58C6C0334558
[Rock Band],2009/12/04,30,1.99,29,Waking the Demon,0B4E34D312B61C7D54465B54E10E2AA0BB392CCF58
[Rock Band],2009/03/17,30,1.99,25,Last Resort,CFA064FB72A0B8E9C5EC8F5774C2E5F211085EE658
[Rock Band],2010/01/26,30,1.99,26,Bulls on Parade,F58FFD4249496DBE210D8F2427BA88A8A591567558
[Rock Band],2010/08/31,30,1.99,79,Rock Band Network Megamix 01,9951945E64AFD051E6B16E5744A9F1F5C585E7DE58
[Rock Band],2010/08/24,30,1.99,26,The Animal,854AA3B60690216CF6BAAB1579279C46F841374958
[Rock Band],2010/06/15,30,1.99,32,I Don't Wanna Stop,B155D8214A598AAE3A70F1E105E0B3CAC505667258
[Rock Band],2010/07/14,30,9.99,179,Tom Petty & The Heartbreakers Live Anthology Pack 01,DEE23A6D8F993F4A414275FDBBAD5D8E0B27236758
[Rock Band],2009/06/16,30,5.49,77,Evanescence Pack 01,BE9ADF2EE21674FF146864AD0A8CA065147616CD58
[Rock Band],2009/12/08,30,1.99,38,Psychosocial,95EDC3E9AD814D6B7F8D4BF4B0C1D8C8FDC7E6DE58
[Rock Band],2009/12/08,30,1.99,34,Duality,16B8CF8160AB26D47852BF6E9D01CA4F84F2802158
[Rock Band],2009/12/15,30,1.99,22,Gives You Hell,C26B639F02A78EBD7B15FB8FC1707B816395D31C58
[Rock Band],2009/06/09,30,19.99,442,Iron Maiden Pack 01,F076B907DD982A22CF4E830EBFB57A7D72C30C4758
[Rock Band],2008/07/22,30,1.99,23,Junkies for Fame,7AEE76C7C567BDE88E977ABF743370D982A1018258
[Rock Band],2008/11/25,30,1.99,32,Laid to Rest,DDD80AE50494F4C0EF9A94616E313113C0FDCE9958
[Rock Band],2008/11/25,30,1.99,19,Mr. Brightside,E6B8167BF2018E0566759970B60EC326C8452A8258
[Rock Band],2009/06/09,30,1.99,32,The Clairvoyant,283F308FCC882E2EE44FCB9A9ECA4134116B910C58
[Rock Band],2009/03/03,30,15.99,227,Texas Flood (Album),FDF81678175C634E0866D3B3F003C8661217751958
[Rock Band],2008/10/07,30,5.49,84,The Offspring Pack 01,20C04A7E1EC6B9ED0AE3BA7331AB119E4C9F275B58
[Rock Band],2010/04/13,30,5.49,71,The Used Pack 01,98EB391FE6C77DEF445CEB1D5ACCAECBC5F26CF358
[Rock Band],2010/10/19,30,1.99,35,Big Empty,C5FAB24F9E9BC21FA4149F9F555948291E12106658
[Rock Band],2009/09/01,30,1.99,25,Guerrilla Radio,FD09F2F2C857010B80DD09A9A1CF67E63BFD8B7C58
[Rock Band],2009/03/10,30,1.99,25,The Kids Aren't Alright,FC328BE0589172120A939129A065483D9FC0D21658
[Rock Band],2010/01/26,30,1.99,33,Godzilla,D69B3EF18C790F8587BA4FE9B14C3B98E364740F58
[Rock Band],2010/02/16,30,1.99,22,Fascination,F14D9D9E595229139857BF3A0DDDC326B8BF77DA58
[Rock Band],2010/02/16,30,1.99,25,Weightless,0BE10F3081F854739141DFF23125390C24B4C38E58
[Rock Band],2010/02/16,30,1.99,13,Love Man,193EA7B762B69DC520B6AD59ACF1816B8EE2171858
[Rock Band],2010/05/04,30,14.99,297,No Doubt Tragic Kingdom: The Deep Cuts,6D46E0098039035F63536733DBD84C1DA185865958
[Rock Band],2010/05/04,30,19.99,450,No Doubt Tragic Kingdom: The Complete Album,6C54619DAB0C2C3D73F76898123A662604D6003A58
[Rock Band],2010/05/11,30,14.99,275,British Steel 30th Anniversary (Album),9B13707749E8ABB48E36CDEC46D47C697D1F94CA58
[Rock Band],2010/05/11,30,1.99,38,You Don't Have To Be Old To Be Wise (Live),1B6B8E19833E0CB864E7CE34A252C094EC2027B058
[Rock Band],2010/05/11,30,1.99,33,Living After Midnight (Live),16153E19343BE19182EBF2A1DF7E22D8C6F73F1758
[Rock Band],2010/05/11,30,1.99,29,Metal Gods (Live),2A48BDD95472C5519E7E5F88AB07C119375B578D58
[Rock Band],2010/01/19,30,1.99,24,Blue Jeans,EDF750C289BF8B3ED92EE8D30D340177D12916EA58
[Rock Band],2010/02/09,30,1.99,45,Rust in Peace...Polaris,6DA82AE71DB4A9F7AB2A5CC21B1660349FD7B54C58
[Rock Band],2010/02/09,30,1.99,38,Tornado of Souls,2C87058D522D82C7E39C73CBA0E3754B3C62B59C58
[Rock Band],2010/02/09,30,1.99,29,Lucretia,A537BFAB7E18AC529CE7906CADA668BA1B4B728158
[Rock Band],2010/02/09,30,1.99,23,Poison Was the Cure,3503FAF4955FF08F8580EE33ED29153BDEA366DB58
[Rock Band],2010/02/09,30,1.99,42,Five Magics,130F78ACBD6F9DE751C2B35253319F5C752FAE5C58
[Rock Band],2010/02/09,30,1.99,24,Take No Prisoners,F00F6E9E8B283F8C4754C783E7B33599992F4D2A58
[Rock Band],2010/01/05,30,1.99,31,Adam's Song,772693E31E16F762948818FD849C9036AC1AB72158
[Rock Band],2010/01/12,30,8.49,159,Alice in Chains Pack 02,E8464212119DFF9DC0804E8D0D15998B6A0EC0A558
[Rock Band],2010/01/12,30,1.99,30,Your Decision,18AA6717F692A2610E2D64E06227440B8E7DD59F58
[Rock Band],2010/01/12,30,1.99,20,We Die Young,5853EA60320F8BE1F1EFC743B92471693364625C58
[Rock Band],2010/01/12,30,1.99,42,Last of My Kind,208FDF155FA8F8C0C58E83E4C94DF5E699D709F758
[Rock Band],2010/01/12,30,1.99,38,Heaven Beside You,7B6AF07705580528EE422927B623CAC60D1B3E6558
[Rock Band],2010/01/12,30,1.99,30,Grind,B8CA9B897963B22301113361748D143A067A31B758
[Rock Band],2009/08/11,30,1.99,33,Chest Fever (Live),90AE36B60C947C1EE83A55395A0995F0046CAF0258
[Rock Band],2009/08/11,30,1.99,38,Magic Bus (Live at Leeds),4BF8FD1CB67E020C36D6BC32665200109A6B7D3358
[Rock Band],2009/08/11,30,1.99,14,White Rabbit,C5592A0534EFA099DC62950B3731186F5496B13D58
[Rock Band],2009/08/18,30,1.99,30,All My Life,634124AC7832DFD7C2A8CBC43EE32DD266C73BA958
[Rock Band],2009/08/11,30,5.49,107,Gorillaz Pack 01,302C2267B179FA89491BD01A55E9AA4460E9D5B958
[Rock Band],2009/08/18,30,1.99,30,I'll Stick Around,1F11CF82A34E050F3DE12C0AAFB4D1889FFE15A058
[Rock Band],2009/08/18,30,1.99,36,Lonely As You,9ED25008003AB6141130A307ACFF379FFB1EBC5658
[Rock Band],2009/08/18,30,5.49,96,Foo Fighters Pack 02,ED485F61151DF878E35D6E6B2EE546D27D3FC83F58
[Rock Band],2009/08/11,30,1.99,32,Re-Hash,13DBFEFD32D74AD1549BC8017A886143A33017FA58
[Rock Band],2009/08/18,30,1.99,29,There's No Other Way,DD855136B2BE485D18DE81E57BCC3150D7B3F53058
[Rock Band],2009/08/18,30,1.99,19,I'm Shipping Up to Boston,E15614B797BF2503E678F7B0A6B0BC9F0F3686E958
[Rock Band],2009/08/18,30,1.99,24,Inside Out,F49F4275687F98260F3FFD9F351576CFA3C9646F58
[Rock Band],2009/08/11,30,1.99,27,Feel Good Inc.,70017E4DB8B28D6FDC2721658C9AE76BDB4DDC5158
[Rock Band],2009/08/11,30,1.99,48,Clint Eastwood,6EEA9FD22FA3AA64A7D89998985B9D9B20FF56EA58
[Rock Band],2009/08/18,30,1.99,24,No Rain,3F7E38C07065DBA5FC67297A957381A9496D562E58
[Rock Band],2009/08/18,30,1.99,28,I Predict a Riot,CDA626AB0FBD4BBFE4B48C5C31CEA85BBBCF6CB958
[Rock Band],2009/08/25,30,1.99,23,She's a Genius,EA876F5C4DE2D655C12577BD9D6E8E03D54F76AF58
[Rock Band],2009/09/01,30,1.99,30,Supersonic (Live),BA6A7AA9E5A8B332E807F7971D190794CCE83BA358
[Rock Band],2009/09/01,30,1.99,25,Town Called Malice,CC3BC9C45A4CEF2176E7DF50E17BA17EDB9FC2E358
[Rock Band],2009/09/01,30,1.99,40,Bat Country,6CDC6B52DED593B2CBA58BFDA8068E18E48D0F2A58
[Rock Band],2009/09/01,30,1.99,37,Take Me to the River,5BA98D5DE3688FD7902D51F707804A523270F5AA58
[Rock Band],2009/09/01,30,1.99,28,Once in a Lifetime,E7BFDB5B04D65529A5063C00154CDAEA5899CF6458
[Rock Band],2010/01/05,30,5.49,76,Blink-182 Pack 02,6E289B36780FF5953A6C602B7F9CFE94C9B1FF5C58
[Rock Band],2010/01/05,30,1.99,24,I Miss You,5E944DDD2B974F870041E927CC33D74C8CCE127458
[Rock Band],2009/02/24,30,5.49,87,Jimmy Eat World Pack 01,4C89E30FFDFD0956E1AAB2F54DA426AD84CB6A2A58
[Rock Band],2009/06/23,30,5.49,86,Ten Bonus Pack,BE9F70DD445DD736549EC5C98A8D9FDA7EF4546E58
[Rock Band],2009/08/25,30,1.99,41,Mony Mony,CAF30EF88602E10481C2BF47B5CC50E47E41020258
[Rock Band],2009/08/25,30,1.99,43,Rebel Yell,F9DA02BD34FF7159ACF1A0D19E2C4DDE4F31C36A58
[Rock Band],2008/09/02,30,1.99,28,Shhh....,73C09D2EF805836FECE7E7D5ADADE04611F0E60258
[Rock Band],2008/08/12,30,1.99,29,Clouds Over California,068B67D1AC013C0DCEA975BD462549598B6BB15B58
[Rock Band],2008/09/23,30,10.99,187,Moving Pictures (Album),0BBE8A49F8D22AB247CB4824FC5C5236E066BF3258
[Rock Band],2010/09/28,30,8.49,125,Anthrax Pack 01,99C87EDC026EF39FECC03C1461E3795A2529D99058
[Rock Band],2010/10/19,30,1.99,22,Bleed American,FF82FD586FF5B8FF9626B10507C56C3476FE0BF158
[Rock Band],2010/10/05,30,1.99,26,Jeepster,C85DD89F196D203A23172C8ED906318514C4C4C358
[Rock Band],2010/10/05,30,1.99,20,Living Well Is the Best Revenge,A3CA0EF8371A49142877CD453B09E3D6770792A858
[Rock Band],2010/10/20,30,1.99,25,Huckleberry Crumble,195529638E8EC41A56052A95E3E8C988583B443158
[Rock Band],2010/10/12,30,1.99,24,Are You Experienced?,B063025DF7765B2AAE53EAF29BF3022259EECA7858
[Rock Band],2010/09/28,30,1.99,39,Welcome to the Black Parade,7BBEB47DC164C24C497E657F9AC2E125A77EFEFA58
[Rock Band],2010/04/20,30,5.49,100,Coheed and Cambria Pack 01,ABB1EA53DFB6A1D92CA9B467DA3462FC80C44F5358
[Rock Band],2010/04/20,30,1.99,24,American Music,D0A5D2FE2023AEB5A1F75DB40F772138E25C2AD958
[Rock Band],2010/04/20,30,1.99,20,Peek-a-Boo,1037E140AAE095A114EB9BCA055CE2B41255964858
[Rock Band],2010/04/20,30,1.99,28,Here We Are Juggernaut,C18630C26D61CABF30ACC9CE6682455D7B099E4258
[Rock Band],2010/09/28,30,1.99,19,Coffin Nails,D0B5339E81B4934F565766C37610FB5E078D9D2958
[Rock Band],2010/10/20,30,1.99,20,Pain,9142E9F77BB13979326FE5B91DD153F142E57FD058
[Rock Band],2010/10/20,30,9.99,173,Stone Temple Pilots Pack 01,3C5B56313F7C453C14A947BD43C9484F657EBF7558
[Rock Band],2009/12/03,30,5.49,90,The PAX Collection 01,2EE49AF648F8892418B00E5DF1C97931D819C00358
[Rock Band],2008/09/02,30,1.99,36,Livin' at the Corner of Dude and Catastrophe,7102386EC9B0600E913E722DBCC9965DD3434EF458
[Rock Band],2008/10/07,30,1.99,27,Self Esteem,0E58874D5D51D4649C71C81CD86E9B7D55B968C158
[Rock Band],2008/10/07,30,1.99,24,Pretty Fly (For a White Guy),9C79EB120F520EC4FA02F2E32BC001F55808399058
[Rock Band],2008/10/07,30,1.99,34,Gone Away,8EDB90C17EE39DF2AAEF7F5B8270F8572E073F9E58
[Rock Band],2009/02/10,30,1.99,28,Flathead,22EE1EFD2F53269C9E8883F3919B3384F8BE42F958
[Rock Band],2009/02/10,30,1.99,31,Henrietta,54CEF890080990C871F03FEA80FFBEE6FD11FAB458
[Rock Band],2009/02/10,30,1.99,23,Creepin' Up the Backstairs,35A4956D8424349105B433723FDE91D854211C9958
[Rock Band],2009/02/10,30,5.49,82,The Fratellis Pack 01,DB71DE87930905C67E0AA59C4A3A1412685FCC6958
[Rock Band],2011/06/21,30,8.49,113,Alt Country Pack 01,76836DD2246305CC8A476A8A936B54F86A03A1A558
[Rock Band],2009/02/24,30,1.99,18,3 Dimes Down,D6D26FC5FADBC8CFFA2AB4635769D15A44513DA658
[Rock Band],2009/02/24,30,1.99,26,Time Bomb (Live),5486FD0CD80B55047CA4CADCF8F7075B91D7335E58
[Rock Band],2009/02/24,30,1.99,28,Satellite Radio,73100D6689C7B90FEBA318DFD00870CA9F3FAE1F58
[Rock Band],2009/02/24,30,1.99,18,People Got a Lotta Nerve,8CFB708224925E6CF5A7DCC71FA37DB46715D69358
[Rock Band],2009/02/24,30,1.99,23,Can't Let Go,D981E57F1C15C019F293248BDAA81CF907017CB558
[Rock Band],2009/02/24,30,1.99,24,Lucky Denver Mint,D168CEE8B9F627C08303DC0DA6ED85116C396CE158
[Rock Band],2009/02/24,30,1.99,35,Futures,D04EEDECD9E303C75461A9DAD88B3E3798B2F73758
[Rock Band],2009/02/24,30,1.99,27,Sweetness,AAF46FB31D534FF54D52188A709521C5229AA87958
[Rock Band],2009/03/03,30,1.99,25,Lenny,83DA6846C727BF3D6E086F1B71E38612E2A5345058
[Rock Band],2009/03/03,30,1.99,27,I'm Cryin',422E4D6C972B25A49A5B7BD5F610FAE1E95AFDF358
[Rock Band],2009/03/03,30,1.99,28,Dirty Pool,DC9C8522F2875E857EEEF3365DF378A18B538F8D58
[Rock Band],2009/03/03,30,1.99,17,Mary Had a Little Lamb,1D4D64A1EB009C5F8027C9900FF76413FC35668958
[Rock Band],2009/03/03,30,1.99,23,Rude Mood,5EDEA87BC79A37CA91302CBBC06779D99F95C08A58
[Rock Band],2009/03/03,30,1.99,18,Testify,49F1891EF4BD67DA05B5BEC4AFFE612FBAB080CA58
[Rock Band],2009/03/03,30,1.99,19,Tell Me,7ECCFF4C7DFFE80CAB4E4B27EBB8ED0C6C76D75058
[Rock Band],2009/03/03,30,1.99,33,Texas Flood,6162220A2242B24155DBE7C4A2A424474DB6BE0B58
[Rock Band],2010/10/05,30,1.99,26,"""What's the Frequency, Kenneth?""",BA1C7FFCD0F510D0BFDEBBEABF0A74A77343B07558
[Rock Band],2009/07/21,30,5.49,58,Rancid Pack 01,A6F7B42B3754030414C01D7E84BFA225D1486CAE58
[Rock Band],2009/07/21,30,1.99,20,Time Bomb,C618F787282DD4E7998E8B97963F2E14AEC44B8E58
[Rock Band],2009/07/21,30,1.99,19,Last One to Die,EFCEDBC743DE38F12734D1EC997B6CF49320088B58
[Rock Band],2009/07/21,30,5.49,72,Kings of Leon Pack 01,DCD61D68640DA735FB1C051FAB46B51071E19FE158
[Rock Band],2009/07/21,30,1.99,26,Sex on Fire,2B1D18EEC5D4DB5223BE5D7B7A99EF6B0AFB100058
[Rock Band],2009/07/21,30,1.99,15,Molly's Chambers,817C055DCD8CC1399E75CDEAC90D2430F0CDBBC858
[Rock Band],2009/07/21,30,1.99,31,Crawl,70E005AB4FBBCF3C6AEF3CB792D3EFE0206F729058
[Rock Band],2009/07/28,30,5.49,66,Blink-182 Pack 01,5B5A179EA1AFDDDE48264A5D3E1CAEC94CC0C40258
[Rock Band],2009/07/28,30,1.99,28,The Rock Show,8DB659D8A00B26254931F72BA8623F7EA39CF3B858
[Rock Band],2009/07/28,30,1.99,19,Feeling This,518779FE65E6BEE52953433F79092639201745DD58
[Rock Band],2009/06/09,30,1.99,28,Can I Play with Madness,9E93731A108D1ABB62ABAB1DAF9CD421B9522A9B58
[Rock Band],2009/06/09,30,1.99,28,Run to the Hills (Original Version),D10015DB2461E9ED6F70C08133822B446695A29658
[Rock Band],2009/06/09,30,1.99,33,The Number of the Beast (Original Version),161E15275448701AA4230256C83CD7A549F50AC158
[Rock Band],2009/06/09,30,1.99,24,The Trooper,C72B7CBF48EC0CBC2909D9E193B32BC518626F5A58
[Rock Band],2009/06/09,30,1.99,44,2 Minutes to Midnight,EA753334BD0E7304015EBDA5ED9C2AB52920CFDA58
[Rock Band],2009/12/05,30,9.99,165,Bonnaroo Pack 01,C482DFBD8870BAF854D8C51709729AE654C6242058
[Rock Band],2008/11/25,30,5.49,94,The Killers Pack 01,CFEA4F08F5E4ACE2C41DC672DBCA290086A0F1B358
[Rock Band],2008/11/25,30,1.99,35,Red Devil,D6548EF5926371C4EE23D2D5459734469BE7F41C58
[Rock Band],2008/11/25,30,1.99,36,Caprici di Diablo,63AF16A80022CE5002F42D649ACF1F92A1341BC858
[Rock Band],2008/11/25,30,1.99,44,Damnation Game,3B9C4121B442995E8F61E3955C08B2EDADC26D9758
[Rock Band],2008/11/25,30,5.49,113,Yngwie Malmsteen Pack 01,DDD884553D906228BC36EDC32EA9E71CDBA5246358
[Rock Band],2008/12/02,30,1.99,33,Are You Dead Yet?,974E58CAC2B625E43EC58E327A30D8B5E936E37758
[Rock Band],2008/12/02,30,1.99,27,Tutto è Possibile,601FD513EA61430E91BD639BA23F576F44D4AAFC58
[Rock Band],2008/12/02,30,1.99,36,Hay Poco Rock & Roll,AD4908F425E8F3C79EB2FFE637AA0B103F5C67D658
[Rock Band],2008/12/02,30,1.99,37,Tempted,C92B49DB984EF3437F7F07282E516D784663E3F958
[Rock Band],2009/10/20,30,1.99,22,Tie Your Mother Down,77BC3DAF6E9A77B7EA8076D6B9C89A13F2BBA2E058
[Rock Band],2009/10/13,30,1.99,31,More Than Meets the Eye,46738AC985CFD11AD16EAE087122F45979D1DE6358
[Rock Band],2009/10/13,30,1.99,18,(We Are) The Road Crew '08,894B5B53FB7609784D240CE3DDDB528DABA31F3458
[Rock Band],2009/10/13,30,1.99,21,What's My Age Again?,AA00F8964DFE61A1C87EB024A140177F875BB5C758
[Rock Band],2009/10/13,30,1.99,25,Andres,D0B40433110FD4A2B5537E8D62084F8525F84A1558
[Rock Band],2009/10/06,30,5.49,72,The Raconteurs Pack 01,86D5F22F0F85B912096A71D36C2A15425FFDDCD158
[Rock Band],2009/10/06,30,1.99,29,Handlebars,0D533B81F1CF06F8E52852F6A53CED3E8015638558
[Rock Band],2009/09/29,30,1.99,53,A Looking In View,13DB3D3030DDE1E78A681DAC10D19691BCCE4D6658
[Rock Band],2009/09/29,30,1.99,38,Rooster,F7F03ADFAB948C3F25F17E5098B5AE58F4CD895D58
[Rock Band],2009/09/29,30,1.99,26,Would?,213A9C439B466661A7DB9A0C03FB8BBB4D6D944A58
[Rock Band],2009/09/29,30,1.99,31,So Cold,A18CC860F04AE332C45FF0FB8C04E3134959B22358
[Rock Band],2009/09/29,30,5.49,77,Breaking Benjamin Pack 01,478947BDD39118670697173E914B3E61F893DE9D58
[Rock Band],2009/09/29,30,1.99,29,Hey Dude,229298C9BBE934CE69A2B17C097DDA71C8F68A3758
[Rock Band],2009/09/20,30,17.99,249,Backspacer (Album),B274AC005E2210884F00A4D0E4E9B70D03F16CC358
[Rock Band],2009/09/20,30,1.99,22,Gonna See My Friend,8E362BDF5A1ACB80AF9CFC0C9E41E0DBC158836B58
[Rock Band],2009/09/20,30,1.99,21,Got Some,4F933C5741A319C6AF980EBCC52D9BB83F76D7E558
[Rock Band],2009/09/20,30,1.99,22,Johnny Guitar,F1E1E32D036DC320681CD0EBC87E85177557FBB158
[Rock Band],2009/09/20,30,1.99,22,Just Breathe,EDEEC12A57F5F4E75E53289AAB80504F524A8EBE58
[Rock Band],2009/09/20,30,1.99,27,Amongst the Waves,96B0A0D50209C5FA65AFB9E5E57E75049AA8ECC858
[Rock Band],2010/08/31,30,1.99,30,What Was I Thinkin',62B81AB6E89828A12A11EBCD226338C510A93FE958
[Rock Band],2010/08/31,30,1.99,22,Hell on the Heart,A2DE1385D0272AC69061CAA09108A0AC23C8A1A558
[Rock Band],2010/08/31,30,1.99,25,Women,C6F1198CF43EF78E08EDDF02705743C68C63CC1958
[Rock Band],2010/08/31,30,1.99,22,Lookin' For a Good Time,1D0CE21EEDA799B9227A0C42CE41C754862FCB0D58
[Rock Band],2013/07/24,30,1.99,18,Rebound,774CEA81CE2596C43B2B66EC25A999F83458957858
[Rock Band],2010/08/31,30,14.99,215,Going Country Pack 04,669C8B6AA2F39331CD989CE9719041A11D6A058E58
[Rock Band],2010/08/24,30,1.99,35,Another Way to Die,5CC263675F2DA53AA5C1148C9FCAF7ABA08F4A6158
[Rock Band],2010/08/24,30,1.99,50,Asylum,7200DE2DA5DE7E4F35F2B8397EA89BB8AF22546B58
[Rock Band],2010/08/24,30,1.99,19,Mountain Man,D7FA41E660DF10D6837EC23208EF6F811420498D58
[Rock Band],2010/08/24,30,1.99,31,Bury Me Alive,8FCAE4D382D440493F67E7539A21E81B66762E2158
[Rock Band],2010/08/24,30,5.49,111,Disturbed Pack 03,914483B91B5ED8F48E14E70604F90C5DFEA226B758
[Rock Band],2010/08/17,30,1.99,25,Strange Times,146EE6330BEDD06B2631ACE01E8F9B2F45F3759658
[Rock Band],2010/08/17,30,5.49,61,The Black Keys Pack 01,055FA56364B46002E132A3C06935BD9A798A603D58
[Rock Band],2010/08/17,30,1.99,26,1983,19E11455A0334134B29CD5031FE65CB384EE271558
[Rock Band],2010/08/17,30,1.99,26,Animal,78C06214768EA83B4D2FE6FF5E0CBD5ECE1B417658
[Rock Band],2010/08/17,30,1.99,25,Sins of My Youth,2D4CAE0C4EC332356CF191D4DB986B5FA658865558
[Rock Band],2010/08/17,30,5.49,77,Neon Trees Pack 01,7CF1B5D386667B623ACC57502E80F9C2AD1B7FB358
[Rock Band],2010/08/10,30,1.99,35,Jesus Built My Hotrod,A053D6343FF615CBAE36FE61260EF4F5B1DED48958
[Rock Band],2010/08/10,30,1.99,45,Stigmata,5A36C83EC18FCF2BA6A5DB50AC96D2B784AD2F8A58
[Rock Band],2010/08/10,30,1.99,36,Thieves,B704C864D23D28046556D5DB5661D7A1ED151E4058
[Rock Band],2010/08/10,30,5.49,115,Ministry Pack 02,E1D4213DE5DBA648840587ED95743AEA4F04ECB658
[Rock Band],2010/08/03,30,1.99,44,Rapture,062F0C73428D357A4CE13E58A5777B593A77B31A58
[Rock Band],2010/08/03,30,1.99,41,Jesus Freak,40510C3C4B91D42CF2CDDD455B48E4583E1E429C58
[Rock Band],2010/08/03,30,1.99,37,The Perfect Crime #2,85160D94E47A40268506A0C5A361824132D68EF658
[Rock Band],2010/08/03,30,1.99,26,Love Addict,D16099226C040CC95B584795D4A393BBFBAA781658
[Rock Band],2010/07/27,30,1.99,29,Scream,20E08F0CED695989E6594560C48181736293CA0058
[Rock Band],2010/07/27,30,1.99,40,Seize the Day,319844771801F0D5FA8B5E75BC095DB12AB5432858
[Rock Band],2010/07/27,30,5.49,112,Avenged Sevenfold Pack 01,C0A2C99E13C299CF7ECBCE683A1EDB004B4A41F958
[Rock Band],2010/07/27,30,1.99,29,Fíjate Bien,78D06B659DFB351F3774392A0819192EC6813CFF58
[Rock Band],2010/07/27,30,1.99,21,A Dios le Pido,264E6EB484F34C03532786C9CE01C09A1D69C7BA58
[Rock Band],2010/07/27,30,1.99,24,La Camisa Negra,A578344B542351564EE2593F6EA0174C991DDCAB58
[Rock Band],2010/07/27,30,1.99,23,Gotas de Agua Dulce,A5E7B585E0F39255DD222334FBAB9FC3E9E5CF0058
[Rock Band],2010/07/27,30,1.99,21,Mala Gente,15DA79543D0C76ECA1F1B2B922C7F051AD5CAD3F58
[Rock Band],2010/07/27,30,1.99,25,Yerbatero,23FAE2102B81542ADACD1E8750D8DF9C95BB5CF258
[Rock Band],2010/07/27,30,9.99,141,Juanes Pack 01,C0C2FA8BE558154967FAB9F088B57B1A961A232858
[Rock Band],2010/07/20,30,1.99,20,New Dark Ages,E004F3B0BDBF0D79176D30BD19C6CAECC6BF53ED58
[Rock Band],2010/07/13,30,1.99,15,Get Out,F2FF23F2423F63EB8427F5FCDC7173A0ABB4E36D58
[Rock Band],2010/07/13,30,1.99,13,He's a Rocker,173C317BE599CCFBD2479AA77896887432DF135858
[Rock Band],2010/07/13,30,1.99,19,Ride,D4FDE9A2206C28354E61D2D54C2AE53D269544F358
[Rock Band],2010/07/13,30,8.49,81,The Vines Pack 01,2A1CCD0EEFFD010DD5A21DA64F183D95E469D4C258
[Rock Band],2010/07/06,30,1.99,18,Run Through the Jungle,5F1C5825F6F5BA5727C5E2330C60BDAFA21E1D9858
[Rock Band],2010/07/06,30,9.99,250,Creedence Clearwater Revival Pack 01,8FC3A3EB2149CE8364D07475E5CD4FC48A21B11258
[Rock Band],2010/06/29,30,1.99,25,Burn It to the Ground,77F88D4E8E0ADB5A0D19E5948AD6BFB0F0D91DFD58
[Rock Band],2010/06/29,30,1.99,27,Figured You Out,225B8A2CB5B18350714EB0E137EE5A7D217DB68A58
[Rock Band],2010/06/29,30,1.99,29,Never Again,F8DBA0898CF70136A449FF92C648C356767E491F58
[Rock Band],2010/06/29,30,1.99,33,Photograph,5AF0CBE45604CFEFB21E6AB370DF2B88B96E51FB58
[Rock Band],2010/09/21,30,1.99,19,Buffalo Soldier,AF46E73B0114693BB30E9BC3895DDBA9C7AE4E7358
[Rock Band],2010/09/28,30,1.99,30,Among the Living,D582BA0D59CFCAA1C266591CC539B74F47E49E1B58
[Rock Band],2010/09/07,30,1.99,35,Drop It Like It's Hot,E308DFFB7FA39F924B5B4D87CCE571CC6DCBAF8C58
[Rock Band],2010/09/14,30,1.99,24,Writing on the Walls,4D01E53D19CE9F0B207B8D93AC5F9455E0589B8E58
[Rock Band],2010/09/21,30,1.99,54,Exodus,128314C9BBD43389F555687DE194F3192B4D051358
[Rock Band],2010/09/21,30,1.99,34,Stir It Up,FD3BF65A6E12F19603557828D9913CA809E9C72558
[Rock Band],2010/09/21,30,1.99,23,I Shot the Sheriff,B9C8E97670AACA44379750A6505CF01471155C6958
[Rock Band],2010/09/21,30,1.99,18,One Love/People Get Ready,35A3903C3600CD100257FEB69E6AC0AA648BA1C458
[Rock Band],2010/09/28,30,1.99,16,I'm the Man,20654AFA9C08D4ECD120E7DD44FA7692E5E0DC8F58
[Rock Band],2012/10/09,30,1.99,36,Tha Shiznit,25CFABAE1BB3C0CD375E48C385E4C06C5A9CD2E758
[Rock Band],2010/09/07,30,1.99,27,Beautiful,B4926F99D3055680FB574A18EC63F1D76565E2BA58
[Rock Band],2010/09/07,30,1.99,43,Who Am I (What's My Name)?,4C5418B1695F3515863AC948E384C9944FAF1B5158
[Rock Band],2010/09/07,30,1.99,20,Sensual Seduction,DE5A7CC2BD30B8B8689AFEEB1599F20E52910FB158
[Rock Band],2010/09/14,30,1.99,25,Nirvana,BA12592A6499C9B4E9A86EFAF0F89E5A0CD87E0E58
[Rock Band],2010/09/21,30,1.99,24,Jamming,5FDEF7FF729EA8587519AC84E59C1E82623A051058
[Rock Band],2010/10/12,30,1.99,30,Hey Joe (Live),8B4E8FA0A2457AB626E8FDDAE71D106A3145746858
[Rock Band],2010/10/05,30,13.49,201,R.E.M. Pack 01,F29389E709945248C4073D2800FE6A9D8C20A24E58
[Rock Band],2010/09/14,30,1.99,20,"""Irish Blood, English Heart""",3101A341193403166A240AC9E11B83EE59DABF3C58
[Rock Band],2010/09/07,30,1.99,50,That's Tha Homie,C4CFA2ED22895D8E147C4D1E3DE8437591562A9058
[Rock Band],2010/10/20,30,1.99,41,Dead & Bloated,AB8DA4A5266D63AB1127AD2BE0F4E8A243DD8DC658
[Rock Band],2010/09/21,30,19.99,335,Legend (Album),BECBB349AF5AE870FDFC4ED6CB9850BD30749D7E58
[Rock Band],2010/09/07,30,1.99,32,Ridin' in My Chevy,A7EC6F1166D6CE86B44C0454C3FAA73D91BEF23F58
[Rock Band],2010/10/05,30,5.49,69,T. Rex Pack 01,A5C0B446AE07F5C1C63FD85D5543AC0264E87FB458
[Rock Band],2010/10/12,30,19.99,232,Are you Experienced: Rock Band Edition,0700FA13A67A698C6942D82F4BC76E5546CFF8B958
[Rock Band],2010/10/20,30,1.99,34,Creep,83D7B8452B04519C63FED26488DE89951033829E58
[Rock Band],2010/09/21,30,1.99,9,Redemption Song,CC0AF5EA030F31C6D648DFB4D7EA8A71A5D4C40E58
[Rock Band],2010/10/20,30,1.99,20,Crackerman,0F1C2CA5E372F3D431AF0BD27D85FF494B77933158
[Rock Band],2010/04/13,30,1.99,28,Empty Walls,6F2F19CF1BADBBB0CF1C5A3156569F260E92F8BF58
[Rock Band],2010/04/13,30,1.99,23,Blood on My Hands,BBACAA4DF28DB5E3052624C11756D20BED9E838158
[Rock Band],2010/04/13,30,1.99,23,Born to Quit,A0DE1E3B6F68EC8EECFBB36CFF35487B7E57BE6A58
[Rock Band],2010/04/13,30,1.99,25,The Taste of Ink,AF597871C6A4C6D0A2F61B97756BB17F263691CC58
[Rock Band],2010/04/06,30,1.99,22,Feel Good Drag,DE84E017DD619588007A80366F8E3804EFC3A2E158
[Rock Band],2010/03/30,30,19.99,201,Axis: Bold as Love (Album),2342BAB14D3CF994289FCCAC7C4C9462F801E67E58
[Rock Band],2010/03/23,30,1.99,27,Hungry Wolf,459148372FCD1DA554B00A9BC191B3B7BA6FCB4958
[Rock Band],2010/03/23,30,1.99,25,I Must Not Think Bad Thoughts,F91F7BFAECF32818850D75B854F93DD09026D2F958
[Rock Band],2010/03/23,30,1.99,17,Los Angeles,09F63AB36A742B549C244AF18BAF7FEDA102F6FA58
[Rock Band],2010/03/23,30,6.99,84,X Pack 01,20934BFBDD84AC960C7F7228FE9EDE230BA64D2D58
[Rock Band],2010/03/30,30,1.99,13,Up From The Skies,3A814D82E173848330F79CA06544067BDDAF2A4B58
[Rock Band],2010/03/30,30,1.99,13,Castles Made of Sand,EC43E628BD40DCCC702303B2A63D09670532861658
[Rock Band],2010/03/30,30,1.99,13,Little Miss Lover,8ECB9516191A4831A3F273ECF8E2A23F22AA479F58
[Rock Band],2010/03/16,30,6.99,151,Lady Gaga Pack 01,9E8ABF787A75A8E166EC26F5AFE0B3CA4F4743E658
[Rock Band],2010/03/16,30,1.99,39,Bad Romance,6751A62C9369F358AE942E8F959F5A38E68B5DBC58
[Rock Band],2010/03/16,30,1.99,35,Just Dance,82B1A9AD65A248BB96C45695B3C748AB89DC053658
[Rock Band],2010/03/16,30,1.99,38,Monster,A20DAA483C105D59DABB52003B13239840FD2A4258
[Rock Band],2010/03/16,30,1.99,39,Poker Face,EBAF2617A7A25C78517C1561F0F064B965ECE8B858
[Rock Band],2010/03/16,30,1.99,36,Lady Gaga's 'Poker Face' (South Park Version),95C406340A20265B696CF8B37C2017656FDFA9B258
[Rock Band],2010/03/16,30,1.99,19,Oh Yeah,1E539FAC61DA9C3E189904F17B3F906A89ADADF558
[Rock Band],2010/03/09,30,8.49,178,Roadrunner Records Pack 01,7C72897241ED2C7E874785665525A72C43E5576E58
[Rock Band],2010/03/09,30,5.49,54,White Stripes Pack 02,0CC188CEE6FFF1C02F730E2E4999EF32EB215C1058
[Rock Band],2010/03/02,30,1.99,25,Third Floor Story,9BAD3CE327B390412EB059B9AB77A0AC58232B0358
[Rock Band],2010/03/02,30,5.49,82,Disturbed Pack 02,49E0B5956E857E376C3751F52F240D5D1F6086E058
[Rock Band],2010/03/02,30,1.99,30,Meaning of Life,A81BE0718C7210096ED040A320B312AB2DCB548C58
[Rock Band],2010/03/02,30,1.99,26,The Game,DD058A140DDB2A8A9C4BAECAB962C599195FD5AA58
[Rock Band],2010/03/02,30,1.99,26,Voices,94511C5BC828AEB9048E4E938A7547ADCFB8CC0A58
[Rock Band],2010/02/23,30,5.49,81,HIM Pack 01,15228BA2C73F93B9021A6132D349C959246BD18D58
[Rock Band],2010/02/23,30,1.99,33,Ode to Solitude,BA53B7203B16AA446C27E661C2CA9A005B34A68958
[Rock Band],2010/02/23,30,1.99,23,Wings of a Butterfly,000177C863445142F62C7F6838111DA26C6FA56458
[Rock Band],2010/02/23,30,1.99,29,The Dope Show,3C406FCD00B96C1A8BCE366066FDDBB9A5DFC74558
[Rock Band],2010/02/16,30,8.49,69,Otis Redding Pack 01,E030906ABC7E9CCF236EDFF8E97FB2D4AF6CB06558
[Rock Band],2010/06/29,30,1.99,32,Rockstar,228D42C8C323DA707995F49BAFBD590D3673393C58
[Rock Band],2010/06/29,30,1.99,32,This Afternoon,023CF4C30E91B49B56D30F307CE5F3E88BE9569D58
[Rock Band],2010/06/29,30,9.99,178,Nickelback Pack 01,339F6CAC19FE1B87FF701CE69418D9B20B3FACAE58
[Rock Band],2010/06/22,30,1.99,26,Can't Be Tamed,EF6D551A847DC1265ECFDEECE1D9995CFC3523CC58
[Rock Band],2010/06/22,30,8.49,112,Miley Cyrus Pack 01,3A9B73E7AF1C3B96C3638B5492979278D924C45658
[Rock Band],2010/06/15,30,1.99,42,Diggin' Me Down,2B22A9B7013B02C74C7812F82A97F3D60A77FAF158
[Rock Band],2010/06/15,30,1.99,27,Let Me Hear You Scream,DC0D0167A00A640D133EE636B550BC1E2988269B58
[Rock Band],2010/06/15,30,9.99,217,Ozzy Osbourne Pack 01,979BEFB84200F47FC37E6E7BA167A7690D31AD8C58
[Rock Band],2010/06/08,30,1.99,24,The Great Escape,83226B233A0526D7060AE5FD924B32ABC4335C7158
[Rock Band],2010/06/08,30,1.99,40,Minerva,0F4E33FA74B5C2120E563EF3E9D27BA183062B0058
[Rock Band],2010/06/08,30,5.49,100,Deftones Pack 01,3EC97A7086DD7AC4B6FF8D16E49A6A391455361058
[Rock Band],2010/05/25,30,1.99,31,The Great Southern Trendkill,8C8A22FE91CF8CDE286B7CD4D68CD20AE54706CF58
[Rock Band],2010/05/25,30,1.99,39,War Nerve,60C701AC0A7A082E36114109552D57475012E40658
[Rock Band],2010/05/25,30,1.99,34,Drag the Waters,D80745E47F3299FB1CB72D3734A62F50E731EB6758
[Rock Band],2010/05/25,30,1.99,34,10's,74DF3C87EAED0ACC79F240209C90CBE209FD3C9A58
[Rock Band],2010/05/25,30,1.99,27,13 Steps to Nowhere,F2B199045EF59D3766DE4732087339A04CEF82E958
[Rock Band],2010/05/25,30,1.99,33,Suicide Note Pt. 2,A8DB239811649A4D9EBF227BFD97761DACD26C7C58
[Rock Band],2010/05/25,30,1.99,40,Living Through Me (Hell's Wrath),210CA371FF51BDD6977B3BFAB95FE617596083DB58
[Rock Band],2010/05/25,30,1.99,40,Floods,3C230132E6D00291578966BED877CB21FA4CAE0C58
[Rock Band],2010/05/25,30,1.99,36,The Underground in America,3916532A71E02CEBF84E7D3CA2EDC4841844EA4858
[Rock Band],2010/05/25,30,1.99,23,(Reprise) Sandblasted Skin,5686377C0C1C5039E7C0A9297ABBA1A6A92985C858
[Rock Band],2010/05/25,30,15.99,337,The Great Southern Trendkill (Album),69D22B236B21872FBE79DCE185A80C916ECF68EB58
[Rock Band],2010/05/18,30,1.99,56,Throwing Stones,07D6CCDBC7927330D3C5ADE31D8CFE1AC81BC38F58
[Rock Band],2010/05/18,30,1.99,33,A Girl Like You,D8BAA0213D1258E52AA07F1DF7B5C8B1FEA95D9458
[Rock Band],2010/05/18,30,9.99,190,Grateful Dead Pack 03,4B29A918D4276F68E141656368A55BD5EA8FBFE058
[Rock Band],2010/05/04,30,1.99,31,You Can Do It,6067556D112BB1CC51393C5075D0EB6B17A84E6658
[Rock Band],2008/09/16,30,1.99,21,Hands Down,71DC8AC6C3AEEA5D9359C515408A479C5A5FBAEA58
[Rock Band],2008/09/16,30,1.99,23,Natural Disaster,5F6256B094199C5522CF6F745B491563DCD58CAB58
[Rock Band],2008/09/09,30,5.49,84,All That Remains Pack 01,6A1354B86FC2A4037EC5F7974F60B27D11AA9D1E58
[Rock Band],2008/09/16,30,1.99,28,Wake Up Dead,4708ACB97EF576A848B384146A925EA5367FE71E58
[Rock Band],2008/09/16,30,1.99,37,The Conjuring,C79DC42636A2ABF9271008EE817C9B892B5BD2CF58
[Rock Band],2008/09/16,30,1.99,37,Devil's Island,99A6A98B8FB4208BD77993CE6A2B11F4CFC03FFE58
[Rock Band],2008/09/16,30,1.99,50,Good Mourning/Black Friday,6A8864185632D2B360C01AD5AAF30E975CED4CB958
[Rock Band],2008/09/16,30,1.99,31,Bad Omen,C8907BBDC55BDCA355E863D7F201C4835CD310FC58
[Rock Band],2008/09/16,30,1.99,21,I Ain't Superstitious,4CB529340457111F7B4FCBF49733A0719036759A58
[Rock Band],2008/09/16,30,1.99,39,My Last Words,86510D3BC566EB3AD8D853DD13CA7D06D6541E4F58
[Rock Band],2008/08/12,30,1.99,41,Aesthetics of Hate,0D33A2001F0A250C83787B2D5A52297935CC730658
[Rock Band],2008/08/12,30,1.99,46,Sleepwalker,636533B4DD81868970BF841B3C980EC4CBFEB34D58
[Rock Band],2008/08/05,30,1.99,27,Face Down in the Dirt,DA2B2355136C331AF5C1B000E85D275AE6505A5158
[Rock Band],2008/08/05,30,1.99,24,Life is Beautiful,7793E32D6391BCDA679E961E609842ACE327966558
[Rock Band],2008/08/05,30,5.49,70,Crüe Fest Pack 02,45ADA5D22194734872E72074FFDB2C8F269EA1A258
[Rock Band],2009/04/07,30,1.99,24,She's a Hottie,0CB0B18418EA195A1806F349ED9596CCE372C33558
[Rock Band],2008/07/22,30,5.49,112,Nine Inch Nails Pack 02,549251A3346F983256888BB71E7103B69B3A93DB58
[Rock Band],2008/07/22,30,1.99,41,Last,95DD66379C166CA4EDD3B5727749260D12C3EACD58
[Rock Band],2008/07/22,30,1.99,35,Capital G,39F7139BA3E48741D6E2192E808F336861541B1B58
[Rock Band],2008/07/22,30,1.99,37,Burn,18971E79C067324FED05155A75F6CEB588B092FA58
[Rock Band],2008/07/15,30,19.99,290,The Best of The Who Rock Band Edition,C3069D26A8A15AE7A638BFC5245C6D08494D6FEC58
[Rock Band],2008/07/15,30,1.99,28,Real Good Looking Boy,A4E13235FB475E0CFF6CE933439143638C59008058
[Rock Band],2008/07/15,30,1.99,29,Sea and Sand,551EDF3EFED1411B20DE1BB0F2645A601F56354658
[Rock Band],2008/07/15,30,1.99,36,Who Are You,4FFB96E38C5897FCDF969278DBCEFBFF864E527958
[Rock Band],2008/07/15,30,1.99,28,Young Man Blues (Live at Leeds),7AB3D52EE07B177CCFF7D0906629B631CC4F4E1758
[Rock Band],2008/07/08,30,1.99,15,Closer to the Heart,C65BCD7827261639D58CFF900868F0B15E55ECC558
[Rock Band],2008/07/01,30,5.49,67,Crüe Fest Pack 01,9C989F14D4EC84F32DE3F36692FD0E47D3D7CA4A58
[Rock Band],2008/07/01,30,1.99,23,Down at the Whisky,9A0700C5A13A645C0439B3501E06D1902B3ECA7F58
[Rock Band],2008/07/01,30,1.99,23,Time Is Running Out,FDFA1F7ED53024FDC3C8194C33FCCB15B6333B5458
[Rock Band],2008/07/01,30,1.99,21,Who's Going Home with You Tonight?,5E1CDF6BA75E783EA69B44A5C2F954B17065C89758
[Rock Band],2008/06/24,30,19.99,260,Doolittle (Album),E95C37E1EC1871076FD58E376A60A4B3322CD10458
[Rock Band],2008/06/24,30,1.99,38,Dreamin',A91D496E0CE25F33E6DFC78FE7CA0151639DB6C658
[Rock Band],2008/06/24,30,1.99,16,Troublemaker,2E56D0B69E607077E6D3C09211968AEAC59657E958
[Rock Band],2008/06/24,30,1.99,34,The Greatest Man That Ever Lived,25F80454532484DD4DE87F33C26076B3A9681F6058
[Rock Band],2008/06/24,30,5.49,88,Weezer Pack 01,1DAE136B272D9938DECA8AF892B5AB6EFFDA50CD58
[Rock Band],2008/06/24,30,1.99,14,There Goes My Gun,82393DD2C99FC38C69BED8328B2D08362F788D4858
[Rock Band],2008/06/24,30,1.99,16,Tame,75B502B1F64D72838D9B897376CBDE4D339AF0EA58
[Rock Band],2008/06/24,30,1.99,12,Silver,6FB193DAA6E21900E875C36E43488D7180F10DD158
[Rock Band],2008/06/24,30,1.99,27,No. 13 Baby,A7C064D5369C2023609EE4A44E15D4395BC01E4A58
[Rock Band],2008/06/24,30,1.99,24,Monkey Gone to Heaven,C589E06E23AC0AFDB8A4B01C711D3FA6A8D01E9258
[Rock Band],2008/11/18,30,1.99,19,Closer,5365C87F1B642D243BF9BAE2477F804AFC4DF99858
[Rock Band],2008/11/18,30,5.49,80,Century Media Girls of Metal Pack 01,2C430E6129EF2E4ECF2B7C1EACADA5600E9CF43158
[Rock Band],2008/11/18,30,1.99,22,California Über Alles,AEC2926D0DDF4EBC99EC55D7B21C1097E93E98F458
[Rock Band],2008/11/18,30,1.99,33,Holiday in Cambodia,82D24A5EB7CAF53C51A53D9E96000F3B9523E9F558
[Rock Band],2008/11/18,30,1.99,22,Police Truck,7D3484A8663AF9B57760ED35D4C72A67A0E88C8658
[Rock Band],2008/11/18,30,5.49,76,Dead Kennedys Pack 01,4B743551BCE1045D5A6E1E02D514226BFDC9A5FC58
[Rock Band],2008/11/18,30,1.99,28,That's When I Reach For My Revolver,D20370C0577BEB2F05F393B99F975B4AB4F7797C58
[Rock Band],2008/11/18,30,5.49,67,Mission of Burma Pack 01,2DB63D42D10DB70EADBF798125E068407E7C433A58
[Rock Band],2008/11/04,30,1.99,21,Dune Buggy,BB2C538A51766908FABC0702E696BF07AFCC4A3758
[Rock Band],2008/11/04,30,1.99,26,Use Me,D78EC98A58D5D5891CF82F420CD9136C65E2E53958
[Rock Band],2008/11/04,30,5.49,67,Presidents of the United States of America Pack 01,9874A1D237F71813B050E8360C0530288AB18BD258
[Rock Band],2008/11/11,30,1.99,32,My Poor Brain,21A7217DD42214C24049AA42F96CA2A6E73F251C58
[Rock Band],2008/11/11,30,19.99,303,The Colour and the Shape (Album),ED3F59E4C57D6C4156882307BD3B637E55741E9F58
[Rock Band],2008/10/28,30,5.49,76,Siouxsie and the Banshees Pack 01,EC43B9A77D6C1611A0ACE4D054098B2058C69F9A58
[Rock Band],2008/10/21,30,1.99,21,Breed,3A544E70CB5AE00690853105DD56D632345612F458
[Rock Band],2008/10/21,30,1.99,18,Lounge Act,1B4218B896E8A1FA506D305CF5BF8A483510AA9858
[Rock Band],2008/10/21,30,1.99,12,Polly,D915826E2F0FC7F328FA7657D1ACDADEE78BF6C458
[Rock Band],2008/10/21,30,1.99,20,On a Plain,C7D091FEBA16D62AE262B577BC2246D60066921C58
[Rock Band],2008/10/21,30,1.99,22,Stay Away,2FB26F9FD437316805DBBB78948A4A63635A034E58
[Rock Band],2008/10/21,30,1.99,16,Territorial Pissings,FD3DF4F45574DBB223A34B71A673FE24000068CE58
[Rock Band],2008/10/21,30,10.99,126,Nirvana Pack 01,6B0311C60410AA50A61D6B6239A0ACC2CEBFFD5158
[Rock Band],2008/10/14,30,1.99,27,Rattlesnake Shake,C738854D6BAC83116439302FBEEBFA65C884580258
[Rock Band],2008/10/14,30,1.99,31,Slice of Your Pie,8DD953202CFAC482AEEB4510C0762E6076C7F64458
[Rock Band],2008/10/14,30,1.99,36,Kickstart My Heart,8E36A87CE3C722368874B5219DE2F0D9AEA7BD6658
[Rock Band],2008/10/14,30,1.99,35,Same Ol' Situation (S.O.S.),048334A029E906FB1221027586076568283ED24E58
[Rock Band],2008/10/14,30,1.99,26,Sticky Sweet,A8E8082343CE198D7BE9DBD01CCC37F738C68E5958
[Rock Band],2008/10/14,30,1.99,32,She Goes Down,82B20AA757E1051F0720A47841E292EE7238426C58
[Rock Band],2008/10/14,30,15.99,316,Dr. Feelgood (Album),C8C2ED08363A58D6601138FA55F5FD9C658CB61058
[Rock Band],2008/10/14,30,1.99,36,Dr. Feelgood,EDE33E48659BB3F1D694BC94CBF6BF40E8BA20C258
[Rock Band],2008/10/07,30,1.99,31,All Right Now,8E3907C7A8CB029A32A276BD3B8CCEFA20338FD858
[Rock Band],2008/10/07,30,1.99,26,Cream and Bastards Rise,500F0BE8916C76EEB31EBBFD4A0B430A2BCED67C58
[Rock Band],2008/10/07,30,1.99,23,Push It,EEAE2445C2393BCB18686C97C164670209278D4B58
[Rock Band],2008/10/07,30,1.99,20,Stop!,0ECBD8C241A4746A93F4BCEED9598A11BB9674F858
[Rock Band],2008/09/23,30,1.99,24,Sorrow,12379835522D8DDD43854879D2CA6CF66834E66958
[Rock Band],2008/09/23,30,1.99,27,Bandages,CCFA9C2A4D3A06D65579737AC0574788221F2B9658
[Rock Band],2008/09/23,30,1.99,30,Shoot the Runner,16CBF935BD35305B49F22E1B57B85BCD15C2F14C58
[Rock Band],2008/09/23,30,1.99,17,You're No Rock N' Roll Fun,034B4282D1AE2CA60963831A10FC1618AB4C5F5D58
[Rock Band],2008/09/23,30,1.99,38,Love Spreads,43DCDA6D66B27F60D00E64FC24270814C4DBBABB58
[Rock Band],2008/09/16,30,10.99,242,Peace Sells... but Who's Buying? (Album),72F0E8E10A92159F370901C009D4F06FCE15056158
[Rock Band],2008/09/16,30,6.99,92,Rock Band Live 2008 Tour Pack,BB961409EF7552669B244342B06313B3DCEFA5D658
[Rock Band],2008/03/11,30,1.99,19,Shockwave,ECBC7E733710B5974B469029822750B197E341F158
[Rock Band],2008/03/18,30,5.49,61,Earache Thrash Pack 01,B09E678CAA3C46638858EF68F7080C577AFADB3258
[Rock Band],2008/03/18,30,1.99,19,Thrasher,86367836FEB77D0EDB333CDEFCCB45AC670B709758
[Rock Band],2008/03/18,30,1.99,23,D.O.A.,B78E712B8301348965A08DAAE630BD2B2657023158
[Rock Band],2008/03/11,30,1.99,20,Beethoven's C***,1B0F33A12338C3F4887354C0D8AD58076E47838658
[Rock Band],2010/09/21,30,1.99,31,No Woman No Cry,8B34F22175C35376B35A3C989AC1E5CB0137950F58
[Rock Band],2008/03/04,30,1.99,27,Casey Jones,F6C393A7D7A122CAD946E1D4D101FE77895A29F658
[Rock Band],2008/03/04,30,1.99,19,China Cat Sunflower,91F5418BE7133ACA09DFEF818C79FBF5F47369C058
[Rock Band],2008/03/04,30,1.99,28,I Need A Miracle,9B489FB3C046C637AD6FAB3DF3982DABC73A91F458
[Rock Band],2008/03/04,30,1.99,23,Sugar Magnolia,8CBB437B1A43497D470A03D185C0C43268E5770158
[Rock Band],2008/03/04,30,1.99,34,Truckin',186ABE59B77EC63AAD204049D11C31A791BCBCA958
[Rock Band],2009/12/04,30,9.99,162,Grateful Dead Pack 01,2A3826B812D605BA16B213A5530218B6451F949E58
[Rock Band],2008/02/19,30,1.99,25,Why Do You Love Me,10B23082CC5A9BE457B45A45E15FB07CB964605A58
[Rock Band],2008/02/19,30,1.99,25,El Scorcho,99DB15B97E6BACED1A1E13FBF20916C6C9BE301458
[Rock Band],2008/02/12,30,5.49,52,(Arguably) Punk Pack 02,A16D62F4DE0C3A7BDDF40A0E4BD9D9C2E5FE600958
[Rock Band],2008/02/12,30,1.99,10,Teenage Lobotomy,9D6BBDCC9B217CC8DECBCB14503188F9AB3680B358
[Rock Band],2008/02/12,30,1.99,19,Truth Hits Everybody,1D379B8EBD109ACEE32EB6946208F631D0090BA258
[Rock Band],2008/02/12,30,1.99,23,Complete Control,9A49F2A5D04BAA97D23101C8F46E799833F1D6B558
[Rock Band],2008/02/26,30,5.49,68,Nine Inch Nails Pack 01,1D47F5FBE9E0FB609B312CCE3D4CDB13BC24926958
[Rock Band],2008/02/26,30,1.99,34,The Perfect Drug,04673011E3CD86F4B5908FE921E91736A4914A6A58
[Rock Band],2008/02/26,30,1.99,16,The Collector,20445D808A07136004C17F7E63E18021B1FFCD7158
[Rock Band],2008/02/26,30,1.99,19,March of the Pigs,87BCE18960F3A53D8AAA835FDE38AAC5B47E4C6B58
[Rock Band],2008/02/05,30,1.99,28,We Care A Lot,EE726B1ECAAB56E9F9DC3C1B15F900B9199020F658
[Rock Band],2008/02/05,30,1.99,22,Calling Dr. Love,A7064ED0BA3BFC8081A0C94E2EEC839915D9321658
[Rock Band],2008/02/05,30,1.99,38,Roam,766D69D213002BFD549A288A263CC1C5D8536ADC58
[Rock Band],2008/01/29,30,1.99,28,Siva,81A1CFCE7E68F9D19C8A7953549DF1BB6BEB255558
[Rock Band],2008/01/29,30,1.99,45,Working Man*,7CF9FE1DC1B545CF6A9AAB1DB52AF44055DC575D58
[Rock Band],2008/01/29,30,1.99,28,Ten Speed (Of God's Blood and Burial)*,9D86CA157C451579C7CCED96E07E98C640E2936858
[Rock Band],2008/01/15,30,1.99,25,Action*,B897BA7591F311321ECF318B84575B605A33760E58
[Rock Band],2008/01/22,30,5.49,90,Oasis Pack 01,B98A1B053209AB0D8CFC54D13379F694DD85344E58
[Rock Band],2008/01/22,30,1.99,29,Wonderwall,C7B6A03D10FC4059741FFC8AC8856B29078F278458
[Rock Band],2008/01/22,30,1.99,32,Live Forever,9ECC44271B064A2C8AC10700824B38496406CAF158
[Rock Band],2008/01/22,30,1.99,30,Don't Look Back in Anger,5783F2C9A2F1FF75573F0C9FE4FDD0F7B2E69DCB58
[Rock Band],2008/01/08,30,1.99,18,Die! All Right,03A13546073B78BCB58DEF6E1BC63EB276E5890158
[Rock Band],2008/01/08,30,1.99,27,Number of the Beast*,6DA8B13DB354E15113AD0633BDC832CC8865157A58
[Rock Band],2008/01/01,30,1.99,36,Limelight*,85CBDE6B74A6F05511DE769985DB3AD96EC6506658
[Rock Band],2008/01/01,30,1.99,24,Hard to Handle*,B6F6F3DEAE5A0442E3B2AF271CE7D76F76795C6C58
[Rock Band],2008/01/01,30,1.99,24,Gimme Three Steps,D17682F0B57E3782BD776AA3695C01A19684427358
[Rock Band],2007/12/25,30,1.99,17,Attack,0A780B9603F98C52D0461BE73574C0EB5BFB61E058
[Rock Band],2007/12/25,30,1.99,24,Move Along,222CF0762825395DECEC3D90423B94664F93C80158
[Rock Band],2007/12/25,30,1.99,18,Song With a Mission*,7BE73F51800D77F7CC575523406F7C3484E51DB158
[Rock Band],2007/12/18,30,1.99,24,Brass In Pocket*,579495C0C03EA6B5C469133F3FBB11FDF6E0CDAC58
[Rock Band],2007/12/18,30,1.99,31,My Iron Lung,B0A80441F3E472670674801B2F0EAE4A47CEB15958
[Rock Band],2007/12/11,30,1.99,21,Ever Fallen in Love*,98502A61275FB24687CB5C6E35D659D0B13F4F7D58
[Rock Band],2007/12/11,30,1.99,12,Rockaway Beach,54A1AF8FC6DC206C57B503BE2FCE6504DA22657458
[Rock Band],2007/12/11,30,1.99,20,I Fought the Law,806C5E0974E4FFE369F8E078CA09F47DDB7482B558
[Rock Band],2007/12/11,30,5.49,53,Punk Pack 01,BD37D7988E5AC394ACBF34B7FD8611B8385F163C58
[Rock Band],2007/12/04,30,1.99,59,War Pigs*,E40B730E517FCD7EE055FD3187FC02F426B10AB258
[Rock Band],2007/12/04,30,1.99,26,Sweet Leaf*,C99E80FBEB6EEFAEFEE4FAD159939537A0EAF37F58
[Rock Band],2007/12/04,30,1.99,38,N.I.B.*,36D02B9BD2EEBA2748BD900BFDEF51DD9D3DB86458
[Rock Band],2007/12/04,30,5.49,123,Black Sabbath Pack 01,75B8E91927AFBCC4328B38F12773E0DCAFE15E8358
[Rock Band],2009/12/04,30,5.49,88,Harmonix Pack 01,EC53374F54EF8EB3C0333D4415BFA28AFE2DBAED58
[Rock Band],2007/11/27,30,1.99,47,Heroes*,A14B03636EA5F6B0EB7D3558351A5976F492770358
[Rock Band],2007/11/27,30,1.99,24,Moonage Daydream,2355A102721E2DAB12D0B90FD96EB1569B3456EC58
[Rock Band],2007/11/27,30,1.99,24,Queen Bitch*,739A30AEC8963694808601DD57338237E57752DF58
[Rock Band],2007/11/27,30,5.49,93,David Bowie Pack 01,DA8B129948A7F112D44421184556CEB36D7A98EA58
[Rock Band],2007/11/20,30,1.99,17,Fortunate Son*,45F8CD3067FFD8459A6A5A0ECF49856647D6C12F58
[Rock Band],2007/11/20,30,1.99,28,Juke Box Hero*,AB4C0584AB77786F7D23000A06DABEC7271D039A58
[Rock Band],2007/11/20,30,1.99,38,My Sharona*,3B9EAD7EC2F352082E180BC7B82FE3547D9675F058
[Rock Band],2007/11/20,30,1.99,13,Cherry Bomb*,0642F20E3734D53CD5AE31A82F53C1C032627C1358
[Rock Band],2007/11/20,30,1.99,21,Can't Stand Losing You,FFA91E30DBCD939B8B0F62D4353B4B8AD832F59E58
[Rock Band],2007/11/20,30,1.99,20,Roxanne,184216DFF2AAFFC1A2A1B931E2577F1B9DF838DD58
[Rock Band],2007/11/20,30,1.99,33,Synchronicity II,C0C80C198439E75D09FEEF3FCECF49839457BFA058
[Rock Band],2007/11/20,30,1.99,24,Little Sister,5BDF52FAB3C23AC10F6E9F457AA276EBC614B7B958
[Rock Band],2007/11/20,30,1.99,20,3's & 7's,76B77C444078F38FE690FC702CA4BCC2249CF6C558
[Rock Band],2007/11/20,30,1.99,23,"""Sick, Sick, Sick""",5C90842D235F466BC319CE34261971FB3D042F8558
[Rock Band],2007/11/20,30,5.49,74,The Police Pack 01,3C105D7F2D0CA4BFC3837D67A3F81EA3F27E36AD58
[Rock Band],2007/11/20,30,5.49,67,Queens of the Stone Age Pack 01,85869675EE4D1F3A36915A8E72494864AB8F30D258
[Rock Band],2008/06/24,30,1.99,18,La La Love You,EEF72AF618A06B2728745DB85E4355047CA5285358
[Rock Band],2008/06/24,30,1.99,13,Mr. Grieves,32FC8CAE1C6B348E082ED57BDC77BD3C514937A858
[Rock Band],2008/06/24,30,1.99,20,I Bleed,7EAF2E375BE2C73B33FDAD775042AB94E4E0EE5158
[Rock Band],2008/06/24,30,1.99,23,Hey,0A49313DAC872A34C90DEB39D3871D0DC0A318D558
[Rock Band],2008/06/24,30,1.99,30,Here Comes Your Man,D7FDB95CAE8598ED434F37BAE2935A4898F9408E58
[Rock Band],2008/06/24,30,1.99,19,Gouge Away,CA4CE6E987D93A7908E91354F425B75D0DA078F458
[Rock Band],2008/06/24,30,1.99,21,Debaser,23E9F7C50F78ECAA8ED556B2D3DB6B337082E07158
[Rock Band],2008/06/24,30,1.99,19,Dead,7ED0AC097CECCD8A3F934CEA205322E337C01A8158
[Rock Band],2008/06/24,30,1.99,10,Crackity Jones,44A638A365ABBDCE11A578F7477DA9D6F348A8C158
[Rock Band],2008/06/17,30,1.99,33,Hammerhead,8B7EA2FE7E0DA620E7901C73311656A863A2113C58
[Rock Band],2008/06/17,30,1.99,36,Critical Acclaim,D63CAE67A8573A6ACE63339556D0FAC8AD786E0258
[Rock Band],2008/06/10,30,1.99,41,A Clean Shot,9256EBF4E3F73AC75468E719FB49378DAF2A629558
[Rock Band],2008/06/10,30,1.99,18,Girls Who Play Guitars,791E013E009E536C564A1C1622ADBFFD003F655258
[Rock Band],2008/06/03,30,1.99,25,Volcano,5F65C87992A0A1EBA8BB2EFB48B8F1937C1A81FA58
[Rock Band],2008/06/03,30,1.99,24,Cheeseburger in Paradise,993F911068CEE1E7DF15ADB1D422FDDEC8BE8BA858
[Rock Band],2008/06/03,30,1.99,31,Margaritaville,E3832824E50E1B643DDE0CAB914910B7FDD84A3758
[Rock Band],2008/06/03,30,5.49,79,Jimmy Buffett Pack 01,A44B44B8EEA7AA260A6A303D7F0A9B7BF6FCA10C58
[Rock Band],2008/05/27,30,14.99,275,“The Cars” Album,B90899C47F83DEC4966A15F51BD90E0A374C2D9958
[Rock Band],2008/05/27,30,1.99,35,All Mixed Up,D8B65983E0EDBEF96A30914E7C16EC02E43F60F758
[Rock Band],2008/05/27,30,1.99,29,Bye Bye Love,C5AE44AE84EE03E35A2B7C398F87D0753009A72858
[Rock Band],2008/05/27,30,1.99,26,Don't Cha Stop,F233E92FB7C69F3EFB840B66EE39A739B6EA111B58
[Rock Band],2008/05/27,30,1.99,29,Good Times Roll,C23485A43FC2545777B116FF08E70D60B252FA6C58
[Rock Band],2008/05/27,30,1.99,26,I'm in Touch with Your World,39C93C19C5067198292C52EA4A1DC56A79648DDE58
[Rock Band],2008/05/27,30,1.99,29,Just What I Needed,12BD03BE8B25B47C368A3C21133ADFD9CC96C63858
[Rock Band],2008/05/27,30,1.99,41,Moving in Stereo,7BC70FA001805139D8C8C091F4CFB4730D50D62658
[Rock Band],2008/05/27,30,1.99,30,My Best Friend's Girl,1EB88985AF50A752261FA874EBCE2493273A32F858
[Rock Band],2008/05/27,30,1.99,32,You're All I've Got Tonight,FE899E7A1728596AEA6C418365586C57C8FC149258
[Rock Band],2008/06/03,30,1.99,29,Inside the Fire,B1C01791AAA75C861FA303F05E85D164B2AA5F6E58
[Rock Band],2008/06/03,30,1.99,30,Indestructible,EBC29677793FB3110C5737930767371819222BC658
[Rock Band],2008/06/03,30,1.99,25,Perfect Insanity,7526C2B238ED50CC2C29E8EEB0A7D5E05B0F893658
[Rock Band],2008/06/03,30,5.49,83,Disturbed Pack 01,1A2D9FBBD46EB12EF8E0F144BEDF8C9C0C46C8B258
[Rock Band],2008/05/20,30,1.99,22,Perfekte Welle,640E7A7290A08D4E929F1A501EFFBE55AB37462F58
[Rock Band],2008/05/20,30,1.99,43,Rock 'N' Roll Star,EBBEAF5D948FDA288878ADBE53375A07BE7389C658
[Rock Band],2008/05/20,30,1.99,26,New Wave,796205F6140FC95605BB998990E296D9ECCE6BC458
[Rock Band],2008/05/20,30,1.99,34,Beetlebum*,9E2A13232CF9327941460E6317BF2115F67BFE8C58
[Rock Band],2008/05/13,30,1.99,19,Hanging on the Telephone,BC396E4AC1E0E95194C4F2F82EA2D8E867A4095D58
[Rock Band],2008/05/13,30,1.99,29,Kool Thing,36178CF65C8447729A82431760C6712EECB24EFD58
[Rock Band],2008/05/13,30,1.99,25,Train In Vain (Stand by Me),FA4D82645E081C4E98EFB7588D5A4940709FE61258
[Rock Band],2008/05/06,30,5.49,77,Scene Pack 01,FEBC5FBD6E02B08AACC321BC84F6DEF4DD67101058
[Rock Band],2008/05/06,30,1.99,27,"""This Ain't A Scene, It's An Arms Race""",9130B890650F57E78C4DB71FB4C3B5A58F8C601658
[Rock Band],2008/05/06,30,1.99,21,Date with the Night,52594A46A2C8923EDA91BE323B22CA3D830AD34158
[Rock Band],2008/05/06,30,1.99,30,It Hurts,607CF8E6580E0F54166BBF8E0EEF4E84FF9188BE58
[Rock Band],2008/04/29,30,1.99,14,Zero,6664C913C53182960BA23295C3BFDB88B139CE1258
[Rock Band],2008/04/15,30,1.99,22,Saints of Los Angeles,0ECE02961906BF3D7E12967C15FEE937926481FC58
[Rock Band],2008/04/22,30,1.99,34,Devil's Child,F9A320588E6A79F072168A403E6D0CA71CF72A1C58
[Rock Band],2008/04/22,30,1.99,37,Fever,C31067C7645620277D6B11C49D3DF94EA351C43658
[Rock Band],2008/04/22,30,1.99,25,The Hellion/Electric Eye,D153B07494076F55F6392EEFE00A0FAAAC11E9D658
[Rock Band],2008/04/22,30,1.99,30,Pain And Pleasure,47EB74D6A8FA2076F139E05F79A6BEDA0994C34358
[Rock Band],2008/04/22,30,1.99,23,Riding on the Wind,F9E97AAB1BB3604013613A29A18CBDD87AFA52E658
[Rock Band],2008/04/22,30,1.99,32,Screaming For Vengeance,E8C79057B49F99052C5680FED171F8A61811EE1558
[Rock Band],2008/04/22,30,14.99,261,“Screaming for Vengeance” Album,E2F199AD6A83560317E06FDE564038ADECFB8C5A58
[Rock Band],2008/04/22,30,1.99,37,You've Got Another Thing Comin',D15DCA790830E15F619509040BAC518D271231DB58
[Rock Band],2008/04/15,30,5.49,86,Classic Rock Pack 01,01C73E9EC838E8B7E6F2BFFC793925B687634C9558
[Rock Band],2008/04/08,30,1.99,34,Shake,7197BBC3ACE8BCA640DBBBEC99CBEC43A0FDC2B358
[Rock Band],2010/07/14,30,9.99,178,Boston Pack 01,7D76AA8E3951FF8DDEB17032C324C009863BD2C358
[Rock Band],2008/03/25,30,1.99,31,Smokin',4BC669E336201EF8322F58D0BDF74707B6AFAD7858
[Rock Band],2009/12/04,30,1.99,22,Rock And Roll Band,AA2CD8564BC69DBB1BDE254966B33F6478035DBB58
[Rock Band],2008/03/25,30,1.99,24,Something About You,67C476F7811C88BB1A10CD5695F52968B0FA07EE58
[Rock Band],2008/03/25,30,1.99,28,Hitch A Ride,8664FDACDAC8219BB80CA7FCB0DDB80F5C0F619458
[Rock Band],2008/03/18,30,1.99,20,Blinded By Fear,10266D7A2986CBDABDD97FC7682812645039B20858
[Rock Band],2009/06/02,30,1.99,30,The Running Free,03718D6EE6CB821B04DB5827AC670A71E631438F58
[Rock Band],2009/06/02,30,1.99,40,Wolf Like Me,BB04A2F0A198FA05931C972A895280E4710F54B158
[Rock Band],2009/05/26,30,1.99,21,Cuz U R Next,5A2F8C349A3A9498F1BC409E163560B64670B09858
[Rock Band],2009/05/26,30,1.99,40,LiesLiesLies,67C9311216098433F3FA96221A64ECD4F13B725358
[Rock Band],2009/05/26,30,1.99,23,The Great Satan,E7EF353B8699A3CEE0ACD8362288056D211D0A4F58
[Rock Band],2009/05/26,30,5.49,84,Ministry Pack 01,E24D956D70CCECA6D44209E589C70A0EF77C9B4658
[Rock Band],2009/05/19,30,1.99,28,Billion Dollar Babies (Live),CDE08866616F0B1CD847A1261CC070CD50F0A79758
[Rock Band],2009/10/20,30,1.99,16,Fat Bottomed Girls,CA959FD6851166BC2880860EFD84840392DA6DF258
[Rock Band],2009/10/20,30,1.99,18,Another One Bites the Dust,2672729ACEAE13601278649E6215511B0B91C5C958
[Rock Band],2009/10/20,30,15.99,224,Queen Pack 01,6A1BDD6E02923003E70FF6D987F1E1FEFC14FAC158
[Rock Band],2009/10/27,30,1.99,26,Rock Me,26B6D4505DAD7D4E3FE6EC0145E21352CD91FA4B58
[Rock Band],2009/10/27,30,5.49,64,Rob Zombie Pack 01,EFF79665B286E05C68111B19AF2CB445247F4A6758
[Rock Band],2009/10/27,30,1.99,23,Superbeast,F097883DD9233D0C795F8A2DF1210337CE87EF6B58
[Rock Band],2009/10/27,30,1.99,20,Dragula,AFC3D68A4AF51A226B93ED8265109F921061AE1458
[Rock Band],2009/10/27,30,1.99,21,Burn,D3D3E98774274AA90EE1213B94F77D31AB3C56B258
[Rock Band],2009/10/27,30,8.49,137,Wolfmother Pack 01,8B95344214A09F5F783FC36D03112CA47485098658
[Rock Band],2009/10/20,30,1.99,27,One Vision,9FF67BE6B6E763E313578EBB1B43E49D493004C758
[Rock Band],2009/10/20,30,1.99,19,Killer Queen,EBCB559FFB1504EF94944355C809720F3E3DFA0258
[Rock Band],2009/10/20,30,1.99,23,I Want To Break Free,0B87A8FBF1E26CBDDB1ED217266D01D92250010658
[Rock Band],2009/06/23,30,5.49,89,Maroon 5 Pack 01,E296AC4A0779F4F866A68FA2E059BA39BCFA6DC558
[Rock Band],2009/06/23,30,1.99,29,Wake Up Call,8A4CDD50F0ADC409ED67468310743AB5ADC3547458
[Rock Band],2009/06/23,30,1.99,39,Makes Me Wonder,40499004DB08E731A0920B76DB50B4F145F65FB758
[Rock Band],2009/06/23,30,1.99,21,Little of Your Time,7FC3305F2F34F639BB279C49EC011603EE18C58C58
[Rock Band],2009/06/23,30,8.49,126,Warped Tour 2009 Pack 1,BEED7E388D6345E0D7702568CA812F37A8B5A8B258
[Rock Band],2009/06/23,30,1.99,22,"""I Didn't Say I Was a Powerful, I Said I Was a Wizard""",B7FE2C1D84CBAE581C7323F69A87069AAEFAE19458
[Rock Band],2009/06/23,30,1.99,18,21st Century (Digital Boy),BF53986E7ADBD5C19A9B69CC2CEF08D20084F90358
[Rock Band],2009/06/23,30,1.99,24,State of Love and Trust (Live: Drop in the Park),C2D7FF13AB7653DFE28D42D0964748940DA5EA2C58
[Rock Band],2009/06/23,30,1.99,34,Alive (Live: Drop in the Park),9D80925EDB3CE853A131FE69564903785794164558
[Rock Band],2009/06/23,30,1.99,28,Brother,D25E5899D716275107FD3A29B0F3825F70B4BF7958
[Rock Band],2009/06/30,30,1.99,30,Feels Like the First Time,9C11E489D6ECEB41ECCC6564375D15F4D879FE0358
[Rock Band],2009/06/30,30,1.99,23,Weapon of Choice,FDE828B0224EA78D52AA96ED2264E84E8AD06AE658
[Rock Band],2009/06/30,30,1.99,27,"""Hey John, What's Your Name Again?""",04AF1E39A379BFC8F6007CDA33B591646A9695BC58
[Rock Band],2009/06/30,30,5.49,81,Foreigner Pack 01,C9A58FCF7A5CD65B004CC7AA577A67C17B78007558
[Rock Band],2009/06/30,30,5.49,77,Warped Tour 2009 Pack 02,9C358DBC46DA35B60C03D2BF74F1538039992BBA58
[Rock Band],2009/07/07,30,1.99,27,This is Exile,8E5CD104C889C4BD7EDD9E43E0CA9574CF18FA1F58
[Rock Band],2009/07/07,30,1.99,27,Black Magic,DF5A22ECF27274436B35FCBC233B2123F5AD4A7A58
[Rock Band],2009/07/07,30,1.99,27,Disposable Teens,D3BEFFCDAD3663A2F1D5EE0937D64ADCC02B48C258
[Rock Band],2009/07/07,30,1.99,26,Embedded,E330EF94CEA2B0A355CC74A61145730E2A15C62658
[Rock Band],2009/07/07,30,1.99,34,Empire of the Gun,0FC5B3CE7BEAD8790518FEEBDF9DF5ADC166769658
[Rock Band],2009/07/07,30,1.99,27,Hammer Smashed Face,79C4FA782E44A979719B54F9475698BEC8AEFFA958
[Rock Band],2009/07/07,30,1.99,27,What a Horrible Night to Have a Curse,AF52AAC6DAEFA0D2450D782B383E5A6C710818DA58
[Rock Band],2009/07/07,30,1.99,26,Conquer All,F0FE67EEFAF0F9CFD018DE64BC8DB432813D4BB958
[Rock Band],2009/07/07,30,1.99,23,Know Your Enemy,444445FCBC0A2B3A46339DEBF5088F87DC6F77A658
[Rock Band],2009/07/07,30,1.99,27,East Jesus Nowhere,F5BAF6CA161FCE79F0134E8F1A2418FC4FF122DB58
[Rock Band],2009/07/07,30,1.99,37,21 Guns,F6FEA7EA5EDF410587D0F05AF84DA50E2530EA2758
[Rock Band],2009/07/07,30,5.49,87,Green Day Pack 01,9DE3124514CAE65FA1B9A736B61D9E17E559825D58
[Rock Band],2009/07/07,30,13.49,221,Mayhem Tour 2009 Pack,64410C6D6F59FCFCF2A3A4C52C1539CDB3A120BF58
[Rock Band],2009/07/14,30,5.49,69,Third Man Records - The Dead Weather Pack 01,6693343815EF6699E34AC1487659B27A2B1D0F1858
[Rock Band],2009/07/14,30,1.99,19,Hang You from the Heavens,590BDC5715CD41466F650BF4EB8DCCEB73DE0EF958
[Rock Band],2009/07/14,30,5.49,91,Judas Priest Pack 01,134AF789FBB0B6414590F5CCC9E30BBCE41001DD58
[Rock Band],2009/07/14,30,1.99,39,Prophecy (Live),56AFCC8A7ECF7F30E69571FEBDA855A3D056A46E58
[Rock Band],2009/07/14,30,1.99,30,Eat Me Alive (Live),19643832EFDD4B0794562AAB678C9EE278C9ECE958
[Rock Band],2009/07/14,30,1.99,22,Dissident Aggressor (Live),5155A19C5E38F539170650859CE161856A72416B58
[Rock Band],2009/12/03,30,5.99,54,Big Dipper Pack 01,3A703E4F223B3B0554F1A94B6A9461CBE6D405FC58
[Rock Band],2009/07/14,30,1.99,16,Younger Bums,3ADC6B06891D991B76CA9226C42750EFFF6C8BD658
[Rock Band],2009/07/21,30,5.49,77,Rise Against Pack 01,96272F61D1F41C66EBF812F3E51CFA04C55D672358
[Rock Band],2009/01/13,30,1.99,16,Freedom Train,F0FF3E06AB237061316743B4382464927ED747FF58
[Rock Band],2009/01/13,30,1.99,41,Let Love Rule,07BD50ED3646EE5D52E33E2FD0CAE98802D76FF658
[Rock Band],2009/01/13,30,1.99,25,Entangled,AB69DE8891F3C20BA5328758D2DCFD19DB026F3E58
[Rock Band],2009/01/13,30,1.99,17,Megasus,33AD3FA1C9FA4856FBF3D1983A1D8BC1586C7F0158
[Rock Band],2009/01/20,30,1.99,30,Typical,91CBEF49CFB13227F5DE5C3458B82ACE2BFDBD7D58
[Rock Band],2009/01/20,30,1.99,25,Feed the Tree,9067504B78DF60C2FDA113495D9E429D98D51FA258
[Rock Band],2009/01/20,30,1.99,24,Wind Me Up,E023CA25E2C6A1D881B627B54BA8BD85E25FF5F058
[Rock Band],2009/01/20,30,1.99,30,I Stand Alone,6AF38408BF1A4E6154F30F47A33FBCD66CD44EC358
[Rock Band],2009/01/20,30,1.99,27,War Zone,EB654D7E35A19F6E66D423DDBAEDBDB5C1C53F0658
[Rock Band],2009/01/20,30,5.49,73,Steve Miller Band Pack 01,EE168761A8F2D5A67FB9209EE06EA7F57135F21258
[Rock Band],2009/01/20,30,1.99,18,Take the Money and Run,41F219A4AFDB7673316FB097B92E8588E3AE571C58
[Rock Band],2009/01/20,30,1.99,23,The Joker,A919DDE85C3B957DB4118A986B2FDC508D6D04D858
[Rock Band],2009/01/20,30,1.99,31,Space Cowboy,3B9C2B487677DC5C677F5094016B22ED9BDED8A458
[Rock Band],2009/01/27,30,1.99,23,Don't Ease Me In,B187CAB137551B49BEE02F0409EC71E28F38E6C658
[Rock Band],2009/01/27,30,1.99,46,Hell in a Bucket,FF04B25F609880720784836F9D29D79337F5AA9958
[Rock Band],2009/01/27,30,1.99,25,Uncle John's Band,344A969110A25E654F3FAB49F986C06C24309B1458
[Rock Band],2009/01/27,30,1.99,14,Cold Rain and Snow,1D902A2AB0F7FB6C2439F49539FBFE7F2413811A58
[Rock Band],2009/01/27,30,1.99,32,Doin' That Rag,E9A86C33E4335C1B6846956506EC936F8A5EB48358
[Rock Band],2009/01/27,30,1.99,30,Fire on the Mountain,2DEEB4A2EBDBB55AAE3812B93E84C0058B16260A58
[Rock Band],2009/12/03,30,9.99,170,Grateful Dead Pack 02,7DC6ACBEB675F925F435AEAFC66203B9DF9F533758
[Rock Band],2009/02/03,30,1.99,24,Precious,C55F625A4C35D7ABA6C62DFED54BBC92D3023FAE58
[Rock Band],2009/02/03,30,1.99,18,Hit Me With Your Best Shot,7F59086924DE688EE06D7AE6C05F61535A276FA358
[Rock Band],2009/02/03,30,1.99,27,Break My Heart,EE1D9AC97A29EFB5F7D6F697A23BAF04C63949C158
[Rock Band],2009/02/03,30,1.99,25,Don't Tell Me,523B3C771BF8FD1A655960B83F1E5225F417F9D458
[Rock Band],2009/02/03,30,5.49,95,Thin Lizzy Pack 01,4A66DC74DC09E794D1692B358A3B34D243F7FAF758
[Rock Band],2009/02/03,30,1.99,31,Jailbreak (Live),62801F33FBDF46F82452153C07E174270D9E7BF158
[Rock Band],2009/02/03,30,1.99,30,The Boys Are Back in Town (Live),73099730E2BD3B0A2D4F8C01B6B03589EB4EEAFC58
[Rock Band],2009/02/03,30,1.99,34,Cowboy Song (Live),A6BDC172F741BC85C34992C5E9097779A7882ED358
[Rock Band],2009/04/14,30,1.99,49,Prostitute,58BDD66A8F2AE3F5EE44B95982775D1FCCE89A8758
[Rock Band],2009/04/14,30,1.99,33,This I Love,C57EA3B748C4E8729F1871D6AEAB7328A02A3E2E58
[Rock Band],2009/04/14,30,1.99,34,Madagascar,52C86EF825B97A94590DF4A6887C1D01F14CAA5858
[Rock Band],2009/04/14,30,1.99,35,I.R.S.,01B68C6E527699CA9019B76773266C1095839E8C58
[Rock Band],2009/04/14,30,1.99,45,Sorry,FDC6C3B0011F146FFB6D13F2935AB48F4102A7F158
[Rock Band],2009/04/14,30,1.99,31,Riad N' the Bedouins,76DB22C2F57ABF637C62D2AA1B90E375AFADFBA258
[Rock Band],2009/04/14,30,1.99,39,Catcher in the Rye,052331776D1F6F0D0CCDC8176874E92AF8A541C758
[Rock Band],2009/04/14,30,1.99,47,There Was a Time,ED0920E78104839C45D084C3BAB3BAF518CDF96358
[Rock Band],2009/04/14,30,1.99,38,If The World,DF1C09838C36E9433F17EF7A672F8E5EC254CC4C58
[Rock Band],2009/04/14,30,1.99,30,Street of Dreams,BC53318E7069FAC494C13212F0DE8FCC3D0085CE58
[Rock Band],2009/04/14,30,1.99,40,Better,ACFB1F047D3E47D84DEDE300C0907C36452272D658
[Rock Band],2009/02/17,30,1.99,34,More Human Than Human,E45D8C43E46B93F68931DDB65E78399E3CB1236258
[Rock Band],2009/02/17,30,1.99,31,Black Sunshine,0480D8D6684FED6BBC1D9D5F66DFBB55BD38733B58
[Rock Band],2009/03/17,30,1.99,35,Pick Up the Pieces,1E395D70070AA65018118CE642E77AA14F56F04A58
[Rock Band],2009/02/17,30,1.99,21,Wasted Again,0B916823B71160D22DF93BDDB7D30D4C9FE402A658
[Rock Band],2008/12/09,30,1.99,26,Just a Girl,A9B7AB60256EDF896F4C511BFF4A274CA927944A58
[Rock Band],2008/12/09,30,19.99,398,The Singles 1992–2003 (Album),BF3C7EB79A5AB52AB846DFAA5D48DFBC8394FC1A58
[Rock Band],2008/12/09,30,1.99,30,Ex-Girlfriend,5B0418CA234F5C0EA1D20BF15D3F909660C7356C58
[Rock Band],2008/12/09,30,1.99,32,Don't Speak,AC68D3C4601AE453B1802CE93890698174992F4F58
[Rock Band],2008/12/09,30,1.99,33,Simple Kind of Life,C29E51647C62948551DCEB6C6464459AA1759F7158
[Rock Band],2008/12/09,30,1.99,37,Spiderwebs,DA99137324EBC6E7D820794C2DFB10B01310CF0E58
[Rock Band],2008/12/09,30,1.99,27,Running,116433BC7AE6A83EF06A80FA7769CC1C68FAC7EC58
[Rock Band],2008/12/09,30,1.99,22,Excuse Me Mr.,6BA7AC9E7C26887FBB06A7F67AC18D89837B28F558
[Rock Band],2008/12/09,30,1.99,34,Underneath It All,A7C27CBB74A7AED19151C57F2B40B14D3C41DAEF58
[Rock Band],2008/12/09,30,1.99,33,Hella Good,F9BC4B813F53A918E025C76906CC72DC310575A858
[Rock Band],2008/12/09,30,1.99,35,Sunday Morning,18D915058A1F8028944916082CD3D0B3862ECC8C58
[Rock Band],2008/12/09,30,1.99,30,Bathwater,7E420B7DA3A3A26C2054C30215B5E23080BE268D58
[Rock Band],2008/12/09,30,1.99,23,Hey Baby,DDD2C120F33CAE5800AC256AF64F9882E470E23058
[Rock Band],2008/12/09,30,1.99,34,It's My Life,1E6CE1646D36AA01345FA376E8DC02E31B7BEC4658
[Rock Band],2011/06/21,30,8.49,124,Going Country Pack 01,63D663FC2A63086435CCBC763AD4635B98FBF87E58
[Rock Band],2008/12/16,30,1.99,21,Gunpowder & Lead,A2D59094BCD6E3502310D838C4704F9C8B507DC658
[Rock Band],2008/12/16,30,1.99,29,Hillbilly Deluxe,6BB72277C32AA156F060DB865D9B13359C4BE48D58
[Rock Band],2008/12/16,30,1.99,25,Mud on the Tires,D480D9086D9C4D4AF5EA8E5F04CF39ECB1AE53EB58
[Rock Band],2008/12/16,30,1.99,22,Sin Wagon,52BE2E185F8644F9AF5918A5D3E78C3DC77F6DE358
[Rock Band],2008/12/16,30,1.99,26,Free and Easy (Down the Road I Go),A4380F3E2EBB8503C799D104E11CC184A7DA264158
[Rock Band],2009/12/04,30,5.49,59,Rockin' the Holidays 2008 Pack 01,41F468A6E41DB75D4FD6AD8C603003E7B99DE8F958
[Rock Band],2008/12/23,30,1.99,13,Blue Christmas,4BE2E3233297B9AE49E7474DA8A22F5D90D526BD58
[Rock Band],2008/12/23,30,1.99,19,Christmas is the Time To Say I Love You,5479C7D4FE4EF9A2F2D15FA269EC0DEE20E635E458
[Rock Band],2008/12/23,30,1.99,27,Hanukkah Blessings,8518E2ED71B57C4A20DF32E3B54CB2E824792BFE58
[Rock Band],2008/12/23,30,5.49,84,Foo Fighters Pack 01,DC0989B391ED2CAAFA3C1D83CADF6C9065189F8F58
[Rock Band],2008/12/23,30,1.99,32,Times Like These,6C8E55E5DE27E7D3C4942C2CAE841C37ACFDEFA358
[Rock Band],2008/12/23,30,1.99,29,DOA,F2A338276FBD47228915CD2A602C9F8A1FB367A858
[Rock Band],2008/12/23,30,1.99,23,This Is a Call,5EE8F03CED0C10ED54323920780AAB4C56D6432858
[Rock Band],2008/12/30,30,1.99,34,Space Truckin',D59C53EA4EB7DC2AD1EBD4962621F55D3F96892958
[Rock Band],2008/12/30,30,1.99,19,Hymn 43,F5A80B07A771C352894D44BD05B533A072FA28A058
[Rock Band],2008/12/30,30,1.99,16,Funk #49,A8E72BC29FBCD7A684DB3DE6EE548AC56730523D58
[Rock Band],2008/12/30,30,1.99,35,Take Back the City',829C711B630F8506575CC1B3DAC2C9C932D2109358
[Rock Band],2011/06/21,30,9.99,119,Roy Orbison Pack 01,51F347A70B965D2567E4BF58E4DF0563AB01D4B558
[Rock Band],2009/01/06,30,1.99,17,Ooby Dooby,FD09DD513392EE8F67BC0BC36CBF6803CA2D233A58
[Rock Band],2009/01/06,30,1.99,22,In Dreams,F9CF0B18DEC8D62E5EE511264B42C1E5E9D91BEE58
[Rock Band],2009/01/06,30,1.99,20,"""Oh, Pretty Woman""",1F32DB520A986359D1E41D58F51E90E6684CC14D58
[Rock Band],2009/01/06,30,1.99,19,Claudette,07665A1F7B6D1A1A40B47BE0EBC542B6DE54E2FD58
[Rock Band],2009/01/06,30,1.99,19,Mean Woman Blues,EE1C94A9EE5C9A70CEB0461E490BFAFBCE60103958
[Rock Band],2009/01/06,30,1.99,23,You Got It,8D4AA25B8E10C1A97F8248AFFC28F957FF2434FF58
[Rock Band],2009/01/13,30,6.99,109,Lenny Kravitz Pack 01,B59F48D50D2DB57FC35425A5A2794CDE2E1E825858
[Rock Band],2009/01/13,30,1.99,29,Mr. Cab Driver,7A5103C0FB7C16FC7A29553558FD0F214E2E7A2358
[Rock Band],2009/11/17,30,1.99,24,"""The Leaving Song, Pt. II""",569B786EDC62633BF1A8EEB81B2E2D7D708A32D858
[Rock Band],2009/12/01,30,1.99,31,Lithium (Live at Reading),4806813D9079CCEFA7C1D5C4FC17B05F78B3B2AE58
[Rock Band],2009/12/01,30,5.49,90,Nirvana Pack 02,A2675ECA8453471AEA551BCD036BBD1C9A4BA1EC58
[Rock Band],2009/12/01,30,1.99,30,Smells Like Teen Spirit,35088CBA98BB6236E864077C1A0C9B861FE42B9758
[Rock Band],2010/02/09,30,1.99,49,"""Holy Wars, the Punishment Due""",036B6F298D6DCCD8790F6F99F840478D387BFD4E58
[Rock Band],2009/11/17,30,1.99,30,Medicate,B21AFA237E0EC24F5D577C270705B12EBDE27A4A58
[Rock Band],2010/02/02,30,1.99,15,On the Road Again,2BD230F3B75057CCD096CFE5236E5212B0DEB41658
[Rock Band],2009/11/17,30,1.99,22,Love Like Winter,B8030109C373BFAC38E3D500B1CC7A9CD57737E158
[Rock Band],2010/02/02,30,1.99,30,Swing,CE33C20C33F9FCA90B73DC4A5DFC40330B6A9A8958
[Rock Band],2009/11/24,30,1.99,27,American Girl (Live),AEE269CA693AA97102FA068E73A5FD425CD5885B58
[Rock Band],2009/11/24,30,1.99,22,Even the Losers (Live),18F7F6979F805CEFB3A040258DCE01933E75EB4958
[Rock Band],2009/11/24,30,1.99,30,Mary Jane's Last Dance (Live),EB9B6A53A0769A047AA5C4D182224EB8B3E33AA358
[Rock Band],2010/02/02,30,1.99,27,Suds in the Bucket,C1A0107A9BB51AD995EDDC05E88FBDA267A35B3058
[Rock Band],2010/02/02,30,1.99,21,Me and My Gang,05C3CBAF66CE6A9F01502133584E43BCA91838C358
[Rock Band],2010/02/02,30,1.99,30,Gone,EE6B278734CA053963DE6098313E4898BBA8DAF858
[Rock Band],2010/02/02,30,1.99,34,She Thinks My Tractor's Sexy,7D742A72180CD50E1580D4017D80BFB40D8C44BE58
[Rock Band],2011/06/21,30,9.99,158,Going Country Pack 03,1C565505A88DDA6F47AE4ED262975CC09FDD992858
[Rock Band],2010/02/09,30,14.99,296,Rust in Peace (Album),A21E421AA27F75203A1EB6A034439DB83DF5885558
[Rock Band],2009/11/17,30,8.49,127,AFI Pack 01,36F34154B88A1FDB5DF964D94AA596ABD5D2720458
[Rock Band],2009/11/17,30,1.99,23,Beautiful Thieves,CEFF47661DFA372933C1792DFF972E404CAE1FC958
[Rock Band],2009/11/17,30,1.99,28,End Transmission,13DD5A244C4BA518E5AB19A42AF3EAA74688680258
[Rock Band],2010/01/05,30,1.99,38,Sister Europe,E4B34E82AA273AB3C1AADBDD83BFE0DC6E496F3058
[Rock Band],2009/12/29,30,1.99,39,Good Time,599894FB5F50036480B416C652E23A1DE2E851AD58
[Rock Band],2009/12/29,30,1.99,26,She's Country,521868AD3568E0688772CC283A3598C1AB4F5FD858
[Rock Band],2009/12/29,30,1.99,22,The Gambler,E350EC435F6147CF21962FF7273432A8006F322358
[Rock Band],2011/06/21,30,10.99,212,Going Country Pack 02,6A86153E659CB32ED1A3973029CB675E3D45128458
[Rock Band],2009/12/22,30,1.99,31,Beverly Hills,5FDE0212D30ACED88E5CD6F35D5A98FE4F52D20F58
[Rock Band],2009/12/22,30,5.49,79,Weezer Pack 03,7593F0580E4A5DA25140989A0B505E9ADEB10AAE58
[Rock Band],2009/12/15,30,5.49,68,Green Day Pack 02,0D7436F2F2FB38408D5FD0B2E4CDBD1BE665C82E58
[Rock Band],2009/12/15,30,1.99,23,Christian's Inferno,A9A3FD72C9B3E5DE1F7FEFF84D4C6B5F9586435058
[Rock Band],2010/01/26,30,1.99,33,Killed by Death '08,4EA4653E46724F08D0CA018DED89C07C016339EA58
[Rock Band],2010/01/26,30,1.99,16,Transmaniacon MC,E5AD64710ED21D5868516FEB319724104E62CC6458
[Rock Band],2009/12/15,30,1.99,29,Kings and Queens,03F13E017DA331AEDD48FAFC5CF409D820AA26E358
[Rock Band],2009/12/08,30,1.99,33,Sulfur,FE904AC41B7CED1DBBC213CD0ADE0B4BF2BECB6A58
[Rock Band],2009/12/08,30,5.49,106,Slipknot Pack 01,28F5CDD97E410DB339940338B8629EE50E76AD9858
[Rock Band],2009/09/20,30,1.99,19,Supersonic,D27891C6E99A80F35AE11D2929924D7485F93F4658
[Rock Band],2009/09/20,30,1.99,27,Force of Nature,A14D6191DD83BFBBABEF8CF8A979AC6C8813D0F158
[Rock Band],2009/09/20,30,1.99,13,The End,EDE383A678A5401CF548665D794CF7DB30A96F2858
[Rock Band],2009/09/15,30,1.99,35,666,DEB9456578B7766B8CDF664C34C030AE3A48061158
[Rock Band],2009/09/15,30,1.99,31,Metal on Metal,31EDD941C3B64B0017EAC2A7C66B8546067799CF58
[Rock Band],2009/09/15,30,1.99,39,This Is Thirteen,323D7ED002492F6FEA04E806BA12D62AE562C62758
[Rock Band],2009/09/15,30,5.49,105,Anvil Pack 01,FB61BE431487618CFCEAB89AE8936C10FBA0858358
[Rock Band],2009/09/15,30,1.99,25,Rock Your Socks,3EF14E4A94E962A8F2409CC13B14046841FA629C58
[Rock Band],2009/09/15,30,1.99,29,Tribute,EF1280C1167D70BAD4953BDD5299300EFBB7614558
[Rock Band],2009/12/05,30,5.49,112,Freezepop Pack 01,AD7827F95B8DFFEF17C18C1F9ED6E7C76A7ABA5F58
[Rock Band],2009/12/05,30,5.49,85,The PAX 2009 Collection,19F96E2A870DC2D97D86A6C76E48588C0C05839158
[Rock Band],2009/12/04,30,1.99,50,Less Talk More Rokk,D1C85BCC03A6AEB3C001E848D0A812AC1A878DE958
[Rock Band],2009/09/08,30,1.99,26,Re: Your Brains,2C16714AFC61F878C012E8903F4935742C93393258
[Rock Band],2009/09/08,30,1.99,33,Origin of Species,9925C728050953048F6390DD8961937D2DC4A24958
[Rock Band],2009/09/08,30,1.99,25,Opening Band,A59A98EB2A8EAA255AE98D484C703887E51EFF2558
[Rock Band],2009/10/13,30,5.49,64,Brütal Legend Pack,80C9B1D0A0EAFD70A005C3632CC733210E0D391C58
[Rock Band],2009/09/01,30,8.49,175,Talking Heads Pack 01,B266CDA84D4F29890B0F4366283757926165A1E958
[Rock Band],2009/07/28,30,1.99,25,Deuce (Live),ADA105FACB7B159FC6A0B93D9E0665C2AF53DD1B58
[Rock Band],2009/07/28,30,5.49,88,KISS Pack 01,367731E6329F9738B3B82E6933D23FC7BCFD72C158
[Rock Band],2009/07/28,30,1.99,32,Undone (The Sweater Song),A030611DF681F40C68A93D3306DB195F11C56BEE58
[Rock Band],2009/07/28,30,5.49,80,Weezer Pack 02,8382DC818BB00FBE2C513A2602EF60589E09DF1158
[Rock Band],2009/07/28,30,1.99,36,"""100,000 Years (Live)""",A812AB2B66D4C358A8B7A70E2DFF89337702125458
[Rock Band],2009/12/05,30,5.49,49,SpongeBob SquarePants Pack 02,F71F5E0854BB9A62D7B8D81F81F71E12957C22E358
[Rock Band],2009/11/10,30,1.99,24,Icky Thump,F4FEF0596CA96F583BDC7E330341DC952216554058
[Rock Band],2009/11/10,30,5.49,67,The White Stripes Pack 01,12D53B3A2496B1BBDACB57D672FB9B0A2399D39C58
[Rock Band],2009/12/08,30,6.99,123,Foo Fighters Pack 03,3750C256F959E47CC5CAFDD7DA9676D44CD546C958
[Rock Band],2009/11/03,30,5.49,54,Nirvana Bleach Pack,79CABED827CD701458C0A342520F96DC122685A758
[Rock Band],2009/10/27,30,1.99,28,White Unicorn,114DA644AB6E0CF46CD1983B88E9919D23D99D4E58
[Rock Band],2008/12/02,30,1.99,21,Real World,238C1413DE7066E7045A34B44D1906530415D5C758
[Rock Band],2008/11/25,30,1.99,38,Jesus Christ Pose,14B647132A76FD365F991A24010A0D2E7C9B7B0358
[Rock Band],2008/11/25,30,1.99,28,Pretty Noose,359A9ED96893E22FE640EA90F3AA8484C3B080F258
[Rock Band],2009/06/09,30,1.99,48,Hallowed Be Thy Name (Live),0B9D4F9709C93DF20DF4C21DDE1BD39FF7199B7A58
[Rock Band],2009/06/09,30,1.99,42,Powerslave,CFA621F7877E98EDC195E78255BA1E3F58D71D1358
[Rock Band],2009/06/09,30,1.99,37,Iron Maiden (Live),5D2AD7B539396C1F4858D5454F16B6FE9C712C2F58
[Rock Band],2009/06/16,30,1.99,25,Weight of the World,6BEA22A2D397DC4756C6285E8C00A4F10DAB627258
[Rock Band],2009/03/17,30,1.99,22,Shining Star,C380BFD88B2339CC1FFCA34B11281DA633CB1A1058
[Rock Band],2009/03/17,30,1.99,21,All the Things That Go To Make Heaven and Earth,1D3E4DE72A525BEC9DB9EB8104177DC2E9CA5D8758
[Rock Band],2009/03/17,30,1.99,20,Use It,13E02B726D35144EB46E9AA5B96900B2B811F0AD58
[Rock Band],2009/03/24,30,17.99,351,Ten (Album),1BA1B69F5B49ADCBCA2BC9F0D03F7B4461B3D55A58
[Rock Band],2009/03/24,30,1.99,14,Master/Slave,E02A9DF27338CFC692CEC10FC7904050ADB2DEE358
[Rock Band],2009/03/24,30,1.99,37,Release,A0B07A611B0576780F1091EA94E03946A56C7AFF58
[Rock Band],2009/03/31,30,1.99,22,Geraldine,727EE956E7974F6203697DE759483C62DC7CEC7058
[Rock Band],2009/04/07,30,1.99,28,Warriors of Time,B7E9804EFCCB904CF7969C36D49BD8F0ADA3A74658
[Rock Band],2009/04/07,30,1.99,21,New Slang,5642C6D2F122FC2FFAA7E8EE702A3A1FA92D4EB358
[Rock Band],2009/04/07,30,1.99,28,Should've Been a Cowboy,85819228550C49A6DDA15FE0ADD95E41EADE0A9858
[Rock Band],2009/04/07,30,1.99,28,Who's Your Daddy?,7F3850DBE5B284328B94A2122692E69C171EB55058
[Rock Band],2009/04/07,30,1.99,27,How Do You Like Me Now?!,208F9C790BF93FB0A1270226F65EA08B0145B8D558
[Rock Band],2009/04/07,30,1.99,39,I Love This Bar,8487D7E9721919407C679CBBBE7F89E8B37BDEEC58
[Rock Band],2009/04/07,30,1.99,29,Beer for My Horses,B84D4021DD6F88619F4B316A83AC73CCD226E53558
[Rock Band],2009/12/05,30,9.99,176,Toby Keith Pack 01,593DAF498DECEDE0AEDEF46691E05915C94D74F058
[Rock Band],2009/05/05,30,1.99,32,Do You Want To,BDF7233E7193A0A3A697ABD918D6DCFBD22B1F1358
[Rock Band],2009/05/05,30,1.99,34,Take Me Out,BAAAFF1C1B368B827A57BB6A8855CC8643162C2558
[Rock Band],2009/04/28,30,15.99,289,Nothing's Shocking (Album),7B5B409CF466107EE0BE9881F536536A4095E0CB58
[Rock Band],2009/04/28,30,1.99,25,Pigs in Zen,7444BE473F93257099EDFD6697A6AD5F8C5F9BA958
[Rock Band],2009/04/28,30,1.99,5,Thank You Boys,34ABD02B69E0FAF35B7459E202BFFF8F39BD25F758
[Rock Band],2009/04/28,30,1.99,48,Jane Says,1AA2BEC4A49410633469D411A23DC6344C85D70E58
[Rock Band],2009/04/28,30,1.99,21,Idiots Rule,4D3A7BEFB7D8281423E12FB30EC8E6B4391258D158
[Rock Band],2009/04/28,30,1.99,36,Summertime Rolls,1737D2F9DF08525473482BCBD487F9061506B60158
[Rock Band],2009/04/28,30,1.99,26,Standing in the Shower...Thinking,4EA0AF8AD43741E1308A3E6FD0006187216710D858
[Rock Band],2009/04/28,30,1.99,51,"""Ted, Just Admit It""",A1E56CD89DFEFF963C6D6728BB16DD0EBF9BBF4458
[Rock Band],2009/04/28,30,1.99,27,Had a Dad,A04A53F3DA2F9D45CFDCD43D2034C9A12D37E17858
[Rock Band],2009/04/28,30,1.99,29,Ocean Size,51EF49265C6C0DAFA399D930935F4D1F091766B458
[Rock Band],2009/04/28,30,1.99,20,Up the Beach,6840CC828A44F2B9D421B541E7A40AF6DFB4409558
[Rock Band],2009/04/21,30,1.99,34,Can't Stop Rockin',4EA6F04F9F23E378B06E17D6F0121754F0F23FF158
[Rock Band],2009/03/24,30,1.99,28,Deep,4C11F8259344641C329BD53E1E9C7FD9453ECCAD58
[Rock Band],2009/03/24,30,1.99,36,Garden,518D7AB765617EDBAFDEFCA33BE44C05A761E24C58
[Rock Band],2009/03/24,30,1.99,25,Porch,FB612328087B68368B60B44F48ADC02E77D712AB58
[Rock Band],2009/03/24,30,1.99,18,Oceans,0E7B052EDDDBA25478DC569199606EBB0009FBDF58
[Rock Band],2009/03/24,30,1.99,46,Jeremy,2996D3F761E25717B49DDDA75CEDA124EE29172B58
[Rock Band],2009/03/24,30,1.99,46,Black,4C83D8743789CEDA7439D62963B8F49087E9349E58
[Rock Band],2009/03/24,30,1.99,26,Why Go,B8CE9B6C744889C90ADD4B09C64ECBA679865D2358
[Rock Band],2009/03/24,30,1.99,47,Even Flow,E5DB395ECD5B7FF7FFAAA59778944E89AA6D486058
[Rock Band],2009/03/24,30,1.99,27,Once,65E8BDC244B1D822498E2039D4643759C692330E58
[Rock Band],2009/03/31,30,1.99,26,Heartbreaker,EEF7B44FAB301BD62B528E96C3E2F867B5D6710058
[Rock Band],2009/12/05,30,5.49,54,SpongeBob SquarePants Pack 01,DE33E95C7E8F62E3930141B2ACE5EF1635C9205958
[Rock Band],2009/03/17,30,1.99,34,Thrash Unreal,B9ACB2CD0593D292C8E06D73717574AC448DEDF858
[Rock Band],2009/04/21,30,1.99,32,Take It On the Run,E16C504E39207B9F83DE7C1204D3C9286D375F4658
[Rock Band],2009/04/21,30,1.99,46,Roll with the Changes,C6B268AB134F23D8DD0583748CA3CDA5DB8DFE8F58
[Rock Band],2009/04/21,30,1.99,25,Ridin' the Storm Out,F42FDC11526BF1FC4B087F78B2273FEFE39ACB8C58
[Rock Band],2009/04/21,30,5.49,64,Hautewerk Pack 01,76841213CDA7DCFA554919AE71ACBF538001F57758
[Rock Band],2009/04/21,30,1.99,23,Stop Start Again,F71F4F4CF2ABD98F2CC564510D0EDFF0FE067A3F58
[Rock Band],2009/04/21,30,1.99,19,I Know Where You Came From,8E3A1CF6EA042BAAEF83E7097A2EFE0E8DD5692758
[Rock Band],2009/04/21,30,1.99,23,Alone in My Head,22A31CA4ABB549A058816FD2D535BD13540458D958
[Rock Band],2009/05/12,30,1.99,42,Story of My Life,C2070319C0727AC7867E7CC5A4D50212000CBE7558
[Rock Band],2009/05/12,30,1.99,38,Bad Luck,1F88BDA916C10B666B4B1181017467DC550B277B58
[Rock Band],2009/05/12,30,1.99,39,My Old School,FCC90C7F61BFA3331D97EDCF5E0B003DEA4947EA58
[Rock Band],2009/05/19,30,1.99,19,Kids Don't Follow,B21F34A1E8D1C717EAB6CB4C04EBA1614E5400C958
[Rock Band],2009/05/12,30,1.99,44,Stupify,E6BEC60645F4F1BDFEA13DED3CA972D76893328558
[Rock Band],2009/05/05,30,1.99,42,The Banishment,8FD0B3F5DB43607D8F62F38B9328777974DE21AA58
[Rock Band],2009/05/05,30,1.99,25,Idealistic Types,7D182384FD696D8443EBF2E6C0D656149005C34E58
[Rock Band],2009/05/05,30,1.99,25,Naked Eye,E20F7AA9D8A5133BD51FC53C658C72F315C51E4A58
[Rock Band],2009/05/05,30,1.99,24,Drain the Blood,CC9392C14D33D84C48E3D9FAF97C8BD5C6AFF24758
[Rock Band],2009/05/05,30,5.49,84,Franz Ferdinand Pack 01,5EE52A0F5C95339DA918E70C6954462F13B9A5A258
[Rock Band],2009/05/12,30,5.49,113,Social Distortion Pack 01,4E270D316BFDA06060E4D194EFDC35AEA7F120F458
[Rock Band],2009/05/19,30,5.49,65,Taking Back Sunday Pack 01,B3B5D3ADEAE1E0D18396F31A1989A020C4BC505B58
[Rock Band],2009/05/19,30,1.99,26,What's It Feel Like to Be a Ghost?,012E3971DECA6D26EAE9CD719FA424169C6B551E58
[Rock Band],2009/05/19,30,1.99,21,MakeDamnSure,A7A8A52FE83309F78E7D70685A7CC04571BFF6FA58
[Rock Band],2009/12/05,30,9.99,189,Alice Cooper Pack 01,3A00B04EBCEDBA77F518150F25732E5AE13FDA9158
[Rock Band],2009/05/19,30,1.99,33,Vengeance Is Mine,1912EA73A552166F17D2F583C134DE41E2EBE66B58
[Rock Band 3],2012/03/06,30,1.99,14,The Anthem - Good Charlotte,CF0CF7E4DDD2877C01613CBC861BF92921BD31BA58
[Rock Band 3],2015/01/13,30,1.99,16,R U Mine? - Arctic Monkeys,A07CDB853FB15669169F0BC3BFD71F6920E6081D58
[Rock Band 3],2011/07/05,30,1.99,26,Aerials - System of a Down,06F439CC53706583597C6763DCE3446B3A87426058
[Rock Band 3],2012/05/22,30,1.99,38,Phantom of the Opera - Iron Maiden,E9B2F3D7E11C51D19F91FECAC433A4A30F5352A358
[Rock Band 3],2011/06/01,30,13.49,246,Ozzy Osbourne 8-Pack,89C9FA3F5DEB8BCD02CD0AC95717408CE9B453B358
[Rock Band 3],2011/12/27,30,1.99,24,I Write Sins Not Tragedies - Panic at the Disco,ACA26D8AA465C61AF461D31F84046E7E699E617F58
[Rock Band 3],2011/06/14,30,1.99,22,Tubthumping - Chumbawamba,EB21A8EA115C732D318A13A1A9B52F7CE609DAFC58
[Rock Band 3],2012/03/06,30,1.99,26,Curl of the Burl - Mastodon,C035BBB1FE5405B0E71F1D748D954314E9239FC858
[Rock Band 3],2011/12/13,30,1.99,16,Fly by Night - Rush,E852349B24AD656398179E3FB5F36AFA73399A8F58
[Rock Band 3],2010/11/09,30,1.99,71,Blue Monday,EA39F66444EA5545FCBF4819F41ACA54EAF8404458
[Rock Band 3],2010/12/14,30,19.99,399,Billy Joel The Hits: Rock Band Edition,FA3F91E47DC2DF64B7E23F8687EF7CF4C0AAC2A558
[Rock Band 3],2012/03/27,30,1.99,29,Bully - Shinedown,0590F1C5CC2F50C6564F4AD6D02138CCB486C26A58
[Rock Band 3],2011/02/11,30,1.99,45,Total Eclipse of the Heart,F978679723414FCF54FF6894EE70BDFBBDC04B4B58
[Rock Band 3],2013/01/08,30,1.99,23,Moves Like Jagger - Maroon 5 ft. Christina Aguilera,BBDB41B2B26BAFE10992BF0A5BFABE3E6755326B58
[Rock Band 3],2011/05/19,30,6.99,126,Pantera Pack 01,A88C9B4058810E493EE4C08960FB852B56B0219758
[Rock Band 3],2012/02/14,30,1.99,30,Never Gonna Give You Up - Rick Astley,CA1AE9DB6E41D44B07F5D17854F047A4E76FCFF258
[Rock Band 3],2012/11/13,30,1.99,22,I'm Alright - Kenny Loggins,C27DFDA6EC5FB59E834EBD036A9BB2C23F29EDA558
[Rock Band 3],2012/12/25,30,5.49,70,My Chemical Romance Pack 01,81D22DC805338843D7255558D2626956CF6CA2AB58
[Rock Band 3],2012/11/20,30,1.99,29,I Melt with You - Modern English,902AF108CAF07F75951859FA0B12D0A5DC40EEAD58
[Rock Band 3],2011/07/26,30,1.99,59,I've Seen All Good People - Yes,9A885CD36535E508E98EF847B12BA80EC544075058
[Rock Band 3],2010/11/09,30,1.99,35,I'll Be There For You,50E70F631A2AFD51C615A78E3B86AEBAA3D8089958
[Rock Band 3],2011/02/11,30,1.99,76,Paradise by the Dashboard Light,935B79BB99B0C15EC1848F162C24C8D0B1E6F41D58
[Rock Band 3],2012/10/30,30,5.49,49,Sublime Pack 01,631898F8D8BEB07CA344BCC86729DDB6E8C83A6158
[Rock Band 3],2013/03/26,30,1.99,23,Send the Pain Below - Chevelle,AAD7B4F6ECBAB754AA5ED8A2613B4CEA985E16C258
[Rock Band 3],2012/12/25,30,1.99,30,Sing - My Chemical Romance,D4017FD82C9264E3D8DA8C03CD1841689806DF3358
[Rock Band 3],2011/12/06,30,1.99,15,Seven Seas of Rhye - Queen,F2F0489000D273DC7183745F1B01DCFE3FCEC26B58
[Rock Band 3],2011/08/16,30,5.49,66,Fall Out Boy Pack 01,A6A12A17D90B0D225F5F1FBE6EB2A6CFEC631D5E58
[Rock Band 3],2010/11/09,30,1.99,41,Wanted Dead or Alive (RB3 version),3A99B8376C03FEBA31ED884CE3DAC6AD4C5BDE9458
[Rock Band 3],2012/11/06,30,1.99,32,Ants Marching - Dave Matthews Band,E6BFACC2627E22C16CDE88C8A51C77EFAFA2949D58
[Rock Band 3],2013/03/19,30,1.99,52,Shout - Tears for Fears,C6989CA02B084C6CB6E95F643CA0700FF6F4D7E058
[Rock Band 3],2012/09/11,30,5.49,85,Matchbox Twenty Pack 01,200FF53E19FE48E47E72971D60929A50BCE112E558
[Rock Band 3],2011/12/27,30,1.99,19,Pressure - Paramore,F87EC56EF790AC759A19D53DE6B084AF1D85401B58
[Rock Band 3],2011/11/01,30,1.99,30,Until the End - Breaking Benjamin,61A77371004EBC872BA08259AA58F80D415B9C3D58
[Rock Band 3],2012/05/15,30,5.49,99,Paramore Pack 01,C7B5809C0BB2337C146DD9BC0FBD885811FC877E58
[Rock Band 3],2012/09/04,30,1.99,20,Breaking the Habit - Linkin Park,78A23912511DA78D16544731DBD77016A7DC819658
[Rock Band 3],2012/12/18,30,1.99,36,Don't Let the Sun Go Down on Me - Elton John,6F4FCF5265E7F5B6D1699351C1FBB7372364A24158
[Rock Band 3],2012/04/03,30,5.49,74,Evanescence Pack 02,BE38B7BE54B6C45E1142D0B84BBE8A382B2B04CA58
[Rock Band 3],2011/06/14,30,1.99,30,Unholy Confessions - Avenged Sevenfold,4AC011245908404097E494DFBBBEBC071B0FCFD958
[Rock Band 3],2012/01/10,30,5.49,95,Hall & Oates Pack 01,5E27B4CD43A9BFAE6520E78F237BBB162B70941758
[Rock Band 3],2012/11/13,30,1.99,19,Longview - Green Day,B07CFB1DF9FFDD869403FDF0E9729E7EED7631A758
[Rock Band 3],2012/07/10,30,1.99,19,It's Not Over - Daughtry,2CD22C7E8D2A0B27C0F4F76C5FF473C71EDFF37A58
[Rock Band 3],2012/01/31,30,1.99,31,Head Over Heels - Tears For Fears,350E6A85463225B8C207B5DA8345EE2105D409E858
[Rock Band 3],2011/04/19,30,1.99,30,867-5309/Jenny - Tommy Tutone,CFAE06E451D37F6A01FA209C08215B49A711F27658
[Rock Band 3],2010/11/02,30,1.99,29,Subdivisions,4D40E5A08E0FA42CDBB65E9FB2DC27BD218888DF58
[Rock Band 3],2011/01/11,30,1.99,30,Crawling,D13319F7D258378B8EBFD489B45C8B8ACC5A6EF858
[Rock Band 3],2012/05/22,30,1.99,32,The Prisoner - Iron Maiden,5881491F6F5800833796C5DB90F0AA1B331A77CC58
[Rock Band 3],2011/07/05,30,1.99,34,Man on the Moon - R.E.M.,C3FF007A954A3EF5616D1582908F39464BFE440958
[Rock Band 3],2010/12/07,30,1.99,33,I Want It All (RB3 version),0D191836A70AB9B6C35E970BF344F72F89FAB0D358
[Rock Band 3],2013/03/26,30,1.99,20,Face to the Floor - Chevelle,F9F65C685DB36A94C6A73451EF6171A3DA22E92058
[Rock Band 3],2011/01/11,30,1.99,20,What I've Done,4D3C63068B0EA443E1308AC4A9A9F1B9CDF5AB9B58
[Rock Band 3],2010/12/07,30,1.99,25,We Are the Champions (RB3 version),81E168E78682363D85E76746D3DBCC2DA0619EA658
[Rock Band 3],2012/11/20,30,1.99,35,Jessica - The Allman Brothers Band,8F7603C2D22BF53C2A370CFDB0A3DD8862511B2B58
[Rock Band 3],2013/01/22,30,1.99,28,Stronger (What Doesn't Kill You) - Kelly Clarkson,1B53680AE4020F992E84A2059DBDF041F633B8EF58
[Rock Band 3],2012/11/06,30,1.99,36,So Much to Say - Dave Matthews Band,3A6B65BC15E9FFF10F516E25CDB814FE1D3A586958
[Rock Band 3],2011/05/23,30,1.99,33,Born This Way - Lady Gaga,AB84711D114EFB7BFCD9D647E8843347B74333AD58
[Rock Band 3],2010/12/07,30,1.99,21,Tenement Funster,012F0C0A69A9A9FF455EF0E556B4A5B6404B8BBF58
[Rock Band 3],2015/02/17,30,1.99,29,Rize Of The Fenix - Tenacious D,FE51C83916A4790A82D13C339CE697B9EF1B339F58
[Rock Band 3],2011/12/20,30,1.99,21,All Along the Watchtower - The Jimi Hendrix Experience,7B037FE0B1587B544BBCA80FF6D38717AD3A4D4B58
[Rock Band 3],2010/12/28,30,6.99,99,Celebrating Band on the Run Pack,10FA8E891FC4D9A0F6D11CB6A04819F72EF9190458
[Rock Band 3],2012/06/19,30,1.99,26,In My Head - Queens of the Stone Age,B79BAA5FFDBA45A65BB6D64BD417A59F15B4A64258
[Rock Band 3],2012/05/22,30,1.99,73,Seventh Son of a Seventh Son - Iron Maiden,F8D9B7E2576CCDFFEBA3F5B01F28D374FF02A7C458
[Rock Band 3],2012/11/27,30,1.99,14,Sex and Candy - Marcy Playground,F91F295E12F258772E02754026991866D1F5EAEB58
[Rock Band 3],2012/12/30,30,1.99,27,Party Hard - Andrew W.K.,41F19B72487C15301740850B39960396DAD19AA258
[Rock Band 3],2012/05/22,30,1.99,41,Infinite Dreams - Iron Maiden,8A4428918B28E447F8DCF7E84295E30682FA77EE58
[Rock Band 3],2012/04/10,30,5.49,82,Slayer Pack 01,860BABACB66169CF53AF8F5DDB1CCBED677ECFE358
[Rock Band 3],2012/06/19,30,1.99,23,Fireflies - Owl City,DBB6E448A3EC16D4BA81B3FC2178B63065F8559B58
[Rock Band 3],2012/01/24,30,5.49,55,Creedence Clearwater Revival Pack 02,FA050EEE817440004D7EC3DD77760290B9BA318858
[Rock Band 3],2011/10/18,30,1.99,37,Clocks - Coldplay,352112EDA06291CFD64FF3FF4B9BD371FD38C3C058
[Rock Band 3],2010/12/07,30,10.99,152,Queen Extravaganza Pack 01,25D4CACE019E1E84BC57BD9074F35E619056DC2958
[Rock Band 3],2010/12/21,30,1.99,23,Happy Xmas (War is Over),97C3011919B697CAA81FD74F1CF818862B531CD458
[Rock Band 3],2011/10/25,30,1.99,18,I Believe in a Thing Called Love - The Darkness,211A84365110F369AE513D0E002D77DDC63859C658
[Rock Band 3],2011/07/19,30,9.99,180,Celebrating Soundgarden On Tour 2011,CC2A7A3815F8647286D48D1FE2352BE9D977163F58
[Rock Band 3],2012/08/07,30,1.99,35,(I Just) Died in Your Arms - Cutting Crew,BE7E6E55C7766D675AC1A85EFBFE6FA837207E9158
[Rock Band 3],2012/05/22,30,9.99,295,Maiden Epics,F1C366BA9C55DA15F83B392BB394E3B3ED9452E558
[Rock Band 3],2013/02/26,30,1.99,38,Silent Lucidity - Queensrÿche,EC373AA37659C0F3BE2A5BC6D43851F62D796A6658
[Rock Band 3],2011/03/22,30,9.99,205,Billy Joel Piano Challenge,7CD244DC7AB8C23EED9D61EF7790220E4C09D0AC58
[Rock Band 3],2012/05/29,30,1.99,30,Scream Aim Fire - Bullet For My Valentine,0F5DBE1C2048D0AB088A73549BA62DA6D201B55C58
[Rock Band 3],2011/03/29,30,1.99,57,Through the Fire and Flames,1CD779A7EF14BC9FBC0027581B41F18766F2725558
[Rock Band 3],2011/01/11,30,1.99,25,Waiting for the End,B981ECA35462A2BB527600262E3188FC9EDBF49858
[Rock Band 3],2011/09/27,30,1.99,16,Wait and Bleed - Slipknot,67703AB0D9141BB52AB1127598F9C20E3E6E41A958
[Rock Band 3],2012/04/17,30,6.99,118,P!nk Pack 01,A61816C42FFDB1246CC576F059B7DB06FB7FC18958
[Rock Band 3],2011/02/11,30,10.99,267,February Heartache Duets’ Pack,60825DBCA048B11C9DE0C3271FAE42E0C359D38658
[Rock Band 3],2011/11/29,30,1.99,83,Ghost of Perdition - Opeth,4D85AC29E62D808C8C18401E552774FBB68656AF58
[Rock Band 3],2012/07/24,30,1.99,22,Under Cover of Darkness - The Strokes,5330BF5DD9EAB80C343D2A7458C4E6E7C2B4439658
[Rock Band 3],2012/02/28,30,1.99,32,Do You Believe in Love - Huey Lewis and the News,0E97F885013E162CAE93A89D180312957E39344058
[Rock Band 3],2011/05/19,30,1.99,37,5 Minutes Alone - Pantera,C62CC29A5B77A4F01CEE02AE9C0D3DB6C171F74D58
[Rock Band 3],2011/01/11,30,1.99,28,Somewhere I Belong,53BEA9AA6A3011FE378A1EDD69445DF3CC343C2F58
[Rock Band 3],2012/01/17,30,1.99,21,Free Ride - The Edgar Winter Group,CB43E21102F8FA44247FDDE4AC8ADE68CC6E674D58
[Rock Band 3],2012/09/11,30,1.99,30,Bent - Matchbox Twenty,29F4859FFF49B566551C446082AC6714D1F2BDCF58
[Rock Band 3],2012/05/29,30,5.49,97,Bullet For My Valentine Pack 01,A5F17856A29AB3B341BBADAE7B7B1776DFDE9DED58
[Rock Band 3],2010/12/07,30,1.99,27,Now I'm Here,0C6C1A89C25123C1117D150201723F4B22964A2F58
[Rock Band 3],2015/01/13,30,1.99,22,Shepherd of Fire - Avenged Sevenfold,C5F77B2B19F593E5C6B40061A0646524E7F6D43258
[Rock Band 3],2010/12/21,30,1.99,23,Fantasma,F7577A3FC256B8568BE220266654418AC33EAEDB58
[Rock Band 3],2011/05/03,30,1.99,26,Working for the Weekend - Loverboy,D606FC280590B5838B00129E7C92122C25485A5F58
[Rock Band 3],2010/11/23,30,14.99,210,Imagine (Album),D644459D2ADC5D22C8CD265D646D35CE4DF7B67858
[Rock Band 3],2011/10/11,30,1.99,29,Stay Together for the Kids - Blink-182,A506928D91E833E7D524455B2FF4994AF23757EA58
[Rock Band 3],2011/12/06,30,14.99,198,Queen Extravaganza Pack 02,FEC91715ACBB89BA5F0C80486F16BBF8004491D658
[Rock Band 3],2012/05/08,30,1.99,30,Killing in the Name - Rage Against the Machine,161F27E95CA653BE500107D4F0EBEEA96EDE4F8758
[Rock Band 3],2010/12/14,30,1.99,43,We Didn't Start the Fire,102318AB38A03D893473A8A8834BECE2607B91FD58
[Rock Band 3],2010/11/30,30,1.99,22,Can't Get Enough,BF169B2F431CECBF668E67221644234E764385C958
[Rock Band 3],2011/12/06,30,1.99,31,The Show Must Go On - Queen,3CC393983E7D3AD509758516AC34B93F07FC8E3058
[Rock Band 3],2012/05/22,30,1.99,21,Flight of Icarus - Iron Maiden,511DD4939096D2E6C29CAAA6AF0448BE345D2F4258
[Rock Band 3],2011/08/09,30,1.99,35,Undefeated - Def Leppard,8C2769173A4324081D19DB5EB9170FF6EE92100258
[Rock Band 3],2012/12/11,30,5.49,80,Toadies Pack 01,D1BE5A179C310C44B9294C65039CD95BDCB065C258
[Rock Band 3],2012/03/20,30,1.99,41,Smooth - Santana (ft. Rob Thomas),D4B227CB3AA1F75A07B0BB9666557327DE23B52258
[Rock Band 3],2011/10/18,30,1.99,32,The Scientist - Coldplay,F759BB55AF07B06CB4D1C1D92FA10B7C3AD8427F58
[Rock Band 3],2013/03/26,30,5.49,70,Chevelle Pack 01,EBD730816F75E43FCA5E32526B35A1304643568A58
[Rock Band 3],2010/11/09,30,1.99,31,You Give Love a Bad Name (RB3 version),28A8EEA1F62F93B8E42F429E9BC52996B91B5B4D58
[Rock Band 3],2012/12/18,30,1.99,26,The Bitch Is Back - Elton John,CC2193E576680EEE42AA2EF9CE0AB4BA7C8BC55C58
[Rock Band 3],2012/01/17,30,1.99,32,Frankenstein - The Edgar Winter Group,89B8B2B8D19958E376ED8B23EBEB39E4F04B069158
[Rock Band 3],2011/12/20,30,1.99,33,Voodoo Child (Slight Return) (Live) - Jimi Hendrix,2B0E20E28538DEC7B0DED4DF8EB5E153E03F4B6958
[Rock Band 3],2012/11/13,30,1.99,24,Footloose - Kenny Loggins,C4E85AD525C20C2A32F2B9BCB132FED13421568F58
[Rock Band 3],2011/09/27,30,1.99,23,Left Behind - Slipknot,3AFE69631B9284E3BA531894E18F63A3DB35E9DE58
[Rock Band 3],2010/12/07,30,9.99,169,Queen RB3 Enhanced Pack,796598A4E60B540FED1487DDEFD38F8201AFEFF958
[Rock Band 3],2013/01/15,30,5.49,62,Rick Springfield Pack 01,D39726DA6FDB27E47A3E6031DD2ADEA569F631E858
[Rock Band 3],2011/07/12,30,1.99,27,A Little Respect - Erasure,8295F2526FBA911F88491FCB397B566BAEDC31C458
[Rock Band 3],2012/05/22,30,1.99,90,Rime of the Ancient Mariner - Iron Maiden,4549471CE3793C9004455A2A48BB288193B5CB2958
[Rock Band 3],2012/11/13,30,17.99,407,American Idiot (Album),F8CAB334DED8B1AB94A95069C7E1C2C088632A2658
[Rock Band 3],2011/08/16,30,1.99,62,Child in Time - Deep Purple,19D04394D01978D583AA437CEAA9125B79AC4C9958
[Rock Band 3],2012/11/20,30,1.99,43,Closer - Nine Inch Nails,D188AB8CCB0C87D0FBEE454F5DBC02F4E02CE44F58
[Rock Band 3],2010/11/09,30,1.99,37,Livin' on a Prayer (RB3 version),63C0E67284C04B7912505293ADE7C4D12A6E5AE358
[Rock Band 3],2011/01/11,30,1.99,25,In the End,36C196B1F169C5371D7E5E1182C2F84ACF9C5EB858
[Rock Band 3],2011/06/14,30,1.99,24,Take on Me - a-ha,B6BD6475A5734B2A33B15F919DDF095CA3F5D1E258
[Rock Band 3],2012/12/25,30,1.99,22,Helena - My Chemical Romance,286689E4930EFF31CA8BABF95BC99FE89FB0267058
[Rock Band 3],2012/06/05,30,1.99,31,Dog Days Are Over - Florence + the Machine,9741129ECF496B1326D2334DF2BA39757961A2B658
[Rock Band 3],2011/12/20,30,10.99,164,Experience Jimi Hendrix Pack 01,8028E3515907967A0F9CF2C62C012BA35295B22658
[Rock Band 3],2011/11/01,30,1.99,20,Breath - Breaking Benjamin,0786025A64FAE78E9ACD00E42C82EAA96AB820E158
[Rock Band 3],2011/09/13,30,1.99,30,Perfect Situation - Weezer,48EE79E7CC3D24BE137BAF075F799BD2D597F99D58
[Rock Band 3],2011/11/01,30,5.49,72,Breaking Benjamin Pack 02,CAC895A5E61A54CF8A459BD1A8C8B8003FBF3F7858
[Rock Band 3],2013/02/05,30,1.99,38,Once Bitten Twice Shy - Great White,5C3C3807280980826B42AFA39BDE8E6101F6BC0358
[Rock Band 3],2013/01/29,30,1.99,23,Sweet Emotion - Aerosmith,06DA5479C030DFB8C62E04BD65DBFB98CFC9B77558
[Rock Band 3],2011/03/08,30,5.49,118,Depeche Mode Pack 01,81235265A3A9ED366297CCA7A5830458AC8A537C58
[Rock Band 3],2012/03/27,30,5.49,85,Sounds of Shinedown Pack,62EBDB2135BC7A7DEA6B1E941B0EC78E0B3632B558
[Rock Band 3],2011/05/19,30,1.99,27,I'm Broken - Pantera,A41A8FF4927859D1710092DC7D312F413A3084B758
[Rock Band 3],2011/10/04,30,1.99,35,Re-arranged - Limp Bizkit,9A8E9B8D91BF63A75AC6266EF44ABCA6594BC50A58
[Rock Band 3],2011/11/15,30,8.49,162,Stevie Wonder Pack 01,D0E318E66669011BA4D70A1FD69550C607023E5D58
[Rock Band 3],2011/10/25,30,1.99,25,Thunder Kiss '65 - White Zombie,6FD4E4479A9F8D04841A99B14616F377CA66D73858
[Rock Band 3],2011/05/19,30,1.99,28,Mouth for War - Pantera,74DB8047E3369FBEE1840675A21EB6159332743358
[Rock Band 3],2010/11/23,30,1.99,21,Gimme Some Truth,2F7F28BB342439DE19BC4CB914F85D7540F0EB9F58
[Rock Band 3],2011/11/08,30,1.99,10,Mama Tried (RB3 Version) - Merle Haggard,FB8A5A484B16FB2C555F78B1246E8624649851B058
[Rock Band 3],2011/10/04,30,6.99,125,Limp Bizkit Pack 01,D60AD1C3CF2116704D4AEACEFB08F27AF20BF11158
[Rock Band 3],2012/11/13,30,1.99,25,Peacemaker - Green Day,1B81774B3DBFDE617D2270EB7EAC84A4739AF4C158
[Rock Band 3],2011/09/13,30,1.99,21,Island in the Sun - Weezer,EEF1922EEF2B08D2F47637297FB0FA2C8A45276E58
[Rock Band 3],2010/11/16,30,1.99,26,Jive Talkin',B4E723D4F73D2FD9ABB2161988D9E13B759C53A158
[Rock Band 3],2012/04/10,30,1.99,34,Seasons in the Abyss - Slayer,94ACD455129714A15BC42A32E9D6E97B9732FE7C58
[Rock Band 3],2011/06/21,30,5.49,79,Puddle of Mudd Pack 01,3594F88BD983F8C236ED9DA17F735FAF39F508E658
[Rock Band 3],2011/11/29,30,5.49,195,Roadrunner Records Pack 02,DB600BC1EBEC588606B37E232694D555984DA3BF58
[Rock Band 3],2012/08/21,30,1.99,21,Tighten Up - The Black Keys,131FD34A9F19B2898D58AD5E28F65476E53418F658
[Rock Band 3],2012/11/13,30,1.99,12,Burnout - Green Day,20FACBB9A2B4709ABA63DCA62C0B648466FCD2A458
[Rock Band 3],2012/09/25,30,8.49,129,Green Day Pack 03,644B33E6237BF961D6D25393E0F70F3B37DF4CCD58
[Rock Band 3],2011/11/08,30,1.99,29,Alright (RB3 Version) - Darius Rucker,B265E9861E14C21F535D6E5E1586E643115F3E9058
[Rock Band 3],2010/11/09,30,1.99,24,My Own Summer (Shove It),BE0D9E60C9B31F2C91E6D8C92CF45D3134FE2AC758
[Rock Band 3],2011/03/08,30,1.99,40,I Will Possess Your Heart,A696A5352FEA37683CEABAF12F0CCB7D65EEAB9B58
[Rock Band 3],2010/12/14,30,1.99,26,Movin' Out (Anthony's Song),DE2EF5EFCD6B6F1CB8CDE8727EF34627DAD996AF58
[Rock Band 3],2011/11/08,30,1.99,36,Man of Me (RB3 Version) - Gary Allan,F48E2DDA672DD29A9A385DD21F1E3E9F004DACD558
[Rock Band 3],2011/06/21,30,13.49,164,Johnny Cash Pack 01,FA834FFD95B064EB49BFD56811179D47666B851458
[Rock Band 3],2010/11/16,30,1.99,12,A Whiter Shade of Pale,D102D448EF5079C672E6F3C5F8297F2F5AEE218E58
[Rock Band 3],2012/07/24,30,1.99,22,Don't Stop - Foster the People,9E76A804B2F907E7F3C3A93936DE22634B4B584D58
[Rock Band 3],2013/01/29,30,1.99,20,Lover Alot - Aerosmith,C186122C2D4F2293C4AD0CEE0CC60AA3F47BFDB158
[Rock Band 3],2011/02/01,30,1.99,18,London Calling,E0812065BDBFA7727FA71242DC6332E59EAEB63C58
[Rock Band 3],2012/04/03,30,1.99,24,Lithium - Evanescence,0DE205F422E8AEDEC0BF5688573D4596FB45D47958
[Rock Band 3],2012/09/18,30,1.99,18,Can't Get Enough of You Baby - Smash Mouth,338F8AF0FDED641F882DB68A0B441773146407E358
[Rock Band 3],2011/05/31,30,1.99,18,Steal Away (The Night) - Ozzy Osbourne,13360B69A79E94473652FF95BAA1A414E595538558
[Rock Band 3],2010/11/16,30,1.99,32,Stayin' Alive,711AE9C3A8554B02AC0B9F58446C28671D93128F58
[Rock Band 3],2012/06/05,30,1.99,28,Teen Angst (What the World Needs Now) - Cracker,2485C1193FD6BD67F7C6123D0B25491B917AADFC58
[Rock Band 3],2012/02/07,30,1.99,28,Everything Zen - Bush,090829037B8202917642E844DC5B694BBA65E0D758
[Rock Band 3],2012/12/04,30,1.99,23,Sometimes Salvation - The Black Crowes,50CBE39B11560DDB2DDD482EB1209A2F3EDE2E2658
[Rock Band 3],2012/11/13,30,1.99,43,21st Century Breakdown - Green Day,C38D622CCEE669EC479A4806021EECDFDE7B47F258
[Rock Band 3],2011/07/05,30,1.99,18,Hypnotize - System of a Down,170C93E0BE41F99347BC3D20FE13C52DC5AAAF9858
[Rock Band 3],2010/12/14,30,1.99,31,Only the Good Die Young,DF0A94A606D4227EF29614BE69A3EE6AC2DAE19958
[Rock Band 3],2011/07/26,30,1.99,72,Heart of the Sunrise - Yes,3D6E4AE76649FF658FF4ABEF6CE2CEA092F70C5958
[Rock Band 3],2011/09/20,30,6.99,80,Celebrating Nirvana Pack,2E0A2CC755AFB72BAAA0677B11124077D8B1269E58
[Rock Band 3],2010/12/07,30,1.99,25,Under Pressure (RB3 version),FBCE4EEA8C4B9909B8D4D8107FF9236D673B569358
[Rock Band 3],2010/11/09,30,1.99,46,Lay Your Hands on Me,C39483B2D411BE251B786ED30865145CEEE9095B58
[Rock Band 3],2011/04/19,30,1.99,39,Love Rollercoaster - Ohio Players,8B874A79D1E1491D06AF854EA59F6238F3EF848B58
[Rock Band 3],2011/06/07,30,5.49,70,Bruno Mars Pack 01,B235E13458C549E23EBBD10A83D775E056EB254858
[Rock Band 3],2011/06/21,30,5.49,70,Maroon 5 Pack 02,815D9E70216ED4D0A47815C45EF224C0D36E2ABB58
[Rock Band 3],2010/12/14,30,1.99,33,Say Goodbye to Hollywood,62B6F19CCA1684A262570F0C6EC109074E04DF5758
[Rock Band 3],2011/01/11,30,9.99,146,Linkin Park Pack 01,E07378E75B80BB90408A93929D1DE0D8A98D507358
[Rock Band 3],2012/11/13,30,1.99,10,In the End - Green Day,6841E89F580A5CB08BF92AA7D7C110960A485B9258
[Rock Band 3],2011/11/29,30,1.99,74,On the Backs of Angels - Dream Theater,11EFA48D346BE9434D2A176FCA52D2631F7AE51558
[Rock Band 3],2011/06/28,30,1.99,28,Nothin' but a Good Time - Poison,313580CE4ABCBA43AB6FEDA57D7FBF41CC854C9658
[Rock Band 3],2012/01/17,30,1.99,27,Falling Away from Me - KoRn,635265738BF7C3B480EF0B208E3C73628F51050058
[Rock Band 3],2012/11/13,30,1.99,24,Whatsername - Green Day,93442BBE220E40F8569BDFA148B797CF534873AE58
[Rock Band 3],2011/05/23,30,1.99,35,Urgent - Foreigner,81C2D53D53485005573064FEE5501098E95B268758
[Rock Band 3],2012/02/14,30,1.99,30,Every Rose Has Its Thorn - Poison,C1ADA070E5AD40AFE0BB2D3A575E6C956ED816C358
[Rock Band 3],2011/04/19,30,1.99,33,Fire - Ohio Players,8D8673B3A5C7C04BE28ED96F215BA76B5D14958858
[Rock Band 3],2011/06/21,30,1.99,21,This Love - Maroon 5,A14D816E876053B41222331D4AC2634C05DF32D258
[Rock Band 3],2012/11/13,30,1.99,23,Restless Heart Syndrome - Green Day,BDE07EDF8B040B42F201AF7C63D4B2EF46D09DF258
[Rock Band 3],2011/02/01,30,1.99,34,Rudie Can't Fail,BB3EB0ED0C4F808D36749DADF449F4671EC46A3858
[Rock Band 3],2012/10/02,30,1.99,21,Amber - 311,E9236F379B97A935696F8687AAB67A0AE4365AE358
[Rock Band 3],2011/06/14,30,1.99,18,I Alone - Live,0F4C0ED5D48449ED5B251684040F5B708D79AD3258
[Rock Band 3],2013/01/08,30,1.99,34,Pumped Up Kicks - Foster the People,C6530F2E01E3FFB71DD883370864DCC2866B0AF158
[Rock Band 3],2010/12/14,30,1.99,35,The Stranger,E325C559A6A718FDE329206BF642744A4CE3722A58
[Rock Band 3],2011/07/19,30,1.99,37,The Day I Tried to Live - Soundgarden,7ABA98CAA682644A8ECF5BB69DDEAA6CBDD53B5558
[Rock Band 3],2012/03/13,30,1.99,25,Pain - Three Days Grace,A58D03A164A55B3AC37E0C889294B0F3F71C618358
[Rock Band 3],2010/11/09,30,1.99,31,Who Says You Can't Go Home,0F0F8DC15F1E738BB3B7375886872E4E86C2BE5358
[Rock Band 3],2012/04/10,30,1.99,26,South of Heaven - Slayer,D96D48EA0ED0C5D04DDCE41F975A38306AF82FB458
[Rock Band 3],2011/11/08,30,1.99,20,TWANG (RB3 Version) - George Strait,1A1B1BFDC5D34C3FBA83586CAE4C9399B028B4C258
[Rock Band 3],2011/09/06,30,5.49,95,Cheap Trick Pack 01,B949B973A63CE11A6C6E2061322FAB811CE530BC58
[Rock Band 3],2011/08/02,30,1.99,24,Make Some Noise - Beastie Boys,5C4E871C360FABBFB814E2E7D4B72CFAFB66989D58
[Rock Band 3],2012/01/24,30,1.99,17,Lodi - Creedence Clearwater Revival,D272485995C8639FF3AC13E411872B6622F26B5658
[Rock Band 3],2011/11/22,30,1.99,18,Animals - Nickelback,73ECD25B6DCB729637FE06868EB7C2CB9F0EC31058
[Rock Band 3],2010/12/07,30,1.99,29,I Want To Break Free (RB3 version),659DE1D346AB1B2112845E62D06CB3AF85F3814558
[Rock Band 3],2011/02/08,30,13.49,236,Bob Marley Pack 01,68B7740200A8F055617C9B4E53BB36B0641335D758
[Rock Band 3],2011/02/01,30,1.99,32,Jimmy Jazz,61D6E0480B5C25C682F7A9399D0AA909659F3B3958
[Rock Band 3],2011/04/05,30,1.99,27,Freeze-Frame,6160BD97996A14A56E22070325557EBC80F2A0EC58
[Rock Band 3],2012/05/01,30,1.99,32,Two Tickets to Paradise - Eddie Money,83DF5ACFEBF4F526061703F97DFF00D3E63BBD2558
[Rock Band 3],2010/12/14,30,1.99,43,Piano Man,C467AC1C49CA7D04F807530D282E8E3D9248749E58
[Rock Band 3],2011/12/06,30,1.99,17,Long Away - Queen,9D1EC2CB70827D165CBA6C1464D5A206E16E747558
[Rock Band 3],2011/05/03,30,1.99,22,Big Bang Baby - Stone Temple Pilots,1BBBC4FC98BA717FA2D36DC6A386A6E67313E05F58
[Rock Band 3],2012/06/12,30,1.99,20,Drive - Incubus,2926C0738F3A14E32E0F2DC8382037FB225448C158
[Rock Band 3],2010/11/23,30,1.99,12,Oh My Love,AD3D30B9DBE137EC4A8CD932FFE3FCB574EA4DD958
[Rock Band 3],2011/08/23,30,5.49,79,Incubus Pack 01,565ADE7A568FD19DFB8F7CD67396DBF0EFE0BC9D58
[Rock Band 3],2011/06/14,30,1.99,31,Welcome to the Family - Avenged Sevenfold,5014721CF0BAF9EE3E0806C69933DE117D4029D758
[Rock Band 3],2011/09/06,30,1.99,34,Surrender (Live) - Cheap Trick,C0647AF9B1D31E878D33CFA2A8D0070B2EC96AF958
[Rock Band 3],2011/05/03,30,1.99,41,Stash - Phish,FF0A3C7C91477E1F5F73847FC6EB6AF72232527458
[Rock Band 3],2011/06/21,30,1.99,22,Control - Puddle of Mudd,368A98FDE3130B4FA994A5DB8C33D6417FDFE36658
[Rock Band 3],2011/06/07,30,1.99,25,Marry You - Bruno Mars,BBE51E988FD99EBF1784328A29CB5F6DC03BB83C58
[Rock Band 3],2011/06/07,30,1.99,23,Just the Way You Are - Bruno Mars,597A0016E653CCAC8DE7E16110527A803330AD2558
[Rock Band 3],2011/12/06,30,1.99,21,I'm in Love With My Car - Queen,4D7DB76B89C6DC0526C8946526C8CA467BC0A0A658
[Rock Band 3],2011/06/07,30,1.99,23,Help Is on the Way - Rise Against,FB6D389BB550E562CFEA2F1ED387DFA6BA3571D058
[Rock Band 3],2011/08/16,30,1.99,20,"""Dance, Dance"" - Fall Out Boy",ECB3F35FE41E1AE98A508A5CB89A106D46E8703658
[Rock Band 3],2012/07/17,30,1.99,45,Love Shack - The B-52's,CFF7DB8AA23403D07CF3A0AC175356C8CB7CF87C58
[Rock Band 3],2012/07/31,30,1.99,24,The Arms of Sorrow - Killswitch Engage,B7A8035CD1FE4A9EF6575458E7DAA7EE8E27F00058
[Rock Band 3],2011/08/02,30,1.99,26,"""Super Bad, Pts. 1 & 2"" - James Brown",C2BD9387F77351C9223619C8135954E9C44D08F758
[Rock Band 3],2012/08/21,30,5.49,70,The Black Keys Pack 02,F3CA7DF7B4E288DB078629D0DF8E1CAEBF3ADB6B58
[Rock Band 3],2011/03/22,30,1.99,26,Miami 2017 (Seen the Lights Go Out on Broadway),1B6F76DB33B0DE2C1EB152E9778329123FE070B158
[Rock Band 3],2011/06/14,30,1.99,33,Lightning Crashes - Live,D0B6DCE18FAFD6B5AD9F1C7F900E72D1D903614F58
[Rock Band 3],2011/03/01,30,1.99,43,Terrible Lie,F765247E0680D3C7D10B29D3E67808B2AB73F53C58
[Rock Band 3],2011/12/13,30,1.99,23,The Spirit of Radio (Live) - Rush,776571D37C0D6D0AABFF73AD2DBFFCA477103FAD58
[Rock Band 3],2012/12/11,30,1.99,25,Tyler - Toadies,5F788DAC706A06EA0F294D9C4549D2F41FBE6C0958
[Rock Band 3],2013/04/02,30,1.99,54,American Pie - Don McLean,60F59C0933EE257E0B0285F0C395FC81896A8AC058
[Rock Band 3],2011/12/06,30,1.99,20,Bicycle Race - Queen,1AEAF273D9CC455D3A68319AAEB342ACA220F6B658
[Rock Band 3],2011/11/08,30,1.99,28,Party for Two (with Billy Currington) (RB3 Version) - Shania Twain,7336403870785399022A57E1712D32057C9F431958
[Rock Band 3],2012/10/16,30,1.99,35,All I Wanna Do - Sheryl Crow,21A8716E585A0012A21F9E4DD9A8315DA1C01BF058
[Rock Band 3],2012/04/03,30,1.99,26,What You Want - Evanescence,0C2370563A1CECECF5E828F5AEFCC6F66E72C8A958
[Rock Band 3],2011/11/01,30,1.99,21,Sooner or Later - Breaking Benjamin,6B5EBBFD4C70A74701956044DC945F4A42F426C858
[Rock Band 3],2011/02/01,30,1.99,25,Hateful,61C3804E8A945957000BCC1BA830C8BF1D565F6758
[Rock Band 3],2011/11/15,30,1.99,32,Sir Duke - Stevie Wonder,CD25B951C2F685C0CEB8E2B3F29650D79AA0067D58
[Rock Band 3],2012/01/24,30,1.99,18,Have You Ever Seen the Rain? - Creedence Clearwater Revival,A0611728D8550F03027F967F50B06DE384CE878658
[Rock Band 3],2010/11/02,30,1.99,14,People Are Strange,C57D8841ACE90BAD500D2E8D3A0CD00ECF1FDFED58
[Rock Band 3],2012/03/20,30,1.99,27,Overkill - Men at Work,63ED7F6D3A3222C61679DF3D08070466E2B92FB058
[Rock Band 3],2012/09/04,30,1.99,24,Shadow of the Day - Linkin Park,1A6C818C5C8ED18CADB9EC116AE13FF29979F0D358
[Rock Band 3],2012/08/21,30,1.99,23,Lonely Boy - The Black Keys,45424D9FFAEF09F5714D103C53A287557025501E58
[Rock Band 3],2012/09/04,30,6.99,98,Linkin Park Pack 02,84396C1C56AD782774E9EEB3FE53DF343088D3AC58
[Rock Band 3],2010/12/28,30,1.99,34,Cities in Dust,DE75AE08B0B602BAC2511F1DD7100D00563FD93058
[Rock Band 3],2011/03/01,30,1.99,48,Head Like a Hole,C66A7DF4B756082D1D8EA18ABAD29C59DF30FD7E58
[Rock Band 3],2013/02/05,30,1.99,38,So Far Away - Avenged Sevenfold,7D86F785772DCAA1A33663415450D87823DFA66B58
[Rock Band 3],2012/11/13,30,1.99,24,When I Come Around - Green Day,256AE07D3A32FD670688B4EBA60528ED3682566658
[Rock Band 3],2011/03/29,30,1.99,22,Black Magic Woman,14A5DB6FCCE94892F9538103AD46822CEF5682FB58
[Rock Band 3],2010/11/02,30,1.99,22,Touch Me,102EAF8828CAB27F24ED6FF825E706BECABD502A58
[Rock Band 3],2011/11/08,30,1.99,32,The Night the Lights Went Out in Georgia (RB3 Version) - Reba McEntire,FF0A885200F6796629FF7B40276810C6276611F258
[Rock Band 3],2010/12/28,30,1.99,20,Maybe I'm Amazed,C1686ABBAB6165BF91735BEC69F04C2FB0554D0358
[Rock Band 3],2012/06/26,30,1.99,18,Good Girl - Carrie Underwood,EB60C2CB313A8E8F728ABD6F855B21851B1DE08058
[Rock Band 3],2012/11/13,30,1.99,10,Emenius Sleepus - Green Day,00A8D3800967A7A740985B821BF21F933B64AF4058
[Rock Band 3],2011/11/08,30,1.99,24,Crazy Town (RB3 Version) - Jason Aldean,699D561A6F6A0FF646EAEDCE881B68CBB2FE223458
[Rock Band 3],2011/03/08,30,1.99,35,Policy of Truth,47DDD60399F31469BD1FA15573AE2B7042A0A60F58
[Rock Band 3],2011/09/20,30,1.99,26,All Apologies - Nirvana,72BA0957B817F84DC6AC171A229F0AAA7665CA1458
[Rock Band 3],2013/01/29,30,9.99,133,Aerosmith's Greatest Dimension Pack,83182381FDB6986CA2420C586F11F660CD329C7458
[Rock Band 3],2013/02/05,30,1.99,32,The Wicker Man - Iron Maiden,E61CE33A3515C4C7A40B9E4F5F84A69CB461A9D458
[Rock Band 3],2011/08/02,30,1.99,35,Tell Me Something Good - Rufus (feat. Chaka Khan),2D3B4AEEDD8F51057B8BC86EBB73AB654477D21458
[Rock Band 3],2012/08/14,30,1.99,31,Amaranth - Nightwish,364C4B68FFE227233EED63B37506AEEC51B0B81858
[Rock Band 3],2011/01/04,30,1.99,23,Don't Take Your Guns to Town,AF56775CAFB052A169B7DCF09E4C75A35CBD248458
[Rock Band 3],2011/09/20,30,1.99,17,You Know You're Right - Nirvana,0C6865C3E20EB9F89556E04ECDE188DF58DF027658
[Rock Band 3],2011/04/26,30,1.99,19,Only the Lonely (Know the Way I Feel) - Roy Orbison,FF49A264FDEF938D409A436DFE86169066248A3B58
[Rock Band 3],2011/08/16,30,1.99,21,"""Sugar, We're Goin' Down"" - Fall Out Boy",3D210E5983E6F3E581C28565910FDF5C9D96A4B558
[Rock Band 3],2011/10/11,30,1.99,31,Rock the Casbah - The Clash,5F7748019B866D69E34B2141998AE6813F70763D58
[Rock Band 3],2012/08/21,30,1.99,26,Howlin' For You - The Black Keys,D6B9EA4E280FD1B86F12BACF97FE1BCB8CDB975758
[Rock Band 3],2011/08/02,30,1.99,27,No Sleep till Brooklyn - Beastie Boys,921A02763ABBDC9BFBE85711F3A69EB1896EC75258
[Rock Band 3],2011/03/29,30,5.49,54,Days of Peace Pack 01,F525F2BC5668F915D83832DB0BD8A3291EE5FBB658
[Rock Band 3],2012/10/23,30,1.99,29,If You Leave Me Now - Chicago,FE65907F9EF7635CED99F20957DEAD3F174533BA58
[Rock Band 3],2011/05/23,30,1.99,32,Hot Blooded - Foreigner,2067C25CC3636FFCDA8CF34FB96211F3F622912F58
[Rock Band 3],2012/11/13,30,1.99,8,Chump - Green Day,9D39F63007A5145543C0C28EAC682E768296985658
[Rock Band 3],2012/04/10,30,1.99,23,Raining Blood - Slayer,1C36D38D18C70BFC6E45A5A022EA51DC9A76DD1258
[Rock Band 3],2011/09/27,30,6.99,101,Slipknot Pack 02,A1652F04AD3FF553A965700A8CC0D98C77F0C2AF58
[Rock Band 3],2011/02/01,30,1.99,16,Brand New Cadillac,F495A9E9888B830016015D18754FE235F477E74958
[Rock Band 3],2013/02/19,30,1.99,26,Shine - Collective Soul,50D92DF0AFD180234F8FA4A674F4A9146045ABDE58
[Rock Band 3],2011/05/10,30,1.99,30,Rope - Foo Fighters,4650EDD7D4172D9008401547C0A12F1DA1F3152558
[Rock Band 3],2012/11/13,30,1.99,21,Hitchin' a Ride - Green Day,9419DD87CE342BE158F47EC5058251EFF53F7EE258
[Rock Band 3],2011/04/19,30,1.99,28,Must Have Done Something Right - Relient K,0EABA65657A183564096BF85C848C618A4EAD65358
[Rock Band 3],2012/02/28,30,1.99,41,I Want a New Drug - Huey Lewis and the News,1AE6CE9987B9343DD43127A169F853E35AC1D5BB58
[Rock Band 3],2011/02/22,30,1.99,29,Shadows of the Night,E56A0B947D3F0ED81DEB1753DD2293006A9BDADD58
[Rock Band 3],2011/09/27,30,1.99,31,Snuff - Slipknot,A2BAEA971D5FEC39D1C22A81DB4AB8D32064031758
[Rock Band 3],2011/02/22,30,1.99,46,Love is a Battlefield,86EED4C3844C8CA47E8471CB41074A125331467958
[Rock Band 3],2012/09/18,30,1.99,25,Why Can't We Be Friends - Smash Mouth,14E724D2F7313F592B39DFF40F73B0D74A82840D58
[Rock Band 3],2012/09/25,30,1.99,22,Minority - Green Day,66CB18A211D83B36F220D50D4D4AC18D5C5C0A3B58
[Rock Band 3],2010/11/16,30,1.99,32,The Thrill Is Gone,A11835B4E0452A28CC284B21732A78FE39C297CA58
[Rock Band 3],2011/07/19,30,1.99,23,Burden in My Hand - Soundgarden,710BF483925ED00979295FF09FFD2034B987852558
[Rock Band 3],2012/10/02,30,5.49,62,311 Pack 01,193CF3C58ACBDF6024B0842FA20D0E1FBA880C5758
[Rock Band 3],2012/07/03,30,1.99,22,Satellite - Rise Against,90163527ADD1406BCBEBAF1AAF52DC24B3E959B858
[Rock Band 3],2011/01/18,30,1.99,37,Say You'll Haunt Me,E9EB12A1966F3349F04AFDB4340727F1F82D77AA58
[Rock Band 3],2012/02/14,30,1.99,21,Alone - Heart,F09256FBBB3197C77CFFB448FF6BABD1AF14C31458
[Rock Band 3],2013/03/12,30,1.99,47,Weird Science - Oingo Boingo,C31CC0A7015F53FD70AC4441EA1F4CE32991E31658
[Rock Band 3],2011/09/27,30,1.99,31,Pulse of the Maggots - Slipknot,50DCB4E009D555691F1DC6DBF0D36AFAF30535E658
[Rock Band 3],2011/11/08,30,1.99,30,That's How Country Boys Roll (RB3 Version) - Billy Currington,76C94E0C76E3E962D4DCCF924ECD9F9C2F161C7658
[Rock Band 3],2011/02/11,30,1.99,40,Obsession,EBEC16178E7BD3FB6628DA689B68246B8492BBD358
[Rock Band 3],2010/12/22,30,1.99,33,Light My Fire,C10024F1D90D2A91EA2097B7527AD1AD126DCE0E58
[Rock Band 3],2010/12/28,30,1.99,21,Helen Wheels,B88EC9ADDE354912B6F3698B59670157D2D8FDA158
[Rock Band 3],2011/11/08,30,1.99,38,Ride (RB3 Version) - Trace Adkins,BAF8FF6115E548F56D789873CFAD42D9E531DEC458
[Rock Band 3],2011/08/09,30,1.99,33,Photograph - Def Leppard,E13933F7AAA8F1D08C924D9E25AC1B283880D09858
[Rock Band 3],2010/11/23,30,1.99,13,It's So Hard,E6983744FF2C0CBE51BB99F93D2C9E4E00604BAC58
[Rock Band 3],2011/08/09,30,1.99,46,Rock of Ages - Def Leppard,EE0C03FCBE811F1BFAFDA72C3DFB348C59FBA6DD58
[Rock Band 3],2012/02/21,30,1.99,23,A Tout le Monde - Megadeth,113AEFF2FCBD92840AE96FCD3FE77377A5717A5558
[Rock Band 3],2011/11/08,30,8.49,134,Going Country Pack 05,729273DACCB4DDEE526001407EA7060D22E4B84158
[Rock Band 3],2011/05/19,30,1.99,81,Do You Feel Like We Do (Live) - Peter Frampton,62832C8D6BF57C838D8B4CA49DFA8E42A9AF0CFB58
[Rock Band 3],2012/08/14,30,1.99,23,I Want to Know What Love Is - Foreigner,1FDD89E5E456BDB4206697FF4DF7963D70E628F758
[Rock Band 3],2011/05/31,30,1.99,39,Diary of a Madman - Ozzy Osbourne,BBBCAB98A080E0E1031E9106DE92C87B36DE887F58
[Rock Band 3],2012/11/13,30,1.99,35,Boulevard of Broken Dreams - Green Day,3CD4D479F5EEE423845FF26FF31FDB3CD5E8040458
[Rock Band 3],2012/02/14,30,6.99,100,Gold Star My Heart Pack,70CF77A723AB79F5CCB7AED0F55AAB1D3C23FB7158
[Rock Band 3],2013/02/26,30,1.99,22,Got You (Where I Want You) - The Flys,134DBB69864F5FD698F32167F5954F7DB947522E58
[Rock Band 3],2012/11/13,30,1.99,63,Homecoming - Green Day,EC07E8B4E452E96C32E8643EFB55E2F8297ABA0F58
[Rock Band 3],2011/11/15,30,1.99,33,Higher Ground - Stevie Wonder,A328E510DFB064B8F68EFAB51879CE0E3422FA4E58
[Rock Band 3],2012/05/15,30,1.99,31,Ignorance - Paramore,31D7D4A67A778FCECA355E8304158208F121559458
[Rock Band 3],2011/11/08,30,19.99,556,Country Mega Pack,48D929033E14A1FB9268DF287EFDC34043DDEC0958
[Rock Band 3],2010/12/21,30,1.99,12,Dis-Moi,D53CB855DAFC796C018FF2AE17345E9BB5934BB858
[Rock Band 3],2012/09/04,30,1.99,26,Burn It Down - Linkin Park,21AD81B26A3317AF5E53D01C3DCE29468CF5357C58
[Rock Band 3],2011/08/23,30,1.99,20,Wish You Were Here - Incubus,65E6B3AEC930B94CFC9A4D53DAF955298463315558
[Rock Band 3],2012/04/17,30,1.99,24,Sober - P!nk,DA8D5E149AF918DFF83B90089C2EAF8188A08E3358
[Rock Band 3],2013/01/15,30,1.99,20,I've Done Everything For You - Rick Springfield,4EEA2D86ACEE7F82BA6CCE8D265EA8B485DBB31258
[Rock Band 3],2011/02/01,30,1.99,30,Lover's Rock,F000DCC4E8BE4843A826C3EA37DE39BC67775B7058
[Rock Band 3],2013/02/12,30,1.99,32,Glory of Love - Peter Cetera,B5406BD72414653E5C5030F201860E56FBE1E27E58
[Rock Band 3],2013/02/12,30,1.99,21,Keep On Loving You - REO Speedwagon,A8F3485FB47DEA54C75A4DC816AE80FE6F4C47AF58
[Rock Band 3],2011/01/11,30,1.99,18,Numb,A0E7AFDCF015FC3F244AC6ABE4EDFA6940F780C558
[Rock Band 3],2011/03/29,30,1.99,21,Spinning Wheel,D37081C0C2A07D260D12BDD7FE935040E5F43E6F58
[Rock Band 3],2011/02/08,30,1.99,25,Them Belly Full (But We Hungry),CF55FBB08AE582803B5BBBCCEC0740C2810F535F58
[Rock Band 3],2011/02/22,30,1.99,24,We Belong,F68255088892B50A70A7CA0C2BDD34A1E441F84958
[Rock Band 3],2013/02/19,30,1.99,15,"""A Little Less Sixteen Candles, a Little More ""Touch Me"""" - Fall Out Boy",FC2861323D8024A28521E8936DFFADF6B421EB0A58
[Rock Band 3],2012/09/04,30,1.99,28,New Divide - Linkin Park,62BD6C9D3A34F7F22D99D93CDE457D3D7D70458858
[Rock Band 3],2010/12/07,30,1.99,30,One Vision (RB3 version),54BC35509CD56F6D453DE5D80889DB002E22DF4258
[Rock Band 3],2013/01/29,30,1.99,21,Back in the Saddle - Aerosmith,BD121CA561E0CCB893AECA7F413EB278273FFB4E58
[Rock Band 3],2012/05/08,30,5.49,72,Rage Against the Machine Pack 01,8137EA9082E2FBF8BE7E870A951F65F8BA1177ED58
[Rock Band 3],2012/10/09,30,1.99,38,I Ran (So Far Away) - A Flock of Seagulls,29AA74B10039A41015A99AFF8309AA76E3477B9558
[Rock Band 3],2011/08/09,30,1.99,36,Bringin' On the Heartbreak - Def Leppard,42C190ADAEC3530545D6F39261F235A82FE5356558
[Rock Band 3],2012/01/24,30,1.99,19,Susie Q - Creedence Clearwater Revival,35F1036DDF1956C25DF5D1CC7A21BB99BC509F8558
[Rock Band 3],2011/02/22,30,1.99,21,Fire and Ice,EB2FF41B2965D1E6284F078EFBA17554DCB53D5A58
[Rock Band 3],2012/04/24,30,1.99,42,Nobody's Fool - Cinderella,5FA3B21B0E5CC35EFB8310F6B5D7CD18ED3D916258
[Rock Band 3],2010/12/07,30,1.99,21,Hammer to Fall,3EF95ED4DE460ABF8E1076A29409DE455A950C0B58
[Rock Band 3],2012/11/27,30,1.99,19,Call Me Maybe - Carly Rae Jepsen,7C02F4F64BA7F381C3689FAA71DAABCB7372B16058
[Rock Band 3],2011/12/27,30,1.99,28,You Make Me Feel - Cobra Starship (ft. Sabi),67CF7613525DCF6276A0060F0FB9DAB08624066358
[Rock Band 3],2012/10/16,30,1.99,31,Come On Eileen - Save Ferris,2467C79C35D6B9C1A3AD1B019BAC7DADB35259B158
[Rock Band 3],2011/05/31,30,1.99,28,I Don't Know - Ozzy Osbourne,76E24C6570D46FBB4AE9228332DBB648CECA836C58
[Rock Band 3],2011/07/19,30,1.99,28,Fell on Black Days - Soundgarden,7FBE2104F85BBCD37BEF11BAA18F1247ED4F716C58
[Rock Band 3],2011/10/18,30,1.99,30,Fix You - Coldplay,6062AE50F39765428B7AF4CE9D1E3B3642A5680A58
[Rock Band 3],2011/02/11,30,1.99,29,Need You Now,8A3A15862BFE876E04BFCFD0E2A2E74B7828B1B058
[Rock Band 3],2011/01/25,30,8.49,138,David Bowie Pack 02,88DE397A566BB035121B98BCD2C67B2A76C69FF558
[Rock Band 3],2012/11/13,30,1.99,44,Are We the Waiting/St. Jimmy - Green Day,CD6C37159C5325BBF64D447FDE347859A7C3F78E58
[Rock Band 3],2011/12/14,30,1.99,23,Rebel Love Song - Black Veil Brides,D9FD8BB6280343B50393B708621016F6E7EF398258
[Rock Band 3],2012/10/02,30,1.99,17,Down - 311,9757513DE699C512415D70C0546CBFF76CF1839C58
[Rock Band 3],2011/12/27,30,1.99,27,Stereo Hearts - Gym Class Heroes (ft. Adam Levine),CF3F35EA55432E469E47D08DEBC24A6FFD5C453858
[Rock Band 3],2013/01/22,30,1.99,28,Cult of Personality - Living Colour,3AF929C03A587EA5CECC456A3A73F640DD564B2958
[Rock Band 3],2011/10/11,30,1.99,15,The Party Song - Blink-182,5BCDC97A2CD243BF06ECFCF5772F01477BD5054D58
[Rock Band 3],2010/11/02,30,1.00,0,Light My Fire (Pro),76853C72CB910600ED3D1F777F1810258F499E4C58
[Rock Band 3],2011/02/01,30,1.99,24,Lost in the Supermarket,9EB3A6F54357A9DE75B139686E5EC018910DBE4358
[Rock Band 3],2011/04/26,30,1.99,19,Dream Baby (How Long Must I Dream) - Roy Orbison,657B85E9580EE689686F66208D3478AF13AFC13058
[Rock Band 3],2012/10/23,30,1.99,31,Feelin' Stronger Every Day - Chicago,E9A5449E306BEB2619C11CBA325F473724F8B8BF58
[Rock Band 3],2011/12/20,30,1.99,22,Long Hot Summer Night - The Jimi Hendrix Experience,06441FF402CF5D4C8C573DE3F82E2ED89033314658
[Rock Band 3],2011/12/31,30,1.99,28,"""2112: Overture, The Temples of Syrinx"" - Rush",ACE46585660E359562204C6D0F8F70B02FEC011558
[Rock Band 3],2012/11/13,30,1.99,21,Basketcase - Green Day,A831D4CD8135FAABB3CCDDF86B598163C265C56758
[Rock Band 3],2011/02/11,30,1.99,32,Don't You Want Me,F4ED9EEF8F0A160E7C3E1870E117CA8CAC036EA158
[Rock Band 3],2012/11/13,30,1.99,32,See the Light - Green Day,93F5600A650D27CB99910AC0D9C1383023BD78DA58
[Rock Band 3],2011/08/23,30,1.99,38,Adolescents - Incubus,C3FE2170890E7584C8122E440E7B375D7ABFE69658
[Rock Band 3],2012/11/06,30,5.49,104,Dave Matthews Band Pack 01,02ECACBA45BAB95D5D6DEB348EB168FEFD75999958
[Rock Band 3],2011/01/04,30,1.99,21,I Walk the Line,DA8A93E4CE86AE5B6F8BD631806426C55E76ED1B58
[Rock Band 3],2010/11/09,30,1.99,30,It's My Life,0849E73088933DE8E3628D4CAA9E28ECACA1577A58
[Rock Band 3],2012/07/31,30,1.99,24,Starting Over - Killswitch Engage,2B1C74E26F0D80C8C469EB54AE8CAEBA1547059558
[Rock Band 3],2011/12/13,30,1.99,31,Caravan - Rush,6AA4D1C2E0362E9A66BB0D0E8344DE57F49CB9B358
[Rock Band 3],2011/06/07,30,1.99,26,Audience of One - Rise Against,6D27BC563D5472D00C08A272F9A1AC43B875049258
[Rock Band 3],2012/01/10,30,1.99,36,Maneater - Hall & Oates,828E34A7A00D1F917D857828DE507622F6F0370A58
[Rock Band 3],2011/02/01,30,1.99,27,The Right Profile,C5A115E0355D9FE31329DDB5035731354B34DA2D58
[Rock Band 3],2013/01/22,30,1.99,28,Bang Your Head (Metal Health) - Quiet Riot,D1B4B4C722A031F9F7ADD519E14B598C1A5356FA58
[Rock Band 3],2011/04/26,30,1.99,17,Blue Bayou - Roy Orbison,32C0D66326B4D6B365233B5BE9809954D05A2D3858
[Rock Band 3],2012/12/04,30,1.99,36,She Talks to Angels - The Black Crowes,B323C1B6834944DCD6FDCD6927608C5B340FB60658
[Rock Band 3],2010/11/02,30,1.99,16,Peace Frog,7B7E5984F735B9014BF5C031BB61D38A4FAE90B558
[Rock Band 3],2013/01/08,30,1.99,29,These Days - Foo Fighters,F0034143C149507D1CF83D5E1E15AB8AA4323DEB58
[Rock Band 3],2012/05/29,30,1.99,32,Tears Don't Fall - Bullet For My Valentine,FCB293D931434701F950912FD1B7E1821898FBCD58
[Rock Band 3],2011/05/03,30,1.99,32,Do You Really Want to Hurt Me - Culture Club,9A19E475CD568BD3866DA1BD77BF7977017A83B758
[Rock Band 3],2011/10/04,30,1.99,35,My Way - Limp Bizkit,042B536ACC6B9C0AC8E485A3862B7303FAE9699158
[Rock Band 3],2011/11/29,30,1.99,37,In Waves - Trivium,FCE0DD561E086300E5C75FF15B252CB98A0F0B0558
[Rock Band 3],2012/12/18,30,5.49,86,Elton John Pack 01,73D45A090BCD711D9DE288E036A892BC8823E76858
[Rock Band 3],2011/12/20,30,1.99,16,Angel - Jimi Hendrix,2C34A7AF990958A9F2BD9A21778F59C8A0AA65BB58
[Rock Band 3],2012/11/13,30,1.99,17,She - Green Day,C66C089289F670FFABF2317178B81A7E84F47E6A58
[Rock Band 3],2011/11/08,30,1.99,25,Giddy On Up (RB3 Version) - Laura Bell Bundy,F15D840ADC43103A43DE0AD4CE54D2E99E703F5158
[Rock Band 3],2011/06/21,30,1.99,19,She Hates Me - Puddle of Mudd,90043A83D6E3B5F0FC73BC060E6A3ED51B8F7C4558
[Rock Band 3],2011/04/05,30,1.99,27,We're an American Band,A61AA7F9949AA272D7C56137774DB092D4C218D158
[Rock Band 3],2010/11/09,30,1.99,35,Bad Medicine,BCE0188894D263598E72496372481481695080BB58
[Rock Band 3],2011/02/22,30,9.99,186,Pat Benatar Pack 01,796E18112F5017C10029A39EA0E20B44EC1404E558
[Rock Band 3],2012/11/13,30,1.99,23,American Idiot - Green Day,B435022F01F2B7BCD7E0644543B40F58C1D4F32658
[Rock Band 3],2012/01/10,30,1.99,30,Private Eyes - Hall & Oates,7A3E9511D39AC07ECBD98EFD9EA0F8E7C626C43258
[Rock Band 3],2011/05/10,30,1.99,35,Walk - Foo Fighters,4FB47C1DDBF654965A9A9CB6209C032A8CD4352658
[Rock Band 3],2011/01/25,30,1.99,39,Young Americans,E7397D6E26D8FCA4528339642F7EB5D897BE99E958
[Rock Band 3],2011/03/29,30,1.99,11,Somebody to Love,AFCAB6A6EBFA90BF74D523FF9C7998A73330391758
[Rock Band 3],2012/07/17,30,1.99,29,Not Again - Staind,D29171D5233D61E77543EFF36CBF1B3D78249C3A58
[Rock Band 3],2011/07/12,30,1.99,35,Youth of the Nation - P.O.D.,A493CD55D282710DF11419A749EFE9F0E1DF4B2058
[Rock Band 3],2010/12/14,30,1.99,20,It's Still Rock and Roll to Me,FB0E0C13127B29940C3F1A96CDBAFAAC55C28E7658
[Rock Band 3],2012/11/13,30,1.99,22,Murder City - Green Day,FB808FFCCECC10179624719B03F54498E497ACAD58
[Rock Band 3],2010/12/14,30,1.99,48,Captain Jack,5B62FD4964D208E3C37FDCFAF0D57C22E7DCC0F458
[Rock Band 3],2011/03/15,30,1.99,30,Spill the Wine,9D1C64E211A04D75E5E90E717ECEA33EB58366E458
[Rock Band 3],2011/02/11,30,1.99,26,Stop Draggin' My Heart Around,5410D00AB6C51E7BAF053448F54612EB5D1F222158
[Rock Band 3],2012/11/13,30,1.99,27,Letterbomb - Green Day,2D7225D9FB5D18B1B4432B830FA43BDDD7B9E88A58
[Rock Band 3],2012/04/03,30,1.99,24,Everybody's Fool - Evanescence,6A8B9817A0DB5E4BB42052264F83A2436DF8C8A458
[Rock Band 3],2011/11/08,30,1.99,25,Single White Female (RB3 Version) - Chely Wright,43FAE67D8618DE2D84EDAB75538EBB7A4FEAD57458
[Rock Band 3],2012/10/23,30,1.99,28,Make Me Smile - Chicago,D3FCAD16E8E9887218809CCB051544A705F120C158
[Rock Band 3],2011/05/31,30,1.99,30,Flying High Again - Ozzy Osbourne,1F6F6869D7EED7EC1B21A35A3BB595CE805A134158
[Rock Band 3],2011/07/26,30,8.49,276,Yes Pack 01,A918AAD828A306EF0C18B047012830D3BC9D2D7558
[Rock Band 3],2011/05/31,30,1.99,31,Over the Mountain - Ozzy Osbourne,06998B139F7EFD8E603AB4FF03980B934152F01158
[Rock Band 3],2011/01/25,30,1.99,18,Ziggy Stardust,F15A866D73F5A25433B560A87E155A0378666B0058
[Rock Band 3],2012/07/10,30,1.99,24,Crawling Back to You - Daughtry,933AA56E2450199FC1BD325D8181B4F97808755E58
[Rock Band 3],2013/01/29,30,1.99,20,Walk This Way - Aerosmith,81AD5CE8B141095DCD34E0CE613AD8B3362544AD58
[Rock Band 3],2012/11/13,30,1.99,10,Coming Clean - Green Day,F008B4D4732E2545296E87E3C7A0B99641375CB058
[Rock Band 3],2010/11/23,30,1.99,36,I Don't Wanna Be A Soldier Mama,B42FC0A4802173AC9B06C1BF20232AF12463B1AB58
[Rock Band 3],2012/06/05,30,1.99,46,Power and the Passion - Midnight Oil,377E01114B97B039CCCB379B88B507A51D74EF1858
[Rock Band 3],2012/11/13,30,1.99,17,F.O.D. - Green Day,BCB2A7F761F98514C55E7D25C923F94D62718FCC58
[Rock Band 3],2012/07/10,30,1.99,41,No Surprise - Daughtry,DE4B5FA14C1543DDAD0D93E19C5A67EA07DE679B58
[Rock Band 3],2011/11/22,30,1.99,28,If Today Was Your Last Day - Nickelback,C3FD7029B5A66433AC72CE8135AE4395CF7F5EA658
[Rock Band 3],2011/09/13,30,5.49,67,Weezer Pack 04,7B68EF1F5951FC8B27C07BD1201F2490982F5B3E58
[Rock Band 3],2011/10/25,30,1.99,19,Super-Charger Heaven - White Zombie,3B470C1C92B686B3C364057EFE27C409AEADEB1C58
[Rock Band 3],2011/11/08,30,1.99,18,Backwoods (RB3 Version) - Justin Moore,0946E0EB87BB0B59659691AD9FFEF6D44C14002558
[Rock Band 3],2010/11/16,30,9.99,189,The Bee Gees Pack 01,4859CE39F604FAE3469004A64EEC1FDBC407216558
[Rock Band 3],2012/02/28,30,5.49,104,Huey Lewis and the News Pack 01,E68A1014ACA5B7D8CC093DD485CB350212395B3D58
[Rock Band 3],2010/12/07,30,1.99,23,Keep Yourself Alive,506366132C9B7BEC945DF6E22B8D5383CF6724E658
[Rock Band 3],2011/04/26,30,5.49,56,Roy Orbison: 75th Birthday Pack,263F67D64CF19B385CB3BE67DD2F9558FE832E8E58
[Rock Band 3],2011/02/01,30,1.99,27,I'm Not Down,E2508BDB749C3455BFDAABF6A1E92135ED8A798D58
[Rock Band 3],2012/02/21,30,1.99,31,Public Enemy No. 1 - Megadeth,F99EA3DA41BC5EBD1053BB6B30EEDE8AF24A24D158
[Rock Band 3],2012/03/06,30,1.99,21,Santa Monica - Everclear,BB699E44402B56722A9669173944F9EB47C1BA9758
[Rock Band 3],2011/06/21,30,1.99,24,Won't Go Home Without You - Maroon 5,853F0EAD2D1584637501C12D19E0EAA21826B80D58
[Rock Band 3],2010/11/30,30,1.99,55,Tuesday's Gone,74539A8DEA6EA0AB3B06ADC81B4EE7B5AF6124A458
[Rock Band 3],2010/12/07,30,1.99,23,Play The Game,AC8388F240D563DBC37E10224221EA5E6BDE707058
[Rock Band 3],2011/11/08,30,9.99,159,Going Country Pack 06,6521AE42AE7BFEA6EF83ECC8EC827AABCB04E1A858
[Rock Band 3],2012/02/07,30,1.99,28,Machinehead - Bush,5F699786B1050105D61A6D4309ACF6E0544ED96158
[Rock Band 3],2012/07/17,30,1.99,32,My Body - Young the Giant,295CF275E00B6B1ED46ACA9C5C5DA6E47CD3C2CB58
[Rock Band 3],2011/01/18,30,1.99,20,Made of Scars,7FC8D564BC2773C94A39E471D6B318EC3F0D07B058
[Rock Band 3],2010/12/14,30,1.99,35,Pressure,6F2E54FE3DE83006A368C51E623DC342A82F9D0358
[Rock Band 3],2011/12/06,30,1.99,44,Radio Ga Ga - Queen,C2B2EC18315C7CB8773520326BD0538D689E210658
[Rock Band 3],2011/02/01,30,19.99,477,London Calling (Album),DB39F4D5E68B5C8CF9B65FD4D51275AC8277AC1D58
[Rock Band 3],2012/10/30,30,1.99,13,Wrong Way - Sublime,ED7C6DA1E2B627BFC36D10F2ED149A9FD5006F9C58
[Rock Band 3],2012/03/13,30,1.99,22,I Hate Everything About You - Three Days Grace,37F97AB52A8A055764A8CCCC4B03BC4AE775791A58
[Rock Band 3],2011/10/18,30,1.99,29,Every Teardrop Is a Waterfall - Coldplay,E408A063547896CDDD939D2CC20BAC26850F1AFE58
[Rock Band 3],2011/06/28,30,5.49,86,3 Doors Down Pack 01,360DFAEA64C90DD70EC12CBEA85C8D9006F10E9158
[Rock Band 3],2011/10/18,30,1.99,26,Viva La Vida - Coldplay,A078C4AF720FE0ABF05EAE93925A9EF9AA1E34F458
[Rock Band 3],2011/08/09,30,1.99,25,Animal (Live) - Def Leppard,CE585A0B1D216087C89341C76A8D1965A3356B7558
[Rock Band 3],2012/12/04,30,5.49,97,The Black Crowes Pack 01,4A15A52E5D0B95BB690D98336F2DC6B5BD6EC6DB58
[Rock Band 3],2011/10/11,30,5.49,68,Blink-182 Pack 03,0F176CD559F246E29088BAD4786E6620529A8EAD58
[Rock Band 3],2010/11/16,30,1.99,35,You Should Be Dancing,D5CC3CB2C190082AF9597A2CD7F1331AFFAD5EBF58
[Rock Band 3],2011/11/08,30,1.99,25,Summer Nights (RB3 Version) - Rascal Flatts,C41890DE6A19730234C3EA6563DDF7BAA6402F7F58
[Rock Band 3],2011/03/15,30,1.99,30,Shooting the Moon,2F4A3741B2EA8064571558F6383EC43F0A5CA2E458
[Rock Band 3],2010/12/22,30,1.99,16,Love Me Two Times,FD18CEF3E009675C636FCC0442EF56E791A0B8B758
[Rock Band 3],2011/06/21,30,1.99,25,Misery - Maroon 5,A3574A7AB9D7551D2CBC74B6DDDE2287957C7E2E58
[Rock Band 3],2012/11/13,30,1.99,39,Give Me Novacaine/She's a Rebel - Green Day,9F09AFD1DE6B71374C732566AE5CAFF25C1C1FF558
[Rock Band 3],2012/05/01,30,1.99,27,Only One - Yellowcard,2C8FF733FBABDC99BCE74DA7B8445E5D736834A258
[Rock Band 3],2012/04/24,30,1.99,40,Shelter Me - Cinderella,5DBC369E07B4CA8B671B69E51D0A95A683330A7E58
[Rock Band 3],2011/08/09,30,1.99,33,Pour Some Sugar on Me (Live) - Def Leppard,7B3FBC3D181B73445448C61A1BA54107E9A4F82A58
[Rock Band 3],2011/11/22,30,8.49,110,Nickelback Then and Now Pack,7D45CD0A1F527075225FA25079CC7448AEA169D658
[Rock Band 3],2010/11/16,30,1.99,28,Nights on Broadway,44C839FD72B85334A7A367D4D57613430C7C22D558
[Rock Band 3],2011/07/05,30,1.99,29,Turning Japanese - The Vapors,4C4D2D5FC8B9FE7D358B0AF62A1D69AEA32B68E058
[Rock Band 3],2012/12/30,30,1.99,29,We Are Young - Fun. ft. Janelle Monáe,C17E37A546E840D14444812A07CBC0411F69F13C58
[Rock Band 3],2010/11/16,30,1.99,24,Night Fever,4293E3809936F47A024672DC5783F0D3CC558F5B58
[Rock Band 3],2011/12/06,30,1.99,20,Don't Stop Me Now - Queen,3FA39B943030A414DAEC437A402AE4D22C1E64DB58
[Rock Band 3],2013/02/12,30,1.99,19,Love Hurts - Nazareth,E9B53E0EA4D26C5083755183FEF3C13253ABCECE58
[Rock Band 3],2010/11/30,30,1.99,43,Saturday Night Special,2EED6CE0A0CA7A2B515EA69A89D024EE90750E6558
[Rock Band 3],2012/07/24,30,1.99,44,Helena Beat - Foster the People,572A7CA3CE77CC88400EAD2B5EB7FAC849B6326E58
[Rock Band 3],2011/01/18,30,5.49,94,Stone Sour Pack 01,1D3F64599C611DAD10C84F36A181D31C378AC16558
[Rock Band 3],2012/05/08,30,1.99,19,Sleep Now in the Fire - Rage Against the Machine,47D38E8B0D872F2B50A9BFD64058B1034289E67358
[Rock Band 3],2012/06/26,30,5.49,63,Carrie Underwood Pack 01,7131283C209087E7AEB4EA95061EAC09535C29C158
[Rock Band 3],2011/05/03,30,1.99,51,Tweezer - Phish,6F57E5832FE70E820C455840542D5E3650BF693D58
[Rock Band 3],2011/02/01,30,1.99,33,Clampdown,ACA19870AA9C115B4256FAA6401DA83B1EA4EF8E58
[Rock Band 3],2011/11/08,30,1.99,22,Rain Is a Good Thing (RB3 Version) - Luke Bryan,EE1F30224CCCF62D97FEF89BD619BB413AAE294058
[Rock Band 3],2011/02/11,30,1.99,19,Airplanes,EE24FF439BC4E7FC66DED9F6A2C5683EEB88B90358
[Rock Band 3],2012/07/31,30,5.49,77,Killswitch Engage Pack 01,1CD27D27E189110FFB13B85C9701AAC52C5FF36A58
[Rock Band 3],2012/11/13,30,1.99,14,Sassafras Roots - Green Day,44377037C197EB436A8DBBCF1DC8AC8EBAFB268758
[Rock Band 3],2010/11/23,30,1.99,26,Jealous Guy,D2EFC46CB23B1E18C7543D912B8513BF39A88C2458
[Rock Band 3],2011/10/04,30,1.99,29,Nookie - Limp Bizkit,1A7EF4BD5ED23ADAA853C28606E62A879091C97358
[Rock Band 3],2012/03/27,30,1.99,32,The Crow and the Butterfly - Shinedown,DE6A125CB79E5100CFC037D3563EE2B11C5686FB58
[Rock Band 3],2012/11/13,30,1.99,32,Wake Me Up When September Ends - Green Day,5D2571942C1F26DB7C3440DAFE2C72B9C25C113658
[Rock Band 3],2012/11/13,30,1.99,21,Horseshoes and Handgrenades - Green Day,15EB06D0FC8EAE24C1E7D1FAB8AE8EFB1A7015D758
[Rock Band 3],2011/02/01,30,1.99,18,The Guns of Brixton,6F421AAEAF773AFA1D6A607CCA4499707EDC1D4158
[Rock Band 3],2010/11/10,30,19.99,409,Greatest Hits: Rock Band Edition,6BE0A5FF4E32159C8CA21C66561359B4C5AD5BB758
[Rock Band 3],2012/08/14,30,1.99,35,Waiting for a Girl Like You - Foreigner,06A50AD088367D801B723F56697F21A02D274EB258
[Rock Band 3],2011/05/03,30,1.99,28,From Out of Nowhere - Faith No More,1FD201F5874A26FACED37DC4DFDF2A165E31999658
[Rock Band 3],2012/07/03,30,1.99,24,Happy? - Mudvayne,E534BE4F3BEFF88C469D0921AAD97D7D9837749458
[Rock Band 3],2011/03/15,30,1.99,34,Every Breath You Take,D397C4851284F8BB72353AD0E1471F3C1DA0143858
[Rock Band 3],2012/11/13,30,19.99,227,Dookie (Album),63F7E33024F1BC3499AFFEC4A142EB67183F764458
[Rock Band 3],2011/06/28,30,1.99,32,Unskinny Bop - Poison,842528BECEC8BCD71F88BAC986338CEF6C2858F158
[Rock Band 3],2011/09/13,30,1.99,32,Me and Bobby McGee - Janis Joplin & the Full Tilt Boogie Band,874CF46DDFEAB07E8D6BF865442696F1B2FD9B7658
[Rock Band 3],2011/01/18,30,1.99,38,Through Glass,F13474C7ABCFF48F7BB57D50580BD57B1A33325958
[Rock Band 3],2011/07/26,30,1.99,48,South Side of the Sky - Yes,2A9BA6AE0260813D6CD7C1F92FC77A2412069C5758
[Rock Band 3],2011/06/28,30,1.99,30,When You're Young - 3 Doors Down,7B5518DCBDD24A14334D803C024B8FE97F7B294858
[Rock Band 3],2013/01/15,30,1.99,20,Don't Talk to Strangers - Rick Springfield,14DC9F63E4BF1F07D788D75BC08EC36FAFC80DDE58
[Rock Band 3],2012/11/13,30,5.49,53,Green Day Pack 04,AAFD56AEEC596D719B394BBCD596D5A46816F35258
[Rock Band 3],2012/04/17,30,1.99,23,Get the Party Started - P!nk,9D03BF2A2A0BEDC2C794B27A453B601C68A5406B58
[Rock Band 3],2011/12/20,30,1.99,20,Gypsy Eyes - The Jimi Hendrix Experience,ED5FFA7D9AB026F4F222416F55A7BD250E4F6F6D58
[Rock Band 3],2011/03/22,30,1.99,17,She's Always a Woman,FDFC373F1EA21F1BC45A9E7D38F9B363DD5D2B4658
[Rock Band 3],2011/01/04,30,1.99,15,I Got Stripes,C2ABD9FCE0B193A6052F16B4E9B723E5A074BF7058
[Rock Band 3],2012/08/07,30,1.99,50,Still of the Night - Whitesnake,3A6A6D2748855DA36FE26C340847954F92143BF358
[Rock Band 3],2012/12/11,30,1.99,26,Away - Toadies,96FB8B6C7EF31CED5F5D594F87F58D0C7253C6CC58
[Rock Band 3],2011/07/19,30,1.99,28,Rusty Cage - Soundgarden,89D377FB4BF967D909DAF4712F436CEE489D3E0C58
[Rock Band 3],2012/11/13,30,1.99,31,Holiday - Green Day,0456B4EDB852EDBA73BA33C6287653FE351C17C558
[Rock Band 3],2011/03/22,30,1.99,57,Scenes From an Italian Restaurant,F25C4ED2FE68A37B40ADC44EC8C6359243C473FE58
[Rock Band 3],2010/12/07,30,1.99,21,Killer Queen (RB3 version),47652198567B3FF567480BBC00F943D0932B032E58
[Rock Band 3],2011/05/10,30,1.99,36,King of Rock - Run-DMC,A2442AB6DB70582354FB0E01B0B034BBC0DA904F58
[Rock Band 3],2010/12/22,30,1.99,13,"""Hello, I Love You""",E945CB2EC31AB48A058DA21EF5284846E6B24C7058
[Rock Band 3],2013/02/26,30,1.99,30,It's Been Awhile - Staind,8A14EF6F39FA3CBA379AB7F24B7C8A03258F39DA58
[Rock Band 3],2011/06/07,30,1.99,18,The Good Left Undone - Rise Against,85C3995CAFF3447BAA14ABF80C51093E045C11F358
[Rock Band 3],2012/11/13,30,1.99,26,Last Night on Earth - Green Day,ECCBFBCFF19929386B8308001CCA6033335EABDD58
[Rock Band 3],2011/05/23,30,1.99,30,LoveGame - Lady Gaga,E365CE48E45EECB8ED38A9306AA4779ADFFC295E58
[Rock Band 3],2011/05/31,30,1.99,38,Mr. Crowley - Ozzy Osbourne,00600B31F8245BA5AA6EEE27F07BFC2A48374B7858
[Rock Band 3],2011/11/15,30,1.99,25,Living for the City - Stevie Wonder,BEB626B2F2B062073236BCC6DA5EB80275A8C18D58
[Rock Band 3],2011/08/09,30,9.99,208,Def Leppard Pack 01,B88A8DEC0D8AE60CA52958EB9C6937BD8EF02FD458
[Rock Band 3],2011/01/25,30,1.99,34,Modern Love,870BFADB3A5AE1A2E966AB55C7EA34DEDAC4407858
[Rock Band 3],2011/05/10,30,1.99,25,Stacked Actors - Foo Fighters,13044134DDDCAB6650564DDB4D3145AD2D4738F958
[Rock Band 3],2011/06/21,30,1.99,38,Blurry - Puddle of Mudd,BFD4B9945B59911DE1FBA216DE11B0B501A7633758
[Rock Band 3],2011/07/19,30,1.99,33,Outshined - Soundgarden,5B20256DD1C4F8B7BBF2395BAAB4E911634C8D5958
[Rock Band 3],2011/11/22,30,1.99,22,How You Remind Me - Nickelback,552D3EF5347690EFD75823FCCE7A90971E108B5558
[Rock Band 3],2011/12/20,30,1.99,29,Dolly Dagger - Jimi Hendrix,BB72CDF59F4961DFB71DD297439522BC9764BD5858
[Rock Band 3],2011/01/04,30,1.99,29,Tennessee Flat Top Box,D38A4A83DAE05FB56B5E1E7EB135379EA0EE7D3458
[Rock Band 3],2012/09/11,30,1.99,31,She's So Mean - Matchbox Twenty,1DA94C82D4175C27DE7C4144410D7ED78C1A6C4F58
[Rock Band 3],2011/01/04,30,1.99,20,"""Cry, Cry, Cry""",47C861976962C83D6F9077E724AA59635C044DF258
[Rock Band 3],2011/04/05,30,1.99,32,Love Will Tear Us Apart,E28E5B8C562C8C06D6982B4A0818CFF049EFDC7F58
[Rock Band 3],2011/12/06,30,1.99,14,Stone Cold Crazy - Queen,23ED29D3AD60CB845440FBDA63B7D066BB99563D58
[Rock Band 3],2011/06/07,30,5.49,66,Rise Against Pack 02,4FD93E3388163A1186D491874B4C0D5BF9C9C03158
[Rock Band 3],2012/04/17,30,1.99,37,Funhouse - P!nk,1D89201D9E42049BB87CAD6FBDBD97080B48A9F458
[Rock Band 3],2012/12/18,30,1.99,23,I'm Still Standing - Elton John,2A4839BCAC955CB26188E79D88408DAFA7D37AB458
[Rock Band 3],2012/03/20,30,1.99,27,Down Under - Men at Work,F157EE5A41B118AB3ABEEE20ADE50C9BEE26F1C158
[Rock Band 3],2011/02/01,30,1.99,24,The Card Cheat,7F028EF17FC82779540AC81792479C5EB8CEF9B258
[Rock Band 3],2011/02/22,30,1.99,35,Invincible,72C33FF1590042D0CBA34E798AA53A21D711A2E358
[Rock Band 3],2011/12/20,30,1.99,23,Freedom - Jimi Hendrix,3B17792D381DC7FA4591EF64A1B2687008C5AD7258
[Rock Band 3],2011/06/28,30,1.99,29,Here Without You - 3 Doors Down,B16BEB843241B254490D66962581DECF78E528D658
[Rock Band 3],2011/10/18,30,9.99,182,Coldplay Collection 01,B5E5FE0E7677E8838A81CDE7E6701279E343A4CC58
[Rock Band 3],2012/11/13,30,1.99,30,The Static Age - Green Day,0F099DDA5924E7A29DBA720A5C2FA333C95966E858
[Rock Band 3],2012/08/07,30,1.99,17,Crawling in the Dark - Hoobastank,36C35FBB11CA854CCF60EF24D53A73B1BD22374B58
[Rock Band 3],2012/09/25,30,1.99,13,Good Riddance (Time of Your Life) - Green Day,59E5FFD9DF92418835830E5C97401317B3923C3858
[Rock Band 3],2012/11/13,30,1.99,2,Song of the Century - Green Day,12EF5E67B39C1AA7EA00EEF4A595DB482F865CA358
[Rock Band 3],2012/11/13,30,1.99,28,American Eulogy - Green Day,C4A9D6D2AFAFF45EAB5A05F191EBDC5928E6B50558
[Rock Band 3],2011/08/23,30,1.99,21,Pardon Me - Incubus,21F71BE813BDF0D6C8BE915F8C54B8FE6E81D8D858
[Rock Band 3],2011/11/01,30,1.99,27,Forever - Papa Roach,CFC1C0AC5B13C94658B4F456064B5964CB72158658
[Rock Band 3],2011/01/25,30,1.99,24,Blue Jean,B1CA326E1CD1DFFA73EC7547FD7E9B46E6C9C07958
[Rock Band 3],2011/02/08,30,1.99,50,Coming in from the Cold,C0BB143FF42F82CE73974C3E938225514C67F1C758
[Rock Band 3],2011/03/22,30,1.99,32,My Life,145DD97B203F025F3734F704B669E73DA81C28E158
[Rock Band 3],2010/11/09,30,1.99,33,Burning Down the House,76B1122BDF72D69C2B62FEB17CAAA9C9372AD4BC58
[Rock Band 3],2011/09/06,30,1.99,36,Dream Police - Cheap Trick,7AC31218FB72C6DB2B30E0A0BD97A5A868F7197358
[Rock Band 3],2012/01/31,30,1.99,20,Fat Lip - Sum 41,37156979A42CD46276CE2006080D82632076379A58
[Rock Band 3],2011/11/08,30,1.99,21,Ring of Fire (RB3 Version) - Johnny Cash,E5DD224C2E1A122161AECBB69355DB356AB8908C58
[Rock Band 3],2011/02/01,30,1.99,28,Spanish Bombs,E8249487BCE85FF5197DBDE4B2C6FAF00E2C22BD58
[Rock Band 3],2011/01/04,30,1.99,23,The Ballad of Ira Hayes,7574813E01461077F777414D87B721443A1D49AC58
[Rock Band 3],2012/03/27,30,1.99,24,Second Chance - Shinedown,04D9AA6DE89ACDE3E624752D76C3A39C5D4D730F58
[Rock Band 3],2011/04/26,30,1.99,25,Rock and Roll All Nite (Live) - KISS,27FC1228852162F06C3D900E4FFBD7DD4B5EC5B758
[Rock Band 3],2011/02/08,30,1.99,36,Lively Up Yourself,DD23B0496CBE6B9709E9415F283CFA378DB85C7F58
[Rock Band 3],2011/05/10,30,1.99,35,Hard Rock Hallelujah - Lordi,4ADE86B3197C6038AA8E10427CA3007415CF204058
[Rock Band 3],2010/11/30,30,1.99,45,Sweet Home Alabama (Live),13E4AF6119C44B0A19F5930C0156C83107E1F0DB58
[Rock Band 3],2010/11/23,30,1.99,19,How?,B7362E5EB233FC03AAE22329FB5776B260EE022B58
[Rock Band 3],2010/11/23,30,1.99,26,Oh Yoko!,211882EF48C373D92A0FEC75E893B385938FB42958
[Rock Band 3],2011/02/08,30,1.99,19,Bend Down Low,F0AC1E24D97495B60AAB5B238330E6AAA8155D1758
[Rock Band 3],2011/10/04,30,1.99,27,Gold Cobra - Limp Bizkit,EFDECABA868244469BC26E9FDCBB10D4BFD456FA58
[Rock Band 3],2011/05/19,30,1.99,34,Walk - Pantera,1704F8DA8D40FCF8CB3760F170FC30DEE4E6C7B758
[Rock Band 3],2012/07/31,30,1.99,29,The End of Heartache - Killswitch Engage,25485D4F8B1B62247463350152E4479CB29C3F6B58
[Rock Band 3],2011/07/26,30,1.99,69,Starship Trooper - Yes,4DE8982DA2B50138F4AAB21359B22A7946D36F9C58
[Rock Band 3],2011/11/08,30,1.99,31,Kiss a Girl (RB3 Version) - Keith Urban,57C710A866F03E40B29DC69C6583E5D2DB576CCC58
[Rock Band 3],2011/12/27,30,1.99,22,Billionaire - Travie McCoy (ft. Bruno Mars),76421D2ACCD994061806B79EE57A335DE86BF21F58
[Rock Band 3],2011/11/08,30,10.99,177,Going Country Pack 07,ED8D0394FC146216FB9846A982B73C043C91CA2758
[Rock Band 3],2011/03/15,30,1.99,32,So Lonely,02BFE7014F638B3F398FF88F28C10384C2B39B6658
[Rock Band 3],2011/11/29,30,1.99,39,We Built This City - Starship,B423F588757AEDF286441B08B74FE819FB96755D58
[Rock Band 3],2010/12/22,30,1.99,22,Love Her Madly,ADD605D8800B8A9264AB3A4129872A6C6E0AC6AF58
[Rock Band 3],2011/09/20,30,1.99,17,Rape Me - Nirvana,23CCC380FE40F5F99E0B74A0CBC34BECA2EF06CB58
[Rock Band 3],2012/01/17,30,1.99,38,Freak on a Leash - KoRn,F869F550FB9CE422D3E2B1D5AD377E2E25E14EC058
[Rock Band 3],2011/06/07,30,1.99,22,Grenade - Bruno Mars,5614BB73C8DC7B53B7CAB169A97D9EDF7A116B9458
[Rock Band 3],2010/12/14,30,1.99,28,Big Shot,2C0E90CE98462B212065ED3A9892504C7B40C7AD58
[Rock Band 3],2011/03/22,30,1.99,38,I Go to Extremes,FEC849C90B52575F38F194008354322686A9BC0858
[Rock Band 3],2011/07/26,30,1.99,28,Owner of a Lonely Heart - Yes,04DF7B015A7A003AB4EDB758DEF00F316961126958
[Rock Band 3],2010/12/28,30,1.99,32,Band on the Run,4E42796C07A1B2E74B1199D120A837457FC0E2D058
[Rock Band 3],2010/11/16,30,1.99,44,Tragedy,621F9FEB7F1AE80E8D2FB3BD1F3879C43915EAF458
[Rock Band 3],2010/11/02,30,1.99,40,Riders on the Storm,E2FAEA5E461173842C9CE23B8C416EEC6DAE605758
[Rock Band 3],2012/03/13,30,5.49,62,Three Days Grace Pack 01,150B57615B2004897D4D8B671FE113D2C0DAF02E58
[Rock Band 3],2013/03/26,30,1.99,27,The Red - Chevelle,62551FC13E21697AFC963BB8CAAAE0275346A3B458
[Rock Band 3],2012/11/20,30,1.99,36,Cry Thunder - Dragonforce,B28A958DF688F54AF2F24427E7250AB6BF41E39F58
[Rock Band 3],2012/02/28,30,1.99,31,The Heart of Rock & Roll - Huey Lewis and the News,1F860A81955B3701D5C1C5E927245AF404F20B9158
[Rock Band 3],2011/11/15,30,1.99,35,I Wish - Stevie Wonder,DA90CB930F0F07E9A91446CBFCFD3D79C395090F58
[Rock Band 3],2010/12/28,30,1.99,24,Open My Eyes,8D2CD375B7CC70A1156BE34F938FBEA1B418485058
[Rock Band 3],2012/09/25,30,1.99,31,Warning - Green Day,E5EB5DE28974CB63854CE59FD0B869B5ED6DDF8058
[Rock Band 3],2012/10/02,30,1.99,24,Beautiful Disaster - 311,22AC418CB3A697938F8EF16418D5133ED96E94D558
[Rock Band 3],2011/03/02,30,6.99,167,Pretty Hate Pack 01,5EDB0523A7E365CEDA6E8AFCF71A825F0608A67158
[Rock Band 3],2011/02/01,30,1.99,49,Revolution Rock,8FED418D6F89F62E8D9D682765C9DC05AEA24AC558
[Rock Band 3],2011/12/13,30,5.49,70,Rush Pack 01,FB9D515F869891EEBFD544C8729A9872F0AC055E58
[Rock Band 3],2012/11/20,30,1.99,33,The Weight (Live) - The Band,A33F20FB1D81E79BE7B703D9827B525B2FCB194558
[Rock Band 3],2012/04/17,30,1.99,34,Please Don't Leave Me - P!nk,824D47F7ED9C12637AC2146B14EE31CB8D5C54C958
[Rock Band 3],2012/10/23,30,5.49,89,Chicago Pack 01,3A93DDA4B63A49CDB5094D97AD631DE2EC22094D58
[Rock Band 3],2010/11/30,30,6.99,165,Lynyrd Skynyrd Pack 01,E0C8163F7073F1E8A5F796E7AAD17BAEDF3D6DA358
[Rock Band 3],2011/01/04,30,1.99,20,Folsom Prison Blues,7051E5BF2630633A2715F9B84D29EBC4E60DC35258
[Rock Band 3],2012/05/29,30,1.99,34,Your Betrayal - Bullet For My Valentine,13811B80C5C3780A91EE7FF88739D606D1ECCD6A58
[Rock Band 3],2012/09/11,30,1.99,24,How Far We've Come - Matchbox Twenty,158D97854E4368AB7F63B30CBEFB190C482B922658
[Rock Band 3],2011/11/08,30,1.99,24,Settlin' (RB3 Version) - Sugarland,5363C093043C76C9E5DB0F54D002BE820E2B39C358
[Rock Band 3],2013/02/12,30,1.99,14,Tainted Love - Soft Cell,5D7AD32A02E01D27990CA3AB7CFE43CEFCFF2E6E58
[Rock Band 3],2011/11/22,30,1.99,21,Someday - Nickelback,182782AC5F76A23B19970E5B88CAFAF42873394C58
[Rock Band 3],2012/11/13,30,1.99,24,Extraordinary Girl - Green Day,ECAD1EB2995B93AFA193C3B8E50756A969DF3E3158
[Rock Band 3],2012/05/08,30,1.99,23,Bombtrack - Rage Against the Machine,956692C62304C89DA4BE630CE189AFE341A52A7858
[Rock Band 3],2011/10/11,30,1.99,24,Up All Night - Blink-182,51953F3A681B6F5479F8AED72F0CCFDFE8884B2058
[Rock Band 3],2011/08/02,30,1.99,27,Barracuda - Heart,D1BD26F4D75ABAE635261BAA69A90A2316D30E7F58
[Rock Band 3],2012/03/13,30,1.99,16,The Good Life - Three Days Grace,E47CA7472735005AB95803ED186F38F9093D1BB958
[Rock Band 3],2012/10/09,30,1.99,27,Everybody Wants You - Billy Squier,B37785C3B4773D67B4FD90AE212144D4FBF8272758
[Rock Band 3],2010/12/14,30,1.99,34,You May Be Right,76D0266F620D2CBBB6ACAE93046ED11DE86C985258
[Rock Band 3],2010/12/28,30,1.99,27,Let Me Roll It,90FF56C6A3B2A9C7B0941A624AEA22FF99B99E8C58
[Rock Band 3],2010/12/22,30,1.99,48,L.A. Woman,3AF05CD33D6346D719FDF6DCE289292B0442463858
[Rock Band 3],2011/01/25,30,1.99,23,Fame,2340AA1641AA0BFC88BC3222A4139F5B3B492B7B58
[Rock Band 3],2012/12/25,30,1.99,18,Teenagers - My Chemical Romance,4C1E7A3EB8FE71C6AE68C3F154E9DB471FB75B7F58
[Rock Band 3],2013/01/29,30,1.99,26,Dream On (Live) - Aerosmith,B7880584F85F4561AAF62C5400210B4CD365EC7858
[Rock Band 3],2012/12/11,30,1.99,28,Possum Kingdom - Toadies,39E33DA9F154E6CC3E44B786822B9DDD69864E2658
[Rock Band 3],2011/02/08,30,1.99,31,Burnin' and Lootin',75C4EDBF7048A82A19754226B9578AA742185C4058
[Rock Band 3],2012/10/30,30,1.99,17,Santeria - Sublime,0C2E7C4C60A873B41AC154C30CE2C13C5548FC3158
[Rock Band 3],2010/11/09,30,1.99,23,Have a Nice Day,A5CD0DCF0608B7D516C3D10004A912FFC5A2186858
[Rock Band 3],2011/02/01,30,1.99,26,Four Horsemen,DB84705BE1F97B9C64B050109DC4B347BBA89FEA58
[Rock Band 3],2012/02/21,30,1.99,26,Symphony of Destruction - Megadeth,0395671D4C0F3D36CA7E9B96F07F6E246D29A2C858
[Rock Band 3],2011/06/28,30,1.99,28,When I'm Gone - 3 Doors Down,98F79DE30CD11CF69E4CC597C3DE78D22183ACB158
[Rock Band 3],2012/09/25,30,1.99,31,Brain Stew/Jaded - Green Day,462D0F02E2B3F421DB81AE7FEFC745C0B0975E2258
[Rock Band 3],2011/07/12,30,1.99,30,Relax (Come Fighting) - Frankie Goes to Hollywood,40006CC8B5A37A64826B258984B3A3AA5AC4591858
[Rock Band 3],2011/09/06,30,1.99,27,Unbelievable - EMF,A469DA87C666618EC415D8AA6116891AADE76BA658
[Rock Band 3],2011/12/31,30,1.99,33,"""2112: Discovery, Presentation"" - Rush",F3535FF519289ECF386D9B1AE41544F9253858E558
[Rock Band 3],2011/10/18,30,1.99,29,Yellow - Coldplay,9B26F09D6421BFC95DFF7AF284FEE18898DB697A58
[Rock Band 3],2012/11/13,30,1.99,34,Before the Lobotomy - Green Day,82ED7188AC4CE05F6D5E4A1198763ADEC5D2593758
[Rock Band 3],2011/09/06,30,1.99,25,I Want You to Want Me (Live) - Cheap Trick,622B987CF01B87C0D056622A3760CEC409CCD4B758
[Rock Band 3],2011/04/19,30,1.99,23,Blood and Thunder - Mastodon,B8C1B6D4D29DE85F05D99DA9A8141B9C3276A6A858
[Rock Band 3],2012/12/30,30,1.99,33,Raise Your Glass - P!nk,8FC1DE92A9FAF4AF8F54ADB1398E625A733DAB2358
[Rock Band 3],2011/04/05,30,1.99,16,The Loco-Motion,F13132607BE0DB0FAA94A915BBF7BE2EE77EDB1958
[Rock Band 3],2011/12/27,30,9.99,141,Fueled By Ramen Pack 01,33D403AF1BBC2875E0D07144B14E1D6DD01A010158
[Rock Band 3],2010/12/21,30,1.99,21,Peut-Être Une Angine,83AA4813F2F40163535562DAA81D0504A6383DDB58
[Rock Band 3],2011/04/19,30,1.99,27,Breaking - Anberlin,A95B4968ABCC2B635F26178DCA7773917449E57958
[Rock Band 3],2012/02/07,30,5.49,89,Bush Pack 01,E746DDEA800027A90E1C9BA5413BF5256FBE376658
[Rock Band 3],2010/11/23,30,1.99,33,How Do You Sleep?,F59F4EC5CDD6F2156F5B16683854F9924BF9260858
[Rock Band 3],2011/02/22,30,1.99,32,Promises in the Dark,716C678C1A3596C422B4A411DD6C29BADFD6A37758
[Rock Band 3],2010/11/23,30,1.99,24,Crippled Inside,F5A4CFE640E1C1EDCE78ED6264709398346FEAC158
[Rock Band 3],2013/02/26,30,1.99,23,So Far Away - Staind,158A8470AB382B18116E811F5669E6FCE4154A8B58
[Rock Band 3],2010/11/02,30,1.99,19,Soul Kitchen,862FBFF42AB6FA974437C211D41859FAFEE2D50D58
[Rock Band 3],2012/11/13,30,1.99,33,Welcome to Paradise - Green Day,4585FDB0BC548389FA3DFA83194DB0EB66202F5558
[Rock Band 3],2013/01/29,30,1.99,22,Legendary Child - Aerosmith,2FC4F5FC6B60DFE48A8A641F9C910DC16EC85FAB58
[Rock Band 3],2010/11/03,30,19.99,283,The Doors Greatest Hits: Rock Band Edition,2B6C1D6A05A9A3BFFE2C03152F99B927D1DA89F358
[Rock Band 3],2011/07/12,30,1.99,18,Boom - P.O.D.,06F9BC1CE6BF3E238503EBF0CE0C3E7B62DCA2D258
[Rock Band 3],2010/12/07,30,1.99,31,Somebody To Love (RB3 version),194DAEBBD1A58C74DC0D6C53D61E1C3A93013F1858
[Rock Band 3],2011/02/08,30,1.99,24,Kaya,8F4D3B3EBFC30F368FFE521324A193D1355412E358
[Rock Band 3],2012/06/26,30,1.99,24,Cowboy Casanova - Carrie Underwood,AD8D69F20CC1CD028CF142504F2D1D7C0063893658
[Rock Band 3],2011/11/08,30,1.99,37,Intentional Heartache (RB3 Version) - Dwight Yoakam,738F463B745E7BE3DA4D96EF4BDE41B434590E8A58
[Rock Band 3],2011/06/28,30,1.99,21,Talk Dirty to Me - Poison,2E13FC9382BB49E5AE46F6FC6F3116BAE72622E658
[Rock Band 3],2012/10/16,30,1.99,26,Animal I Have Become - Three Days Grace,4741EE1FB7F12796A4DA18C7024B9F58453F002658
[Rock Band 3],2010/11/09,30,1.99,32,We Weren't Born to Follow,44D1C689D4B823ADA128A4DCB8251AA4B06F09EF58
[Rock Band 3],2012/11/13,30,1.99,14,Geek Stink Breath - Green Day,31F3F314AFE0A93443AD4B6B6E15B70612A1DBC858
[Rock Band 3],2011/07/19,30,1.99,31,Blow Up the Outside World - Soundgarden,AD0BACCE963841EC58C84030050BF32B0FA6866158
[Rock Band 3],2011/12/31,30,1.99,30,"""2112: Oracle: The Dream, Soliloquy, Grand Finale"" - Rush",281DF98B41F1D73DD4845894D34C89909636F1C958
[Rock Band 3],2011/02/08,30,1.99,27,Small Axe,F381FD2CA22F9CD8F950EEF2D8E486D961751ECE58
[Rock Band 3],2011/03/22,30,1.99,35,Prelude/Angry Young Man,FAED14C9BA4A02E1A46385C0F6EDB39298465D3158
[Rock Band 3],2011/07/05,30,1.99,16,For What It's Worth - Buffalo Springfield,D12C6D894AAB29EB7092326544A7D5F8407B0EC658
[Rock Band 3],2011/05/10,30,6.99,114,Foo Fighters Pack 04,025DA58351046AD2222B7B2F96DF1ACE2814501558
[Rock Band 3],2011/11/08,30,1.99,21,Sideways (RB3 Version) - Dierks Bentley,5E23A7DD50AB44D589DC3E9A7B2400A755F9CCC858
[Rock Band 3],2011/05/10,30,1.99,25,Long Road to Ruin - Foo Fighters,35E0B83AD0510A17F7C4530D79DC50BD21EC19B258
[Rock Band 3],2011/03/29,30,1.99,62,Operation Ground and Pound,F6B931DA4C54C062134100B76451D9AA14F9363858
[Rock Band 3],2012/02/07,30,1.99,34,Comedown - Bush,AF48631E2F4BFAA204FD3F270F873FDC04B0595558
[Rock Band 3],2012/11/13,30,1.99,23,¿Viva la Gloria? (Little Girl) - Green Day,7D499132270034A485D13593F6379C59A59BB4B258
[Rock Band 3],2012/05/15,30,1.99,33,The Only Exception - Paramore,263D54CE29BC39B63F63D30AC65B09232062218F58
[Rock Band 3],2012/01/31,30,1.99,18,Still Waiting - Sum 41,A1E99055FACD961A5A4B7120A7400481EFF4030258
[Rock Band 3],2011/02/01,30,1.99,24,Wrong 'Em Boyo,0B68B445AAB5ACB64734465012DF208C9412B9B558
[Rock Band 3],2011/08/16,30,1.99,24,Thnks fr th Mmrs - Fall Out Boy,8DA72D68C9C155A7135AE9A9444311556597AF6658
[Rock Band 3],2012/05/01,30,1.99,29,Drops of Jupiter - Train,7A145C4AFDB83C94503EA72BC395F4562849348458
[Rock Band 3],2013/02/12,30,1.99,12,More Than Words - Extreme,31461C9A0C16DA9942D36F0A8935FC30757A02A058
[Rock Band 3],2012/07/03,30,1.99,35,Gonzo - All-American Rejects,53934F98CD5852778E9AC8231711453E40EB105A58
[Rock Band 3],2012/11/13,30,1.99,66,Jesus of Suburbia - Green Day,B6194981CD271192AF7FC71DD6DD66831308A35258
[Rock Band 3],2011/12/14,30,1.99,31,A Warrior's Call - Volbeat,1648FB158C7A7C15D24BA667055BA52B9F92F1EE58
[Rock Band 3],2010/12/07,30,1.99,12,We Will Rock You (RB3 version),328E5864F6B3E793FE277DADA563ED6AB9EFBBCE58
[Rock Band 3],2011/05/23,30,1.99,27,Paparazzi - Lady Gaga,936703062A64DD34A64E85BA6348650E1783C2CD58
[Rock Band 3],2011/12/31,30,5.49,183,"Rush ""2112""",87999B71D4D8C0E2BBE6D92FC5D43371048AED4C58
[Rock Band 3],2010/11/30,30,1.99,32,Hold On Loosely,DAF58074681B7C5CC598D6659857A7A09EFF370158
[Rock Band 3],2011/02/01,30,1.99,12,Koka Kola,CBB62F443A01F666D904FF39226ABA4046670D3C58
[Rock Band 3],2011/12/06,30,1.99,17,You're My Best Friend - Queen,4E9ABC3E4FC21CE2678FFBFD61961661FE625C9D58
[Rock Band 3],2011/11/08,30,1.99,27,Perfect Day (RB3 Version) - Lady Antebellum,F8C1358009CDF68D218490821EFD04CE456FC21358
[Rock Band 3],2012/11/13,30,1.99,15,Pulling Teeth - Green Day,F3001CEB4D5B37D99724E8F17DA8FF2B107EEB2758
[Rock Band 3],2015/01/13,30,1.99,24,Something From Nothing - Foo Fighters,24A8EAD08E972F38D09AC5FCE39DD80DACF98BBE58
[Rock Band 3],2011/10/25,30,1.99,25,Living Dead Girl - Rob Zombie,9C49C4EAFE649E90EDF78C2C1657463F8518CE9458
[Rock Band 3],2011/11/08,30,5.49,86,Going Country Pack 08,CC4C1EA826EFF2504E6E82B9043897F7FA8503BF58
[Rock Band 3],2012/06/19,30,1.99,35,The Adventure - Angels & Airwaves,09DDC34BA7630C7051B7DD52EEC632B93AA2CBF958
[Rock Band 3],2012/10/30,30,1.99,19,What I Got - Sublime,54689E500F63FF09F0C43802E32C62592E3830D058
[Rock Band 3],2011/03/01,30,1.99,35,The Only Time,169F89DFA8C56331C19A1F325E40060CE4ABFE2A58
[Rock Band 3],2012/11/13,30,1.99,17,Having a Blast - Green Day,BA62CFBC2B3AF7FCB694E43AC29C36B9E9DC01E658
[Rock Band 3],2011/03/08,30,1.99,46,Never Let Me Down Again,37583D741CE4EC353D487A141BADC5C7E599551958
[Rock Band 3],2012/07/10,30,5.49,84,Daughtry Pack 01,458754E2243851BF14B2D703F579C337CBC8B9EB58
[Rock Band 3],2011/03/08,30,1.99,37,Personal Jesus,08A312C903786A0296D746CC06A3B1FD5C5F076258
[Rock Band 3],2011/11/08,30,1.99,34,"""Awful, Beautiful Life (RB3 Version)"" - Darryl Worley",F31B49EBC9FAFFE107248A62B651F8CA0015B42158
[Rock Band 3],2012/04/24,30,5.49,127,Cinderella Pack 01,17C52EC922CD747D72C40F9AE85BC60CEFA7912758
[Rock Band 3],2011/02/08,30,1.99,24,No More Trouble,774B431D722FB10C7E73452E17295E11A6BBB6C158
[Rock Band 3],2012/01/10,30,1.99,30,I Can't Go For That (No Can Do) - Hall & Oates,BE52DF67AEF9F5D3331D0BFF49D4A6274B0FE45458
[Rock Band 3],2011/01/04,30,1.99,13,Five Feet High and Rising,DB4F303BF4EED8B2632B0CEB032D345DC0BCA95958
[Rock Band 3],2012/06/26,30,1.99,22,Before He Cheats - Carrie Underwood,239A9068C7495F215B586593299C548D91F0F62458
[Rock Band 3],2012/11/13,30,19.99,459,21st Century Breakdown (Album),F243AEC078671200922373AA9BD9027B99070CCB58
[Rock Band 3],2011/04/26,30,1.99,21,Strutter (Live) - KISS,DD1E6B937E8823A12EB0BC0B4585CE23A0C8D26558
[Rock Band 3],2015/02/17,30,1.99,14,Back To The Shack - Weezer,428DE0A789E9B3D49ED6E870A1E2F12B15FC44ED58
[Rock Band 3],2010/12/21,30,1.99,25,Dame Aire,AB24A4D42BC3D81BEAD5E3C7122188E89762822758
[Rock Band 3],2011/02/01,30,1.99,28,Death or Glory,BEFC54FD1B24C3D803509DE73060AB5D39278A8958
[Rock Band 3],2011/11/15,30,1.99,36,Superstition - Stevie Wonder,89CA2720DF547B46B249CED8FBE574D4D4164E2358
[Rock Band 3],2011/06/28,30,5.49,81,Poison Pack 01,AE7C27F5330E597E95E3811F405D6AB5D05FF32558
[Rock Band 3],2012/12/30,30,1.99,28,Tonight Tonight - Hot Chelle Rae,0379E33052513AE0C935FE2046F9A0BA1BFB8F7558
[Rock Band 3],2010/11/02,30,1.99,26,Roadhouse Blues,45BDC88DA75ED441EDBF26BFCD5614ADA462A86258
[Rock Band 3],2012/12/04,30,1.99,38,Remedy - The Black Crowes,C96CF29FFBD99CEF752634F45425AF3A7977EFAF58
[Rock Band 3],2010/12/14,30,1.99,23,The Entertainer,2204732286F1EA181FD8D1801D3FAB7CA350CC5C58
[Rock Band 3],2012/10/09,30,1.99,18,The Stroke - Billy Squier,92AE30386E9AA93669757349E2430C1D45D4891158
[Rock Band 3],2012/09/25,30,1.99,32,Oh Love - Green Day,AAD6439F8F759D4569623AC2312FABE5616C064458
[Rock Band 3],2010/11/30,30,1.99,22,What's Your Name?,EC36D2C93FE8252571E76D50C7E5E4F8B9EFDF5158
[Rock Band 3],2011/03/01,30,1.99,41,Sanctified,59C6656FDB2C7D999DF06FE3B63D27A407EF828B58
[Rock Band 3],2013/01/08,30,5.49,100,Foster the People Pack 01,7F4D871C4942C353EEFBCE40A0013000A5A0A6F358
[Rock Band 3],2012/05/15,30,1.99,35,Brick by Boring Brick - Paramore,CA07D85E5B62791F94166C7A5A9A7C4970AD973858
[Rock Band 3],2012/02/14,30,1.99,19,To Be With You - Mr. Big,83265D0D8C566CE27BF2089CCEA6F1A9A2D1A6F758
[Rock Band 3],2011/11/22,30,1.99,21,This Means War - Nickelback,4223311D5C85C62EDAF82851C6074406D67CA87C58
[Rock Band 3],2012/09/18,30,1.99,23,Days Go By - The Offspring,B2B64F3D0189F5F261B957BE57639E6B458EF5FF58
[Rock Band 3],2010/11/09,30,1.99,37,Blaze of Glory,59A2FBF1D98C5F79C7BA3843281125155483B4EB58
[Rock Band 3],2012/02/21,30,5.49,81,Megadeth Pack 01,825C63B2616D660C5AAB1D339FBD421ABAF877FA58
[Rock Band 3],2010/11/09,30,1.99,30,Runaway,5959B79DAFA12859CB5F33950DA83736C235AA1C58
[Rock Band 3],2011/09/13,30,1.99,16,Hash Pipe - Weezer,F44BBE886108BB278E0B2A1073A80637B6B1D5B958
[Rock Band 3],2010/12/21,30,1.99,32,Proibito,6F480140ADE635C61103B47224368AF05575ED6B58
[Rock Band 3],2010/11/02,30,1.99,13,The Crystal Ship,A453DCD94A0AF4FE19135989362A46EEAE03C98658
[Rock Band 3],2012/11/13,30,1.99,18,Nice Guys Finish Last - Green Day,A86463880B0830B9F79B1BCEDB3BDD33AE7EC03858
[Rock Band 3],2012/11/20,30,1.99,21,Cold - Crossfade,8069C471A4A8F0A5EA4934A750CE68C55FF0DAB858
[Rock Band 3],2011/09/20,30,1.99,21,Heart-Shaped Box - Nirvana,853CA5455B2114392211B40D68328035DB5A26E258
[Rock Band 3],2011/05/23,30,5.49,90,Lady Gaga Pack 02,01265E1B0E6041483675D908ED69071C8EDC339958
[Rock Band 3],2011/12/27,30,1.99,21,Panic - Sublime with Rome,0C4B1EBE8CA8EF19DFE78B32C60D22D103ECC38D58
[Rock Band 3],2012/11/06,30,1.99,36,Mercy - Dave Matthews Band,06C0D7911163E21A9D3B44308C7D7DF3C68015B558
[Rock Band 3],2013/02/19,30,1.99,24,One Week - Barenaked Ladies,FEB464DA4ED1BE69DFEA32FDE3DFF6933C93EBDF58
[Rock Band 3],2010/11/02,30,1.00,0,Subdivisions (Pro),43A3CADD3422C52A7BDBE2361DC6FAAFDD16D0E058
[Rock Band 3],2013/03/19,30,1.99,37,Diamond Eyes (Boom-Lay Boom-Lay Boom) - Shinedown,6D0F6D14DE828E4BDF784A39D45338DD585F2CD858
[Rock Band 3],2013/03/05,30,1.99,44,Kids in the Street - All-American Rejects,AA8454DBF8F5F27D96FCA530EB24CFA79C4C9F3658
[Rock Band 3],2013/01/22,30,1.99,31,Spoonman - Soundgarden,047D58236ACB21E6914E0D1B27335E1A1A478E9F58
[Rock Revolution],2008/11/13,60,5.49,149,Bemani Pack,57D24450A2A0180B15CC50A3DB9C90734B34A03658
[Rock Revolution],2008/11/13,60,1.49,22,My Only Shining Star,D9A160A27DD5481FD99C0AB2082268855C2D51A858
[Rock Revolution],2008/11/13,60,1.49,24,Death Real,BBD2EABC5E3C646B533086C13E26285DA283F39858
[Rock Revolution],2008/11/13,60,1.49,34,CHIMERA,1296EA52AF7F16702EFF35F17A92F1540DCB581658
[Rock Revolution],2008/11/13,60,1.49,30,Progressive Baby,662D540769A7D66D42E5AC37BD8F989C33C6931C58
[Rock Revolution],2008/11/13,60,1.49,40,MODEL DD 8,25E8814EAB81BF9AF6CF8EB786F5D525A1AF122558
[Rock Revolution],2008/10/24,60,0.00,28,"NO PAIN, NO GAIN",A361D8DAF1107D09BCD51AF09B69743349818EA058
[Rock Revolution],2008/10/24,60,0.00,34,She's the Bug,AB6FFB25184C70CB46F245E3B51EA60F97A8C11558
[Rocksmith 2014 Edition],2016/09/27,30,7.99,31,Dream Theater Song Pack,4D97B45A227287A68CD8DD1B6CB229BEF576DF8058
[Rocksmith 2014 Edition],2016/09/27,30,2.99,10,Dream Theater - Pull Me Under,1B91DE93677246662E90E6B8A92B70A59401CC7458
[Rocksmith 2014 Edition],2016/09/20,30,9.99,11,Misfits Song Pack,3EED2A59FF3FB5757685B46FE92579FF033BD25E58
[Rocksmith 2014 Edition],2016/09/27,30,2.99,10,Dream Theater - On the Backs of Angels,7B1F436DF4DE0CD9063F3BD81D97BD4E1DBAF66758
[Rocksmith 2014 Edition],2016/09/06,30,7.99,16,Staind Song Pack,CF597BDBFD59639D1FA3F4462E9317262652715258
[Rocksmith 2014 Edition],2016/05/24,30,7.99,14,Chevelle Song Pack,FF7C804FECF19C1E05F62A06488AF077140E72DB58
[Rocksmith 2014 Edition],2016/09/20,30,2.99,2,Misfits - Last Caress,2C10D0A80E3CBC45BA3A406ECBD675AB5440698F58
[Rocksmith 2014 Edition],2015/10/06,30,2.99,7,Kenny Wayne Shepherd - Blue on Black,72CC01DA6F0507021C59CEF3EC70D6EE1D05A9CA58
[Rocksmith 2014 Edition],2015/06/23,30,0.99,1,Primus - South Park Theme,C72498714CD233927E9A1D14B534B6DC4E2C305258
[Rocksmith 2014 Edition],2016/06/21,30,9.99,18,Incubus Song Pack II,FFDE42DB7230DC226908B9FD8B1D7D17E21DF85658
[Rocksmith 2014 Edition],2016/05/31,30,2.99,5,"Filter - Hey Man, Nice Shot",0527C4B1953A523BC5FC182409A1A3A7837C767D58
[Rocksmith 2014 Edition],2015/01/20,30,2.99,5,Styx - Renegade,D1CDC4F697627788AECAF2DF58AFF7D60EB642B958
[Rocksmith 2014 Edition],2016/09/13,30,2.99,5,A Flock of Seagulls - I Ran (So Far Away),A2D4D2543967FC2C8FC7B2E31C2DCC87263E3BCF58
[Rocksmith 2014 Edition],2016/09/06,30,2.99,5,Staind - It's Been Awhile,C3E21FD8161FAFA875F11902144742303FDC651E58
[Rocksmith 2014 Edition],2015/08/18,30,2.99,4,Kansas - Dust in the Wind,DBBDA5BD02E8B3E2B64CBF1741C8A0AD2BEB0EF858
[Rocksmith 2014 Edition],2015/11/24,30,2.99,3,The Black Keys - Lonely Boy,666FC522AA26D37EE2061D6F76191913CD36286A58
[Rocksmith 2014 Edition],2016/09/13,30,2.99,4,Sepultura - Refuse/Resist,0434AAA1B01C8680784E7AA9C5A167128F42E02058
[Rocksmith 2014 Edition],2016/07/19,30,7.99,11,60s Mix Song Pack,0098B8BE1E59F845EDBCA5DFAE7A836BE4519C6B58
[Rocksmith 2014 Edition],2016/06/28,30,2.99,8,Don McLean - American Pie,7098F97658F07D0F2ACCD07A88FDE9BA896CCF1158
[Rocksmith 2014 Edition],2015/12/22,30,2.99,7,Stone Temple Pilots - Creep,0E65B246DA9099DA9FE977F46891FF0C097F15DF58
[Rocksmith 2014 Edition],2015/04/14,30,7.99,14,Thin Lizzy Song Pack,E7B7304E4E6F6FDAC010E27D66116B49C1DE23AA58
[Rocksmith 2014 Edition],2016/08/16,30,2.99,4,Fall Out Boy - My Songs Know What You Did in the Dark (Light Em Up),7CB79BABFC97E8FDA9BE84BD194954013F19715358
[Rocksmith 2014 Edition],2015/12/15,30,2.99,4,Mötley Crüe - Home Sweet Home,96C753BD669613E6EB82A92E06E386A667DDCEBD58
[Rocksmith 2014 Edition],2016/02/16,30,2.99,4,Sublime - Badfish,01D49B9E98C6C7A1A10F37640E2E4E6F425821E558
[Rocksmith 2014 Edition],2016/05/17,30,7.99,18,Queensrӱche Song Pack,DEC8A02B0413D9AD2DC634BA525E522C78FACF0D58
[Rocksmith 2014 Edition],2016/08/23,30,11.99,33,Rush Song Pack II,E2876C0B8106D072177BCF6FB1B83D3F4A13687058
[Rocksmith 2014 Edition],2016/06/14,30,2.99,4,SR-71 - Right Now,9A21875E3C94FCF161C059286D5441A48BD94A6B58
[Rocksmith 2014 Edition],2015/02/10,30,2.99,4,Seether - Fake It,E261463492079CF496297DDCC44D190DE9D9053F58
[Rocksmith 2014 Edition],2015/02/10,30,2.99,5,Seether featuring Amy Lee - Broken,0AD2AB5FE9E3A007EC247366496F720CD0B00FB758
[Rocksmith 2014 Edition],2015/02/03,30,2.99,5,Extreme - More Than Words,8583FD62889248665E2D896E66A8AF2E92B4142258
[Rocksmith 2014 Edition],2015/01/27,30,11.99,20,Three Days Grace Song Pack,611B41D2C88470FBED202C8F31F942BF216A56BB58
[Rocksmith 2014 Edition],2015/07/07,30,2.99,5,Volbeat - A Warrior's Call,2190B2DFA7F9552D31EC734A2960840575F59B5658
[Rocksmith 2014 Edition],2016/09/20,30,2.99,3,Misfits - Where Eagles Dare,1058ACDD7A105E21992024BF9A829049D97E1C8858
[Rocksmith 2014 Edition],2016/01/12,30,2.99,4,Thirty Seconds to Mars - From Yesterday,8671A4BAB45663F8A8789E3B67350261D8493EE058
[Rocksmith 2014 Edition],2015/02/24,30,7.99,12,Papa Roach Song Pack,A0AD63724C6E5F16E076A71472858EC1E335D7FE58
[Rocksmith 2014 Edition],2016/08/02,30,2.99,5,Styx - Blue Collar Man (Long Nights),48C75C9CBB39DC3B4177775876A23DE9ACD2F14858
[Rocksmith 2014 Edition],2016/08/16,30,2.99,4,The Neighbourhood - Sweater Weather,0A95F89EBA46AF8F507A915E0D01C7533BD51ACE58
[Rocksmith 2014 Edition],2016/01/26,30,2.99,5,38 Special - Hold On Loosely,B3365E7F45E1CA99E481FF1A91010FBD8C37385558
[Rocksmith 2014 Edition],2016/03/22,30,2.99,3,Imagine Dragons - Demons,4224D53432ECCE1122475A50C5EA39D90F30F7FA58
[Rocksmith 2014 Edition],2016/01/05,30,2.99,5,Semisonic - Closing Time,756A64B4EE13814838E39309EAF63ED610D6855E58
[Rocksmith 2014 Edition],2016/02/16,30,2.99,4,Loverboy - Working for the Weekend,300EA7F4EA2B37185D6AFC603A4B56605628D17258
[Rocksmith 2014 Edition],2016/09/06,30,2.99,5,Staind - So Far Away,177E9E761014414328EFA549C48145152BED703B58
[Rocksmith 2014 Edition],2016/08/02,30,2.99,5,"Joe Satriani - Always with Me, Always with You",340B21A493C2C7F6422B9611E5325566573BFCEE58
[Rocksmith 2014 Edition],2015/09/08,30,2.99,5,The All-American Rejects - Move Along,F884493C4E895A04C9B291B90BACDC8A233EE8E658
[Rocksmith 2014 Edition],2015/09/22,30,2.99,5,Breaking Benjamin - So Cold,A0AB88A8D387CEE09C8020A8CF51EDB791DF7F5458
[Rocksmith 2014 Edition],2016/08/30,30,2.99,3,The Clash - I Fought the Law,BF368420820BE827BE62E50CC6053A926CF6E02758
[Rocksmith 2014 Edition],2016/03/15,30,2.99,6,Collective Soul - Shine,419A71C4623D10382660D9A3AAF5FCAD7AB3E93558
[Rocksmith 2014 Edition],2016/08/02,30,2.99,4,The Fratellis - Chelsea Dagger,8A5521710F93A7C437E34D738412BB5F0C6E591258
[Rocksmith 2014 Edition],2015/02/03,30,2.99,6,Tesla - Love Song,344CDDCC4AE81FF1456F2925D8BA2A9F46DD248C58
[Rocksmith 2014 Edition],2016/06/14,30,2.99,4,Queen and David Bowie - Under Pressure,82FACD1E7EE5DE66B5EE62D49AE7775A2D1D143058
[Rocksmith 2014 Edition],2013/11/19,30,7.99,13,Green Day Song Pack,C62BA62EB33346C835436FEDB16A85B4D3AB873F58
[Rocksmith 2014 Edition],2016/03/29,30,2.99,5,Hoobastank - The Reason,A1616441A7C4EF13BB938A41321D2AF8994BC15658
[Rocksmith 2014 Edition],2016/09/13,30,2.99,5,"A Day To Remember - I'm Made of Wax, Larry, What Are You Made Of?",E361DD584E472EEC2105C162B43ABDEB3AFD878F58
[Rocksmith 2014 Edition],2015/09/08,30,2.99,4,The All-American Rejects - Dirty Little Secret,47DDFC17056857C866A3C139E78CD88B76EC5F0458
[Rocksmith 2014 Edition],2016/08/23,30,2.99,4,Rush - Fly By Night,855127B31DFC99C452AF13065F1EA47673CFBA7358
[Rocksmith 2014 Edition],2015/08/18,30,2.99,4,Jet - Are You Gonna Be My Girl,956EEA1957EC2002610B6C46762F7E14301C475358
[Rocksmith 2014 Edition],2015/06/16,30,2.99,6,Free - All Right Now,FDBC12F49180ED515D9F80451FDCB738C60917FD58
[Rocksmith 2014 Edition],2016/08/09,30,2.99,5,Bad Religion - Infected,685D2F1619C6B824DFC9159BD3D9988E0911052758
[Rocksmith 2014 Edition],2016/05/31,30,2.99,4,Reel Big Fish - Beer,806376176F5D1D35A1BDEC11CE5BE2B53FF8918758
[Rocksmith 2014 Edition],2015/11/03,30,9.99,21,Hit Singles Song Pack II,3685C6285D09A0EDE713ED75F173AAED9B49A7C258
[Rocksmith 2014 Edition],2016/09/13,30,2.99,4,Fleetwood Mac - Never Going Back Again,AF83817550EAAED039131B4493417640993A46DB58
[Rocksmith 2014 Edition],2016/06/07,30,2.99,4,Good Charlotte - The River,3B82754F9F335E7CF58AF20304EAD732E8E593C758
[Rocksmith 2014 Edition],2015/12/22,30,13.99,31,Stone Temple Pilots Song Pack,D9FD72A15AEBB8B46DE15F83F2B8ED5767DB239358
[Rocksmith 2014 Edition],2016/02/16,30,2.99,5,The Doobie Brothers - Long Train Runnin',FCBB3D760C5AABC1AEDAA1CC19BC6EF400C7F05958
[Rocksmith 2014 Edition],2016/09/20,30,2.99,4,"Misfits - Die, Die My Darling",C88078D6467A1275412BC3CEEF6A564B14843E0758
[Rocksmith 2014 Edition],2015/04/07,30,2.99,4,Bush - Glycerine,6BED37E1400A4CCB33568088FF3D4A1B306FA77F58
[Rocksmith 2014 Edition],2016/09/06,30,2.99,6,Staind - Outside,1C1D171CB71A29022D646F76FD7E80A1BBABEE2658
[Rocksmith 2014 Edition],2015/02/24,30,2.99,4,Papa Roach - Last Resort,A04FB4FC34E41F0C5D5DE90803867DC853A9A6B958
[Rocksmith 2014 Edition],2016/04/19,30,7.99,12,80s Mix Song Pack,00318FFECC77A74A41E98FBB94DD9C09ACA6615E58
[Rocksmith 2014 Edition],2016/01/26,30,7.99,15,38 Special Song Pack,B8820BDB14B2B70B72CD38AF6F34641705DA7F3F58
[Rocksmith 2014 Edition],2015/10/27,30,2.99,8,Oingo Boingo - Dead Man's Party,FB9E8DED3FBB36E92639F065D8ADD5ABBD9A0A2058
[Rocksmith 2014 Edition],2016/08/23,30,2.99,11,Rush - La Villa Strangiato,714B6548E70CEF78F74CC9C978C11A698027D01C58
[Rocksmith 2014 Edition],2016/07/12,30,2.99,3,Flyleaf - Fully Alive,84CF9F41CCF2E52B379617A9AEF5C11C37F2BCE758
[Rocksmith 2014 Edition],2015/07/21,30,2.99,7,Queensrÿche - Silent Lucidity,5BCE044C699318212FDA7609FB627E717245744158
[Rocksmith 2014 Edition],2016/05/10,30,2.99,5,Nazareth - Hair of the Dog,04BD4DD170C015D8EAB3C50148A647BA016634CA58
[Rocksmith 2014 Edition],2016/07/26,30,2.99,3,Pixies - Debaser,F55D472084FFB203ED4FA8489B09FA738D95A8F658
[Rocksmith 2014 Edition],2015/07/07,30,11.99,30,Volbeat Song Pack,CE937CE2E2767CDB9700DF552E9D42339F72113658
[Rocksmith 2014 Edition],2016/04/19,30,2.99,4,Judas Priest - Electric Eye,CC16E415DE1319946B397D4ED18507B125C774DE58
[Rocksmith 2014 Edition],2016/07/19,30,2.99,3,Jefferson Airplane - White Rabbit,DA3F17F643D6BDDA4B48E65777FC441BD36E63D358
[Rocksmith 2014 Edition],2015/12/08,30,2.99,4,Tenacious D - Master Exploder,144BF411E4309C524976920EC2AD3C872A70DE4758
[Rocksmith 2014 Edition],2016/06/28,30,2.99,5,Brooks & Dunn - Only in America,A74E78E2971D9D915A9F25963819C130D9FE00E658
[Rocksmith 2014 Edition],2015/05/26,30,2.99,7,Steve Vai - For the Love of God,5DEDC441CE4E487187B88F847D80C8506271926D58
[Rocksmith 2014 Edition],2015/08/11,30,2.99,7,Social Distortion - Story of My Life,EB17C9D701CCCD7E60FEEC1AB503FF1F843A0C7458
[Rocksmith 2014 Edition],2015/05/12,30,2.99,5,All That Remains - This Calling,7C47FC55F40B7657C69E85A62AA856AEDEC45F8558
[Rocksmith 2014 Edition],2015/08/11,30,9.99,23,Social Distortion Song Pack,4DC9F954E6312601FA6D33515A4B8BA241C346E058
[Rocksmith 2014 Edition],2015/11/24,30,2.99,3,The Black Keys - Thickfreakness,8D72A2658B8628B3ED5D123AFAC4718839755E2258
[Rocksmith 2014 Edition],2016/06/14,30,2.99,4,Kenny Rogers - The Gambler,33F528FCE1830A5FCC40CB42743614DF465F01EB58
[Rocksmith 2014 Edition],2015/06/30,30,2.99,3,Willie Nelson - On the Road Again,5B3270D53EA68EB44A8A408CB9AA5746958B19E958
[Rocksmith 2014 Edition],2015/07/21,30,11.99,25,Regal Singles Song Pack,28AAECB77D66E723FC0ACE104B303D0A363FA56C58
[Rocksmith 2014 Edition],2016/03/22,30,2.99,4,Imagine Dragons - Radioactive,2684BB04A3EE1BD9E08DAF27EBE1910D24DC2FA058
[Rocksmith 2014 Edition],2015/11/10,30,2.99,3,Rancid - Time Bomb,BDD4D9A80AF876EB285F895C8670007EE57E46CD58
[Rocksmith 2014 Edition],2015/06/23,30,2.99,4,Primus - Jerry Was a Race Car Driver,C4B8485C4FF7427708C033CF2B9931B63EA311AE58
[Rocksmith 2014 Edition],2015/04/28,30,7.99,14,Dethklok Song Pack,C0AC3E1A99952F75C6B60A99DE0E3CEF911ADE1558
[Rocksmith 2014 Edition],2015/01/13,30,11.99,28,Soundgarden Song Pack,10E88511D03BACF14A00148AB4D31C931C60751958
[Rocksmith 2014 Edition],2015/03/03,30,2.99,4,The Cars - Good Times Roll,E1F0DB7ACD326E4A7777413173013B59C6BB6A8E58
[Rocksmith 2014 Edition],2015/09/15,30,7.99,15,The Doors Song Pack II,68411599AA5E449F695D6886CDAF5FAAE05434B458
[Rocksmith 2014 Edition],2016/03/08,30,2.99,3,The Runaways - Cherry Bomb,6A09A7C77D813998588756E6007D15A31061EA5C58
[Rocksmith 2014 Edition],2015/07/21,30,2.99,3,The Subways - Rock and Roll Queen,0ABA684A8832A0D4535046519E090EC4A7E4F7D058
[Rocksmith 2014 Edition],2016/02/23,30,2.99,5,My Chemical Romance - Famous Last Words,1B09623D7AD14D9F2A3F1BBE7A68D417242EE8B558
[Rocksmith 2014 Edition],2016/04/26,30,2.99,4,Crobot - Legend of the Spaceborne Killer,E11C010C172136CABC09E1ABF75A855F04026A0958
[Rocksmith 2014 Edition],2015/12/08,30,2.99,4,Tenacious D - The Metal,29B4E25863D24CC9C91556A7C0C761C294C3DB0758
[Rocksmith 2014 Edition],2015/06/16,30,2.99,6,Tesla - Modern Day Cowboy,902F8D4F5CFFC997E35463D41CA8080D6CA10B5358
[Rocksmith 2014 Edition],2016/07/26,30,2.99,3,Pixies - Wave of Mutilation,36118BE2052CFC4D908ADEB0EDEB17875BA1A60658
[Rocksmith 2014 Edition],2016/05/10,30,2.99,6,Arch Enemy - Nemesis,B98AA3EBBB9CBCCE293E705DF9DDB9903A5BA50858
[Rocksmith 2014 Edition],2015/07/14,30,2.99,6,Lynyrd Skynyrd - Call Me the Breeze,D8DBE0D4D14343C9A4F6BC3AC1A18EBC035BF64258
[Rocksmith 2014 Edition],2015/05/26,30,2.99,5,Bill Withers - Lovely Day,2D67F45A355F57C51D4964861FB443D7408E4F4A58
[Rocksmith 2014 Edition],2015/01/13,30,2.99,6,Soundgarden - Black Hole Sun,796959F82E9E713F0FCF1C4A288EC5165DDD3A0A58
[Rocksmith 2014 Edition],2015/02/10,30,2.99,4,Seether - Remedy,798ABA8DFF4D8D18D0241F347BB06879DCA4B1AF58
[Rocksmith 2014 Edition],2015/04/21,30,2.99,3,Lit - My Own Worst Enemy,1E43B2B3589790E789F47C678E3DBE88CD5A500B58
[Rocksmith 2014 Edition],2015/03/24,30,2.99,5,Anthrax - Madhouse,7B417497647F75AC845DDAA4C1B075938395147958
[Rocksmith 2014 Edition],2016/04/12,30,2.99,5,Disturbed - Stricken,77CDA3B6A2A5A8A14E3A5D5426E19987A7B22ABA58
[Rocksmith 2014 Edition],2015/02/10,30,7.99,13,Seether Song Pack,775D7CDAA2EDA6834330DF63C1224449DE247E9E58
[Rocksmith 2014 Edition],2015/12/22,30,2.99,5,Stone Temple Pilots - Big Empty,48C0518A2B634292B547B3ED9E27E65E282AF02458
[Rocksmith 2014 Edition],2016/07/05,30,7.99,18,2000s Mix Song Pack,01A77546F8E3FA6E399E471D67F6ACED0A5304ED58
[Rocksmith 2014 Edition],2015/09/22,30,7.99,13,Breaking Benjamin Song Pack,1B95EAB3E2B173B179A8EF746C146A43346D86CA58
[Rocksmith 2014 Edition],2015/09/15,30,2.99,3,The Doors - Break On Through (To the Other Side),13372E3EC9767ABD9DCDF1E5E34A85D1ACFBEB7C58
[Rocksmith 2014 Edition],2015/03/24,30,9.99,22,Anthrax Song Pack,231326067CBA7D53CF5E22DF4581FA701D05176F58
[Rocksmith 2014 Edition],2015/02/17,30,2.99,7,Jane's Addiction - Jane Says,F29101989F46F1F73DAE348BA780CC525F29848F58
[Rocksmith 2014 Edition],2016/07/26,30,9.99,14,Pixies Song Pack,FD5B1EFE1F1453C89D60FCB432525323E422861458
[Rocksmith 2014 Edition],2015/12/15,30,2.99,5,Mötley Crüe - Dr. Feelgood,7DDA96C85BA4A80D74A93BB6D2182973429B18FA58
[Rocksmith 2014 Edition],2015/10/27,30,9.99,26,Spooktacular Singles Song Pack,9451773FEE84ADCA39821221ED6972971D3C59DB58
[Rocksmith 2014 Edition],2015/03/03,30,2.99,5,The Cars - You're All I've Got Tonight,0751DF63B1DD2913FA3E903DD97FA9685B9C69F058
[Rocksmith 2014 Edition],2016/01/19,30,2.99,5,Megadeth - A Tout le Monde,4CD3BA27055E12C1199BE446B70A2E9D5141530358
[Rocksmith 2014 Edition],2016/04/12,30,2.99,5,Disturbed - Inside the Fire,DD18C71DFD2E53D67AFF72CA9E00590397911AEE58
[Rocksmith 2014 Edition],2015/05/05,30,2.99,4,Howlin' Wolf - Spoonful,7FECF646EBE606CEC16F6DE40D65CC065AC9801358
[Rocksmith 2014 Edition],2016/04/19,30,2.99,3,Devo - Girl U Want,45E1DC2F275730D11DAF39A9E704CBE1C3758A8A58
[Rocksmith 2014 Edition],2015/06/23,30,7.99,15,Primus Song Pack,A10EEEAD1F563F64CCD123F67AE504590D5DB81958
[Rocksmith 2014 Edition],2016/06/14,30,2.99,4,Eagle-Eye Cherry - Save Tonight,33BB5F119A060DFE9AFC27A384911E4686F3852858
[Rocksmith 2014 Edition],2016/08/23,30,2.99,8,Rush - Working Man,D962092D11D542051E04873A6498251341462CAF58
[Rocksmith 2014 Edition],2015/07/28,30,2.99,5,Faith No More - Epic,BD82E74BC46F159CB042527924A9D05F414C835658
[Rocksmith 2014 Edition],2015/06/02,30,11.99,26,Queens of the Stone Age Song Pack,69209FC802B8C00A24A156D725972B0E2A52779458
[Rocksmith 2014 Edition],2016/01/05,30,9.99,18,Hit Singles Song Pack III,4400E8538CC8DA7B28FCCD45175B9DC6E571C0DA58
[Rocksmith 2014 Edition],2015/10/20,30,2.99,3,"All Time Low - Dear Maria, Count Me In",68CBDB8A6E881C5DA0C0DE28596D5281868DD62358
[Rocksmith 2014 Edition],2016/05/03,30,2.99,5,Rise Against - Help Is on the Way,0B3208C25DA068EEDABF7B4288E24734DB3E02C358
[Rocksmith 2014 Edition],2015/09/08,30,2.99,4,The All-American Rejects - Gives You Hell,D53F1A8B5CF34E3C698C8E92A4BB614A2B6FA2AF58
[Rocksmith 2014 Edition],2016/05/17,30,2.99,7,Queensrÿche - Eyes of a Stranger,DD4BBAF6F60B0249737CC49CABC6766DB771E1EC58
[Rocksmith 2014 Edition],2015/11/10,30,2.99,2,Rancid - Maxwell Murder,B236BCE95CF24CB2294335CCB1E8CC85B288D7B158
[Rocksmith 2014 Edition],2016/01/19,30,2.99,5,Megadeth - Peace Sells,213E081749F09B786BBACC0F8EF0263E79B7C45E58
[Rocksmith 2014 Edition],2016/01/19,30,2.99,8,Megadeth - Holy Wars... The Punishment Due,0E7CD2DA6DD0CE0AFCE62A1E56D76C273C2BFB5258
[Rocksmith 2014 Edition],2015/03/17,30,2.99,6,The Cranberries - Zombie,C58D52E0726DE32629E032CA68592613E396CD6E58
[Rocksmith 2014 Edition],2016/03/29,30,2.99,4,The Cars - My Best Friend's Girl,5817F13A5A5C3979B82BA94EC4861DEEC8B89E8958
[Rocksmith 2014 Edition],2015/11/03,30,2.99,5,Foghat - Slow Ride,E6A1192B57DA79FF63EE4A8D09816A9F1A6A111258
[Rocksmith 2014 Edition],2015/11/24,30,2.99,5,The Black Keys - Howlin' for You,EE329BE302C2B06E50CC18A6A29FE65FCEAC873558
[Rocksmith 2014 Edition],2015/07/07,30,2.99,6,Volbeat - Lola Montez,DE4714C22A1003B34705E8C6BE3FD981AF00D2D458
[Rocksmith 2014 Edition],2015/04/07,30,9.99,20,Bush Song Pack,FC75148727BBAF4EF685513BFB798B2AAEB94BED58
[Rocksmith 2014 Edition],2016/01/19,30,2.99,7,Megadeth - Tornado of Souls,3611F9CC71D54C8958EAC8969833E20424E80A8858
[Rocksmith 2014 Edition],2016/04/12,30,2.99,4,Disturbed - Ten Thousand Fists,368A8A29D48A9184563652BC69BA6F5D3F52B10658
[Rocksmith 2014 Edition],2016/08/09,30,2.99,4,Bad Religion - Sorrow,5145C2556A6D1B363CDCDDAFEA33793FB103350558
[Rocksmith 2014 Edition],2016/06/07,30,2.99,4,Good Charlotte - The Anthem,3D12C493E119D25314A5336B7F237D8198FA36C858
[Rocksmith 2014 Edition],2016/05/24,30,2.99,5,Chevelle - The Red,FA3F968C2185E96C35F66BD06B00784FC306F36358
[Rocksmith 2014 Edition],2014/12/16,30,2.99,7,Jimi Hendrix - Voodoo Child (Slight Return),B5B9D9B13D202E265796A593ECE0BC0DFFF5C26E58
[Rocksmith 2014 Edition],2015/06/16,30,2.99,6,Accept - Balls to the Wall,0F577E4D354832735B5B2D028B23D544F5B0CCD758
[Rocksmith 2014 Edition],2015/10/06,30,7.99,19,Blues Rock Song Pack,46E61A4930A197698346ACB62A3EBA2D12BA505C58
[Rocksmith 2014 Edition],2015/12/01,30,2.99,4,Band of Merrymakers - Joy to the World,58CA8DD512CC55DEBF7608EDD66C1FBFF5CCDAE558
[Rocksmith 2014 Edition],2015/09/29,30,2.99,6,"Brand New - Okay I Believe You, But My Tommy Gun Don't",07E95DC3E6E28F6C355845CEEF1476D740D2FE6958
[Rocksmith 2014 Edition],2016/01/12,30,2.99,5,Thirty Seconds to Mars - Closer to the Edge,152DD9CF35E4537EFEF3C53A88D70C9EB2862D9858
[Rocksmith 2014 Edition],2016/07/05,30,2.99,5,Against Me! - Thrash Unreal,822907147F517B0FDBED1B8679C533EB9927559658
[Rocksmith 2014 Edition],2015/01/13,30,2.99,5,Soundgarden - Fell on Black Days,703FC25A0ABC9FBE07C2894DC18B3B99B5BC6DB958
[Rocksmith 2014 Edition],2016/05/03,30,2.99,5,Rise Against - Audience of One,37085E61596DC44C116C6683367A50DE6AE01CFC58
[Rocksmith 2014 Edition],2015/04/28,30,2.99,5,Dethklok - Awaken,DDE9601FCC3411FFD026DD3CCEFF6AB7D2CAE06D58
[Rocksmith 2014 Edition],2015/07/14,30,7.99,20,Lynyrd Skynyrd Song Pack,0DA381902FE1AF2DD45074798411409AF9B956DC58
[Rocksmith 2014 Edition],2015/02/17,30,2.99,5,Jane's Addiction - Been Caught Stealing,2B64FC365F849DB54A68F823BC8E5D91833895C958
[Rocksmith 2014 Edition],2016/04/26,30,7.99,12,Crobot Song Pack,378693331371BA13AF05DB6F70D4E17613E5B89058
[Rocksmith 2014 Edition],2015/04/21,30,2.99,4,Fuel - Hemorrhage (In My Hands),FEF22D463DE2A122207C024EB16BC8B6FD7F9E3A58
[Rocksmith 2014 Edition],2015/06/30,30,7.99,9,Classic Country Song Pack,0370368FE9A6795E08E8EF2ABC420797A1754CD958
[Rocksmith 2014 Edition],2015/05/05,30,2.99,3,John Lee Hooker - Boom Boom,27B7736900BC0DBEB73820E2BB7A94E8E6B0624158
[Rocksmith 2014 Edition],2015/03/03,30,2.99,5,The Cars - Bye Bye Love,50B689B1F423C5684F5F3D5E082A63D5F0ED2E1A58
[Rocksmith 2014 Edition],2015/09/01,30,2.99,4,"Earth, Wind & Fire - Shining Star",A80CCD5BC6CCA4072DEABE37FAE7A4345F28449B58
[Rocksmith 2014 Edition],2016/03/29,30,2.99,4,Edgar Winter - Free Ride,D102398F595D3D61240C83135B962508D866022158
[Rocksmith 2014 Edition],2016/04/26,30,2.99,4,Crobot - Nowhere to Hide,93EDC84FDD24286A7F16F3917BAC545086ED42B958
[Rocksmith 2014 Edition],2015/12/01,30,2.99,4,Skillet - Monster,3236D61124D4859AC81DE4CC33C0A0674C925BB058
[Rocksmith 2014 Edition],2016/06/14,30,9.99,16,Variety Song Pack II,72B50816DBDFD16A2AD733B7420B7C51F6D3876758
[Rocksmith 2014 Edition],2016/06/21,30,2.99,4,Incubus - Pardon Me,261720EA4C94C4679A1197C12A8ABF856443675458
[Rocksmith 2014 Edition],2015/05/12,30,2.99,4,All That Remains - Six,407C5194873CEAF376AE6A72D9FBE2F1B4D5D2C658
[Rocksmith 2014 Edition],2015/05/19,30,2.99,6,Slayer - Dead Skin Mask,06E1B64FBBE626C97A371F7C913CEA80D04C227658
[Rocksmith 2014 Edition],2016/02/23,30,2.99,4,My Chemical Romance - Dead!,17D945D604FF9ED34EF28C61D6FB2C67B43E184558
[Rocksmith 2014 Edition],2015/05/19,30,2.99,4,Slayer - Raining Blood,68DF5662AA7C516368EA2E7E9A1D71034198BDB858
[Rocksmith 2014 Edition],2015/12/08,30,2.99,5,Tenacious D - Tribute,EB4C3AF24BEE19E5018368BEBA1413DF656CC01B58
[Rocksmith 2014 Edition],2015/07/14,30,2.99,9,Lynyrd Skynyrd - Tuesday's Gone,6692A400A24F6B0AFF22A3785E578E08AEB8D1C858
[Rocksmith 2014 Edition],2015/11/24,30,2.99,5,The Black Keys - Little Black Submarines,07A3114C81D963ABB518E69D5DB7B609559F620558
[Rocksmith 2014 Edition],2015/04/21,30,2.99,5,Stone Sour - Through Glass,B93B458685C13484E1BE38E2ACA66ACB7B5F96BB58
[Rocksmith 2014 Edition],2015/04/21,30,11.99,22,Alt-Rock Song Pack,0821DD81596D488CF79459DE5B10A8975BAE125258
[Rocksmith 2014 Edition],2015/04/28,30,2.99,5,Dethklok - Go Into the Water,7997566A84E5F2CB47FC2FE9B8F8DE405583636658
[Rocksmith 2014 Edition],2015/09/22,30,2.99,4,Breaking Benjamin - Polyamorous,AF40C678D164106DDA5836115F8E2BC7036F9E8558
[Rocksmith 2014 Edition],2015/03/31,30,11.99,18,Spinal Tap Song Pack,9946C6A24BB8289FE6CB001C54D6861EA287952B58
[Rocksmith 2014 Edition],2015/06/23,30,2.99,6,Primus - Tommy the Cat,EA24886BDF5F87BB5C34915BF320FDACB708349A58
[Rocksmith 2014 Edition],2015/02/24,30,2.99,4,Papa Roach - Scars,8C370FE4D9A3657E7800238ACF35E581C51E97BC58
[Rocksmith 2014 Edition],2016/08/16,30,7.99,13,2010s Mix Song Pack,B011FC5ABF1642818DEB59E42814622C0EC57A5258
[Rocksmith 2014 Edition],2015/10/13,30,2.99,4,Kiss - God of Thunder,EF8D7FEFEFE66BE54ACF4BAA7B33E06F95C73DC658
[Rocksmith 2014 Edition],2015/01/13,30,2.99,5,Soundgarden - Pretty Noose,3510ABC77D8AE7A1672F39C83008A393E2FDA8EE58
[Rocksmith 2014 Edition],2015/08/18,30,2.99,4,Fleetwood Mac - Go Your Own Way,67EB88C9A625EF932EF981C98415676B89BEFD5158
[Rocksmith 2014 Edition],2015/06/16,30,9.99,24,Player Picks Song Pack,5751672D98FC96A0C1121BB614E307F7E47AF79C58
[Rocksmith 2014 Edition],2016/05/10,30,9.99,19,Variety Song Pack I,05B50D9CA40FA16C55A061BACC57CE3DFADF1EA358
[Rocksmith 2014 Edition],2015/09/15,30,2.99,8,The Doors - L.A. Woman,5A7445583959AC59D6BC3FC43C3AA9944FE4950D58
[Rocksmith 2014 Edition],2016/08/30,30,2.99,5,George Baker Selection - Little Green Bag,BE050D169F5672A286CC8CC652DB613A5A3FD83058
[Rocksmith 2014 Edition],2015/05/05,30,2.99,4,"Bobby ""Blue"" Bland - Ain't No Love in the Heart of the City",99FDC33BAFFCEA145D0DDA0F9480A86D715C45EA58
[Rocksmith 2014 Edition],2015/03/24,30,2.99,3,Anthrax - Got the Time,E5B4CF6FAD04FC1F0F83E6CBA7EE4461AA2DD7BB58
[Rocksmith 2014 Edition],2015/07/28,30,2.99,5,Faith No More - Falling to Pieces,2C4D33EAB2E3D85C6F435ED347370CF9E192899A58
[Rocksmith 2014 Edition],2015/07/14,30,2.99,5,Lynyrd Skynyrd - Gimme Three Steps,901FA90DEDF98155EB4E0F7A34EB661114AE92E858
[Rocksmith 2014 Edition],2016/08/09,30,2.99,4,Bad Religion - 21st Century (Digital Boy),3A8D4913671213F5A9757D05BA268F93B8503FA658
[Rocksmith 2014 Edition],2015/12/01,30,2.99,4,Skillet - Hero,3B23DFA5EC0F395B0D61C93647881158C1FEBD2558
[Rocksmith 2014 Edition],2015/05/19,30,2.99,7,Slayer - Seasons in the Abyss,B05C083BECE45B73E8AEB62B2A83362CA9D0FF3F58
[Rocksmith 2014 Edition],2015/06/02,30,2.99,7,Queens of the Stone Age - I Appear Missing,56FC8A3CE758280847A890F6FCD4CAF30841C19C58
[Rocksmith 2014 Edition],2015/08/25,30,2.99,6,The Stone Roses - Love Spreads,048A38DEA4D453D9E129702C2E09923497E5471D58
[Rocksmith 2014 Edition],2015/03/03,30,2.99,5,The Cars - Just What I Needed,38D585C9AAD489D6100AE97F50FC3DE441AE589758
[Rocksmith 2014 Edition],2015/06/02,30,2.99,4,Queens of the Stone Age - 3's & 7's,73564A1928ECC88C430D4806695B16A1663177F858
[Rocksmith 2014 Edition],2015/09/29,30,7.99,14,Brand New Song Pack,C8EEAB8626D0F12B9CD2B58F9FAA2050096E053C58
[Rocksmith 2014 Edition],2015/06/02,30,2.99,5,Queens of the Stone Age - No One Knows,16FB6F175AB38A3DDAD74241BB1E92FA0727454558
[Rocksmith 2014 Edition],2016/04/12,30,2.99,6,Disturbed - Indestructible,04C70E78C2C18064F5B64496F388E7E74618B5EB58
[Rocksmith 2014 Edition],2015/08/04,30,2.99,2,Bill Haley & His Comets - Rock Around the Clock,5398167188C6A9DD0B6FF441BD5393CB25FFF3AF58
[Rocksmith 2014 Edition],2016/04/19,30,2.99,4,Extreme - Play With Me,30E32A7B6F6FCAE70B4D94908C4352176D6ABE3658
[Rocksmith 2014 Edition],2016/02/02,30,11.99,17,The Offspring Song Pack II,C3B7798C0A9BC0869036012A6DCDF64E4933EEF358
[Rocksmith 2014 Edition],2015/10/06,30,2.99,4,Philip Sayce - Out of My Mind,A8F5AB4B9A3DCEEC6BB7255BEF10C17530222EA458
[Rocksmith 2014 Edition],2015/11/10,30,9.99,13,Rancid Song Pack,951C4EE407F5097F858913B26EE16D1182760A3058
[Rocksmith 2014 Edition],2016/04/05,30,2.99,6,Black Label Society - Suicide Messiah,3954AFD06E7786B1389973B88B438FB7E3AA81D358
[Rocksmith 2014 Edition],2016/04/05,30,2.99,7,Black Label Society - Overlord,6244BB7935562AF1986D2B81997FC47DC2C2AE4158
[Rocksmith 2014 Edition],2015/06/09,30,2.99,4,Ricky Nelson - Hello Mary Lou (Goodbye Heart),ED929F7CD0F9BFBE1D3591BAF4613D618AA9C1ED58
[Rocksmith 2014 Edition],2016/02/23,30,2.99,4,My Chemical Romance - I'm Not Okay (I Promise),20FBD0934CDE705D65BD1CA2B27FF9E06759E13058
[Rocksmith 2014 Edition],2015/12/15,30,2.99,5,Mötley Crüe - Kickstart My Heart,022BA4F2A68D80DF6DE7DFD2D5EE63E555727BAD58
[Rocksmith 2014 Edition],2015/02/03,30,2.99,6,Cinderella - Don't Know What You Got,CD9634FF0AE45F9E5FB12D39F827B4812AAF623058
[Rocksmith 2014 Edition],2015/03/31,30,2.99,3,Spinal Tap - Gimme Some Money,B63AFDF6CF065A114EA21184DAF6B911EBABD12B58
[Rocksmith 2014 Edition],2016/07/05,30,2.99,4,Panic! at the Disco - Nine in the Afternoon,3C29CADD03204BF0DE934288939EDABB5A0A230258
[Rocksmith 2014 Edition],2016/03/29,30,2.99,2,Eddie Cochran - Summertime Blues,C52AAE92C9B3F5357BE3091F9C13209E7F8FFA3E58
[Rocksmith 2014 Edition],2015/03/17,30,2.99,3,Stiff Little Fingers - Alternative Ulster,AAEDC99EBEBB1FDCDB97048692F4F28A3DDB009A58
[Rocksmith 2014 Edition],2016/03/15,30,2.99,3,Collective Soul - Gel,37549A16195368D1A493E7E5B4043FFDB1305FD358
[Rocksmith 2014 Edition],2015/04/07,30,2.99,6,Bush - Comedown,64531CA781A8EE3403E42CBB6B63096B6C8AA83858
[Rocksmith 2014 Edition],2015/04/21,30,2.99,5,Dinosaur Jr. - Feel the Pain,9E1D2F6CCD36919711B561406FDA2DECCB2F478558
[Rocksmith 2014 Edition],2016/04/05,30,2.99,4,Black Label Society - Stillborn,2A4399A775118C5B929E8FEBA4C63577D32053B258
[Rocksmith 2014 Edition],2015/12/22,30,2.99,5,Stone Temple Pilots - Wicked Garden,5F8501DA65BE20C67895921DDCFBD460115E38B958
[Rocksmith 2014 Edition],2016/08/23,30,2.99,7,Rush - Freewill,ACCBA94AFA30D0EA806DF6D6B65F3B86660751BE58
[Rocksmith 2014 Edition],2015/01/13,30,2.99,7,Soundgarden - Jesus Christ Pose,861FDB73A223B6919E82C093CCB863960858E48258
[Rocksmith 2014 Edition],2015/05/12,30,7.99,14,All That Remains Song Pack,0FD3CAA92A0BBFEF4A753EB7AC05FBC820FA1E5F58
[Rocksmith 2014 Edition],2016/01/05,30,2.99,4,Asia - Heat of the Moment,7B9693C761E708F3E7E0566BA63510C07C0A01F858
[Rocksmith 2014 Edition],2016/03/15,30,2.99,5,Collective Soul - December,8ECCF43179DB03C06EE68FE7BE27A66E069CDC6558
[Rocksmith 2014 Edition],2016/03/08,30,2.99,3,Hole - Celebrity Skin,F3B731372EFAD9611796DC2EE4CF4B26F75B561F58
[Rocksmith 2014 Edition],2015/05/05,30,11.99,21,Blues Song Pack,3F890361007DC96D0820DE10E76674A6D41E05D358
[Rocksmith 2014 Edition],2015/06/02,30,2.99,4,Queens of the Stone Age - Little Sister,01539A1A7F4E01628C0994D94DB9977AAC5833B158
[Rocksmith 2014 Edition],2015/05/19,30,11.99,29,Slayer Song Pack,AE66885CF603BCF255494F74450DEA497EC5849E58
[Rocksmith 2014 Edition],2015/03/17,30,2.99,4,Villagers - Becoming a Jackal,D7AD81C99F9D185FB0FD3E2034BC8EDE950FEE9958
[Rocksmith 2014 Edition],2015/08/18,30,9.99,17,Hit Singles Song Pack,6A0D871A0B8825044557149C57DD3ACEEA388E5958
[Rocksmith 2014 Edition],2015/11/10,30,2.99,4,Rancid - Ruby Soho,59E15FD1C0515E068313C08ED1454CAA9216219E58
[Rocksmith 2014 Edition],2015/03/17,30,2.99,3,Dropkick Murphys - I'm Shipping Up to Boston,BB4F16BD78B3A769F7DDC9DC4E163EEF219905B458
[Rocksmith 2014 Edition],2015/04/07,30,2.99,5,Bush - Swallowed,CE62577D2D1BA7AA1D4F8329B41B0FE0EBF119DF58
[Rocksmith 2014 Edition],2016/05/03,30,2.99,4,Rise Against - Ready to Fall,8C0D0CD24A5D3126823DA953CFE1F0168E21F6FB58
[Rocksmith 2014 Edition],2015/06/16,30,2.99,6,The Edgar Winter Group - Frankenstein,8B13DA746A2628500CF17945E731233770FE2BB558
[Rocksmith 2014 Edition],2016/04/12,30,2.99,6,Disturbed - The Night,053D57ADB674EE20E8D86E8878E3439BDF77549258
[Rocksmith 2014 Edition],2015/03/17,30,11.99,21,Shamrock Song Pack,EE3395667B9E708C0A39CF53F126E18CDC8CA31158
[Rocksmith 2014 Edition],2016/02/16,30,9.99,17,Hit Singles Song Pack IV,50AE1CC83F1E73A291CE0598379DE82A732CF22858
[Rocksmith 2014 Edition],2015/10/13,30,2.99,4,Kiss - Strutter,7691FD945823C8D7F4F75CFAD502B5F5E95B53EA58
[Rocksmith 2014 Edition],2015/03/17,30,2.99,5,Flogging Molly - Drunken Lullabies,5FFDA8A77F479C339F92B3DBA39446F738F9485258
[Rocksmith 2014 Edition],2016/07/12,30,9.99,14,Flyleaf Song Pack,74B043463C913A7BDE772CE8EBABF3F74F1E7A1C58
[Rocksmith 2014 Edition],2015/03/10,30,2.99,6,Jeff Buckley - Grace,24199B14AA9DB698EB2D37882993E5B7292AB30858
[Rocksmith 2014 Edition],2015/04/14,30,2.99,5,Thin Lizzy - The Boys Are Back in Town,80FE5A53CED035511981BB3C54DE6186C488EA2458
[Rocksmith 2014 Edition],2015/03/31,30,2.99,3,Spinal Tap - Sex Farm,8473BE9141237E040BF4DDF3422CC5085B2D936458
[Rocksmith 2014 Edition],2016/02/02,30,2.99,3,The Offspring - All I Want,ED1D8F3641A9FB47BA7A22CCDB4E0B6FAFFF66EB58
[Rocksmith 2014 Edition],2015/07/28,30,2.99,4,Faith No More - Midlife Crisis,4223A6292AC16F3C3F5B0935C9A7F2E89620C05958
[Rocksmith 2014 Edition],2015/11/10,30,2.99,4,Rancid - Fall Back Down,64F1264EBD3DE49FA9D76674202B610501BE8DF258
[Rocksmith 2014 Edition],2016/06/28,30,2.99,3,Boston - The Star Spangled Banner / 4th of July Reprise,46FE9C3CCFAA182534797441DFBE4FBF0BA60C8458
[Rocksmith 2014 Edition],2016/05/17,30,2.99,5,Queensrÿche - I Don't Believe in Love,9DC842FB77E86F46376D34F5B540B9524C30BBEC58
[Rocksmith 2014 Edition],2016/01/12,30,2.99,6,Thirty Seconds to Mars - Kings and Queens,0D107B59748F284E7BE5F5147FCC1EBA29078B4F58
[Rocksmith 2014 Edition],2015/01/27,30,2.99,4,Three Days Grace - Animal I Have Become,F0C7F770FDF660D52D841215E2299CF68A48900258
[Rocksmith 2014 Edition],2015/05/26,30,2.99,5,The Cure - Friday I'm in Love,58B6952D9D7DD598F15AAEEA1023AC64AA486CCD58
[Rocksmith 2014 Edition],2015/06/30,30,2.99,3,Roger Miller - King of the Road,B23B132E3541BA558AF91D0098AAF3B60FE95CD958
[Rocksmith 2014 Edition],2016/03/15,30,2.99,5,Collective Soul - The World I Know,5E6A12C4505FFEAB54A0FF41A073F6E96B2E2FBC58
[Rocksmith 2014 Edition],2016/06/07,30,2.99,3,Good Charlotte - I Just Wanna Live,0D98DB111010BB3C8D051B5C714F362AAC9E212B58
[Rocksmith 2014 Edition],2016/01/19,30,2.99,5,Megadeth - Trust,07A1EDE343B6B732BAAB0813E78D1256C8E0F4D358
[Rocksmith 2014 Edition],2015/02/03,30,2.99,5,Boston - Amanda,0B0A5E56FB6FEDD454951E6A66CFEE00C6A4229958
[Rocksmith 2014 Edition],2016/01/05,30,2.99,6,Wild Cherry - Play That Funky Music,9715D5C0DDA445C369B2EB2A3D711E109F839D1058
[Rocksmith 2014 Edition],2015/09/15,30,2.99,3,The Doors - People Are Strange,01C7766585987EC82D56B60187CC02DB6C269B6A58
[Rocksmith 2014 Edition],2016/08/09,30,9.99,16,Bad Religion Song Pack,212C541B2F8DEE23EE40986C0C3A286EA50A2F3858
[Rocksmith 2014 Edition],2015/09/22,30,2.99,4,Breaking Benjamin - Blow Me Away (ft. Valora),4A88FBE6D03B8DC074A50F0B8C54DA92F873ED1758
[Rocksmith 2014 Edition],2015/12/22,30,2.99,4,Stone Temple Pilots - Interstate Love Song,9BD53D0FCCB7D2BAF3C695287BC1B6172994EEDE58
[Rocksmith 2014 Edition],2015/02/17,30,2.99,4,Jane's Addiction - Just Because,E09F400437185BEC6E708F6F798A77DC22B0E0A558
[Rocksmith 2014 Edition],2016/05/17,30,2.99,6,Queensrÿche - Jet City Woman,62969CF344258BC67D87B2B9870BD25A646F78E158
[Rocksmith 2014 Edition],2015/10/27,30,2.99,9,Focus - Hocus Pocus,79EEE4CB9A426BD6AD25393F7EF5D80E7A7720A358
[Rocksmith 2014 Edition],2015/04/14,30,2.99,5,Thin Lizzy - Jailbreak,5594097930A4F75A0B5BF1BC7CBF2BA25D54A1B758
[Rocksmith 2014 Edition],2016/05/03,30,2.99,4,Rise Against - Paper Wings,6A2F64A277E840023586A08BE2E38156F1C51E7E58
[Rocksmith 2014 Edition],2016/01/05,30,2.99,3,Wolfmother - Woman,9554D94E59CFDE5CA323AF0AA534CE8B8297831E58
[Rocksmith 2014 Edition],2015/12/08,30,7.99,12,Tenacious D Song Pack,F6DAD42E60B24946D3E0051CFFC9064F45F4FF8D58
[Rocksmith 2014 Edition],2015/08/18,30,2.99,4,Def Leppard - Rock of Ages,4CBA72FD59598AB9AF7B8BA9144CBF2A383E0FB358
[Rocksmith 2014 Edition],2015/07/21,30,2.99,6,Toadies - Possum Kingdom,0AC85F4ADE3188806DC45770EF6428EC59DD96AE58
[Rocksmith 2014 Edition],2015/06/30,30,2.99,3,Hank Williams - I'm So Lonesome I Could Cry,AB4DC3965460C9E5E4912248D2D973FA8CD4F9FD58
[Rocksmith 2014 Edition],2015/06/02,30,2.99,5,Queens of the Stone Age - Make It Wit Chu,6B5E3560DEFE7B01C800F0239E55E4D6A9D4873458
[Rocksmith 2014 Edition],2016/03/08,30,2.99,4,The Pretty Reckless - Heaven Knows,ACC80769FF0EA57BB519228566F1F404DD2841AD58
[Rocksmith 2014 Edition],2016/01/26,30,2.99,4,38 Special - Rockin' into the Night,F5992DE5D0ECD5F18FCED67AACB7747153BE5D6458
[Rocksmith 2014 Edition],2015/12/22,30,2.99,5,Stone Temple Pilots - Sex Type Thing,3E4CD92B8D889B9B3416FA00DBF6B210F102872658
[Rocksmith 2014 Edition],2015/03/24,30,2.99,7,Anthrax - Caught in a Mosh,8F911A02EC7E911EAE4E1B70A6CAC2C7A27CE93658
[Rocksmith 2014 Edition],2015/11/24,30,2.99,3,The Black Keys - Your Touch,A73DF1E44999D3416D328D914B3DAD416F1AF95658
[Rocksmith 2014 Edition],2016/07/12,30,2.99,3,Flyleaf - Missing,9334994BAFD6E88590D9493A2D134DC8EC516E1558
[Rocksmith 2014 Edition],2015/11/03,30,2.99,6,Def Leppard - Hysteria,BBF247EEAFE603A9EB5FD636912B46328E96B6CD58
[Rocksmith 2014 Edition],2015/09/29,30,2.99,5,Brand New - The Quiet Things That No One Ever Knows,C8A7AEAD4D0DD32E6D5F7B544816786BAE0F218458
[Rocksmith 2014 Edition],2015/08/11,30,2.99,4,Social Distortion - Reach For the Sky,0CEE54031BE609515138DA0D2305177C38FC606A58
[Rocksmith 2014 Edition],2015/03/31,30,2.99,3,Spinal Tap - Tonight I'm Gonna Rock You Tonight,FA7522D0FC52D48FF95E5E150E09C0C0F5BE87AC58
[Rocksmith 2014 Edition],2015/01/27,30,2.99,4,Three Days Grace - Break,2E7C5E6785D0D72D1385C3CA6B623C65A641884858
[Rocksmith 2014 Edition],2016/01/12,30,11.99,26,Thirty Seconds to Mars Song Pack,DF5DD0810447EC6DE7C4733D18641B0AE63C80C358
[Rocksmith 2014 Edition],2016/02/02,30,2.99,4,The Offspring - Want You Bad,A9F8E1363230FBB15409380DE759FFE106B88EB858
[Rocksmith 2014 Edition],2015/03/31,30,2.99,5,Spinal Tap - Stonehenge,F07F5C1F4B0395FE54BE4FF923B363F6138F5EA558
[Rocksmith 2014 Edition],2015/07/28,30,11.99,23,Faith No More Song Pack,7FB0E5B8C84A11BBEDBE914D4A2C5F5782CEFA2658
[Rocksmith 2014 Edition],2015/05/05,30,2.99,7,Johnny Winter - Be Careful With a Fool,CFD8DFB41F2E22FD310CB9E0F1E6C2FACEC395F258
[Rocksmith 2014 Edition],2016/09/13,30,9.99,17,Variety Song Pack IV,374FC0E10DB5B91567EEF7338534F6AB386188E958
[Rocksmith 2014 Edition],2016/06/28,30,2.99,7,James Brown - Living in America,6F690B5EED4D172B45327FADE1DAE3777401F6F658
[Rocksmith 2014 Edition],2015/09/01,30,2.99,5,"Earth, Wind & Fire - September",15FD73A5E4A1FC7A3D9E0ACE9FAD03105BB3072F58
[Rocksmith 2014 Edition],2015/05/05,30,2.99,3,Freddie King - Hide Away,D8578EDCCD758023EC08C77C8E9B54B66093EDC458
[Rocksmith 2014 Edition],2015/06/09,30,11.99,16,Rockabilly Song Pack,011F5AD228BF30E088D4E66F4D077C6737A8F61758
[Rocksmith 2014 Edition],2016/05/03,30,2.99,4,Rise Against - Re-Education (Through Labor),A54C92B85EBBD3453A05803547C762CFA6FABCEB58
[Rocksmith 2014 Edition],2016/08/09,30,2.99,4,Bad Religion - American Jesus,9235992B6C2441775B54DB9CB7DB943382CE174458
[Rocksmith 2014 Edition],2015/07/07,30,2.99,7,Volbeat - Fallen,6CCAAEDA9A974128F3A23B9A1E166663A4298F6B58
[Rocksmith 2014 Edition],2015/11/03,30,2.99,6,Wolfmother - Joker and the Thief,199C70A7F83679813C4375A5D741E7FA1DEAFAB658
[Rocksmith 2014 Edition],2015/11/03,30,2.99,4,David Bowie - Ziggy Stardust,2B4EB1EB65A7D66AF603C6C37E936646CA23F84F58
[Rocksmith 2014 Edition],2016/06/28,30,9.99,24,Independence Day Song Pack,5FB668E30C37760F02CED0BFC0935A6597AB98AE58
[Rocksmith 2014 Edition],2016/02/09,30,2.99,4,Sixpence None the Richer - Kiss Me,43C0C9561EBF3003154469A446BAF8DD6406C59458
[Rocksmith 2014 Edition],2015/10/27,30,2.99,5,Motörhead - Killed By Death,2ADEC882BB255AC6EDE92236B033E15ED65B49BF58
[Rocksmith 2014 Edition],2016/05/10,30,2.99,5,Of Monsters and Men - Little Talks,B3A470BA7BB11E33B904C4015131DB61DDC253F958
[Rocksmith 2014 Edition],2015/04/07,30,2.99,5,Bush - Everything Zen,D81A85C31B0E21BC8EA07C50C99FA2997653A27C58
[Rocksmith 2014 Edition],2016/06/21,30,2.99,5,Incubus - Megalomaniac,0FFE829C77474BE70BE7607962DF6C9861D8D87D58
[Rocksmith 2014 Edition],2016/06/07,30,11.99,18,Good Charlotte Song Pack,07271FBD9691FDC3B403C8A2BF063544AC2B794658
[Rocksmith 2014 Edition],2015/04/14,30,2.99,4,Thin Lizzy - Dancing in the Moonlight,A58D19F6F0110DCA0561C0147F69F6A743F4337058
[Rocksmith 2014 Edition],2016/06/21,30,2.99,5,Incubus - Drive,4E76AF66F70D2AA3C8A31745322DE19160FB043A58
[Rocksmith 2014 Edition],2015/03/03,30,2.99,4,The Cars - Let's Go,48CC989E19A2BBC83F653CA38203227988160C3858
[Rocksmith 2014 Edition],2015/07/21,30,2.99,5,Stevie Wonder - Sir Duke,7E13003C34203A1E79FA7F6DB50A8A1117B68ED858
[Rocksmith 2014 Edition],2015/06/23,30,2.99,5,Rocksmith 2014 - Primus - Wynona's Big Brown Beaver,FBA1B73B9AD3D5EEC8EBAA86F206B0A83F766DB458
[Rocksmith 2014 Edition],2016/08/02,30,2.99,7,Pantera - 5 Minutes Alone,D859CE426D598A87D3EF776FD947FCCB68CF319658
[Rocksmith 2014 Edition],2015/08/11,30,2.99,7,Social Distortion - Ball and Chain,AFD35103AD8C02BB3F707EF1F1D56B70393DC64958
[Rocksmith 2014 Edition],2016/05/24,30,2.99,5,Chevelle - Hats Off to the Bull,9A788D12A009BE5D97BE363B76375BAC14AF54E558
[Rocksmith 2014 Edition],2015/12/15,30,2.99,5,"Mötley Crüe - Girls, Girls, Girls",B132045EFAC9C1E0847E23852CF2266998D4FCE058
[Rocksmith 2014 Edition],2015/09/29,30,2.99,4,Brand New - Sic Transit Gloria...Glory Fades,39BD9B0651CA567ECD54DC5C2476CA52E8EED79058
[Rocksmith 2014 Edition],2015/01/27,30,2.99,4,Three Days Grace - Just Like You,75A6BB64A9A6E2CE6C9BCE05BEE4326576350A9858
[Rocksmith 2014 Edition],2016/05/31,30,7.99,14,90s Mix Song Pack,15CA343FF8425FBFB9CC6B37E0E3922E44444E8F58
[Rocksmith 2014 Edition],2016/06/07,30,2.99,4,Good Charlotte - Lifestyles of the Rich and Famous,6FCDA2DC81F3962FE5766DA4F999C6266FE5C6AA58
[Rocksmith 2014 Edition],2016/08/23,30,2.99,3,Rush - Closer to the Heart,4A808111B927D4F647992096A50DD832A09A3D3158
[Rocksmith 2014 Edition],2015/01/20,30,2.99,4,Warrant - Cherry Pie,F8C4CCBAFAE321434702ACAE76F289B5081191DE58
[Rocksmith 2014 Edition],2016/02/09,30,9.99,19,Valentine's Day Song Pack,73E928F14DD3E678969F377E001BEF088BB45AA958
[Rocksmith 2014 Edition],2016/03/01,30,9.99,24,Rocksmith Goes to the Movies,FF6F25C21523043FD100868E9568121D817F46E658
[Rocksmith 2014 Edition],2015/06/09,30,2.99,2,Carl Perkins - Blue Suede Shoes,81801F83323F464B69CDAB2C8C75151F33BD1CCF58
[Rocksmith 2014 Edition],2016/07/26,30,2.99,4,Pixies - Hey,CC130D16FF9C42C3DE80C3999441FE9326C749AD58
[Rocksmith 2014 Edition],2015/01/20,30,2.99,3,Motörhead - Ace of Spades,ECFD59A24B838D2F563A9AEAF69404713BEDFD3658
[Rocksmith 2014 Edition],2016/08/16,30,2.99,5,Hail the Sun - Burn Nice and Slow (The Formative Years),A7666520136BC7ED9D49D0DA29374F55C1ED125558
[Rocksmith 2014 Edition],2016/01/12,30,2.99,6,Thirty Seconds to Mars - This Is War,5CC2E2C0AB2D4AD66C7DD891B6C3768ECE138CA358
[Rocksmith 2014 Edition],2015/12/15,30,11.99,24,Mötley Crüe Song Pack,03AB5BE31A90275BBD7562CAA66682DB701A06EC58
[Rocksmith 2014 Edition],2016/07/05,30,2.99,9,Between the Buried and Me - Selkies: The Endless Obsession,EE14EF0A9C46FC4A53FFBD3A6706496875EF26CE58
[Rocksmith 2014 Edition],2015/12/01,30,7.99,11,Skillet Song Pack,900273537CB5C87CF9D02F3D610AD70C0B7EF88258
[Rocksmith 2014 Edition],2015/01/20,30,2.99,5,"Rick Derringer - Rock and Roll, Hoochie Koo",6296ABD17B8D3A257B01BE544DB5C4066177D90558
[Rocksmith 2014 Edition],2015/02/17,30,11.99,26,Jane's Addiction Song Pack,6B4AEF943A9463DA8E1440B44B4217384C8122E658
[Rocksmith 2014 Edition],2015/03/10,30,7.99,19,Jeff Buckley Song Pack,1DF11117EFC0005F39F96F7ED1E5116238154EEA58
[Rocksmith 2014 Edition],2016/03/15,30,2.99,4,Collective Soul - Heavy,DF34B6ADB204EDF2529F1C9E6F2F15F6204D306B58
[Rocksmith 2014 Edition],2016/02/02,30,2.99,4,The Offspring - The Kids Aren't Alright,745537C7C0363046A7A067F572B30CA82B56B13E58
[Rocksmith 2014 Edition],2015/01/27,30,2.99,4,Three Days Grace - Riot,B7178008AEC0C09DD273A4CB84F0E76BEE91C40B58
[Rocksmith 2014 Edition],2015/12/01,30,2.99,4,Band of Merrymakers - Must Be Christmas,73169E2CDBF8DE1A04D87E6A2821EB877CA6319558
[Rocksmith 2014 Edition],2015/10/27,30,2.99,4,Billy Talent - Devil On My Shoulder,DF7439EA7005B629B7D1A34388F953D7C1AEA98258
[Rocksmith 2014 Edition],2016/06/07,30,2.99,4,Good Charlotte - Girls & Boys,A7B848DE23249200D52434ED0ACC688CE5A3AD8858
[Rocksmith 2014 Edition],2015/12/22,30,2.99,6,Stone Temple Pilots - Plush,33F4D876B78D70D14D81EF81338F0366C4F82C7A58
[Rocksmith 2014 Edition],2018/02/20,30,2.99,4,The Red Jumpsuit Apparatus - Face Down,CC52FED97648A07C36F5558AE82D07BAE6A7DC8058
[Rocksmith 2014 Edition],2019/02/12,30,7.99,14,Sabaton Song Pack,74231D6676DFB38FE8EDDC13C1B407B392F315C758
[Rocksmith 2014 Edition],2020/01/21,30,2.99,4,HAIM - Don't Save Me,0C1688B995E360E34227AF998B88BDC0876B7D2958
[Rocksmith 2014 Edition],2019/02/19,30,2.99,4,Fountains of Wayne - Stacy's Mom,32DFE8D675671E3740106E86273D3380DBF6DE7F58
[Rocksmith 2014 Edition],2017/11/21,30,2.99,4,Halestorm - I Miss the Misery,57111E7D5DBF4F15DAA2E09BBAC7E9B5AFB03D8B58
[Rocksmith 2014 Edition],2017/05/02,30,11.99,21,Mix Tape Song Pack,AF3828E1DFE5AC5265EBCD1B02EA072308A19BC958
[Rocksmith 2014 Edition],2017/01/03,30,11.99,25,U2  Song Pack,B57C1AD205C70915CCA2D6943C7C5BE4CD3E121558
[Rocksmith 2014 Edition],2018/12/11,30,2.99,5,Five Finger Death Punch - Wrong Side of Heaven,83BD81480E5CE095DD6872BB9F144D137C96451358
[Rocksmith 2014 Edition],2018/06/26,30,7.99,12,Joan Jett Song Pack,D82DDED8373FBACBCD421210FBB9E6E4B5DFB5DE58
[Rocksmith 2014 Edition],2019/08/27,30,2.99,3,The Go-Go's - We Got the Beat,F95A8A41AD6BB37F99C2576D1478E482E9F5D47058
[Rocksmith 2014 Edition],2018/02/06,30,9.99,20,Lady Gaga Song Pack,DEFE5607F92CE2140599ED281D016E197093BC2458
[Rocksmith 2014 Edition],2018/03/13,30,2.99,5,Kaiser Chiefs - I Predict A Riot,DDB81AD0D19E07F09072D6B0AB8B0E124A9907C958
[Rocksmith 2014 Edition],2018/07/24,30,2.99,5,Joni Mitchell - A Case of You,0636745A9E29059657DF4AF3C3C48F79BF39B9FF58
[Rocksmith 2014 Edition],2018/03/06,30,7.99,13,Shania Twain Song Pack,83C862C9E16CF4A508466ED88F2471834AADA08D58
[Rocksmith 2014 Edition],2018/05/08,30,2.99,5,Styx - Too Much Time on My Hands,FE29853ECCAA771960CE3350532A25AC0E3D20FF58
[Rocksmith 2014 Edition],2020/02/25,30,2.99,4,Sevendust - Praise,29D704873C2C328286C00901C838D97249E4E83658
[Rocksmith 2014 Edition],2018/05/01,30,2.99,4,KT Tunstall - Black Horse and the Cherry Tree,B5AB88D15AB8D92ECAF64C52EE5DE5886F26391E58
[Rocksmith 2014 Edition],2017/09/12,30,2.99,5,Steve Winwood - Higher Love,DC3852A23A4D21A807B5EE2FCA9758EB8E710F1658
[Rocksmith 2014 Edition],2019/04/16,30,2.99,5,Dishwalla - Counting Blue Cars,C6DFC172112F0934E58E22FDB7C0358CFEECA67058
[Rocksmith 2014 Edition],2019/10/15,30,2.99,7,Machine Head - Davidian,925E16F305221F60356EF9E9DAB2C154CD708E8A58
[Rocksmith 2014 Edition],2019/08/27,30,2.99,4,Veruca Salt - Seether,8D3A67D8915A1BC43D1CC111DC4771F9F97F702958
[Rocksmith 2014 Edition],2018/10/02,30,2.99,4,Joy Division - Transmission,12FE2C6875E17F4288E048DFF8AEA9BB683FC21F58
[Rocksmith 2014 Edition],2018/12/04,30,2.99,3,Alice Cooper - School's Out,6F32F0DA78BECBFD6101EB44FE6A25C8308E1D3658
[Rocksmith 2014 Edition],2017/05/16,30,2.99,5,Grateful Dead - Casey Jones,A234327B88AED744A677FEF73A0F9E1075E6F35658
[Rocksmith 2014 Edition],2018/06/12,30,7.99,13,2000s Mix Song Pack IV,5A7B06325BAD16B31485380AA58712E6930D035758
[Rocksmith 2014 Edition],2020/02/11,30,7.99,9,Green Day Song Pack IV,0E743A1F49ED3B37DEB443484C277C83514899AB58
[Rocksmith 2014 Edition],2017/11/14,30,2.99,4,The Pretenders - Brass in Pocket,0D7E0237F48CF99D3E15E770643FA8974EFF711858
[Rocksmith 2014 Edition],2019/08/13,30,2.99,6,Gary Moore - The Loner,0EB6BF5EC851B52DED49743D7CB2C984454F88B958
[Rocksmith 2014 Edition],2018/09/18,30,7.99,14,Stone Sour Song Pack,D0F215D9C9165CA464141EF82835B55D157B8DF758
[Rocksmith 2014 Edition],2019/09/24,30,2.99,9,DragonForce - Highway to Oblivion,EB52170F70A58B38E08B8CB4DB4F1ED0C01DC16458
[Rocksmith 2014 Edition],2017/02/14,30,2.99,4,Coldplay - In My Place,EC2E90871FB594343BE0F20484C1F9103596D2A358
[Rocksmith 2014 Edition],2017/09/05,30,2.99,5,3 Doors Down - Away from the Sun,022473E625134E8D768DD881E0DDBD872E0F2EE658
[Rocksmith 2014 Edition],2016/11/22,30,2.99,4,WALK THE MOON - Shut Up and Dance,B5BFEC86DAFE7FDF992A686B8795194EB7A8EF0058
[Rocksmith 2014 Edition],2016/10/18,30,2.99,5,Yes - Owner of a Lonely Heart,129A3E8C3AF1B4261465E98D30FF8564BC6211DA58
[Rocksmith 2014 Edition],2017/03/28,30,11.99,21,Classic Riff Song Pack,F082EF5350641AA48F1B6004C949694FB7F45D5458
[Rocksmith 2014 Edition],2018/08/07,30,2.99,4,Greta Van Fleet - Safari Song,ECEF74DE0C5C4570CC6247E25F87137FBE5DE5B058
[Rocksmith 2014 Edition],2019/02/26,30,9.99,19,Variety Song Pack XXI,4129A0CDAD45C8B3F12DB42C6042C28A9566753158
[Rocksmith 2014 Edition],2018/02/27,30,7.99,15,60s Mix Song Pack III,690B41D8A27E0E9D6F1F5DCBA8691960A3D01FD158
[Rocksmith 2014 Edition],2017/12/19,30,2.99,3,Johnny Cash - I Walk the Line,B1A051082AE890DF742A1BFD965042DDF21338DD58
[Rocksmith 2014 Edition],2019/07/23,30,2.99,5,Manic Street Preachers - A Design for Life,1E86E2A9F788275EA9FC95053D2B3679C988F21E58
[Rocksmith 2014 Edition],2017/07/25,30,7.99,16,Marilyn Manson Song Pack,64187C7071616533014D6E0AEC2ABD60E2D39A6858
[Rocksmith 2014 Edition],2017/01/17,30,2.99,4,blink-182 - The Rock Show,544419646B30F6E3E93DA26259E375986EB5356A58
[Rocksmith 2014 Edition],2018/07/31,30,4.99,22,Ubisoft Music Song Pack,B86F16CF9F5C775DBA9EF5C6C354909FEC31A23B58
[Rocksmith 2014 Edition],2019/05/28,30,2.99,5,5 Seconds of Summer - Amnesia,C9AC57E9C63790BE601301EC702860CAD4A816E258
[Rocksmith 2014 Edition],2018/11/06,30,2.99,5,Queen - Tie Your Mother Down,9199E83B7D8147667CB1178B2A4DA4DCFA53A22058
[Rocksmith 2014 Edition],2019/04/09,30,2.99,5,Cat Stevens - Father and Son,8BEA5254D56169C313634E7BCF3DE877414B790A58
[Rocksmith 2014 Edition],2017/12/12,30,2.99,6,Alice in Chains - Down in a Hole,E4C901D4D03F545E7E61D1E2BBD01568E1E1DAA358
[Rocksmith 2014 Edition],2019/05/21,30,2.99,10,Classic Melody Song Pack,7464BF9BB9ABAB6F30AFAEC34D47453418F8F3BE58
[Rocksmith 2014 Edition],2019/07/30,30,4.99,46,"Rocksmith Advanced Exercises, Vol 1",27151D0DDCBF08D651286A739A10B7D4B35B182258
[Rocksmith 2014 Edition],2018/11/27,30,7.99,12,Jimmy Eat World Song Pack,984DBA6266CF0CD5422D4C19A94D0471EC949B6B58
[Rocksmith 2014 Edition],2019/03/12,30,7.99,15,Night Ranger Song Pack,81886113991091AC0E94CFCB52315F488A57E8D358
[Rocksmith 2014 Edition],2018/12/11,30,2.99,5,Five Finger Death Punch - Bad Company,1BBFBEC12815FCB192B1DC5A62702D84B1D4FBDD58
[Rocksmith 2014 Edition],2017/12/19,30,2.99,4,Johnny Cash & June Carter - Jackson,B4AC61C361DCB6A924686AE067692112CB5DBDCF58
[Rocksmith 2014 Edition],2019/06/18,30,2.99,6,Nightwish - Over the Hills and Far Away,0869CCA84D8A14E6891EAA7FE3922A48375CE51758
[Rocksmith 2014 Edition],2016/11/15,30,11.99,23,Stevie Ray Vaughan & Double Trouble  Song Pack,D82C32D7B60AFFFF8D7BF87D9B3D81338AE25F8458
[Rocksmith 2014 Edition],2019/07/02,30,4.99,45,"Rocksmith Intermediate Exercises, Vol 1",87B3B38D394ECEDBAF4C4F1185FDF25BD1EE19CF58
[Rocksmith 2014 Edition],2019/12/17,30,7.99,19,Aerosmith Song Pack II,8765DF4515B9AB867B10D2D32AC684F4F96AB4B958
[Rocksmith 2014 Edition],2019/10/01,30,2.99,5,Amaranthe - The Nexus,7E2214B22442D18F9564F4502151AAEE1A1AE01958
[Rocksmith 2014 Edition],2019/11/12,30,7.99,14,Daughtry Song Pack,468582AFE9C70E2CAEEA69CB6F967E3C8146ED2258
[Rocksmith 2014 Edition],2019/11/12,30,2.99,5,Daughtry - Feels Like Tonight,341BA7DA544A052443E311CBE57895F11D7C13A558
[Rocksmith 2014 Edition],2020/02/11,30,2.99,4,Green Day - Brain Stew,5FF4ACC17D582F917E90C5A8D697445B5AF5B4C858
[Rocksmith 2014 Edition],2017/01/17,30,2.99,5,blink-182 - Adam's Song,46AEE0E0EA1CE1B2E03DA0119DE15B85E644300F58
[Rocksmith 2014 Edition],2019/01/22,30,9.99,19,Variety Song Pack XX,788EB25DDDC24323184ABB62F0E4CDEF08FB1B9558
[Rocksmith 2014 Edition],2018/10/23,30,7.99,14,80s Mix Song Pack VI,1F3B9B69C7B1BC30134604AEFA6629B34DF3E20458
[Rocksmith 2014 Edition],2018/06/26,30,2.99,4,Joan Jett & the Blackhearts - I Hate Myself For Loving You,B457289F27F0C115981B514DB52E374902EDDBCF58
[Rocksmith 2014 Edition],2019/03/05,30,2.99,6,Heart - Straight On,66B2D2022F5C78C5FB660A1C03B0C309331F60F958
[Rocksmith 2014 Edition],2017/06/20,30,2.99,5,Kiss - Lick It Up,643BE5600B88DFED9201A2C7528178AD68EC905058
[Rocksmith 2014 Edition],2018/09/04,30,2.99,4,Kelly Clarkson - Since U Been Gone,B0AC8360981A0776D9F5D0EFE331AEDAE47D04E158
[Rocksmith 2014 Edition],2017/04/25,30,2.99,4,Royal Blood - Little Monster,C47555EA1A9587AC83BEFA085CC2D221B8DF049D58
[Rocksmith 2014 Edition],2017/03/21,30,2.99,5,Skid Row - 18 And Life,800E8C39B9BF4E4F04957C007F266C3C8E3B1DBA58
[Rocksmith 2014 Edition],2017/08/29,30,2.99,4,George Strait - All My Ex's Live in Texas,D3BBCCA5D2B9D0E78A3D2BF2A03804BDF4C435AA58
[Rocksmith 2014 Edition],2020/02/04,30,2.99,6,Stevie Wonder - Superstition,DA8DF0BEFC923B5AB70DCC3240D0DE77A69B256C58
[Rocksmith 2014 Edition],2017/03/22,30,2.99,5,Skid Row - Slave to the Grind,1A503F33F60CAFC38A21D9C8627B2FADFE357BB958
[Rocksmith 2014 Edition],2018/05/22,30,7.99,15,Metal Mix Song Pack,855D39BAF41A8EB50D40E031EB7349973D2D6D8058
[Rocksmith 2014 Edition],2019/10/29,30,2.99,3,The Zombies - She's Not There,B16E36B0DC0707784F77FEC3B69E7613FA87435358
[Rocksmith 2014 Edition],2017/08/22,30,2.99,4,"Airbourne - Too Much, Too Young, Too Fast",C5DB3CB0929503CD4B10DF2AFE312C9A30F788CD58
[Rocksmith 2014 Edition],2017/08/15,30,2.99,3,Muddy Waters - Honey Bee,6F38CDAE97CA763D0601B832915BF554ECA903EA58
[Rocksmith 2014 Edition],2020/03/17,30,7.99,16,70s Mix Song Pack VI,44E3635A3804A83E3948FB99509D295080D357B858
[Rocksmith 2014 Edition],2017/11/21,30,2.99,4,Halestorm - Mz. Hyde,CFA06D41580F4912ADD048B30B2E0B4B210B32D958
[Rocksmith 2014 Edition],2017/07/11,30,2.99,4,The Strokes - Taken for a Fool,AB66541395DED5DEE9834756C5547A01AD52C88D58
[Rocksmith 2014 Edition],2016/12/06,30,2.99,4,Gin Blossoms- Hey Jealousy,D66BA56F0A5302ED97322D3913E2EE82E643E7F658
[Rocksmith 2014 Edition],2018/06/12,30,2.99,5,"Dropkick Murphys - Johnny, I Hardly Knew Ya",40D6E907C1560013FF043CFE1C12F8672026E04358
[Rocksmith 2014 Edition],2017/10/24,30,2.99,6,Elton John - Saturday Night's Alright (For Fighting),9FA54A348F1B582A9831F9630047CA193E3FA3A258
[Rocksmith 2014 Edition],2020/02/04,30,2.99,6,Stevie Wonder - I Wish,E62EC2267EE7D1D91DD9D92B6FF53BD40FDE960258
[Rocksmith 2014 Edition],2018/05/01,30,7.99,12,KT Tunstall Song Pack,0A6590DFA541C54172D87218E9E16FDE5D13426B58
[Rocksmith 2014 Edition],2017/05/23,30,2.99,3,Black Flag- Rise Above,A013608FE8A3B57DDC924D84AC90A83949C4D88758
[Rocksmith 2014 Edition],2019/12/03,30,2.99,5,Weezer - Perfect Situation,CBC287E1CFF08ED22CC7DB114C130F5F149E042858
[Rocksmith 2014 Edition],2019/06/25,30,2.99,3,Tegan and Sara - Call It Off,03F9C027231712C4AB6E5C10BC55F2B2EB7D8C1258
[Rocksmith 2014 Edition],2017/02/14,30,2.99,5,Coldplay - Fix You,31F10E5A42FE8AAFD60A52EE432B401D91DA34C658
[Rocksmith 2014 Edition],2017/09/26,30,2.99,5,Halestorm - Bad Romance,0721A7500BD9E90409FB9720941A48C4A4A3577058
[Rocksmith 2014 Edition],2017/06/27,30,2.99,4,Alabama Shakes - Gimme All Your Love,5358FB7EFE6AE81CC45A0B3C5D8D10A72D3EC50058
[Rocksmith 2014 Edition],2018/02/06,30,2.99,5,Lady Gaga - Yoü and I,AE992B7710486A9121FE6C2C15D5AF63539AC96D58
[Rocksmith 2014 Edition],2019/04/30,30,2.99,5,Greta Van Fleet - You're the One,F0CE9B608ABB8B5563A9419F5FA1487B92CF44D358
[Rocksmith 2014 Edition],2018/06/26,30,2.99,4,Joan Jett - Bad Reputation,A29C21188231611240FE43057FFAB9BE5E0DA5E358
[Rocksmith 2014 Edition],2019/03/19,30,2.99,4,Commodores - Brick House,D52F1EE5F63A1ADB8864C98C5188E9AB25650B5A58
[Rocksmith 2014 Edition],2019/04/02,30,2.99,6,Roxette - Listen to Your Heart,10AC02546708BE6AC2BFB832FEC84BBA8C12A7D658
[Rocksmith 2014 Edition],2018/02/06,30,2.99,4,Lady Gaga - Paparazzi,EA9C0BCB0F61B3F7598CF9581CC3DD7FF35BDBBE58
[Rocksmith 2014 Edition],2016/11/08,30,2.99,5,Cinderella - Nobody's Fool,EC94782402A658C871BE86810CF6CAF77FB7827C58
[Rocksmith 2014 Edition],2017/01/03,30,2.99,5,U2 - Beautiful Day,186CEC5FCD837A053B4F1D8EC072B8230D87903058
[Rocksmith 2014 Edition],2018/10/30,30,2.99,6,Ghost B.C. - Year Zero,F5BA0233E326EE8C56262CE1587E7482B25812E058
[Rocksmith 2014 Edition],2018/01/16,30,2.99,5,Green Day - Boulevard of Broken Dreams,6383993276013E95AE38D2054F791CDB8A5DCBBE58
[Rocksmith 2014 Edition],2020/03/03,30,2.99,6,Melissa Etheridge - I Want to Come Over,DC109788F3B8BE0A6F998F07A96C87B09CE8BE8758
[Rocksmith 2014 Edition],2017/03/28,30,2.99,3,Powerman 5000- When Worlds Collide,D7CE89AEBADB16B03D0DEF0BE0EA950D82EEB46B58
[Rocksmith 2014 Edition],2017/02/28,30,2.99,6,Steppenwolf - Magic Carpet Ride,7D93772B5C426E22C5859BADFE82EDB73983617258
[Rocksmith 2014 Edition],2019/05/28,30,2.99,4,5 Seconds of Summer - She's Kinda Hot,2CF2194CDD5CB8461CDAA06F0DE0B73A35A791F858
[Rocksmith 2014 Edition],2019/07/16,30,2.99,5,Snow Patrol - Chasing Cars,E5ADAE13E62BD063D96FCB127FEE62959604DB5658
[Rocksmith 2014 Edition],2019/07/09,30,2.99,5,The Pretty Reckless - Make Me Wanna Die,FF87E252D8DEB3AAE00A66B94BAE38FD1ABCF2FB58
[Rocksmith 2014 Edition],2019/04/30,30,2.99,5,Greta Van Fleet - Edge of Darkness,C67AE4C0A45BB65112743F89E3CEAC7AD289D2F058
[Rocksmith 2014 Edition],2017/08/22,30,2.99,4,Airbourne - Runnin' Wild,BA50A400BECEBF82A76C468DCE67C6F49756B46058
[Rocksmith 2014 Edition],2020/01/28,30,2.99,8,Great White - Rock Me,9042A24EC5597DA21C8F856CC0DF19D2489820C658
[Rocksmith 2014 Edition],2018/09/11,30,2.99,10,Type O Negative - Christian Woman,6ED5B656D140D8E1853909F05B34681A5FC86DDE58
[Rocksmith 2014 Edition],2017/07/25,30,2.99,6,Marilyn Manson - Coma White,B4FD341AE26B8CAE07661EE9CB0B7C685B95A5C458
[Rocksmith 2014 Edition],2019/01/29,30,7.99,16,Queen Song Pack III,65BAB9FD743C21E8D57FE06E6BC1D722BA0BA58F58
[Rocksmith 2014 Edition],2018/08/07,30,7.99,13,Greta Van Fleet Song Pack,ED586B914C390061AC8186BF7F98B84B3C2E9C4658
[Rocksmith 2014 Edition],2018/11/06,30,2.99,4,Queen - Don't Stop Me Now,54631BC6517F571E59BFFEBEE5530393E811138158
[Rocksmith 2014 Edition],2016/10/18,30,2.99,11,Yes - Roundabout,5FCB980F3593944545F9BD6ACC4D4EED7F06FA5658
[Rocksmith 2014 Edition],2017/09/05,30,2.99,5,3 Doors Down - Here Without You,82E56C179B9E58BA7A862482E6ED083D65B883D258
[Rocksmith 2014 Edition],2018/05/15,30,2.99,4,Interpol - Evil,1095DF124BC95B0035657EC9E958821DEC4F3B2558
[Rocksmith 2014 Edition],2020/01/21,30,2.99,5,HAIM - Forever,6BA5F59F717027DE26884EDF44B3F4169A8E4E5E58
[Rocksmith 2014 Edition],2017/12/19,30,11.99,15,Johnny Cash Song Pack I,B0A26188091B355E0B70671EDB2D9187B774D36058
[Rocksmith 2014 Edition],2018/01/09,30,13.99,28,Paramore Song Pack,65E9D15C29A1D890335CB76423E0CE9FCBE0099858
[Rocksmith 2014 Edition],2020/03/17,30,2.99,4,Chicago - Saturday in the Park,C9A910F335FE6E75AE4EAA810C46BBFEDA86974658
[Rocksmith 2014 Edition],2017/07/11,30,9.99,14,The Strokes Song Pack II,FC594055179E9B5254A12F40F2AF749D1B1B686158
[Rocksmith 2014 Edition],2020/01/14,30,2.99,5,John Mellencamp - Pink Houses,E9EB127C77BE1DBA3CF0623549BB0735179FFF8658
[Rocksmith 2014 Edition],2017/12/05,30,2.99,5,Steve Miller Band - Jet Airliner,B8BF7C710EE6F76AEFCAE4920BBDE0751E0225C758
[Rocksmith 2014 Edition],2019/04/09,30,2.99,4,Cat Stevens - Wild World,4931E9FF7ABCEFFBD8EB21ED91950C3BE033960058
[Rocksmith 2014 Edition],2019/10/15,30,7.99,18,Metal Mix Song Pack II,14BF8A658035FE9843B7C3DEACA36421EFBF4E9658
[Rocksmith 2014 Edition],2019/02/19,30,2.99,5,blink-182  - Always,3DDA3A826C25BE03D451A4DFCF5CF2A045A7C65958
[Rocksmith 2014 Edition],2019/07/16,30,2.99,4,X Ambassadors - Renegades,1C959BCBBD948880517D0128539DC4BF5E6E5DEF58
[Rocksmith 2014 Edition],2017/12/05,30,2.99,3,Steve Miller Band - Take the Money and Run,E3A9B04713959151C83CD0957110387E38BD8F2E58
[Rocksmith 2014 Edition],2016/10/04,30,13.99,28,Anniversary Song Pack,B82CFD809764671FFD069B65A60EC117F4E7D6CF58
[Rocksmith 2014 Edition],2017/05/09,30,2.99,6,Sheryl Crow - Soak Up the Sun,2ECA7DA290F33526900FFF95B54859BF5BAC325258
[Rocksmith 2014 Edition],2017/01/31,30,2.99,4,Evanescence- Going Under,75173A2E6FE98A0C2900D9D782B0C21AEE80596558
[Rocksmith 2014 Edition],2017/09/19,30,2.99,3,Thrice - Deadbolt,57A12A5248F11AB990BA03EB91E27F35F89E4DD858
[Rocksmith 2014 Edition],2017/04/11,30,2.99,3,311 - All Mixed Up,6382A54FB04ED4E2B9F2FB69DEF8921A6FD39FF558
[Rocksmith 2014 Edition],2017/06/27,30,2.99,4,Alabama Shakes - Hold On,FEA3C714EFFE5D5F05082E4F46A9A8554B6D134E58
[Rocksmith 2014 Edition],2016/11/29,30,9.99,21,Third Eye Blind Song Pack,800ED79A631019EBAC3F458E3B5F0E0B9C05DD1E58
[Rocksmith 2014 Edition],2017/03/21,30,2.99,6,Skid Row - I Remember You,9C4A64DDE74A6BCB8D1FC69BCE76E266D588B83958
[Rocksmith 2014 Edition],2017/05/30,30,2.99,4,New Found Glory - Hit or Miss,B7B010C2AADDFEB672E701A4DC2AE533A9577CB458
[Rocksmith 2014 Edition],2019/02/26,30,2.99,4,Warren Zevon - On the Werewolves of London,540682B3F1E6D760BED3DD86EA4AD52415F6B36558
[Rocksmith 2014 Edition],2018/03/06,30,2.99,4,Shania Twain - That Don't Impress Me Much,6F253FC8A4236E60A52E14576522B1D4795649FA58
[Rocksmith 2014 Edition],2018/01/09,30,2.99,4,Paramore - Pressure,F8A1EADD5EF6C95B9F35005AE73C184913AEBEFC58
[Rocksmith 2014 Edition],2017/12/12,30,2.99,6,Alice in Chains - Rooster,0F551D13E34C4B0761527AACE8DC8349C21A76AB58
[Rocksmith 2014 Edition],2019/11/12,30,2.99,4,Daughtry - Over You,1704316B92A470FCE1547C11E8D6DEEF9C460AAE58
[Rocksmith 2014 Edition],2019/09/10,30,2.99,5,Kaleo - No Good,1A1341813F0958B06E659DD5890B66864EE3F46D58
[Rocksmith 2014 Edition],2017/12/12,30,11.99,27,Alice in Chains Song Pack II,753E526F6D173A9B3C7F3D9CD1920F38394F7E6058
[Rocksmith 2014 Edition],2019/06/25,30,2.99,4,Tegan and Sara - The Con,3C8E89C2CBBAFB0DBDE6495AFD1842D51D201B4058
[Rocksmith 2014 Edition],2017/05/23,30,7.99,12,80s Mix Song Pack III,79FFDCB569B8FEF9A5B316FCA6B33F33158C096F58
[Rocksmith 2014 Edition],2019/06/04,30,4.99,44,"Rocksmith Easy Exercises, Vol 1",21BEA4956EB7BBD7BFB3E75D973F81DE8E8B5C5458
[Rocksmith 2014 Edition],2017/05/16,30,2.99,5,Grateful Dead - Friend of the Devil,BB15AD68333B7B0542781145BE309D0C2A2B2AFD58
[Rocksmith 2014 Edition],2019/09/03,30,4.99,45,"Rocksmith Easy Exercises, Vol. 2",31EAC8CF4D921625D8A23FBA4AA2BC82C36877D458
[Rocksmith 2014 Edition],2018/12/04,30,2.99,5,Alice Cooper - Poison,01C13B4410B83CA18529AA0C93E99F960A17BBCB58
[Rocksmith 2014 Edition],2018/08/28,30,2.99,4,Alien Ant Farm - Movies,90096AEDFDE7F94619350ED7709E3678923320D258
[Rocksmith 2014 Edition],2020/02/11,30,2.99,3,Green Day - Father of All...,63907C7114D95C121047D893464AF11BDD38C50E58
[Rocksmith 2014 Edition],2018/11/20,30,2.99,3,"Chuck Berry - Run, Rudolph, Run",85842663D0EC317C0226FCA23F9FCA4769E52E1558
[Rocksmith 2014 Edition],2017/01/03,30,2.99,6,U2 - With or Without You,0825ECC51326D73C9504A2A33EC5DE0FDC793CC958
[Rocksmith 2014 Edition],2019/05/28,30,2.99,4,5 Seconds of Summer - She Looks So Perfect,AF7D9A6EC3FB40720132061D0A44291E45C4313458
[Rocksmith 2014 Edition],2016/12/20,30,2.99,6,Green Day - 21 Guns,CB6B25B4F4F9A9BE00460695E4DC366FD2A7F75058
[Rocksmith 2014 Edition],2017/04/18,30,11.99,21,Bob Marley & The Wailers Song Pack,EF32DF2FF553F12764A83BFCDD821DC85BAF600958
[Rocksmith 2014 Edition],2019/09/10,30,2.99,4,Kaleo - Way Down We Go,3592C50F87FAF9E742DD78FDE8AD4E592430C36A58
[Rocksmith 2014 Edition],2016/10/25,30,2.99,6,White Zombie - Black Sunshine,2CC50A42752FD3B7CA43D399DDACBF82C599F62058
[Rocksmith 2014 Edition],2018/10/16,30,2.99,5,Brad Paisley ft. Alison Krauss - Whiskey Lullaby,8F7D58CD5989FD75ABC831EBD660C61831F6E7F158
[Rocksmith 2014 Edition],2018/07/03,30,7.99,13,70s Mix Song Pack IV,D94E53170CE80F9788C82AF928DACFA69ECBFDE758
[Rocksmith 2014 Edition],2018/01/30,30,2.99,4,Grand Funk Railroad - We're An American Band,CA41226DA6FC0A3AE1F99C62DE8D2537B7300EB258
[Rocksmith 2014 Edition],2017/10/03,30,2.99,3,Four Tops - Bernadette,121556BEE78ED5FAD41327214335A7963ED3467158
[Rocksmith 2014 Edition],2019/11/05,30,4.99,44,"Rocksmith Advanced Exercises, Vol. 2",ADAC1A83B881D50E67A9AF7CD61CC5D0647899DD58
[Rocksmith 2014 Edition],2018/11/20,30,2.99,3,Gene Autry - Rudolph the Red-Nosed Reindeer,267D6D42D4190BFF040F4CA46A9D10E6A7EA54E658
[Rocksmith 2014 Edition],2018/04/24,30,7.99,15,90s Mix Song Pack IV,7FA6633EA3D474A093300D826AFF742B687536A258
[Rocksmith 2014 Edition],2018/09/11,30,2.99,5,Helmet - Unsung,073D102119E6821CA75A56DCB0B7736A994AAC8158
[Rocksmith 2014 Edition],2020/02/04,30,2.99,4,"Stevie Wonder - Signed, Sealed, Delivered I'm Yours",EADAA355D17A56BA50F74A8F8CF6342B0F5D242758
[Rocksmith 2014 Edition],2017/08/29,30,2.99,4,The Flaming Lips - She Don't Use Jelly,14878F54E1E055DF4AC69CE487BFF7C03505EBB758
[Rocksmith 2014 Edition],2018/11/20,30,2.99,2,Elvis Presley - Blue Christmas,3F8D175F3FD9B8A8BC810B87A8A5105A903CA24A58
[Rocksmith 2014 Edition],2018/10/16,30,7.99,14,Brad Paisley Song Pack,FA71D6DB48C5EA0B04583A7B14451DA930C380EA58
[Rocksmith 2014 Edition],2017/06/13,30,2.99,5,Live - I Alone,2D583DEA1453E3D6E5717FA9F7CD579C8BA6EF9858
[Rocksmith 2014 Edition],2018/05/15,30,2.99,5,Interpol - All the Rage Back Home,FEAC3EF3500D92A668D7716AC0553E14BC9A648E58
[Rocksmith 2014 Edition],2017/07/18,30,2.99,4,Supergrass- Alright,842EA609AD7D76FA857D6D8125260E301CAC9FDD58
[Rocksmith 2014 Edition],2018/02/06,30,2.99,6,Lady Gaga - Poker Face,7526C6150D29DFE4B7FE11F4A90ACCE35805476C58
[Rocksmith 2014 Edition],2017/06/20,30,2.99,3,X - Los Angeles,F3ACB2CF92F1F534E5E762FD8284C3FDD71FC9CD58
[Rocksmith 2014 Edition],2018/12/18,30,2.99,8,The Rolling Stones - Sympathy for the Devil,30AEA0398C940FC59D8D7D73C8A6E02EEABBC2F558
[Rocksmith 2014 Edition],2017/10/31,30,2.99,7,Amon Amarth - Death in Fire,8B200A5CC7D5083D07884A307A13E42CDD08882858
[Rocksmith 2014 Edition],2018/10/23,30,2.99,4,Georgia Satellites - Keep Your Hands to Yourself,290B4485B17706A71EBA4ECDF4A4FD891AED95BF58
[Rocksmith 2014 Edition],2017/11/28,30,2.99,4,Trans-Siberian Orchestra - Christmas Eve/Sarajevo 12/24,EE60968724A0D0C303E9AEF74AF4F3346E38D1B558
[Rocksmith 2014 Edition],2017/03/22,30,11.99,24,Skid Row Song Pack,B44BBD7E3B1E54F0E8AFE4A1A8344461799C9BDD58
[Rocksmith 2014 Edition],2020/02/11,30,2.99,3,"Green Day - Fire, Ready, Aim",7C6EF07EA5E87B627E3D59DBBE79BF7AC413CE7F58
[Rocksmith 2014 Edition],2017/04/11,30,2.99,5,Joe Satriani - Surfing with the Alien,43D4A91414BE047DA5A4E8D63FECA0D987551B0658
[Rocksmith 2014 Edition],2017/10/10,30,2.99,6,Band of Horses - The Funeral,9B181262A0886AD81F9EB2964A2700E7292494F158
[Rocksmith 2014 Edition],2017/01/17,30,2.99,5,blink-182 - I Miss You,A0147812CE8762623B033D5E2229261E382AF1DB58
[Rocksmith 2014 Edition],2017/02/14,30,2.99,5,Coldplay - Yellow,68759D8A25A39C38529A78030E66E25B977BBCA058
[Rocksmith 2014 Edition],2019/10/01,30,2.99,4,Amaranthe - Amaranthine,6F9D7C1493758B8A303D53A55DDAFD656A08749C58
[Rocksmith 2014 Edition],2017/02/07,30,2.99,4,Kenny Loggins- Footloose,3899AB80E57114B339A4CCC390E154738C676CAA58
[Rocksmith 2014 Edition],2019/02/05,30,2.99,6,Joan Osborne - One of Us,882056741B1A6D5FD1500635778EDD1C2D71F03B58
[Rocksmith 2014 Edition],2019/12/10,30,2.99,4,ABBA - Dancing Queen,DF165724234F9C9D2CCE6B7B05ED1D17ABE4263658
[Rocksmith 2014 Edition],2019/09/17,30,2.99,5,Audrey and Kate - No Reason,73091BEF5EE0F237D530D61DD31CD31732D5A38458
[Rocksmith 2014 Edition],2017/11/28,30,2.99,4,Trans-Siberian Orchestra - Wizards in Winter,5BC71F5ABE3417C3A93D9C35669E8155E1383F0658
[Rocksmith 2014 Edition],2017/10/24,30,2.99,6,Rusted Root - Send Me On My Way,B4704A234CBD20322F7430D3AE0BCA5FBC9EDE8D58
[Rocksmith 2014 Edition],2018/05/22,30,2.99,5,Morbid Angel - Immortal Rites,1047C94A013B339BE559DB7D3A68E9A52725103A58
[Rocksmith 2014 Edition],2019/09/17,30,2.99,3,The Dooo - Guitar Solos with Dooo #2 - Ascend,1C58D18D5F0AC55D8F26AABC80BE3EC19A36A5BA58
[Rocksmith 2014 Edition],2016/11/01,30,2.99,4,Marcy Playground - Sex and Candy,35F041093E80EF135A0218767FBD49AF89FFB9D058
[Rocksmith 2014 Edition],2017/08/01,30,2.99,4,The Monkees - Last Train to Clarksville,7A2F8B1431094914679B298B55A60E301F9C7FA858
[Rocksmith 2014 Edition],2018/10/30,30,2.99,5,Ghost - Ritual,B92C82152867DB00C1CEA0D7E25A1FFC315FC97958
[Rocksmith 2014 Edition],2017/04/25,30,2.99,5,Royal Blood - Out of the Black,F7B655BD6D934EAE745A854E9D6C3DE917EFD37958
[Rocksmith 2014 Edition],2017/06/13,30,2.99,5,Live - The Dolphin's Cry,26CA9A9987066B4491CE46F9C931F26A440D692758
[Rocksmith 2014 Edition],2017/02/07,30,2.99,3,Twisted Sister- I Wanna Rock,022E8A6E79320E705CE68EE4ADC62EB6C9D839B258
[Rocksmith 2014 Edition],2016/11/15,30,2.99,4,Stevie Ray Vaughan & Double Trouble - Pride and Joy,E22224138AE1DE0E0D43617E235F28EAD15F174158
[Rocksmith 2014 Edition],2020/03/31,30,2.99,11,Opeth - Bleak,2936AE5AAB3F35FAC167A21840A7EE082A972D9358
[Rocksmith 2014 Edition],2020/01/07,30,2.99,5,Chris Stapleton - Tennessee Whiskey,2AEED9A139810221328BE390AA76E871873FF40D58
[Rocksmith 2014 Edition],2020/01/14,30,2.99,5,John Mellencamp - Jack & Diane,6E1A4CE35A8F809FAA0765D0ACAC99D21B4F18B758
[Rocksmith 2014 Edition],2018/09/04,30,7.99,12,Kelly Clarkson Song Pack,A3B7576BC9217FB5F08C6A4AF08E10F452AF441858
[Rocksmith 2014 Edition],2018/11/06,30,2.99,4,Queen - Love of My Life,3216A3DC7E017DE43E2AED60D12BFF663F70FFC358
[Rocksmith 2014 Edition],2020/01/21,30,2.99,5,HAIM - The Wire,CA3A382C7163488267E04D67BF9F182978065E5158
[Rocksmith 2014 Edition],2018/03/13,30,7.99,13,Kaiser Chiefs Song Pack,CF9693642BE7CB3F5A9D6056C4576B1EF577F5E758
[Rocksmith 2014 Edition],2017/02/21,30,2.99,4,Beastie Boys - No Sleep Till Brooklyn,A50B6254D26B38EDB2A6EEFACEA68A54E4465D9E58
[Rocksmith 2014 Edition],2019/10/22,30,2.99,5,Indigo Girls - Galileo,FDFCF0168028CBF6CEAF0EA6B4AC5BAA2135840558
[Rocksmith 2014 Edition],2017/08/15,30,2.99,2,Muddy Waters - I Can't Be Satisfied,E18EB361A9C7DCE6168E10CBFFC2EA6A8537F5AD58
[Rocksmith 2014 Edition],2018/08/21,30,9.99,16,Silverstein Song Pack,89BA5A735A3BB2D72736458D85135AD4E3BF433158
[Rocksmith 2014 Edition],2019/10/15,30,2.99,5,Children of Bodom - Are You Dead Yet?,9DFF28651694809122384B79F71F227C5BDCB7E058
[Rocksmith 2014 Edition],2018/04/10,30,2.99,5,Temple of the Dog - Hunger Strike,7BA0CB2A76D9E89A9BC57FC7961DD36E6F44594E58
[Rocksmith 2014 Edition],2017/12/19,30,2.99,4,Johnny Cash - Ring of Fire,6B302C018648CB38F719E5DB48117758EC4051DB58
[Rocksmith 2014 Edition],2018/06/05,30,9.99,21,Variety Song Pack XV,4F88F68B16AD4069EF520885DC19E2BE47111D1D58
[Rocksmith 2014 Edition],2017/07/05,30,2.99,6,Thin Lizzy- Cowboy Song,092609633AD8EFCB948943FB6AD01AE1DAD5967E58
[Rocksmith 2014 Edition],2017/01/24,30,2.99,5,OneRepublic- Counting Stars,0373C623933D78892619AD0209EAD9C8AE8C360358
[Rocksmith 2014 Edition],2017/05/16,30,2.99,7,Grateful Dead - Truckin',492291A430CC619AB5DD9FC89BAB984A525F836258
[Rocksmith 2014 Edition],2019/05/07,30,2.99,5,Cyndi Lauper - Girls Just Want to Have Fun,FCD597CA4FF25C4C444D7CE5C3314F1440161ACA58
[Rocksmith 2014 Edition],2017/01/24,30,2.99,7,Rage Against the Machine- Take the Power Back,3B06AC76C4F9582D007033AD26F38EB98093B39D58
[Rocksmith 2014 Edition],2018/05/29,30,2.99,3,Norah Jones - Don't Know Why,6D2BA67E08A6AA4F8082E4EBBE0AC7410D16F47D58
[Rocksmith 2014 Edition],2018/10/09,30,2.99,12,The Outlaws - Green Grass & High Tides,14F2CC2B308035A705DC504BA12696B1AAC6434458
[Rocksmith 2014 Edition],2016/12/06,30,2.99,5,David Bowie- Suffragette City,6CF82AAC8A34D671D7A352BD8EB9B6C69642CCE858
[Rocksmith 2014 Edition],2017/04/18,30,2.99,4,"Bob Marley & The Wailers - No Woman, No Cry",9C3EE60EF32FF0BAE89EA7CDEF063F7E1BCE469A58
[Rocksmith 2014 Edition],2018/03/27,30,2.99,4,The Cardigans - Lovefool,02189FD9622EE9DEC37F98F1A863E216BCEB00B358
[Rocksmith 2014 Edition],2017/02/21,30,2.99,4,Beastie Boys - Fight For Your Right,18F8A1007DCFE27B59AA63E2CBF208E9EDACB1B358
[Rocksmith 2014 Edition],2018/10/16,30,2.99,5,Brad Paisley - Ticks,5E85EA27498B553878FBF40A2BA95A55211A67E458
[Rocksmith 2014 Edition],2018/12/18,30,9.99,21,The Rolling Stones Song Pack,43FF7075128E31DB24CC3F7F28F31D718E48246658
[Rocksmith 2014 Edition],2019/02/12,30,2.99,5,Sabaton - 40:1,9DB334A64B219E9984C3C5894AFD5FD88A4CE84758
[Rocksmith 2014 Edition],2017/09/12,30,2.99,4,Ratt- Lay It Down,4D52E7DDE5FA6D95EB20F2A374E8B10F4A9BE42A58
[Rocksmith 2014 Edition],2018/09/25,30,2.99,4,Elle King - Ex's & Oh's,B5A69FEA7138594486F9E1923E57077CCC70519958
[Rocksmith 2014 Edition],2018/06/05,30,2.99,5,The Shadows - Apache,9974DEE405BBC94E7EC9F05DAD79323BCE8B843858
[Rocksmith 2014 Edition],2017/01/31,30,2.99,5,Evanescence- My Immortal,7982397279987E34105E3A56C295F07C975AF1BF58
[Rocksmith 2014 Edition],2017/09/19,30,2.99,4,Thrice - The Artist in the Ambulance,AB42994454BEA92B4999A150AFE33F861031B0B258
[Rocksmith 2014 Edition],2018/09/25,30,2.99,6,The War on Drugs - Red Eyes,B8E2DFC1251491E938299202466968D1371737B758
[Rocksmith 2014 Edition],2019/10/29,30,2.99,4,The Zombies - Time of the Season,AA505BBA2F560D64C713C8096094ECCA4A5B180C58
[Rocksmith 2014 Edition],2019/05/07,30,7.99,14,Cyndi Lauper Song Pack,C55310CCF5041E5F70068621CC4DF93D19EB140958
[Rocksmith 2014 Edition],2017/02/28,30,2.99,4,Tears For Fears - Everybody Wants to Rule the World,E88890071BCEC6D5F16CDEE261DDBF3F7C21B91B58
[Rocksmith 2014 Edition],2016/11/22,30,2.99,5,AWOLNATION - Sail,C1E20C1838C1CD9D7A1AB295AEA057FADC9F2B0058
[Rocksmith 2014 Edition],2016/11/08,30,2.99,4,Survivor - Burning Heart,5DFF4EE251B1820B3494BEBCCC8F141A5B94D99B58
[Rocksmith 2014 Edition],2019/04/16,30,9.99,19,Variety Song Pack XXII,C46A3856129920CEE45B9A3ED1B3D5F1375934D558
[Rocksmith 2014 Edition],2016/10/04,30,2.99,5,Jackson 5 - I Want You Back,9834E3B6D3D8D13D0869CC453FC238CD5970381658
[Rocksmith 2014 Edition],2017/06/06,30,2.99,3,The Chantays- Pipeline,40EA03143A1F8F2F9813050498E18F46A722AFDA58
[Rocksmith 2014 Edition],2018/06/19,30,2.99,6,Radiohead - There There,3E2DDE40DB2549967B409A58C6D6B91683B4EF7258
[Rocksmith 2014 Edition],2018/10/02,30,2.99,4,Joy Division - Love Will Tear Us Apart,C908E99AB341F75AA557B7D66CA4D18C59D4CBA258
[Rocksmith 2014 Edition],2017/11/14,30,2.99,4,The Pretenders - Back on the Chain Gang,C114FF1F0D9EB55785C1153F992433A1F6B4F3C458
[Rocksmith 2014 Edition],2018/03/06,30,2.99,4,Shania Twain - Man! I Feel Like a Woman!,26BE846D9D9CD6A221D7E7D83D5B5A6877E9971F58
[Rocksmith 2014 Edition],2017/04/25,30,2.99,4,Royal Blood - Figure It Out,7B26E25067C9866B9DA1B1ADB9821EB5A58EE43C58
[Rocksmith 2014 Edition],2019/06/25,30,7.99,10,Tegan and Sara Song Pack,E36C759A6FF1693A5E3E549F6C443DCED4F9477358
[Rocksmith 2014 Edition],2016/10/25,30,2.99,4,Rob Zombie - Living Dead Girl,812466E6C8766E0277C419407585A93B3148948F58
[Rocksmith 2014 Edition],2017/09/19,30,7.99,12,Thrice Song Pack,E00249E94A79EC95CFB87CF602B7E635A2EB6A8D58
[Rocksmith 2014 Edition],2020/03/31,30,7.99,38,Opeth Song Pack,843FD0024FD409BA7DC5DACF759B7490DF4AAFBA58
[Rocksmith 2014 Edition],2018/11/27,30,2.99,4,Jimmy Eat World - Sweetness,B966911272C31945387051FD2C6AD9D37BCCF5EE58
[Rocksmith 2014 Edition],2017/04/11,30,2.99,4,Jack Johnson - Banana Pancakes,ED58C8EC52756829BE888F32332FFFC9C292761958
[Rocksmith 2014 Edition],2018/08/28,30,2.99,4,Lisa Loeb - Stay (I Missed You),CBC2685A0903234836D0D0293F554AC004EB31A858
[Rocksmith 2014 Edition],2017/03/28,30,11.99,28,Power Ballad Song Pack,4B0EE27F98815E35220FC2A61A6195DEC7BD56AF58
[Rocksmith 2014 Edition],2017/08/15,30,2.99,3,Muddy Waters - Still A Fool,6B3C442ADCA6E01FB72046B374460DB713777E5158
[Rocksmith 2014 Edition],2018/04/10,30,2.99,4,The Outfield - Your Love,AB1C2F7C886ED229E370BD8F35F29CACD4FB584258
[Rocksmith 2014 Edition],2017/03/28,30,2.99,3,Millencolin- No Cigar,4E81D220AA47F576ECC7224365F450878042857758
[Rocksmith 2014 Edition],2019/03/19,30,2.99,11,Funkadelic - Maggot Brain,0D56F97A62436E8CE3BBFFA61B095BF56B25D0FC58
[Rocksmith 2014 Edition],2019/05/07,30,2.99,4,Cyndi Lauper - Time After Time,10C5666AB9150D3A7FEAAB503FB368B3854F417758
[Rocksmith 2014 Edition],2019/03/05,30,2.99,4,Heart - Alone,C04FFC1F930464F8A7EA92190F93AAE3C56139CB58
[Rocksmith 2014 Edition],2017/08/29,30,9.99,19,Variety Song Pack XI,C1291649F913079D1E96FA30E9560F6D5DB5A86358
[Rocksmith 2014 Edition],2017/10/24,30,9.99,25,Variety Song Pack XII,224D5C97A8B8A9B1FB0C874C76ACC7FD0F7FDE7758
[Rocksmith 2014 Edition],2020/03/03,30,7.99,16,Melissa Etheridge Song Pack,EA20A6874075FC46791FAC1D6FCF47EC7BC198AA58
[Rocksmith 2014 Edition],2017/11/21,30,7.99,12,Halestorm Song Pack,71DE62033718573E7BA3231282BD9B09B20470FC58
[Rocksmith 2014 Edition],2016/10/04,30,2.99,5,FUN. - Some Nights,AA2A6D075968F153FC47A7E003388C50FDCE904958
[Rocksmith 2014 Edition],2018/06/19,30,2.99,5,Radiohead - No Surprises,26DE5F9A87A46C4DC9641398AAE3E51CC1800FF358
[Rocksmith 2014 Edition],2017/06/06,30,2.99,4,The Lively Ones- Surf Rider,D25C33E66034490AD0BC9527E8647BDE035004F758
[Rocksmith 2014 Edition],2017/06/06,30,2.99,2,The Pyramids- Penetration,52E442F5C1FFD943E2CEED07D65E0BC42E9F175158
[Rocksmith 2014 Edition],2018/11/20,30,9.99,9,Christmas Classics Song Pack,9C3AFEE0219E28CCD3EEC85FDE390C7F0ED25EA458
[Rocksmith 2014 Edition],2018/12/11,30,2.99,5,Five Finger Death Punch - The Bleeding,7EB7E2882BE58D02514FD049C74F7AAED22F13CC58
[Rocksmith 2014 Edition],2018/02/27,30,2.99,4,Joe South - Games People Play,341ADE097067D6E0054BBEE7D10B7D3AD76F0ABF58
[Rocksmith 2014 Edition],2018/02/13,30,2.99,6,Trivium - In Waves,D6293E725422FA1B9692C1F793FFFD232D942CFC58
[Rocksmith 2014 Edition],2018/05/22,30,2.99,6,Darkthrone - Transilvanian Hunger,E16C3248EFDE5A70D60E4FEC44A41AC40676818558
[Rocksmith 2014 Edition],2017/10/03,30,2.99,4,Four Tops - Reach Out I'll Be There,6FBAB95C30575D521306B51975F1445CDE39390058
[Rocksmith 2014 Edition],2018/12/18,30,2.99,5,The Rolling Stones - Gimme Shelter,8A8D6BD04BA157FDDC142D9B470BB7FAB692648458
[Rocksmith 2014 Edition],2019/04/23,30,7.99,16,2000s Mix Song Pack VI,B17EC6EB14E518AD045F2B7B3681C51D51DCA4B758
[Rocksmith 2014 Edition],2019/10/01,30,2.99,4,Amaranthe - Drop Dead Cynical,1DE92AEFFC8E008888401F7E54F47D8EF2E6EC9858
[Rocksmith 2014 Edition],2018/11/13,30,2.99,5,White Zombie - More Human Than Human,C08C4F355614A710CDF39C1D07BBD2D95BD15F1658
[Rocksmith 2014 Edition],2017/09/12,30,2.99,4,Huey Lewis & The News- Hip To Be Square,1812A90DAF51A08AC97BE8262D01CED93433883958
[Rocksmith 2014 Edition],2018/10/23,30,2.99,4,a-ha - Take On Me,41EFFFDF00089D2A8B72BE6D784F7F5C6047525F58
[Rocksmith 2014 Edition],2020/03/24,30,7.99,13,Janis Joplin Song Pack,A96483295CC31B376405446784773BCA12C08C8A58
[Rocksmith 2014 Edition],2016/11/01,30,2.99,5,Steel Panther - Eyes of a Panther,DD2EB40DDFD58FAAC7A6BD0585483385889C656D58
[Rocksmith 2014 Edition],2019/06/25,30,2.99,3,Tegan and Sara - Walking with a Ghost,D18DA6C322E36EC8CCB78B6CB0FDFE8E296068DA58
[Rocksmith 2014 Edition],2019/10/22,30,2.99,6,Indigo Girls - Power of Two,ECF6FDCDEBE56808DAD4B377224AC5719C843FF758
[Rocksmith 2014 Edition],2016/10/18,30,2.99,12,Yes - Starship Trooper,94AC23543D959B75F732B6672806ACD7C97DDE4758
[Rocksmith 2014 Edition],2018/02/13,30,2.99,4,Trivium - Built to Fall,D9B7FB9F26F95BE71AE9634D3E0DF4BA5B791F6958
[Rocksmith 2014 Edition],2018/11/06,30,2.99,3,Queen - We Will Rock You,9342E7CD13E9B860360B05A51A3AB170F046883058
[Rocksmith 2014 Edition],2017/01/03,30,2.99,6,U2 - Where the Streets Have No Name,2C8CE5670EDFC817AB4ED130EBB331D43588650958
[Rocksmith 2014 Edition],2016/12/06,30,2.99,5,The Fall of Troy- F.C.P.R.E.M.I.X.,006194D33326B9465511DC7FB54DF0DD7EF2644358
[Rocksmith 2014 Edition],2016/11/29,30,2.99,5,Third Eye Blind - Semi-Charmed Life,0F67AAFB78504EF5D00243F4BAD74B8DD32D1DC158
[Rocksmith 2014 Edition],2018/07/10,30,2.99,4,Run-D.M.C. - It's Tricky,44518CEAAF1E3DEB00C79B5EFB8890A88EA3607158
[Rocksmith 2014 Edition],2018/10/09,30,2.99,3,The Beach Boys - Surfin' Safari,B267F12763A0AA5F87F13474ADA6911B75B3483C58
[Rocksmith 2014 Edition],2018/02/06,30,2.99,5,Lady Gaga - Bad Romance,51239652063D51F184A32FEF7381ED947F1531EF58
[Rocksmith 2014 Edition],2018/12/04,30,2.99,4,Alice Cooper - Billion Dollar Babies,F7B198FC83A169C324935AA1D6B6091344C57F0458
[Rocksmith 2014 Edition],2017/06/20,30,9.99,16,Variety Song Pack X,0B7B83A9C49BCCF503085B07C07A063670B9245F58
[Rocksmith 2014 Edition],2019/12/03,30,2.99,3,Weezer - Pork and Beans,A9E3B969763AD75B087504E6955E91448218FBB258
[Rocksmith 2014 Edition],2016/10/11,30,2.99,4,The Fray - How to Save a Life,593C79F33192140CA68EF04A6A1CF79FE7D1C0BC58
[Rocksmith 2014 Edition],2019/12/17,30,2.99,6,Aerosmith - Crazy,B5C76D2C7193F4845DC0A7C333B6A476D439F02958
[Rocksmith 2014 Edition],2020/01/14,30,7.99,14,John Mellencamp Song Pack,26EF58A2A92E3D95DCA40FC349F34369EEABFE7658
[Rocksmith 2014 Edition],2018/07/03,30,2.99,4,Steve Miller Band- Jungle Love,BE95002EC715797EDEA9C8AAA5B65AB1FA12EA8658
[Rocksmith 2014 Edition],2018/03/27,30,2.99,5,The Cardigans - My Favourite Game,26FE526B2B20126E70AEEFB7B8EE28BFA46866B358
[Rocksmith 2014 Edition],2018/08/14,30,2.99,8,Wes Montgomery - West Coast Blues,66BB2A66B7BA1943270790CE4C17EAC60B57733258
[Rocksmith 2014 Edition],2019/08/27,30,2.99,4,Orianthi - According to You,7B1E1BD25544F8FFC0F185506894A372FD54F7BF58
[Rocksmith 2014 Edition],2017/02/07,30,2.99,5,Simple Minds- Don't You (Forget About Me),49B01A32A44CE09133DB23BF09A5662745F279A458
[Rocksmith 2014 Edition],2016/10/25,30,9.99,18,Zombie Song Pack,96CA75B0049FA32174CF8029396F925DC903253E58
[Rocksmith 2014 Edition],2018/11/13,30,9.99,21,Variety Song Pack XIX,910E53342799E8E8EFDDCEC0C5D63AF4DA694BE858
[Rocksmith 2014 Edition],2019/07/16,30,2.99,6,Aranbee Pop Symphony Orchestra - Bittersweet Symphony,D97D5E95224D662051481312C522871A60CCF38A58
[Rocksmith 2014 Edition],2018/06/12,30,2.99,4,Theory of a Deadman - Bad Girlfriend,741793F3E6FFC5B5BE972A9D1464549117029FC258
[Rocksmith 2014 Edition],2020/02/18,30,7.99,12,Riot Grrrl Song Pack,905E722CE147014ED79D08AAFDC50D0E0F48ED8058
[Rocksmith 2014 Edition],2018/02/27,30,2.99,5,Deep Purple - Hush,BD306C52876033AB8C2190B2A189C027F7706BEB58
[Rocksmith 2014 Edition],2017/05/09,30,2.99,5,Sheryl Crow - If It Makes You Happy,DC462B3B46986B9CDDCA87EC2ADBE11A7083923E58
[Rocksmith 2014 Edition],2017/01/31,30,2.99,4,Evanescence- Everybody's Fool,EB9A23F03205F5BF582ED2F121E9BAD4865F0E7258
[Rocksmith 2014 Edition],2016/11/15,30,2.99,6,Stevie Ray Vaughan & Double Trouble - Texas Flood,9F21AD6BD49E5D0B241822E0FEB644A50DDA19D458
[Rocksmith 2014 Edition],2016/11/01,30,9.99,16,Variety Song Pack V,094728FB84AB267D596F00B7BDCA0980F7808D1B58
[Rocksmith 2014 Edition],2017/08/29,30,2.99,5,Escape The Fate - War Is Ours (The Guillotine II),624AD37030DED3F41565E39B4549004D60E32DC758
[Rocksmith 2014 Edition],2017/02/14,30,2.99,4,Coldplay - Viva La Vida,E259F941E2295845F2AEEF1C3B653C1F07419D0758
[Rocksmith 2014 Edition],2017/04/04,30,2.99,3,Pearl Jam - Last Exit,5E08481E76BFCC37DC1BF99F14834B779AED110758
[Rocksmith 2014 Edition],2019/08/20,30,2.99,4,Bloodhound Gang - Foxtrot Uniform Charlie Kilo,47CCAF29B0C80D4795C75A945EF6F7413EC07BD458
[Rocksmith 2014 Edition],2018/01/23,30,2.99,4,Mumford & Sons - Little Lion Man,D4BC1E09D2E6FB93B28978557EE8E5E70499A55258
[Rocksmith 2014 Edition],2019/08/06,30,2.99,4,Jim Johnston - I Won't Do What You Tell Me (Stone Cold Steve Austin),1368D73D90EADBAD79CF95A287C0C771A35612C258
[Rocksmith 2014 Edition],2020/01/28,30,2.99,6,"Great White - Once Bitten, Twice Shy",B749A0479706C02026191E580AAAA3E264EA4C9558
[Rocksmith 2014 Edition],2017/12/19,30,2.99,3,Johnny Cash - Cry! Cry! Cry!,D8A16D8BF48D41597A06F536F0F9E040234617EA58
[Rocksmith 2014 Edition],2018/08/21,30,2.99,4,Silverstein - My Heroine,2CCF810455C77D517B0CA1C928F008BB50BD72DA58
[Rocksmith 2014 Edition],2019/01/15,30,2.99,4,Paramore - Misery Business,3CEC2CA085E1241E924691C2CECB9C5F4DD5684358
[Rocksmith 2014 Edition],2019/01/08,30,2.99,4,Chuck Berry - You Never Can Tell,B1210BF9556639C5FCC6BFC05CEABF62D965573158
[Rocksmith 2014 Edition],2018/09/25,30,7.99,15,2010s Mix Song Pack V,AAE299A19D5D83021D4F160A4403FA2AA8A599D458
[Rocksmith 2014 Edition],2019/03/19,30,2.99,4,The Hollies - Long Cool Woman (In a Black Dress),355DF3235A593AE6C9A785BA575B442AF7412A2F58
[Rocksmith 2014 Edition],2020/03/10,30,2.99,5,Sixx:A.M. - Stars,B6F95BAD434A1787DFA6F475E752925140D9C96558
[Rocksmith 2014 Edition],2017/11/28,30,2.99,5,Trans-Siberian Orchestra - A Mad Russian's Christmas,B16EF1A3DD0E63B186878B9E173E4257E14893ED58
[Rocksmith 2014 Edition],2017/01/10,30,2.99,4,The Mamas & The Papas - California Dreamin',97B6C6568FC39C50B56B5393712C1BD117CA488158
[Rocksmith 2014 Edition],2019/02/05,30,2.99,4,Green Day - When I Come Around,98EB80808258ED21F5F60CC03087A4D6A62EE9DC58
[Rocksmith 2014 Edition],2019/02/05,30,7.99,13,90s Mix Song Pack VI,99A14F8F6A148DCAF65C4D0D5521375C9E2E760658
[Rocksmith 2014 Edition],2020/03/24,30,2.99,5,Janis Joplin - Me and Bobby McGee,EC1D0DB495708817F641EFBE05E35AD80F8DA02358
[Rocksmith 2014 Edition],2019/01/29,30,2.99,5,Queen - I Want to Break Free,559E34EDDA80CA7F741861B5E46AF68D60212D8058
[Rocksmith 2014 Edition],2017/08/29,30,2.99,6,Bombay Bicycle Club - Your Eyes,48EDF924901076E2D5EA33F4D0EA2A1B33FD341A58
[Rocksmith 2014 Edition],2019/04/02,30,2.99,6,Roxette - It Must Have Been Love,7C38CA67165B53166D5770203A0F7E87415E35FB58
[Rocksmith 2014 Edition],2019/12/03,30,7.99,12,Weezer Song Pack II,1EEB2B948C7149436E940F77592F225B35E69C4158
[Rocksmith 2014 Edition],2017/10/17,30,2.99,6,Bachman-Turner Overdrive - Takin' Care of Business,FF80D608E90D80E4D4DEFBADE5D60A684FCAE18558
[Rocksmith 2014 Edition],2018/07/17,30,2.99,2,Duane Eddy - Rebel Rouser,1A241576A9A181327FF6178474313ED8CF406A8458
[Rocksmith 2014 Edition],2018/08/07,30,2.99,3,Greta Van Fleet - Highway Tune,CEE12280DB579EC67EF12B94ACB13BEDE233637958
[Rocksmith 2014 Edition],2020/03/31,30,2.99,14,Opeth - Blackwater Park,4C08A50D48A81A33A22699CCD3AD0913D9780BB358
[Rocksmith 2014 Edition],2017/01/17,30,2.99,4,blink-182 - First Date,C3E6D867496241F1042985EA947B5E158344DF6B58
[Rocksmith 2014 Edition],2019/06/11,30,2.99,7,Trivium - Pull Harder on the Strings of Your Martyr,9AFA2275E8CAB8E636510E73B34D803F8C32DEE858
[Rocksmith 2014 Edition],2018/05/08,30,2.99,5,"Earth, Wind & Fire - Let's Groove",49B76CED330E286A9CE7090B0CBD23C5F1E3FFB858
[Rocksmith 2014 Edition],2016/10/25,30,2.99,4,Rob Zombie - Dragula,953CDDE90985006518B51023873FCE05BD99B53558
[Rocksmith 2014 Edition],2018/01/09,30,2.99,5,Paramore - Brick by Boring Brick,179A440F1841598F80DDE6995ABE252C7FBA2C7258
[Rocksmith 2014 Edition],2017/08/22,30,7.99,13,Airbourne Song Pack,CC9A901540DBEE88B823E728BC263AB64F9F282458
[Rocksmith 2014 Edition],2017/03/07,30,2.99,4,Avril Lavigne - I'm with You,E6C5328D7B395EC7BC55E01B1BBB7FCBD113601458
[Rocksmith 2014 Edition],2018/11/06,30,9.99,15,Queen Song Pack II,324804D527C38313D1D51347A3769C489542DEC358
[Rocksmith 2014 Edition],2017/01/03,30,2.99,5,U2 - Sunday Bloody Sunday,A47CC6100B12A150B32868EBF6185F25E4D3D5B258
[Rocksmith 2014 Edition],2018/07/17,30,2.99,8,Pantera - This Love,32DDC3D2CE6E88DF197744CC0DF15BF0B22FF90358
[Rocksmith 2014 Edition],2017/10/17,30,2.99,6,Bachman-Turner Overdrive - Let It Ride,AB8EB367A659E877CFE902CA3547F0D5D260F30C58
[Rocksmith 2014 Edition],2019/01/22,30,2.99,7,Thin Lizzy - Whiskey in the Jar,80743F061E54CEF18B058847929E4956E2F6AD1158
[Rocksmith 2014 Edition],2019/12/10,30,7.99,13,ABBA Song Pack,429AFAB4216F32579739D68A7436760987299E7558
[Rocksmith 2014 Edition],2017/05/23,30,2.99,5,REO Speedwagon- Take It on the Run,0329E9CFDB4B64C8BA27AA4C70A1914E5B6A798F58
[Rocksmith 2014 Edition],2018/02/20,30,2.99,6,Soul Asylum - Runaway Train,0A0A6AADD2AC41BBB221C3F62E01EFD454E177AC58
[Rocksmith 2014 Edition],2017/12/12,30,2.99,5,Alice in Chains - No Excuses,FBBC77608296DF3A122B726F9BD69978EB2D3CB158
[Rocksmith 2014 Edition],2019/03/12,30,2.99,5,Night Ranger - Sister Christian,E7B5108D186CBF21F95C462A0AE85DD07CABCE5158
[Rocksmith 2014 Edition],2018/07/03,30,2.99,6,George Thorogood - Who Do You Love?,98A72649E5BB2887ED74FA0E2FF5E9EC83BBA0D658
[Rocksmith 2014 Edition],2017/01/10,30,2.99,3,Booker T. & The M.G.'s - Green Onions,F803B1FE726E372C2B76B14AB11B6CF66C94717858
[Rocksmith 2014 Edition],2017/07/05,30,2.99,8,Peter Frampton- Do You Feel Like We Do,9CC54CAE7165B3017982A16F4FAFF9D443FA706C58
[Rocksmith 2014 Edition],2017/02/07,30,7.99,13,80s Mix Song Pack II,B3114CA4FA8B12AC6F7392581137A910B7D42C4E58
[Rocksmith 2014 Edition],2020/01/21,30,7.99,14,HAIM Song Pack,FC33E2DB03FD16859AC36091DB3EBD60910C7C3E58
[Rocksmith 2014 Edition],2019/08/06,30,2.99,3,Jim Johnston - Electrifying (The Rock),D777C2D2109156287F7F6D2BB911B4AA1437958D58
[Rocksmith 2014 Edition],2017/05/02,30,2.99,3,Marvin Gaye & Tammi Terrell - Ain't No Mountain High Enough,BCE1F44E479EE4CD4924187B1363F56AFF1326E458
[Rocksmith 2014 Edition],2018/06/26,30,2.99,4,Joan Jett & the Blackhearts - Crimson & Clover,53D3F41DA23805670E5E3BEECA6C0C026BC47B4C58
[Rocksmith 2014 Edition],2019/11/19,30,2.99,4,Shuggie Otis - Bootie Cooler,A970179E325A15E824420468A59EF6AF5120B67158
[Rocksmith 2014 Edition],2017/11/14,30,2.99,4,The Pretenders - I'll Stand by You,C87B4324096FE4F53EA9134BBD9202A8BCBA96F758
[Rocksmith 2014 Edition],2017/10/17,30,2.99,5,Bachman-Turner Overdrive - You Ain't Seen Nothing Yet,D0B5BE29A69FD755D1EE130F18CDA8D4ACF85B1D58
[Rocksmith 2014 Edition],2017/02/28,30,9.99,21,Variety Song Pack VIII,15BD7EBEF6C76AB1AA82CB27FB4A791BF2F6069658
[Rocksmith 2014 Edition],2018/04/10,30,2.99,5,Pure Prairie League - Amie,A5C9F455BEEE75D53039451DD093EE39D546F7FB58
[Rocksmith 2014 Edition],2017/02/14,30,2.99,6,Coldplay - Clocks,B27D58FCF7805C0E29A04B8CEED48B38583A9EED58
[Rocksmith 2014 Edition],2016/10/25,30,2.99,4,Rob Zombie - Superbeast,DDB2BC7F482C9361AEB08AC274DF36664FCF6DE058
[Rocksmith 2014 Edition],2018/03/27,30,2.99,4,The Cardigans - Erase/Rewind,A1DB94CDFC1B6A0B93F256C2E6510DBA9B573F2658
[Rocksmith 2014 Edition],2018/04/03,30,2.99,5,Dethklok - Murmaider,259AAEAC0A5AE1471661CBE8E0B4C2C97FD3757358
[Rocksmith 2014 Edition],2018/01/09,30,2.99,4,Paramore - crushcrushcrush,DCD232B674DA6150F48E6E25801E461C0B03462458
[Rocksmith 2014 Edition],2019/03/12,30,2.99,5,Night Ranger - (You Can Still) Rock in America,D108FD9BEEC3526C48E4D384170E181B9F7640A958
[Rocksmith 2014 Edition],2018/05/29,30,2.99,3,Norah Jones - Come Away with Me,F2484CA99327CE18446209BEF660E1CAD6EDF46A58
[Rocksmith 2014 Edition],2017/12/19,30,21.99,32,Johnny Cash Song Pack (I-II),549FC6FAD9D2BD126145DD2A0EBA17FB55FA843A58
[Rocksmith 2014 Edition],2017/06/20,30,2.99,4,Jace Everett - Bad Things,DBCA3A2C73F909E508EC76E84C49A2BF9971F94E58
[Rocksmith 2014 Edition],2017/03/21,30,2.99,5,Skid Row - Monkey Business,90713F3026227328437ED335ABF7122DA0D02BD658
[Rocksmith 2014 Edition],2019/01/29,30,2.99,5,Queen - Hammer to Fall,B5ACEFE73FEC46B062D6EE10E61F36332A474FF558
[Rocksmith 2014 Edition],2020/01/14,30,2.99,4,John Mellencamp - Small Town,193B3726B65C6010711EC76BB3474B15BBDF21DE58
[Rocksmith 2014 Edition],2017/03/21,30,2.99,4,Skid Row - Youth Gone Wild,4C58452487A39AF21D201C382C6BC2DF249F9AB758
[Rocksmith 2014 Edition],2016/12/20,30,2.99,5,Green Day - Wake Me Up When September Ends,E0A9744A5547C05132ECF81C83485702B3E5550758
[Rocksmith 2014 Edition],2017/10/24,30,2.99,10,DragonForce - Through the Fire and Flames,F13702A29D028106B1E8ACD493CEB25FC109DB6858
[Rocksmith 2014 Edition],2017/01/10,30,2.99,2,Jefferson Airplane - Somebody to Love,D90608E3E68AD26802FE52977FEAA92401D530CE58
[Rocksmith 2014 Edition],2019/10/01,30,7.99,13,Amaranthe Song Pack,79E01DB32DC077FFF2C4428E347340A7C3EECF1B58
[Rocksmith 2014 Edition],2016/11/01,30,2.99,4,Iggy and the Stooges - Search and Destroy,83CAFCFAB59F323A277BDEB164C0412E6A27256F58
[Rocksmith 2014 Edition],2017/08/01,30,7.99,11,The Monkees Song Pack,C3CB3342CB84590F0BDA026BA39C8CB9E279A99358
[Rocksmith 2014 Edition],2018/03/13,30,2.99,4,Kaiser Chiefs - Ruby,C86AA0639DCAB65955C29C3DCD681C22DAB77C4758
[Rocksmith 2014 Edition],2019/05/14,30,2.99,4,P.O.D. - Boom,7A90D922E9F55E59938184E2E6C0A88249A86AEB58
[Rocksmith 2014 Edition],2019/01/15,30,2.99,4,Paramore - Rose-Colored Boy,44DE48C233E101F63D176682E46ADB0031E5B3C558
[Rocksmith 2014 Edition],2016/10/11,30,7.99,14,2000s Mix Song Pack II,E5B608E99AC67B473EB1E6BC1F8A05F9D49FEE5958
[Rocksmith 2014 Edition],2016/12/20,30,11.99,24,Green Day Song Pack II,E31D6A9293B13293F1E464F96FB20A438229480258
[Rocksmith 2014 Edition],2019/08/20,30,7.99,11,Bloodhound Gang Song Pack,C6998C9988C30FA9B98D9B04A71B26619D02469058
[Rocksmith 2014 Edition],2016/11/08,30,2.99,5,Robert Palmer - Addicted to Love,1D18D140E2A5D809B4A1FE5043309A661FB54F5958
[Rocksmith 2014 Edition],2019/04/30,30,2.99,4,Greta Van Fleet - When the Curtain Falls,BF5A08C80DFE9766E206CBDFF56EA321B016329858
[Rocksmith 2014 Edition],2016/11/29,30,2.99,6,Third Eye Blind - Jumper,B309F27A28CF5397CBB419061555F4E92201790558
[Rocksmith 2014 Edition],2017/03/28,30,2.99,4,Lagwagon - May 16,7C91C5345CDCF3EB49F760995D6508512671880C58
[Rocksmith 2014 Edition],2018/02/20,30,2.99,5,Billy Joel - Only the Good Die Young,7AF496C00C3CB21776DCCC090C909BA81013BD7958
[Rocksmith 2014 Edition],2017/06/13,30,2.99,5,Live - All Over You,0EBD700251EE91639D064665CD0609F9C7568F1858
[Rocksmith 2014 Edition],2019/10/22,30,7.99,17,Indigo Girls Song Pack,47F2C1CADC338AFD9331B0261D771EEB97B6AF2D58
[Rocksmith 2014 Edition],2018/08/21,30,2.99,4,Silverstein - Bleeds No More,70E90DCB6396BA1CBFCCCDD3D2BDBF40F4998B9958
[Rocksmith 2014 Edition],2019/12/10,30,2.99,4,ABBA - Fernando,A88A97757C97CF02584C0F8AA3C5FBC6BE69AC4558
[Rocksmith 2014 Edition],2017/06/13,30,2.99,4,Live - Selling the Drama,13E50633C26E0D4B32A47571F010628854E1D42A58
[Rocksmith 2014 Edition],2018/08/28,30,9.99,19,Variety Song Pack XVII,3BD797E2772D91C2010F3E452B2F41053CAA93C658
[Rocksmith 2014 Edition],2016/11/22,30,7.99,14,2010s Mix Song Pack II,1C79C80DE8165C6D8EF82A5A3CB9BDE40158D54758
[Rocksmith 2014 Edition],2019/07/23,30,2.99,5,Manic Street Preachers - If You Tolerate This Your Children Will Be Next,76E272D92D6578C6FB5E37EFD17A84BBF71F8F5D58
[Rocksmith 2014 Edition],2017/10/03,30,9.99,13,Four Tops Song Pack,1E5C9336AAF7FEB336CA32CB41CCDB25BC2A34D858
[Rocksmith 2014 Edition],2018/06/19,30,7.99,16,Radiohead Song Pack II,434E069D663C7B0F7D092D1121041564D3E6843458
[Rocksmith 2014 Edition],2018/05/08,30,2.99,5,Billy Squier - Lonely is the Night,FC9BC0C2448FD263496000AD946ACDE29931DFB958
[Rocksmith 2014 Edition],2018/11/27,30,2.99,4,Jimmy Eat World - The Middle,A80F5F00CD32FC03EE0FB30365E0ED4AAD17E63F58
[Rocksmith 2014 Edition],2018/03/20,30,2.99,4,Two Door Cinema Club - What You Know,35254568DC16CBEEB16A94A6A409DEA9C9B6284458
[Rocksmith 2014 Edition],2019/04/02,30,2.99,5,Roxette - The Look,55BCAC8B5CD9053A08F42B8D64304D2CF904B46958
[Rocksmith 2014 Edition],2016/12/20,30,2.99,4,Green Day - Longview,C88A6FCA312D033439FEAD3BB383167179AD1FA358
[Rocksmith 2014 Edition],2019/01/08,30,2.99,3,Chuck Berry - Johnny B. Goode,C148878E1E43D7D1CB4D77C2626450DB247F173958
[Rocksmith 2014 Edition],2017/04/04,30,2.99,6,Pearl Jam - Even Flow,C678014DDA22FD754BF57A86082715E357CC5BC158
[Rocksmith 2014 Edition],2019/04/09,30,2.99,4,Cat Stevens - Morning Has Broken,D435930C4CC772D2669A6845CB70E490C7CDD23258
[Rocksmith 2014 Edition],2017/03/14,30,2.99,4,Hole - Violet,9185A35379F0BFF91555CF27A95AC1D4A8F8786A58
[Rocksmith 2014 Edition],2018/05/01,30,2.99,4,KT Tunstall - Other Side of the World,8ADF149EADF1BA01CCFD9FB6DB1813707BE1E0F058
[Rocksmith 2014 Edition],2019/08/20,30,2.99,5,Bloodhound Gang - The Bad Touch,E4B0BD464D467ACD7B78B20BA0D0FD61BCD71FB958
[Rocksmith 2014 Edition],2017/03/28,30,2.99,4,Goldfinger- Superman,7A6957E8B3366FB1DEB86A1EB0FCB76B31E0C67058
[Rocksmith 2014 Edition],2019/07/09,30,2.99,5,The Pretty Reckless - Going to Hell,B77E518B1EC71DDE3A9F4CD0DBB9C896B2E9D21958
[Rocksmith 2014 Edition],2019/07/23,30,7.99,17,Manic Street Preachers Song Pack,ACA96A1ED20FA3901A5EBE8D4C942B76F0F1A31E58
[Rocksmith 2014 Edition],2020/02/04,30,7.99,16,Stevie Wonder Song Pack,A526417EF649DE3CFD082456D40154F2C85A529558
[Rocksmith 2014 Edition],2017/10/17,30,7.99,16,Bachman-Turner Overdrive Song Pack,0C133E6F644519345F33FCE04590BAF3FBD057C058
[Rocksmith 2014 Edition],2017/11/28,30,11.99,22,Trans-Siberian Orchestra  Song Pack,F3D2886199E279A994E88658E6B6A015CDB6071658
[Rocksmith 2014 Edition],2018/04/17,30,7.99,14,Stereophonics Song Pack,5BA479A2F5E749E5DE7ECDE5A8563BCC459C020658
[Rocksmith 2014 Edition],2019/03/26,30,7.99,17,Radiohead Song Pack III,379D979D41A05B69619144E6BE53A13D869F786458
[Rocksmith 2014 Edition],2016/10/18,30,2.99,13,Yes - Heart of the Sunrise,64B20071D871C0DF26D0B6DAC84DCE5078DE499E58
[Rocksmith 2014 Edition],2018/02/20,30,9.99,20,Variety Song Pack XIII,331C350072646F59908C7903CE97CFCE50072F8258
[Rocksmith 2014 Edition],2018/02/13,30,7.99,17,Trivium Song Pack,D38D32B98C89F2A5F82B4E9D8154B1D1981D29A358
[Rocksmith 2014 Edition],2017/05/02,30,2.99,6,David Bowie - Moonage Daydream,B46076441F62AA628B3FE211F55CD980F26B801658
[Rocksmith 2014 Edition],2020/02/18,30,2.99,5,L7 - Pretend We're Dead,574AD1CDD04E359CDC12CF435F3028182652295258
[Rocksmith 2014 Edition],2019/01/22,30,2.99,2,Les Paul & Mary Ford - On the Sunny Side of the Street,672A19CFD4881A4A56A12312E46B7B041FE613C658
[Rocksmith 2014 Edition],2020/03/10,30,2.99,5,Sixx:A.M. - Life Is Beautiful,A3F34222AA784ABBC2D9F847E69E9772B909DCBC58
[Rocksmith 2014 Edition],2017/03/07,30,2.99,5,Avril Lavigne - My Happy Ending,9104287FECC2410313CE5635F7916D164B5F7B3358
[Rocksmith 2014 Edition],2019/08/27,30,7.99,11,Women Who Rock Song Pack II,02A819FC7EA033052796C63BD8B6DF702E80592E58
[Rocksmith 2014 Edition],2019/01/22,30,2.99,5,Deep Blue Something - Breakfast at Tiffany's,CF26EA5374F354F8C102C482852BA56154260DAB58
[Rocksmith 2014 Edition],2017/05/02,30,2.99,5,Redbone - Come and Get Your Love,1EFC9453AE66B327E0C3D765B746AA350E5BD6F858
[Rocksmith 2014 Edition],2020/02/18,30,2.99,3,Sleater-Kinney - Dig Me Out,2863960322A223EFA90B76C821E7863049500E3858
[Rocksmith 2014 Edition],2016/12/20,30,2.99,3,Green Day - Good Riddance (Time of Your Life),A663EB31923498F77FFE40010462978B65E3510658
[Rocksmith 2014 Edition],2018/04/24,30,2.99,4,Veruca Salt - Volcano Girls,9CDB68AD439B52A66BBE05E06358A1D019AE60E658
[Rocksmith 2014 Edition],2017/10/31,30,2.99,5,Amon Amarth - Guardians of Asgaard,10262071B6770B4EB3C428B0122C4B1A7F79D10058
[Rocksmith 2014 Edition],2017/03/14,30,7.99,14,90s Mix Song Pack II,A5D3ED8F42BDB1E088E2A26336E7B9940D11E80958
[Rocksmith 2014 Edition],2020/03/17,30,2.99,7,George Benson - Breezin',2E9D337D07759F2B670395702BB9F18A0109E50458
[Rocksmith 2014 Edition],2017/06/27,30,2.99,5,Alabama Shakes - Always Alright,C26AC4C6E9935E5D0D7DE43FF8D6C3FC17C5F05558
[Rocksmith 2014 Edition],2019/03/05,30,2.99,4,Heart - What About Love,72285CC4C5FC4CCFC64761F19DD98FF748F1368958
[Rocksmith 2014 Edition],2019/10/08,30,4.99,45,"Rocksmith Intermediate Exercises, Vol. 2",B2CA3CE63A266767DE155A3211CA30307135746958
[Rocksmith 2014 Edition],2019/11/19,30,7.99,11,Blues Song Pack III,B8B8C7E9E836EA9BEF6BFFFC87D403E9A7687FE858
[Rocksmith 2014 Edition],2017/05/02,30,2.99,4,Raspberries - Go All the Way,9465A4C53949CE6CA46324A064543644CDBCF2FE58
[Rocksmith 2014 Edition],2017/12/12,30,2.99,4,Alice in Chains - Nutshell,7A2EEDD36CE96F5F29539F5E1F5AF656FF77928758
[Rocksmith 2014 Edition],2017/05/16,30,2.99,5,Grateful Dead - Sugar Magnolia,0D7D3CC0CFAA7F8650E0113B942B3F29AF96FAF658
[Rocksmith 2014 Edition],2018/10/09,30,2.99,5,blink-182 - Stay Together for the Kids,BE4C444839B475FE7CC3309940120A85E76221DD58
[Rocksmith 2014 Edition],2017/02/21,30,7.99,12,Beastie Boys Song Pack,756DB1580E46D792E62E2AA285F0073E3E476EBB58
[Rocksmith 2014 Edition],2019/06/18,30,2.99,4,Joan Jett & the Blackhearts - Louie Louie,C3504AC5D2A5036E99F05901BD372D1300BB9A4058
[Rocksmith 2014 Edition],2017/02/14,30,13.99,30,Coldplay Song Pack,74924C14A74CD9214DFE9ED5740E21CC269ABD0758
[Rocksmith 2014 Edition],2017/10/10,30,7.99,15,2000s Mix Song Pack III,F2E23E0E0E8DC41AD39F27AD87DD07CEE9EBA0F058
[Rocksmith 2014 Edition],2018/11/13,30,2.99,4,The Meters - Cissy Strut,C8085F8A910EA30A11EF647D0401B83986C9889958
[Rocksmith 2014 Edition],2017/07/11,30,2.99,3,The Strokes - 12:51,8FA0D92E239F85A0CA9626B0BE10E1125662843558
[Rocksmith 2014 Edition],2017/07/18,30,2.99,5,Spin Doctors- Little Miss Can't Be Wrong,F8400D0E88EF2BD4E33741AB4CEA5A0DD1F0AF7C58
[Rocksmith 2014 Edition],2019/06/11,30,2.99,8,Trivium - A Gunshot to the Head of Trepidation,0A1E6FBA62B1B8D435476DE0E7405D94AD18251158
[Rocksmith 2014 Edition],2019/03/26,30,2.99,5,Radiohead - Fake Plastic Trees,0BA21CF35BF900313154084DA5A6E23655C91C9A58
[Rocksmith 2014 Edition],2016/11/01,30,2.99,4,Panic! at the Disco - The Ballad of Mona Lisa,173FE3710FB759F5A10E5612919A0A0866F81B8E58
[Rocksmith 2014 Edition],2018/02/13,30,2.99,6,Trivium - Strife,5DC8B387319B695B400003BC353ABFFA029994B358
[Rocksmith 2014 Edition],2018/08/14,30,7.99,19,Blues Song Pack II,C4600C07F85ED5B65DE2FD2AB48CD6DA8FA37FDD58
[Rocksmith 2014 Edition],2018/10/16,30,2.99,4,Brad Paisley - Mud on the Tires,1C2775195BF0CE791F3BB1D9DB4561F8D049C9DC58
[Rocksmith 2014 Edition],2020/02/25,30,7.99,14,Sevendust Song Pack,288B9891AC03FCFC89CA2B7FD0B3BE273A1A3F9E58
[Rocksmith 2014 Edition],2018/01/16,30,11.99,29,Green Day Song Pack III,FBDEDF28CCB0690BD303FED7C44866A6067A104258
[Rocksmith 2014 Edition],2020/02/25,30,2.99,5,Sevendust - Black,22FAA0D04464B831E698D3AFAB4AAF7E91B8220258
[Rocksmith 2014 Edition],2016/11/22,30,2.99,5,Black Veil Brides - In the End,E4C5E6C2092AC8220576546FFB04C8F8A176B8A058
[Rocksmith 2014 Edition],2019/04/30,30,7.99,14,Greta Van Fleet Song Pack II,1421AAB577AD16321B80B9041ABB0C2895F2257F58
[Rocksmith 2014 Edition],2017/04/04,30,2.99,4,Pearl Jam - Do the Evolution,BA8C5714A77A436BB21810C5581CB41784357DB858
[Rocksmith 2014 Edition],2016/10/04,30,2.99,5,Elvis Presley - Suspicious Minds,71271817DBE6A952A0CD8744E2F838A681EAB72B58
[Rocksmith 2014 Edition],2017/12/05,30,2.99,4,Steve Miller Band - Fly Like an Eagle,AE65783045798D707CED53F27E17305876D9360558
[Rocksmith 2014 Edition],2018/04/17,30,2.99,4,Stereophonics - The Bartender and the Thief,A54F1A53F22A298C55A3544816D729E3129B377058
[Rocksmith 2014 Edition],2017/12/19,30,2.99,3,Johnny Cash - Give My Love to Rose,11DE7EADE3BCDB2C3DADB1FE57E56A553E11094F58
[Rocksmith 2014 Edition],2018/02/27,30,2.99,6,The Youngbloods - Get Together,C58DECDCF247D6ED66211A58549EA35308583C0758
[Rocksmith 2014 Edition],2020/03/03,30,2.99,4,Melissa Etheridge - Come to My Window,373661EF7159992753AF7205CBE4FC5F236E26AB58
[Rocksmith 2014 Edition],2017/12/05,30,2.99,4,Steve Miller Band - The Joker,A3B6D2B298D97757AD50B8C3F75210CB2C1C0BAA58
[Rocksmith 2014 Edition],2017/06/06,30,2.99,3,The Beach Boys- Surfin' U.S.A.,63F38E0C3F2E8B6B57AF9F8753A33D6E800D0A1C58
[Rocksmith 2014 Edition],2019/12/17,30,2.99,7,Aerosmith - Love in an Elevator,5A9A9CE0765D24D99D2D0DA1CEF81DA3106CF11D58
[Rocksmith 2014 Edition],2016/12/20,30,2.99,5,Green Day - Bang Bang,A2341FE5974FB27DD939ECF5887E86B4CD07B80358
[Rocksmith 2014 Edition],2018/06/05,30,2.99,7,U2 - Bad,251C0CB5D14C76BF50C1EF34E055295E0EA6D2F558
[Rocksmith 2014 Edition],2018/10/09,30,2.99,3,Beastie Boys - Gratitude,2569190AEC839E13126DADFE26A585CFA05CA25558
[Rocksmith 2014 Edition],2018/10/30,30,2.99,7,Ghost - Cirice,67522AC452D932E33EA482E3282F5B69F74B14AA58
[Rocksmith 2014 Edition],2018/04/10,30,2.99,4,Panic! at the Disco - I Write Sins Not Tragedies,4EF69FDA3C1577C41437CCE0254F1C4ED1699EAC58
[Rocksmith 2014 Edition],2017/07/25,30,2.99,5,Marilyn Manson - Tourniquet,B2EF465187360DE4F70B8AD5739B3DFE916452CC58
[Rocksmith 2014 Edition],2017/10/31,30,2.99,5,Amon Amarth - Twilight of the Thunder God,324F26F948711808D3D6E8F3C573CF7DA27DC88958
[Rocksmith 2014 Edition],2017/06/27,30,2.99,4,Alabama Shakes - Don't Wanna Fight,45CC5AD2F6878ADDE6C91472419A168FB6B8DCCA58
[Rocksmith 2014 Edition],2018/06/05,30,2.99,5,Spacehog - In The Meantime,2D704EF8336ADB67EC95BB927F2045D41180D8DF58
[Rocksmith 2014 Edition],2019/09/17,30,7.99,12,Social Stars Song Pack,7778DB84DE582652BDC7D0AF997606BEA2C33B6858
[Rocksmith 2014 Edition],2019/03/19,30,7.99,20,70s Mix Song Pack V,5024C1E6C4806C8A740720509EF99E34D8E6158E58
[Rocksmith 2014 Edition],2017/08/22,30,2.99,4,"Airbourne - Blonde, Bad and Beautiful",9A4ED4F807BD5C3C3B136725FEC8C7E6E73FDC3A58
[Rocksmith 2014 Edition],2017/09/05,30,2.99,5,3 Doors Down - Let Me Go,E62776FF4742D6B604823513F008DB2C8A79F7F758
[Rocksmith 2014 Edition],2019/05/14,30,7.99,13,P.O.D. Song Pack,957736F99F8D8FBBE150C9451389622C20CD8DDF58
[Rocksmith 2014 Edition],2018/01/09,30,2.99,6,Paramore - The Only Exception,A1DC80B5E545AC910A41D27937EE9F9FAE5B0BC558
[Rocksmith 2014 Edition],2019/08/13,30,7.99,16,Gary Moore Song Pack,435D10140E5601745A429EAF94BA32ABC58C100958
[Rocksmith 2014 Edition],2017/02/14,30,2.99,5,Coldplay - The Scientist,5588ADCF3BE675637204920156BF2C522309078358
[Rocksmith 2014 Edition],2016/12/13,30,2.99,3,Creedence Clearwater Revival - Fortunate Son,67E1269BE3E4F37A71DDD8B20123AC63328351C358
[Rocksmith 2014 Edition],2018/05/15,30,9.99,18,Interpol Song Pack,25C825BF59934D4F72F5A528BBAC468B8F045BD158
[Rocksmith 2014 Edition],2017/12/19,30,2.99,5,Johnny Cash - Sunday Mornin' Comin' Down,3643E57E26F64DD4495985C3F1BC47836DC5164A58
[Rocksmith 2014 Edition],2020/02/25,30,2.99,5,Sevendust - Angel's Son,7407879028412441D83D5B7B7DB76640837F6C8A58
[Rocksmith 2014 Edition],2019/02/12,30,2.99,5,Sabaton - Ghost Division,4D38E1A85152D4C1D5B8E0143A570FC4E0587B7058
[Rocksmith 2014 Edition],2016/11/29,30,2.99,5,Third Eye Blind - Never Let You Go,8ED00FBC06AC58F78A2EA3B86535BB3D138C19B558
[Rocksmith 2014 Edition],2018/01/30,30,2.99,9,Jethro Tull - Aqualung,F54C78896C5CC72CCCC90434EFDA4A7129F5E6F158
[Rocksmith 2014 Edition],2020/01/28,30,7.99,20,Great White Song Pack,47DF2C2F6FA494D073BDB26494FF6EBC6022EBEA58
[Rocksmith 2014 Edition],2018/12/18,30,2.99,4,The Rolling Stones - Jumpin' Jack Flash,6240CE7F3B0E7BEB2F229B1D4C7DCA995F5319EB58
[Rocksmith 2014 Edition],2018/08/21,30,2.99,4,Silverstein - Smile in Your Sleep,587F77D96320BFF4C8FF46DF90277DD39C07302D58
[Rocksmith 2014 Edition],2016/12/13,30,7.99,9,Creedence Clearwater Revival Song Pack,F1E18C7D12AF13281466EDE82EADC3B811F6665E58
[Rocksmith 2014 Edition],2016/10/04,30,2.99,5,Train - Drops of Jupiter,5D4647A651DC6BA79DAF4F9A8C565107521C692758
[Rocksmith 2014 Edition],2018/05/29,30,2.99,3,Norah Jones - Sunrise,0DFAB22039CC885EC00271FC143AA7435544A42958
[Rocksmith 2014 Edition],2018/05/01,30,2.99,4,KT Tunstall - Suddenly I See,C661EE5AB7C44AF86D1FC8CD5CB155955507EC4958
[Rocksmith 2014 Edition],2017/11/28,30,2.99,5,Christmas Canon Rock,4187BF88D0C6F07FF6DF207DF534FBFBBEEC947A58
[Rocksmith 2014 Edition],2017/08/01,30,2.99,4,The Monkees - Pleasant Valley Sunday,9CFB0DF65B50027B436E3276DC886B8B1289225D58
[Rocksmith 2014 Edition],2020/03/24,30,2.99,4,Janis Joplin/Big Brother & The Holding Co. - Summertime,323A8C1AAEB782BE672E566D1873EB2C3D1820BE58
[Rocksmith 2014 Edition],2019/01/08,30,7.99,9,Chuck Berry Song Pack,C765ABA05983CCF46AC7DD1F64D8FBB74FA63F8C58
[Rocksmith 2014 Edition],2017/01/03,30,2.99,4,U2 - Vertigo,F742BAF2D901FAB413E764FF3F5192DB5311C80458
[Rocksmith 2014 Edition],2020/01/28,30,2.99,6,Great White - House of Broken Love,E138B11D624B9A48BB385A87F56C2CF4BE1A46AD58
[Rocksmith 2014 Edition],2019/11/19,30,2.99,4,John Lee Hooker - San Francisco,04726252B00858ACBF92A9F865EA2A80EDF9537B58
[Rocksmith 2014 Edition],2017/09/19,30,2.99,4,Thrice - Stare at the Sun,C76265D18ED960FD2E1D9EEEF1C9517BACB69CBA58
[Rocksmith 2014 Edition],2019/04/16,30,2.99,2,Wanda Jackson - Long Tall Sally,AA800C9854511E71EAEE09675787D5C28756CC5758
[Rocksmith 2014 Edition],2019/02/26,30,2.99,7,Clutch - The Regulator,FEAC0D370B1F830C0DC5C6280E28F916C0B806DA58
[Rocksmith 2014 Edition],2016/11/08,30,11.99,23,UBI30: 1986 Song Pack,5CC9FF0C66DB97A1B05A2B989861D26F8C12F14E58
[Rocksmith 2014 Edition],2017/01/24,30,2.99,3,Modern English- I Melt With You,A82A745809E1429D5FF57274D6E0F024E2CFF76C58
[Rocksmith 2014 Edition],2017/03/14,30,2.99,4,Eve 6- Inside Out,4E6E3AC37006B538FA2F3C3D5386C68A0865A79358
[Rocksmith 2014 Edition],2020/03/17,30,2.99,5,Carly Simon - You're So Vain,758C8C08E21E0EAA5768AD969B31905F6CB2A09358
[Rocksmith 2014 Edition],2016/11/15,30,2.99,6,Stevie Ray Vaughan & Double Trouble - Couldn't Stand the Weather,BC6838042A625A20420F0A1103538281232A670558
[Rocksmith 2014 Edition],2019/02/19,30,7.99,14,2000s Mix Song Pack V,F3AC800F0FB8344B93153679735180DC1D6B870958
[Rocksmith 2014 Edition],2017/12/19,30,2.99,2,Johnny Cash - Get Rhythm,ED106BA8CFD7A0C1D3B34D50516BB7775185725758
[Rocksmith 2014 Edition],2019/02/05,30,2.99,4,Stone Temple Pilots - Trippin' on a Hole in a Paper Heart,B04892D666DA36A33DC5C768EE382F88A5FB5EAF58
[Rocksmith 2014 Edition],2017/04/11,30,9.99,17,Variety Song Pack IX,34AC9425B1D5A667CCEC1171554E1F5D7C854DDD58
[Rocksmith 2014 Edition],2018/10/02,30,7.99,12,Joy Division Song Pack,95DF0FB2B6085FB58E10B30C169EE29151B9E21258
[Rocksmith 2014 Edition],2017/10/31,30,11.99,28,Amon Amarth Song Pack,EE9D56A0B244B8E31F4657F53042B3EDD6EC5F7458
[Rocksmith 2014 Edition],2017/07/11,30,2.99,4,The Strokes - You Only Live Once,D466DCD6A1743637C8D91E80B1FED3DEDF94C4E158
[Rocksmith 2014 Edition],2018/04/03,30,2.99,7,Dethklok - Black Fire Upon Us,18BE9821E600CA7B926EE6ABEFBB255EDCA3A08658
[Rocksmith 2014 Edition],2017/02/28,30,2.99,6,Candlebox - Far Behind,44BD9119D18E347EF8EE196340096A6EE9560DBF58
[Rocksmith 2014 Edition],2019/03/12,30,2.99,5,Night Ranger - Don't Tell Me You Love Me,478EA609E006D58945899A37B4064D99F723193D58
[Rocksmith 2014 Edition],2019/01/22,30,2.99,5,Wheatus - Teenage Dirtbag,F956E3332FC44677964609E8B98190E10404386958
[Rocksmith 2014 Edition],2017/09/05,30,2.99,5,3 Doors Down - It's Not My Time,A14FBA2BB146E4980716D897018179BF9C0BC06958
[Rocksmith 2014 Edition],2018/04/17,30,2.99,5,Stereophonics - Dakota,32838DE55D21F8E2EEF2C0A1C55A722AB4D1CDC758
[Rocksmith 2014 Edition],2019/08/06,30,7.99,11,Wrestling Theme Song Pack,BD4561F9EEB70283C969371F33213B6F7F00EFBC58
[Rocksmith 2014 Edition],2019/08/06,30,2.99,4,Jim Johnston - Break the Walls Down (Chris Jericho),356CA049BF4D87C9728A587DE2B12DD715A1A5E058
[Rocksmith 2014 Edition],2019/12/10,30,2.99,4,ABBA - Mamma Mia,9CB5F43293DEF34D69BB7E660405C442A697ED2058
[Rocksmith 2014 Edition],2018/02/20,30,2.99,5,George Thorogood - Bad to the Bone,91B2D1D90B6A0F109A4FE474C2E1A8D2B853DEBD58
[Rocksmith 2014 Edition],2017/03/07,30,2.99,4,Avril Lavigne - Sk8er Boi,8351AC25330F4BA227E0267480446517F88450B358
[Rocksmith 2014 Edition],2017/05/09,30,7.99,15,Sheryl Crow Song Pack,C17E2F70FC12C75036899D7D0A36AFBC49FFFA1D58
[Rocksmith 2014 Edition],2017/07/18,30,7.99,13,90s Mix Song Pack III,BE46E3201A19795CFA5D08DDEA60D5BD38738BF858
[Rocksmith 2014 Edition],2018/09/04,30,2.99,4,Kelly Clarkson - Behind these Hazel Eyes,E49F2A5BAC47C9708775B0E495915085001D5DB658
[Rocksmith 2014 Edition],2018/08/14,30,2.99,4,"John Lee Hooker - One Bourbon, One Scotch, One Beer",B967B3D6ADCF248860081FF31B0121FD8822918F58
[Rocksmith 2014 Edition],2018/09/18,30,2.99,4,Stone Sour - Bother,74E02400EAF70A24B5C55E6B150FF1180052ABA758
[Rocksmith 2014 Edition],2019/10/15,30,2.99,7,Death - Crystal Mountain,70B1D370E44B4826BA72B7C4BB3D4641F51EAA7658
[Rocksmith 2014 Edition],2017/07/18,30,2.99,5,Tom Cochrane- Life is a Highway,C3A0F7802F73F7B092BB7F8CDB54B8B9BEBF179358
[Rocksmith 2014 Edition],2018/07/10,30,7.99,16,Run-D.M.C. Song Pack,1883A3A5B513A978544D5DB47222D95637A330D258
[Rocksmith 2014 Edition],2019/10/29,30,7.99,9,The Zombies Song Pack,E442895AB7FEF606D1078072F69ECC82A49C27AE58
[Rocksmith 2014 Edition],2016/11/15,30,2.99,5,Stevie Ray Vaughan & Double Trouble - Cold Shot,B17CE2591AB059C7021D1B63102B46CC6317931258
[Rocksmith 2014 Edition],2017/07/11,30,2.99,3,The Strokes - Someday,302FA6456D2AF32B3FF15645D2AFA67004B9F85C58
[Rocksmith 2014 Edition],2019/11/26,30,2.99,4,Pat Benatar - We Belong,4ED14ED0554D2B3BA508050D46EA6AC1A5CFCE4C58
[Rocksmith 2014 Edition],2019/01/08,30,2.99,3,Chuck Berry - School Day (Ring Ring Goes The Bell),B484A436C39C657597C1B7A6A9AA1374750C8DAD58
[Rocksmith 2014 Edition],2017/12/19,30,2.99,4,Johnny Cash - Folsom Prison Blues,8EAD0C0CB35BE983BE274C62B129ADEF9F99936A58
[Rocksmith 2014 Edition],2017/03/28,30,2.99,3,Bad Religion- You,EA2686D3B74F6BF3EE81578FC00D11EF945B005758
[Rocksmith 2014 Edition],2017/11/07,30,2.99,3,NOFX - Seeing Double at the Triple Rock,A9491F899A9334ABE322D7FD6ED4350D6E564BB458
[Rocksmith 2014 Edition],2018/04/10,30,9.99,18,Variety Song Pack XIV,74C011904827BEF6588A72FCA2664B709F1405B358
[Rocksmith 2014 Edition],2019/08/20,30,2.99,3,Bloodhound Gang - The Ballad of Chasey Lain,08CBC791E6E1D1127589C4EB0F30889B6982D69C58
[Rocksmith 2014 Edition],2018/03/06,30,2.99,4,Shania Twain - You're Still the One,DF21E1FBEE508B50BE9E650D3D22DC6FD2457D5458
[Rocksmith 2014 Edition],2017/08/08,30,7.99,13,2010s Mix Song Pack III,AF3F6EED2D75F448E90A06ED30D2887F56A174B158
[Rocksmith 2014 Edition],2017/03/07,30,2.99,5,Avril Lavigne - When You're Gone,ADB5C5F85B801BF127747AEEA1AA4C99B1EC2C9758
[Rocksmith 2014 Edition],2017/01/24,30,9.99,20,Variety Song Pack VII,FBC3547D244798B491B6B534A4D2271AE70517E758
[Rocksmith 2014 Edition],2020/01/07,30,2.99,4,Chris Stapleton - Nobody to Blame,E9B0A00B357081BF56F1D314FE25430E43C4C51458
[Rocksmith 2014 Edition],2016/12/13,30,2.99,3,Creedence Clearwater Revival - Proud Mary,77E698838E8B2756FEE1317FB5FB67482627A9F258
[Rocksmith 2014 Edition],2018/04/03,30,7.99,16,Dethklok Song Pack II,8136E7E226BDA5AF1B511086C5D9DC2798430EEC58
[Rocksmith 2014 Edition],2017/09/26,30,2.99,5,Seether - Careless Whisper,F90689FDCC780268F80B024F7C71DDDB3EC69C6558
[Rocksmith 2014 Edition],2017/10/31,30,2.99,6,Amon Amarth - The Pursuit of Vikings,5AADBA122779B397A890AEE42EFEED9C8801639758
[Rocksmith 2014 Edition],2017/03/14,30,2.99,5,Tonic- If You Could Only See,7D4DB6E7359B746F04E3E0570C93666B474B939658
[Rocksmith 2014 Edition],2016/10/11,30,2.99,4,Crossfade - Cold,AB51B63C5078CF5525935EEBB65A7932FB3C46B958
[Rocksmith 2014 Edition],2018/01/30,30,2.99,7,Golden Earring- Radar Love,2AB5E1C4B13670ED6FE7183A9503B9F49B46963658
[Rocksmith 2014 Edition],2018/09/18,30,2.99,5,Stone Sour - Absolute Zero,A6F941611AF9BB261BDBB5070CE2FEBCCA0ECE5A58
[Rocksmith 2014 Edition],2017/05/16,30,2.99,6,Grateful Dead - Uncle John's Band,80CF433B76E9A9E195F4051FD6E899900099213758
[Rocksmith 2014 Edition],2019/03/26,30,2.99,6,Radiohead - Airbag,694F31B64002DA3430AB4F8CF283C94626E1924258
[Rocksmith 2014 Edition],2018/01/16,30,2.99,10,Green Day - Jesus of Suburbia,3C8B7F5AB1BE4E4D8D589AF41C026517663C06BA58
[Rocksmith 2014 Edition],2016/10/18,30,11.99,49,Yes Song Pack,07868562DF6A49495BB858574BADC9AFFDA4879558
[Rocksmith 2014 Edition],2017/01/31,30,7.99,13,Evanescence Song Pack,CBFCF9AA2C444412C788B166EBB8B472BE40ADEB58
[Rocksmith 2014 Edition],2017/08/15,30,2.99,2,Muddy Waters - Mannish Boy,E3CF68613B87C5524C4E9CE457DC42BD5FEE059358
[Rocksmith 2014 Edition],2017/03/28,30,11.99,18,Skater Rock Song Pack,D3865017E4176E917DD38EE21F06770BB2F809EB58
[Rocksmith 2014 Edition],2018/05/15,30,2.99,5,Interpol - Obstacle 1,EE4D1C4AE623CB4412DD78FA7E20838CCF2C6C9958
[Rocksmith 2014 Edition],2017/01/17,30,2.99,3,blink-182 - Feeling This,7801BCF94FC95878C3C051940BA0BB7DDB3F584558
[Rocksmith 2014 Edition],2017/10/03,30,2.99,4,Four Tops - It's the Same Old Song,BB241AA0BA85AF91251F83D1C9C42C6D544B85E858
[Rocksmith 2014 Edition],2018/09/25,30,2.99,5,Coldplay - Paradise,53859DCB8594780FF578B420EEEA484E0A7640AA58
[Rocksmith 2014 Edition],2017/06/20,30,2.99,5,Pantera - Mouth for War,F8409BE6F30608474C4EA54D66716443F548B90B58
[Rocksmith 2014 Edition],2018/04/03,30,2.99,4,Dethklok - Bloodlines,E35C16963324D9EBA03C00667DF714B4977B353158
[Rocksmith 2014 Edition],2018/07/24,30,7.99,15,Joni Mitchell Song Pack,3E488D0091186EF920B30C3A979B9426E878003958
[Rocksmith 2014 Edition],2017/04/18,30,2.99,4,Bob Marley & The Wailers - Buffalo Soldier,479B96490A04DDB2671E92355BDB657B5732EB5758
[Rocksmith 2014 Edition],2019/01/15,30,7.99,13,Paramore Song Pack II,02FC975360A3E55973A194222B4DCE5EA95AD02F58
[Rocksmith 2014 Edition],2017/06/13,30,2.99,6,Live - Lightning Crashes,F3B1B15FE237575FF22E8EED24C619D9998163DF58
[Rocksmith 2014 Edition],2018/09/04,30,2.99,4,Kelly Clarkson - My Life Would Suck Without You,A2BD046C022B4C1952CCAE6A68375B3405F6DF4B58
[Rocksmith 2014 Edition],2019/07/23,30,2.99,7,Manic Street Preachers - Motorcycle Emptiness,E7CDB88AA3324C514FD7B2F03BA6F1CC48D7320058
[Rocksmith 2014 Edition],2017/08/08,30,2.99,4,Bring Me the Horizon - Can You Feel My Heart,8490C9022AB460E8BB0876A22D84CCCCF3773B3058
[Rocksmith 2014 Edition],2019/06/11,30,7.99,18,Trivium Song Pack II,E3F83F75340B1952F78F01DD46BAA3FF1FC7A1C758
[Rocksmith 2014 Edition],2018/04/24,30,2.99,5,New Radicals - You Get What You Give,108E4373FEBB06D5920C3B04AB12CF58D556404B58
[Rocksmith 2014 Edition],2019/07/09,30,7.99,14,The Pretty Reckless Song Pack,DAFDFC1C5ACAC3AB2E74049EDE590AE2B24FBE3858
[Rocksmith 2014 Edition],2019/09/10,30,7.99,14,Kaleo Song Pack,7B5E51F28DDE4203B64DEC8DB2DA3490F3E63B1B58
[Rocksmith 2014 Edition],2018/08/28,30,2.99,7,Grateful Dead - Touch of Grey,1B1FF1B475093E2E7523435EFB5228851E3A83B958
[Rocksmith 2014 Edition],2017/04/18,30,2.99,5,Bob Marley & The Wailers - Could You Be Loved,B316197BB460703917A2A46FD598E8712F43890A58
[Rocksmith 2014 Edition],2019/04/16,30,2.99,5,Ghost - From the Pinnacle to the Pit,C20C9C675F0741FB5D869340BDF999C225AD861458
[Rocksmith 2014 Edition],2019/07/16,30,7.99,15,Indie Rock Song Pack,FE4CB73A39934487829C84436E5E03D8A6D896D358
[Rocksmith 2014 Edition],2020/03/10,30,7.99,14,Sixx:A.M. Song Pack,1DE5C78C442BA7810CAE79B43684936349187E8D58
[Rocksmith 2014 Edition],2019/06/18,30,7.99,13,Rockin' Covers Song Pack II,368381E2AF8822DF6BD060BDCF88C619BE6D790858
[Rocksmith 2014 Edition],2018/10/30,30,2.99,5,Ghost - He Is,46D4AEC24A544F628229EC911ECF39F9440B69ED58
[Rocksmith 2014 Edition],2019/02/12,30,2.99,5,Sabaton - Primo Victoria,D9DE8F6D5C36EE6FB9B3C1A41562D06B020545CA58
[Rocksmith 2014 Edition],2016/12/06,30,2.99,4,Brian Setzer- Stray Cat Strut,D483B31220416209B95808CE9C35E3437B25210458
[Rocksmith 2014 Edition],2018/01/16,30,2.99,5,Green Day - Welcome to Paradise,07CCAD8AC1E3DBE5205B2B47CF147A32F2F0447058
[Rocksmith 2014 Edition],2019/04/16,30,2.99,6,Annihilator - Alison Hell,71F1634F624FF0C69A914E1CD8C4FC3F68AC41F358
[Rocksmith 2014 Edition],2020/02/18,30,2.99,4,Babes In Toyland - Bruise Violet,FB1F96D4C0C88AD0EFDA137D64536C5C11D2CA6958
[Rocksmith 2014 Edition],2017/09/05,30,2.99,5,3 Doors Down - Be Like That,E2181FF2DCF332329385528ECEAF547236C1397158
[Rocksmith 2014 Edition],2019/09/17,30,2.99,4,Set The Charge - Everything But Me,240D78DBC334587D3177EE4FF1C5EFE80D6E3CCC58
[Rocksmith 2014 Edition],2018/05/29,30,7.99,10,Norah Jones Song Pack,53E79AE247B200B75DB1AFC1C288FB33F4015D9658
[Rocksmith 2014 Edition],2017/04/04,30,2.99,5,Pearl Jam - Yellow Ledbetter,5B5183E9C9A230A6C0C157F4AC8A5CF723A3315658
[Rocksmith 2014 Edition],2016/11/15,30,2.99,3,Stevie Ray Vaughan & Double Trouble - Scuttle Buttin',A846D7BA6BC365A9544B4F0F2636C4830936B01F58
[Rocksmith 2014 Edition],2018/12/18,30,2.99,4,The Rolling Stones - Brown Sugar,F37AD8AE504A367A1F0C6980EE81D975B6C0F38758
[Rocksmith 2014 Edition],2019/05/07,30,2.99,4,Cyndi Lauper - True Colors,0FBA4B5368D0501DC9AD05AC2EA14F88905705F358
[Rocksmith 2014 Edition],2018/11/13,30,2.99,6,Bob Marley & The Wailers - Stir It Up,73E2FA0C45537F58FA4278CE51C45B4762E4621858
[Rocksmith 2014 Edition],2019/11/12,30,2.99,5,Daughtry - Home,D2DB40C0B8D5D21859B921E767295E1F86FB681358
[Rocksmith 2014 Edition],2018/10/30,30,9.99,23,Ghost Song Pack,E7417B28328073792676EF53AFA53DE4DD67812758
[Rocksmith 2014 Edition],2017/01/10,30,7.99,9,60s Mix Song Pack II,F28F6B97984D3C19508D3DAA1F8A40B7DBDD9DF658
[Rocksmith 2014 Edition],2019/11/26,30,2.99,5,Pat Benatar - Hell is for Children,D7DFD3CDDDD82E3928895C4E08609616F4528BFC58
[Rocksmith 2014 Edition],2019/12/03,30,2.99,4,Weezer - Beverly Hills,A574DACAF6DFB07F0FF0ECED99543DED3E7449C858
[Rocksmith 2014 Edition],2017/06/13,30,11.99,24,Live Song Pack,BF903E729E6FA1C72F7DB0CBA32B1E4CDC12C58F58
[Rocksmith 2014 Edition],2018/06/19,30,2.99,5,Radiohead - Street Spirit (Fade Out),51BE600B1A42D0C003BFD05AB7446531707F0F9858
[Rocksmith 2014 Edition],2017/12/19,30,11.99,17,Johnny Cash Song Pack II,17160CA14A91FEE49636338CDC7DCBD5E98AB5C058
[Rocksmith 2014 Edition],2017/05/16,30,11.99,27,Grateful Dead Song Pack,AD7B80B72CC6E0488F15994175C7A24BFFD5CCD458
[Rocksmith 2014 Edition],2018/09/11,30,7.99,20,90s Mix Song Pack V,8A7094C58A946CD9251E5CB0A4CA7C8E02738EEB58
[Rocksmith 2014 Edition],2016/11/29,30,2.99,5,Third Eye Blind - How's It Going To Be,844197DBF8BEE79EF42F65ABEA647100E2A3D20158
[Rocksmith 2014 Edition],2019/05/28,30,7.99,13,5 Seconds of Summer Song Pack,8F5B3BC926B690EB1CEF82E6468055FE32FCB04058
[Rocksmith 2014 Edition],2018/10/23,30,2.99,5,Poison - Fallen Angel,40D689C29514550A1E52DF0B34B1FE1F440358F458
[Rocksmith 2014 Edition],2017/06/27,30,9.99,18,Alabama Shakes Song Pack,78960B4C6DF9108DDDDBEF1FA50E448F9A44ABD058
[Rocksmith 2014 Edition],2017/11/14,30,2.99,5,The Pretenders - Middle of the Road,B034DCFDD9B2473F24397D1AC617AFC442F3179758
[Rocksmith 2014 Edition],2017/08/15,30,9.99,10,Muddy Waters Song Pack,0BD64BE1CC82A0AB1CA4D927EB79B0DB56FCAC3B58
[Rocksmith 2014 Edition],2019/10/29,30,2.99,3,The Zombies - Tell Her No,899D28DE9620AD1F512CE3BF025BE0D869B716A558
[Rocksmith 2014 Edition],2018/07/17,30,2.99,4,The Proclaimers - I'm Gonna Be (500 Miles),4EFA94512D0028D523B43FE4738D302BDDF9A3FE58
[Rocksmith 2014 Edition],2019/04/02,30,7.99,16,Roxette Song Pack,38AF4B4716B4E0BDC7478C5DC58EC40B9B843C5458
[Rocksmith 2014 Edition],2018/01/09,30,2.99,4,Paramore - Still Into You,61EC6E5FCD1D4ACFC7B4C988D9DA9F5D12C3605358
[Rocksmith 2014 Edition],2017/11/07,30,2.99,3,NOFX - Stickin' in My Eye,D31BB3A3B0783597A8BFFCDBA66B5C7C6CAF19EF58
[Rocksmith 2014 Edition],2017/10/24,30,2.99,4,Colin Hay of Men at Work - Down Under 2012,35B21B6B7E773AEF81ECE7ABD6A0B057ACF0F22358
[Rocksmith 2014 Edition],2018/01/30,30,7.99,20,70s Mix Song Pack III,FAF9B3B7DBF270A862608461CD05D48D4C5F479F58
[Rocksmith 2014 Edition],2019/08/13,30,2.99,6,Gary Moore - Over the Hills and Far Away,044E1C8CE599E04251C03AE9E9EBB1589B7646DB58
[Rocksmith 2014 Edition],2017/12/19,30,2.99,3,Johnny Cash - Hey Porter,45040221A77394B30C577D7C67BC99F05A323C2A58
[Rocksmith 2014 Edition],2018/12/04,30,7.99,12,Alice Cooper Song Pack,D2B3EE51D20BA2860F97F9C2E1913B6B518B929F58
[Rocksmith 2014 Edition],2016/11/08,30,2.99,4,Kenny Loggins - Danger Zone,F0C7584A29BDACB8C5A2817786FAF99C086AFC3958
[Rocksmith 2014 Edition],2020/03/10,30,2.99,4,Sixx:A.M. - This Is Gonna Hurt,0EE1D3FB25FEACA2DAA5A8B0BF5024FB441AC75C58
[Rocksmith 2014 Edition],2019/01/15,30,2.99,4,Paramore - Ignorance,DC9E7FFEC359C0504D5E772E98E311A66DB1978358
[Rocksmith 2014 Edition],2018/04/17,30,2.99,5,Stereophonics - Maybe Tomorrow,7EA4F0039E1B27E486986CD5D29E6B1DB76BC50B58
[Rocksmith 2014 Edition],2017/05/02,30,2.99,3,Blue Swede - Hooked on a Feeling,AC639426DCED5D6E8637699F3E13AC06FA1B4CE258
[Rocksmith 2014 Edition],2019/05/14,30,2.99,5,P.O.D. - Youth of the Nation,7D6780555E3186A38D2E2217676B1CE99A40FBBA58
[Rocksmith 2014 Edition],2017/07/25,30,2.99,5,Marilyn Manson - The Beautiful People,91136EF509D16597907376DDC11FCDE4B836D0D658
[Rocksmith 2014 Edition],2017/09/12,30,7.99,13,80s Mix Song Pack IV,0E73FC3D75B93DE40447CB172D98C0A2103F83B058
[Rocksmith 2014 Edition],2016/10/04,30,2.99,4,Bob Marley & The Wailers - Three Little Birds,0E7D9EAD0C9EE36BB3DAF6C55B9D4EE240A938AE58
[Rocksmith 2014 Edition],2018/01/16,30,2.99,4,Green Day - Know Your Enemy,6BE34966E11FC4C4B432EAB0DE30208D7652894858
[Rocksmith 2014 Edition],2016/10/04,30,2.99,5,OutKast - Hey Ya!,E3A920EA906851214E064D91AB75910C6FC1453458
[Rocksmith 2014 Edition],2017/01/17,30,11.99,21,blink-182  Song Pack II,26559BF6DB6CB032D3FE35FA6D99AFA76741671758
[Rocksmith 2014 Edition],2017/12/19,30,2.99,3,Johnny Cash - Big River,97CAC77745AB537967CA6368700E7C4E8697266B58
[Rocksmith 2014 Edition],2017/05/30,30,2.99,4,New Found Glory - My Friends Over You,42F2B345E4082C3D402F29408773554FB56AE40658
[Rocksmith 2014 Edition],2017/11/07,30,2.99,3,NOFX - Linoleum,D36A5F4D06C07B0AE21159BCF56E08C506872CF258
[Rocksmith 2014 Edition],2019/11/19,30,2.99,4,Freddie King - Going Down,692B1F1D316F6C9FB24D8D320050E8F16C0F31D558
[Rocksmith 2014 Edition],2019/06/18,30,2.99,4,Reel Big Fish - Take On Me,7DB99A99BAA170701855918D32ED10E845BAF8A758
[Rocksmith 2014 Edition],2017/09/26,30,9.99,19,Rockin' Covers Song Pack,8DB8D5F22AE285FB8860BCA08365F032DB5C6D2558
[Rocksmith 2014 Edition],2019/01/29,30,2.99,5,Queen - Somebody to Love,023A2B7D5DBCF0E42055EBE9D45638775EE77D0F58
[Rocksmith 2014 Edition],2018/07/24,30,2.99,6,"Joni Mitchell - Both Sides, Now",27B5EA54DC52C41CCCF50EF335C4743D549950B258
[Rocksmith 2014 Edition],2017/11/14,30,2.99,5,The Pretenders - Don't Get Me Wrong,087AF5ABA34B3D2F29AFA4CD81D2C1D2EB277CC858
[Rocksmith 2014 Edition],2017/04/04,30,2.99,5,Pearl Jam - Rearviewmirror,25A0C6CCE9F4409F2DE190B1E39D1A4530B5AC7E58
[Rocksmith 2014 Edition],2017/04/04,30,11.99,24,Pearl Jam Song Pack II,BAC838B157DE96A72D748FF7CF1C126F668BED9558
[Rocksmith 2014 Edition],2019/04/09,30,7.99,13,Cat Stevens Song Pack,5A017F9DCEA524073BF235C3AD82469E68E0B0B758
[Rocksmith 2014 Edition],2017/02/28,30,2.99,5,Kasabian - Underdog,DBDEDD6FCCAE7E6B7872B506C6C9726693061EDC58
[Rocksmith 2014 Edition],2018/08/21,30,2.99,5,Silverstein - Smashed into Pieces,7CC8F9E4087A91986AD75E96B3F56311E20B2E2758
[Rocksmith 2014 Edition],2017/08/01,30,2.99,3,The Monkees - Valleri,69A44FAF747E8F84BE182DEF049573EC50F5918358
[Rocksmith 2014 Edition],2017/07/05,30,7.99,17,70s Mix Song Pack II,BD70450B97A949518A3074975B3FE9D99B27DE3258
[Rocksmith 2014 Edition],2017/04/11,30,2.99,5,James Bay - Let It Go,F41A8F7DD72C72544CDC4D8622EFDAA8D7EE266458
[Rocksmith 2014 Edition],2020/03/24,30,2.99,4,Janis Joplin/Big Brother & The Holding Co. - Piece of My Heart,29EE015BF6F45A89F860A118FB2C6EB1B42EED5158
[Rocksmith 2014 Edition],2018/05/15,30,2.99,6,Interpol - PDA,42BC0A87B790D57AE9A84DFBAEA8E9C3E8FE405B58
[Rocksmith 2014 Edition],2017/04/18,30,2.99,4,Bob Marley & The Wailers - Redemption Song,343BFF3A5584A16A8E6C0EEAB6A2AA1C93490CD358
[Rocksmith 2014 Edition],2017/10/31,30,2.99,6,Amon Amarth - War of the Gods,693BE9D8186B6A1A7689C95A925E2C7296C6FC8158
[Rocksmith 2014 Edition],2019/08/13,30,2.99,5,Gary Moore - Still Got the Blues,5B27A4355098ECC39E804566FD2B147C4A319B8958
[Rocksmith 2014 Edition],2017/05/23,30,2.99,4,Queen- I Want It All,223685AEB6247C68103C16A5B1B45CB0570166B358
[Rocksmith 2014 Edition],2016/10/18,30,2.99,8,Yes - I've Seen All Good People,6BA5E2D6F3171EB9226FDAB0864711FACF15E0BD58
[Rocksmith 2014 Edition],2018/01/23,30,7.99,14,Mumford & Sons Song Pack,1A33BBAE1DDBF54242DA06CA3B168E70A415D87A58
[Rocksmith 2014 Edition],2017/12/05,30,2.99,5,Steve Miller Band - Rock'n Me,CE2CBB0C9CA883C1C9CE4DE9300890A8B2CB32CA58
[Rocksmith 2014 Edition],2018/03/27,30,7.99,13,The Cardigans Song Pack,8DC9D8F2ED2AD7D36AF0C1E660358B28EF4F4F0358
[Rocksmith 2014 Edition],2016/11/08,30,2.99,5,Poison - Talk Dirty to Me,40ACCE9C2F9D4E2140361A66FA4B83B2E0C70CB658
[Rocksmith 2014 Edition],2018/06/05,30,2.99,4,Badfinger - Baby Blue,EB8278C47260A10EAA56D32DB446B8073C187FF258
[Rocksmith 2014 Edition],2017/11/28,30,2.99,4,Trans-Siberian Orchestra - O Come All Ye Faithful / O Holy Night,B58024BC10B0DE6C289569946EDBF40DF0B9A5B858
[Rocksmith 2014 Edition],2018/07/17,30,9.99,18,Variety Song Pack XVI,79D40A04C8B1EA7F8D0EC8F475F510992315EEE358
[Rocksmith 2014 Edition],2016/12/13,30,2.99,3,Creedence Clearwater Revival- Bad Moon Rising,1E52D4EBF524677D3EE27EDF181124DB2CDD115C58
[Rocksmith 2014 Edition],2019/02/26,30,2.99,5,Gin Blossoms - Found Out About You,F3EC231BC609CA09494C917979BFA975AADD8DAD58
[Rocksmith 2014 Edition],2019/03/26,30,2.99,6,Radiohead - Jigsaw Falling Into Place,6697D32CE0299EF75BE52B02F41F58CDE1729C2B58
[Rocksmith 2014 Edition],2019/04/23,30,2.99,4,Andrew W.K. - Party Hard,983EA68B44E5E3EA49A71268179B21BD6F130B0258
[Rocksmith 2014 Edition],2019/10/22,30,2.99,5,Indigo Girls - Closer to Fine,EBBF8BA09A42C8860C86F18969C74E984EEE519558
[Rocksmith 2014 Edition],2019/03/05,30,7.99,14,Heart Song Pack,2758F60F58135D43D7155370339AB479F913976858
[Rocksmith 2014 Edition],2019/07/09,30,2.99,4,The Pretty Reckless - My Medicine,39191E8C74CA439B69BD640A4DD8CAD885BE88F058
[Rocksmith 2014 Edition],2017/05/30,30,7.99,12,New Found Glory Song Pack,01CEEE68601846EAB54642D3DB460251C8F64CD158
[Rocksmith 2014 Edition],2018/10/02,30,2.99,4,Joy Division - Disorder,C18C33A169FF6FB80733682683219EB0239CCF7358
[Rocksmith 2014 Edition],2018/01/23,30,2.99,5,Mumford & Sons - I Will Wait,644E2A519C59938B522B4E932AF73E60F6C145CE58
[Rocksmith 2014 Edition],2018/11/20,30,2.99,2,Brenda Lee - Rockin' Around the Christmas Tree,8F2B5014163BBCE2FD4FAEFBE069C85E39F5064458
[Rocksmith 2014 Edition],2017/11/07,30,2.99,3,NOFX - Bob,9ECF64279BEF6B94122A3441A8FACD2E873CF3F158
[Rocksmith 2014 Edition],2017/12/05,30,11.99,21,Steve Miller Band Song Pack,7C0D087DA31511A8954D126F43EE24E5421A56C558
[Rocksmith 2014 Edition],2018/07/10,30,2.99,6,Run-D.M.C. - King of Rock,66D2DC1BCB9F0898437F46C5A418A8985B0194C858
[Rocksmith 2014 Edition],2018/04/24,30,2.99,6,Godsmack - Keep Away,4BBBE38668C78DB86A146CE9B6B69A919B6C99F658
[Rocksmith 2014 Edition],2018/07/03,30,2.99,4,Buzzcocks - Ever Fallen in Love (With Someone You Shouldn't've),B4A67100D08316925054200C5F08885481EDD9ED58
[Rocksmith 2014 Edition],2019/02/26,30,2.99,4,Fuel - Shimmer,9DE4E0DF1B402B2E34BA459C7CFBC36665E91AD758
[Rocksmith 2014 Edition],2018/09/18,30,2.99,5,Stone Sour - Say You'll Haunt Me,FF8C7ABC904616E165556B812841EB6F6A04A7D058
[Rocksmith 2014 Edition],2017/08/08,30,2.99,4,The Gaslight Anthem - 45,0A110B3117D855992DDE00C1F0631A7708A6D5A958
[Rocksmith 2014 Edition],2018/08/07,30,2.99,5,Greta Van Fleet - Black Smoke Rising,8250BDCD5344035FB738B4F1D6374482863707B358
[Rocksmith 2014 Edition],2017/12/12,30,2.99,6,Alice in Chains - Heaven Beside You,01A62D6FF46F4E7D24A9D0EE13A7FB6401BFAFF458
[Rocksmith 2014 Edition],2018/11/27,30,2.99,4,Jimmy Eat World - Bleed American,1D15BB5552833C30AAE82A81A30C4D364C9B522958
[Rocksmith 2014 Edition],2018/05/08,30,7.99,16,80s Mix Song Pack V,E49FE90ACFAE2BF7634C13C14AE5A2384A0E5EE658
[Rocksmith 2014 Edition],2017/03/07,30,11.99,23,Avril Lavigne Song Pack,E584C663D1B0372A1E1ED7CC6E846BBE2307EC0258
[Rocksmith 2014 Edition],2018/11/13,30,2.99,6,Big Country - In A Big Country,992D2AFD318FF5E630958445D36A9ED904409D6758
[Rocksmith 2014 Edition],2017/08/08,30,2.99,5,Passenger - Let Her Go,77214F8E82B81EC5117C4BC6F458BD7203B4ED2858
[Rocksmith 2014 Edition],2019/09/10,30,2.99,5,Kaleo - All the Pretty Girls,497BD2AD5FC55B2F87F4186AB2C6016EAF79B35458
[Rocksmith 2014 Edition],2018/06/12,30,2.99,5,Modest Mouse - Dashboard,DB74A46CAEF51B35EE68411DEB5AA05049F16DBC58
[Rocksmith 2014 Edition],2018/08/14,30,2.99,7,Willie Dixon - Back Door Man,3C9A7DAD56E5CAA1E6163D62A3CC6FB8725DF89058
[Rocksmith 2014 Edition],2017/04/25,30,7.99,12,Royal Blood Song Pack,ED5FE81B55AED690E08F350E7E3FBEB0EAFAAE6D58
[Rocksmith 2014 Edition],2020/01/07,30,2.99,5,Chris Stapleton - Parachute,15054ACEDC47AD9FEF48743C508A06B032845CC058
[Rocksmith 2014 Edition],2018/01/23,30,2.99,4,Mumford & Sons - The Cave,554C62C0FC65E9EB36E921A3E942BEB90174A92D58
[Rocksmith 2014 Edition],2018/09/11,30,2.99,6,Joe Satriani - Summer Song,A478C8B610A3CA30E6A86BAF2272E6B6F63BC66E58
[Rocksmith 2014 Edition],2016/12/06,30,9.99,18,Variety Song Pack VI,5B712C33F0EA77B7096C28B4AFAEC62DE323CE8F58
[Rocksmith 2014 Edition],2018/12/11,30,7.99,15,Five Finger Death Punch Song Pack,3EFFE99224981197AE8915F11642AE71921A8F1A58
[Rocksmith 2014 Edition],2017/10/03,30,2.99,2,Four Tops - I Can't Help Myself (Sugar Pie Honey Bunch),1599234293ABF69857AF058F98F43C36939CB43558
[Rocksmith 2014 Edition],2018/07/24,30,2.99,4,Joni Mitchell - Big Yellow Taxi,4DC5C5E936814719BF4DC1D52B95EE83F02C98A358
[Rocksmith 2014 Edition],2017/03/07,30,2.99,5,Avril Lavigne - Complicated,620C17134D978293E9A3E879AEE37D8E9A17FA5B58
[Rocksmith 2014 Edition],2020/01/07,30,7.99,14,Chris Stapleton Song Pack,A56465CD9F9C95B4C5C9E5DB3E25BD17670CD37558
[Rocksmith 2014 Edition],2017/11/21,30,2.99,4,Halestorm - I Get Off,BE985B95A4AA93D03C27AB672FAF797B2249797958
[Rocksmith 2014 Edition],2017/06/06,30,9.99,13,Surf Rock Song Pack II,866779B687EFDCA8867A2145E7EBA08FDF483A0158
[Rocksmith 2014 Edition],2018/05/22,30,2.99,4,Testament - Souls of Black,71E2A915D47B51C65C6F89BADDE73CF8D8B5782558
[Rocksmith 2014 Edition],2018/03/20,30,2.99,4,James Bay - Hold Back the River,940892182C47E8DB04C27BBF32F2C69E8A9E656858
[Rocksmith 2014 Edition],2017/09/26,30,2.99,4,Marilyn Manson - Tainted Love,A461D2BD84B462A9C796D805EA8DBFFD1A91FBCE58
[Rocksmith 2014 Edition],2019/04/23,30,2.99,6,Coldplay  - Shiver,20AAF32A2776E0CD384017F180498F1B743C56F458
[Rocksmith 2014 Edition],2018/03/13,30,2.99,4,Kaiser Chiefs - Never Miss A Beat,1A507837B4ADEF0481238F9335EC42993EE1A4A158
[Rocksmith 2014 Edition],2019/05/14,30,2.99,4,P.O.D. - Alive,D8888F1A485752AC2CD469D7905B4E2C483863A358
[Rocksmith 2014 Edition],2017/09/05,30,11.99,24,3 Doors Down Song Pack II,6184156C1E257BEF85FB4E2217940CCEAB94DEE258
[Rocksmith 2014 Edition],2019/11/26,30,2.99,4,Pat Benatar - Heartbreaker,D0D2662D95A3E5713B571BA508F0D99B1877404D58
[Rocksmith 2014 Edition],2017/11/14,30,11.99,22,The Pretenders Song Pack,2932DA745B36DEB247E819BF9750A16C31B052C558
[Rocksmith 2014 Edition],2017/04/18,30,2.99,5,Bob Marley & The Wailers - Is This Love,92C08399E62BE8674501981CEA11C94730C8CBEA58
[Rocksmith 2014 Edition],2017/05/30,30,2.99,4,New Found Glory - All Downhill from Here,AECAE18A5E485F3686CE3C4F908761813D4BD01758
[Rocksmith 2014 Edition],2019/11/26,30,7.99,14,Pat Benatar Song Pack,FADD87301E65C49648A1E2D935ACFE916AF7D95F58
[Rocksmith 2014 Edition],2017/10/10,30,2.99,5,Hinder - Lips of an Angel,0398395FB611FFFAA1C46DD4128DED1FDF50427458
[Rocksmith 2014 Edition],2018/08/28,30,2.99,4,David Bowie - Changes,6FA38ECB3834894696B9C01F923FE0525836AE3A58
[Rocksmith 2014 Edition],2019/02/19,30,2.99,4,Drowning Pool - Bodies,CA0EDDD89F4E5FCD54C59F1BEBD8BA028676D64358
[Rocksmith 2014 Edition],2017/11/07,30,9.99,12,NOFX Song Pack,043550CD054A48CDDA4DDE76BCD8F38D0202F5F758
[Rocksmith 2014 Edition],2018/01/16,30,2.99,5,Green Day - Holiday,D5A21CA1BAA09382A1D69864610A4A4DC659A65B58
[Rocksmith 2014 Edition],2018/07/10,30,2.99,6,Run-D.M.C. - Rock Box,1D2FDC14BE53D1B5E046458441157DBB8414285258
[Rocksmith 2014 Edition],2018/10/09,30,9.99,22,Variety Song Pack XVIII,64549850A1C1FE6A83FE2F8A83031DD4ED0126BB58
[Rocksmith 2014 Edition],2017/10/10,30,2.99,5,Kelly Clarkson - Breakaway,68092D63F3BE07584D9D0B3BBD9E207465BB03BF58
[Rocksmith 2014 Edition],2017/05/09,30,2.99,4,Sheryl Crow - My Favorite Mistake,244D85E5CAC82C80AE632ED3578092AA3FBDE32458
[Rocksmith 2014 Edition],2018/03/20,30,2.99,4,Bastille - Pompeii,6FBEE950174681F3A388240679FB0502BEF6FF6158
[Rocksmith 2014 Edition],2017/02/21,30,2.99,4,Beastie Boys - Sabotage,6156E33CA535236D5D88C3F35A0AE62C7EC93DE658
[Rocksmith 2014 Edition],2016/10/11,30,2.99,5,Shinedown - Simple Man,75497EA9E7D020247CB13789AB0940A171176EFF58
[Rocksmith 2014 Edition],2017/01/24,30,2.99,5,The Calling - Wherever You Will Go,D4A464DCDEFB21385258A8559EC103FE3E4A46C058
[Rocksmith 2014 Edition],2020/03/03,30,2.99,5,Melissa Etheridge - I'm the Only One,6D6D80D3EDE0A9FC0A0CDC012BD8BD85ED1600FD58
[Rocksmith 2014 Edition],2019/12/17,30,2.99,6,Aerosmith - Train Kept A-Rollin',17FE8230964C9BD312E4ADE860AB31A23775759F58
[Rocksmith 2014 Edition],2018/07/17,30,2.99,3,Nina Simone - Feeling Good,A0FB24FDF2792E02104413DD16569A476087015158
[Rocksmith 2014 Edition],2018/01/09,30,2.99,5,Paramore - Ain't It Fun,AB43E04129A18C84FE35B61EF7D030B42961540B58
[Rocksmith 2014 Edition],2017/09/26,30,2.99,5,Goldfinger - 99 Red Balloons,E7920ACD4A9A05911D7071BC4BE5A144F7A151A258
[Rocksmith 2014 Edition],2017/07/05,30,2.99,3,Jim Croce- Time in a Bottle,E4362EE31AAB80C4BBC261AD9297B52748A64D4458
[Rocksmith 2014 Edition],2019/04/23,30,2.99,6,Angels & Airwaves - The Adventure,89A6FAFDD5C8F2FB0FBBA2CBE23AB0DD6D9B467A58
[Rumble Roses XX],2018/09/03,40,1.00,9,Aisha's Costume Shooters,54535BB6F188AC0E2434609F311009924357F7B058
[Rumble Roses XX],2018/09/03,40,1.00,13,SS Sista A's Costume,081B4790DD7E4A8C5CDB9E6C31E763D717C06C0E58
[Rumble Roses XX],2018/09/03,40,1.00,10,Aisha's Costume R-Xpress,1005488CBCF20A7459ADA6FEB2EA0EA7BD485D3358
[Rumble Roses XX],2018/09/03,40,1.00,9,Aisha's Costume A-Clan,207E3992B644011B7C16346B0CB0DFA595CEF3EB58
[Rumble Roses XX],2018/09/03,40,1.00,10,Aisha's Costume,B218E0128EA6A179BEE1ACB61C60B2FE86844FF658
[Rumble Roses XX],2018/09/03,40,1.00,4,Anesthesia's Costume The Dojo,2FFF32498458A3761FE879FA43C0E4E2B5DCBE2658
[Rumble Roses XX],2018/09/03,40,1.00,5,Anesthesia's Costume Shooters,4270E4ED26B7B1E07D439BBA25CA7F9B745B8F4A58
[Rumble Roses XX],2018/09/03,40,1.00,5,Anesthesia's Costume R-Xpress,5689A8D5CF49D819A959D14A01DA5E8AB4D600C658
[Rumble Roses XX],2018/09/03,40,1.00,5,Anesthesia's Costume A-Clan,937FB3CF159C53F96862B45E1F40EACC6625169258
[Rumble Roses XX],2018/09/03,40,1.00,5,Anesthesia's Costume,412B35455C516E6BCE2027472EFA14AF9D16238858
[Rumble Roses XX],2018/09/03,40,1.00,7,Spencer's Costume The Dojo,3C6F132D856F6EE429B75A51C4B7B98B66F5E4F758
[Rumble Roses XX],2018/09/03,40,1.00,8,Spencer's Costume Shooters,F65A37B6C6FFA01479737236709FFD61F342698758
[Rumble Roses XX],2018/09/03,40,1.00,8,Spencer's Costume R-Xpress,80C2B63C2C6033C6CFBE31C264E08978D1D415C658
[Rumble Roses XX],2018/09/03,40,1.00,9,Spencer's Costume A-Clan,058D9A051420ECFB7E3B63619D134F58CEB631D858
[Rumble Roses XX],2018/09/03,40,1.00,8,Spencer's Costume,7EA03508806C87A09FAB89A21601F63C337AFA9558
[Rumble Roses XX],2018/09/03,40,1.00,7,Candy's Costume The Dojo,5B841C77C6FBD9552A07B91B7E44715E3CA89C0A58
[Rumble Roses XX],2018/09/03,40,1.00,8,Candy's Costume Shooters,94F3678C88DAE166277230B1025D19598711EB8E58
[Rumble Roses XX],2018/09/03,40,1.00,8,Candy's Costume R-Xpress,DBEDE81C64AF2877891EE0A20F9B62839EF581D358
[Rumble Roses XX],2018/09/03,40,1.00,8,Candy's Costume A-Clan,E25854EA7E35FFFF483CAB25FCAD9960EE30F17B58
[Rumble Roses XX],2018/09/03,40,1.00,8,Candy's Costume,7E567838FE1785A2C08FF3B83C3EAF00A6DF24D158
[Rumble Roses XX],2018/09/03,40,1.00,7,Dixie's Costume The Dojo,38DAF496BDF4FBB68404A61531DF356F2D1AFFA758
[Rumble Roses XX],2018/09/03,40,1.00,9,Dixie's Costume Shooters,E4E99FC2AD2532A18F76FA56D4E40E229422C19458
[Rumble Roses XX],2018/09/03,40,1.00,7,Dixie's Costume R-Xpress,684E2B241A194BE491FBAB786DED2CC49B28469458
[Rumble Roses XX],2018/09/03,40,1.00,9,Dixie's Costume A-Clan,5FED195C0716AF8E4E9087600E338EFCCF54786F58
[Rumble Roses XX],2018/09/03,40,1.00,9,Dixie's Costume,571814B53301AB74B13A91A357405D6695DFF5CB58
[Rumble Roses XX],2018/09/03,40,1.00,9,Aigle's Costume The Dojo,FBAEC1BB4406C4E962C38AD7EF4C0DDEDEAA1FE958
[Rumble Roses XX],2018/09/03,40,1.00,10,Aigle's Costume Shooters,38414B8313B481C4618EFA1F521F84A9DA1F219158
[Rumble Roses XX],2018/09/03,40,1.00,10,Aigle's Costume R-Xpress,50D442230324A70C5DB70AE67948D9F17BB0019F58
[Rumble Roses XX],2018/09/03,40,1.00,10,Aigle's Costume A-Clan,A27D4B8C666B83E13DC6CEC0BF9F4A9E780D5EA458
[Rumble Roses XX],2018/09/03,40,1.00,10,Aigle's Costume,3F7762A2869FA495B1A1124E778F94EC1D3D14B458
[Rumble Roses XX],2018/09/03,40,1.00,14,Benikage's Costume The Dojo,D4F11858A287E078CF249F9F15B45614F281D8ED58
[Rumble Roses XX],2018/09/03,40,1.00,14,Benikage's Costume Shooters,EE69B0C5A8BD6C566B8BAC33AAA74C7A32C1A0FE58
[Rumble Roses XX],2018/09/03,40,1.00,14,Benikage's Costume R-Xpress,A4F1EED9FFACB30FA9392453A353734A93E8158058
[Rumble Roses XX],2018/09/03,40,1.00,14,Benikage's Costume A-Clan,157990C40D99195EBBE110A85D31CAEC7597C1A958
[Rumble Roses XX],2018/09/03,40,1.00,13,Benikage's Costumes,B12D6271FEC194719A90063F396580EC8F96337F58
[Rumble Roses XX],2018/09/03,40,1.00,8,Makoto's Costumes The Dojo,CEE0BC6E53695185C6BAB53B358B8758D0B41A9A58
[Rumble Roses XX],2018/09/03,40,1.00,9,Makoto's Costumes Shooters,72B424CA8D921DE762D57CF04188483B7D8FD97258
[Rumble Roses XX],2018/09/03,40,1.00,8,Makoto's Costumes R-Xpress,E63F03BF69103E361E2BFB7DA8662FF95562D7E558
[Rumble Roses XX],2018/09/03,40,1.00,9,Makoto's Costumes A-Clan,A23B1184D3062C0364562A2F28FCA472E74D051B58
[Rumble Roses XX],2018/09/03,40,1.00,9,Makoto's Costume,1E9881F5BC2780C2F043F587CFEB05AAED54D94558
[Rumble Roses XX],2018/09/03,40,1.00,14,Reiko's Costume The Dojo,1234E5D8CEDBDB8B0E17AB4E1992E078E8BBBCB758
[Rumble Roses XX],2018/09/03,40,1.00,15,Reiko's Costume Shooters,E7DB097E24E0D0149F7EA042F96408B932DDC60E58
[Rumble Roses XX],2018/09/03,40,1.00,14,Reiko's Costume R-Xpress,6C01F5202CB2F0F7264BE345422D433943A240F958
[Rumble Roses XX],2018/09/03,40,1.00,12,Reiko's Costume A-Clan,2DD7D1E69265BE2BC5C8BDA6AA3E45700C7FBCAC58
[Rumble Roses XX],2018/10/04,40,1.00,11,Reiko's Costume,F80F39CC838D8EAC4B2993A870A8B237AF2A068458
[Rumble Roses XX],2018/09/03,40,1.00,12,Rowdy Reiko's Costume,DAAEA7787866415016E6AD36CFDB63429C1D76C058
[Rumble Roses XX],2018/09/03,40,1.00,10,SS Aisha's Costume The Dojo,C1A8E1E44D9BFBE0C411290843F47293D8E5CA8458
[Rumble Roses XX],2018/09/03,40,1.00,10,SS Aisha's Costume Shooters,F7811452D3274D9B026FBE0060813584E71FA07158
[Rumble Roses XX],2018/09/03,40,1.00,9,The BBD's Costume,5CB685E70539958439945A3EA85EBAD1FF24372458
[Rumble Roses XX],2018/09/03,40,1.00,10,SS Aisha's Costume R-Xpress,59A47A94333CCE8A5E54727A887DF155550E5FDD58
[Rumble Roses XX],2018/09/03,40,1.00,9,Noble's Costume Costume,BF7F13AA4A5EA1FDCDF7E1A37AE9B2868F2155BE58
[Rumble Roses XX],2018/09/03,40,1.00,10,SS Aisha's Costume A-Clan,8AE8D37196153BB9B3B9FA52859F7FD3AF973B6A58
[Rumble Roses XX],2018/09/03,40,1.00,10,SS Aisha's Costume,674C086D6CD2212D31268105DC54A53B0EF937B158
[Rumble Roses XX],2018/09/03,40,1.00,9,SS Anesthesia's Costume The Dojo,8ADAEF83E370EE55BD0230F19622EEE0F9835EF158
[Rumble Roses XX],2018/09/03,40,1.00,9,Great Khan's Costume,80538453A6CD50CCBBD5755B26137FFED575E6BE58
[Rumble Roses XX],2018/09/03,40,1.00,9,SS Anesthesia's Costume Shooters,3267000CFE4E9499351C02746C4E2A0E68601A8758
[Rumble Roses XX],2018/09/03,40,1.00,9,SS Anesthesia's Costume R-Xpress,1B21A8352C12488B4E93F6CB5BC5D36DEC98880058
[Rumble Roses XX],2018/09/03,40,1.00,5,Sgt. Clemets's Costume,E7D284A408391579A0562280DAEB9EDFC0DE3C4758
[Rumble Roses XX],2018/09/03,40,1.00,10,SS Anesthesia's Costume A-Clan,0185E1DF6A038154AE69045A0E5AF7962F4D9B3458
[Rumble Roses XX],2018/09/03,40,1.00,12,Becky's Costume,990A534F1B20B084045FFD38C82B8B03547F36A358
[Rumble Roses XX],2018/09/03,40,1.00,7,SS Anesthesia's Costume,1BC93CA5C32CD4AC93A38DFBC616032AF0BBBB2158
[Rumble Roses XX],2018/09/03,40,1.00,8,SS Spencer's Costume The Dojo,485FA394CF67B514639463754009CB5958AEE6B458
[Rumble Roses XX],2018/09/03,40,1.00,10,SS Spencer's Costume Shooters,B42C8BCF71FC0D265754F9D5357E7A5C5B6780B058
[Rumble Roses XX],2018/09/03,40,1.00,6,Mistress's Costume,00F31B5DC795486FF796CF82A7875D1CEA3C554358
[Rumble Roses XX],2018/09/03,40,1.00,9,SS Spencer's Costume R-Xpress,0FC700594906E137EB3506B133EB5E215061EBBB58
[Rumble Roses XX],2018/09/03,40,1.00,10,SS Spencer's Costume A-Clan,8C51DF421002F151E864CA25DAC85F222E04AA6D58
[Rumble Roses XX],2018/09/03,40,1.00,11,Dr. Anesthesia's Costume,5B6C1C6D69AD55514FEF31D094F6785248E7280658
[Rumble Roses XX],2018/09/03,40,1.00,9,SS Spencer's Costume,7C573F675C61A51448A6B0E628450CEEE7C155C058
[Rumble Roses XX],2018/09/03,40,1.00,6,SS Dixie's Costume The Dojo,792B94A3DAC4DC556E8BE0745364C817B859DA1058
[Rumble Roses XX],2018/09/03,40,1.00,7,Sista A's Costume,2A89C21A64C445374B7255EA1CB753ADBA31483258
[Rumble Roses XX],2018/09/03,40,1.00,7,SS Dixie's Costume Shooters,FCC00B7067F128F8123036518292B6C2A587AA2D58
[Rumble Roses XX],2018/09/03,40,1.00,7,SS Dixie's Costume R-Xpress,C541DF27575E9ED44159168AAFF19472A23B767458
[Rumble Roses XX],2018/09/03,40,1.00,10,SS Rowdy Reiko's Costume,1FE55600EFA57A2C5DE524D254DB1835289B171358
[Rumble Roses XX],2018/09/03,40,1.00,7,SS Dixie's Costume A-Clan,1C06DD10EC508C525F60476757677E8D75D92DEB58
[Rumble Roses XX],2018/09/03,40,1.00,7,SS Dixie's Costume,F44BD9F61F45F6BEF46A51AA2F6555E0AD6CD38158
[Rumble Roses XX],2018/09/03,40,1.00,13,SS The BBD's Costume,9F2DC364778009F67597BB01D29FDBFA10CC1DB658
[Rumble Roses XX],2018/09/03,40,1.00,9,SS Makoto's Costume The Dojo,E746EDBA4A2B4A55D51899E1437C9AA9F0F7165258
[Rumble Roses XX],2018/09/03,40,1.00,8,SS Noble's Costume,647E769E9069A6DCC1B859689E0087A2CEF3EFC558
[Rumble Roses XX],2018/09/03,40,1.00,9,SS Makoto's Costume Shooters,4330BB87FD010A3B3E1BD9A76291BAAB64A17BFD58
[Rumble Roses XX],2018/09/03,40,1.00,9,SS Makoto's Costume R-Xpress,59BC8E8B090A19D9B8CC197B7F9610BCB6048EC458
[Rumble Roses XX],2018/09/03,40,1.00,9,SS Makoto's Costume A-Clan,10FDE42E7DEC839AC4893897FDF87A7B981401AB58
[Rumble Roses XX],2018/09/03,40,1.00,9,SS Makoto's Costume,262D7C96501ABD16D60DBDCF231C88ABA32D74C458
[Rumble Roses XX],2018/09/03,40,1.00,4,SS Reiko's Costume The Dojo,0224473220C54B7E51AED27A60CE422EE391704658
[Rumble Roses XX],2018/09/03,40,1.00,8,SS Sgt. Clements's Costume,98AE5ACD517A03C67554AF6336EC9874D3C2BD7D58
[Rumble Roses XX],2018/09/03,40,1.00,5,SS Reiko's Costume Shooters,457CBA27CE79042342B0CD48977AF0AF4C82399758
[Rumble Roses XX],2018/09/03,40,1.00,4,SS Becky's Costume,06AFBEA6561E254013208C1038A87576F42E1B5758
[Rumble Roses XX],2018/09/03,40,1.00,5,SS Reiko's Costume R-Xpress,BF4161AD9851579EFFEB7A435629A1B24A55808658
[Rumble Roses XX],2018/09/03,40,1.00,5,SS Reiko's Costume A-Clan,0B2CFCE6BCA12B3DB8A700CF8BBAD2411125D1D958
[Rumble Roses XX],2018/09/03,40,1.00,5,SS Reiko's Costume,A5C46A2E0E97085E02026C8913C1240E3E96B84658
[Rumble Roses XX],2018/09/03,40,1.00,9,Aisha's Costume The Dojo,D06E7F336A11EE2A0B0287934CA6F36A820F801D58
[Sacred 3],2014/08/05,40,0.99,0,Z4ngr13f Weapon Spirit,6FBA78EC65AE0FDD649244D5B49E41283BA2FAD158
[Sacred 3],2014/10/14,40,2.99,336,Orc of Thrones,4E680ECD10767D21602A7EEDFBB8FC67CD178B0758
[Sacred 3],2014/10/21,40,4.99,661,Orcland Story,63E2BB03A7822E0CB29450A594C14861E9CBFE9458
[Sacred 3],2014/08/05,40,2.99,329,Malakhim Hero,5FF3A150DE91536E133E905E5175E21B8FCE08F958
[Sacred 3],2014/10/07,40,4.99,638,Underworld Story,7C3973D6D31895FDEF0EDC470B45885BB62D849258
[Sacred Citadel],2013/04/17,30,1.99,12,Sacred Citadel - Jungle Hunt,B3E0D6D5489175221E81353A87034871D0CA51D658
[Saints Row],2015/07/29,40,0.00,5,Exclusive Unkut pack,CC1C377940C3038D2F61F9F3A7E92FD484A8247F58
[Saints Row],2006/12/18,40,0.00,2,The Ho Ho Ho Pack,D45B12B78B48EAD08108E25BA45D2947942B1BCC58
[Saints Row],2020/07/13,40,4.99,28,Gankster Pack,CDEDF72002638F2776A768A2D7F659F0FBEF3C6E58
[Saints Row],2020/07/13,40,0.99,14,Industrial Map Pack,85A68662F1FF0B1324D3C1D897404442C7099A8858
[Saints Row],2020/07/13,40,0.99,5,Funky Fresh Pack,CDE85A7E2EABCC884F8952736A9F3F7A5A6EC8E958
[Saints Row 2],2010/06/01,40,0.00,52,Saints Row 2: The Unkut Pack,9DA405AEC10E76491AD0244CDF600775A125CC9558
[Saints Row 2],2010/06/01,40,9.99,158,Saints Row 2: Ultor Exposed,414D250066315905F8247409F8F10844011DD7AC58
[Saints Row 2],2010/06/01,40,6.99,117,Saints Row 2: Corporate Warfare,1582D586836BCC240AE4C3FBB778CA804005E63958
[Saints Row IV],2014/02/04,40,0.00,25,Reverse Cosplay Pack,94C4F229739C30DE19252923A3AF2744D6C2DB6B58
[Saints Row IV],2014/02/04,40,0.00,25,Voyeur Pack VI,94C4F229739C30DE19252923A3AF2744D6C2DB6B58
[Saints Row IV],2013/12/10,40,0.00,374,Voyeur Pack V,B33ABA0E08122C975607651CC40DEF0A9E5931C658
[Saints Row IV],2013/11/19,40,0.00,37,Voyeur Pack IV,48D348671FF618B99D4203A297D87F71D7DD483158
[Saints Row IV],2013/08/27,40,0.00,29,Voyeur Pack I,D1B30E1C16D872BC3D9F54AD6BEF64B778A7FAC958
[Saints Row IV],2013/09/17,40,0.00,17,Voyeur Pack II,843C68E0BECDC93170E5BABCB023018B0231144E58
[Saints Row IV],2013/10/22,40,0.00,588,Voyeur Pack III,696A3C6D5647140882EE2416557BC4B5FA1FE1DF58
[Saints Row IV],2014/07/28,40,4.99,0,Saints Row IV Season Pass,B78F4BA9982ED2CBAB08DA22AA1602D9D0B2EF8658
[Saints Row IV],2014/01/07,40,2.99,374,Anime Pack,B33ABA0E08122C975607651CC40DEF0A9E5931C658
[Saints Row IV],2013/08/20,40,9.99,0,Online Pass,B78F4BA9982ED2CBAB08DA22AA1602D9D0B2EF8658
[Saints Row IV],2013/10/01,40,2.99,0,Commander-in-Chief Pack,B78F4BA9982ED2CBAB08DA22AA1602D9D0B2EF8658
[Saints Row IV],2014/02/04,40,0.99,25,GameStop Warped Weapon Challenge,94C4F229739C30DE19252923A3AF2744D6C2DB6B58
[Saints Row IV],2013/08/20,40,1.99,0,Executive Privilege Pack,B78F4BA9982ED2CBAB08DA22AA1602D9D0B2EF8658
[Saints Row IV],2013/10/29,40,1.00,29,BradyGames Pack,D1B30E1C16D872BC3D9F54AD6BEF64B778A7FAC958
[Saints Row IV],2013/11/26,40,2.99,37,Element of Destruction Pack,48D348671FF618B99D4203A297D87F71D7DD483158
[Saints Row IV],2013/10/29,40,2.99,588,The Super Saints Pack,696A3C6D5647140882EE2416557BC4B5FA1FE1DF58
[Saints Row IV],2013/10/01,40,1.99,0,Volition Comics Pack,B78F4BA9982ED2CBAB08DA22AA1602D9D0B2EF8658
[Saints Row IV],2014/01/14,40,2.99,374,Stone Age Pack,B33ABA0E08122C975607651CC40DEF0A9E5931C658
[Saints Row IV],2013/09/03,40,2.99,29,Dubstep Gun (Remix) Pack,D1B30E1C16D872BC3D9F54AD6BEF64B778A7FAC958
[Saints Row IV],2013/09/17,40,2.99,17,GAT V Pack,843C68E0BECDC93170E5BABCB023018B0231144E58
[Saints Row IV],2013/08/29,40,2.99,29,Grass Roots Pack,D1B30E1C16D872BC3D9F54AD6BEF64B778A7FAC958
[Saints Row IV],2013/08/27,40,2.99,29,Presidential Pack,D1B30E1C16D872BC3D9F54AD6BEF64B778A7FAC958
[Saints Row IV],2013/11/05,40,2.99,588,Pirate's Booty Pack,696A3C6D5647140882EE2416557BC4B5FA1FE1DF58
[Saints Row IV],2013/12/10,40,6.99,374,How the Saints Save Christmas,B33ABA0E08122C975607651CC40DEF0A9E5931C658
[Saints Row IV],2013/09/17,40,2.99,17,Wild West Pack,843C68E0BECDC93170E5BABCB023018B0231144E58
[Saints Row IV],2013/11/26,40,1.99,37,Zinyak Attack Pack,48D348671FF618B99D4203A297D87F71D7DD483158
[Saints Row IV],2014/02/04,40,2.99,25,Game On,94C4F229739C30DE19252923A3AF2744D6C2DB6B58
[Saints Row IV],2013/12/03,40,1.99,37,"Hey Ash, Whatcha Playin’? Pack",48D348671FF618B99D4203A297D87F71D7DD483158
[Saints Row IV],2013/10/22,40,6.99,588,Enter the Dominatrix,696A3C6D5647140882EE2416557BC4B5FA1FE1DF58
[Saints Row IV],2014/02/04,40,2.99,25,Bling Bling Pack,94C4F229739C30DE19252923A3AF2744D6C2DB6B58
[Saints Row IV],2014/02/04,40,2.99,25,College Daze,94C4F229739C30DE19252923A3AF2744D6C2DB6B58
[Saints Row: Gat Out of Hell],2015/03/24,40,1.99,0,Saints Row: Gat out of Hell Devil’s Workshop Pack,B8BB04A701A49ED7A38EB2D2001C28A3B5A19D5E58
[Saints Row®: The Third™],2012/03/20,40,0.00,107,Viewer Pack The Third,A78A13B309964BE4C87173F4E25C809F45E5DC6E58
[Saints Row®: The Third™],2012/02/21,40,0.00,223,Viewer Pack The Second,15E7D80C51B8AEFA298F7446F9A617C3B5D735D958
[Saints Row®: The Third™],2012/01/17,40,0.00,107,Viewer Pack The First,56A41823AAAFAD98E2647400E37B17CEF662677558
[Saints Row®: The Third™],2012/05/01,40,2.99,223,Steelport Gangs Pack,15E7D80C51B8AEFA298F7446F9A617C3B5D735D958
[Saints Row®: The Third™],2011/11/15,40,1.99,0,Shark Attack Pack,89BF5F2631E4146B4E6E05A4D49948E308E1898058
[Saints Row®: The Third™],2011/11/15,40,9.99,0,Online Pass,89BF5F2631E4146B4E6E05A4D49948E308E1898058
[Saints Row®: The Third™],2012/04/10,40,1.99,0,Special Ops Vehicle Pack,89BF5F2631E4146B4E6E05A4D49948E308E1898058
[Saints Row®: The Third™],2011/12/20,40,2.99,0,Warrior Pack,89BF5F2631E4146B4E6E05A4D49948E308E1898058
[Saints Row®: The Third™],2012/02/14,40,2.99,0,Funtime! Pack,89BF5F2631E4146B4E6E05A4D49948E308E1898058
[Saints Row®: The Third™],2012/02/28,40,1.99,0,Bloodsucker Pack,89BF5F2631E4146B4E6E05A4D49948E308E1898058
[Saints Row®: The Third™],2011/12/06,40,1.99,0,Z Style Pack,89BF5F2631E4146B4E6E05A4D49948E308E1898058
[Saints Row®: The Third™],2012/08/14,40,1.99,0,Unlockable Pack,89BF5F2631E4146B4E6E05A4D49948E308E1898058
[Saints Row®: The Third™],2011/12/06,40,1.99,0,Explosive Combat Pack,89BF5F2631E4146B4E6E05A4D49948E308E1898058
[Saints Row®: The Third™],2012/02/14,40,1.99,0,Money Shot Pack,89BF5F2631E4146B4E6E05A4D49948E308E1898058
[Saints Row®: The Third™],2012/07/03,40,2.99,223,Genki Girl Pack,15E7D80C51B8AEFA298F7446F9A617C3B5D735D958
[Saints Row®: The Third™],2011/11/15,40,2.99,0,Invincible Pack,89BF5F2631E4146B4E6E05A4D49948E308E1898058
[Saints Row®: The Third™],2011/11/15,40,4.99,0,Season Pass,89BF5F2631E4146B4E6E05A4D49948E308E1898058
[Saints Row®: The Third™],2012/06/12,40,2.99,107,Witches & Wieners,A78A13B309964BE4C87173F4E25C809F45E5DC6E58
[Saints Row®: The Third™],2012/05/22,40,2.99,223,Penthouse Pack,15E7D80C51B8AEFA298F7446F9A617C3B5D735D958
[Saints Row®: The Third™],2012/07/24,40,2.99,223,Horror Pack,15E7D80C51B8AEFA298F7446F9A617C3B5D735D958
[Saints Row®: The Third™],2012/03/20,40,6.99,107,The Trouble With Clones,A78A13B309964BE4C87173F4E25C809F45E5DC6E58
[Saints Row®: The Third™],2012/01/17,40,6.99,107,Genkibowl VII,56A41823AAAFAD98E2647400E37B17CEF662677558
[Saints Row®: The Third™],2012/02/21,40,6.99,223,Gangstas In Space,15E7D80C51B8AEFA298F7446F9A617C3B5D735D958
[Saints Row®: The Third™],2012/04/10,40,2.99,0,Nyte Blayde Pack,89BF5F2631E4146B4E6E05A4D49948E308E1898058
[SAMURAI WARRIORS 2],2006/08/24,30,0.75,0,Persian Mare for Sale,68F4025D204C706CB0D72EC5A52A9BB9434989E958
[SAMURAI WARRIORS 2],2006/08/24,30,0.75,0,Moon Child for Sale,24FE8EAFBBE76924AE6DF624A22466B57A8CE8B158
[SAMURAI WARRIORS 2],2006/08/24,30,0.50,0,Nobutsuna Kamiizumi for Hire,73CFB74131CC923D764FDC6AEC0801B398653C5058
[SAMURAI WARRIORS 2],2006/08/24,30,0.50,0,Kai for Hire,36DB3DE87E68414D872664534B9D1C2FB0FB54AF58
[SAMURAI WARRIORS 2],2006/08/24,30,0.50,0,Koji Kashin for Hire,68744F3F9B608B7214535F1E8735A4D4B816D63358
[SAMURAI WARRIORS 2],2006/08/24,30,0.50,0,Chiyojo Mochizuki for Hire,EB8838698FC0430A93D6DB01BDB86FD4587CDB0C58
[SAMURAI WARRIORS 2],2006/08/24,30,0.50,0,Juzo Kakei for Hire,9EF11C6D2425BA6768664B3E445FBDCA988A1D8058
[SAMURAI WARRIORS 2],2006/08/24,30,0.50,0,Tsuru for Hire,E021570EC54F722D1B6A0CF1165288D299DAE44B58
[SAMURAI WARRIORS 2],2006/08/24,30,0.50,0,Tenkai Nankobo for Hire,F44F8252BD072EE780D98DFFD99F20076EAEA7E758
[SAMURAI WARRIORS 2],2006/08/24,30,0.50,0,Otsu Ono for Hire,FA0F09D26E6D8DF2E87606508C24C018D2D5E46158
[SAMURAI WARRIORS 2],2006/08/24,30,0.50,0,Seikai Miyoshi for Hire,B1EB204BF6F916EFA48B116A1A82E9EA8E02A33758
[SAMURAI WARRIORS 2],2006/08/24,30,0.50,0,Hisahide Matsunaga for Hire,ED8056C4C8D81F384EA49F381CCB70A0C534F64358
[SAMURAI WARRIORS 2],2006/08/24,30,0.00,0,Command List,8B84C16A3D9A926BADB0B054AD62AE897310ADB558
[SAMURAI WARRIORS 2],2006/08/24,30,0.00,0,Support List,A17576E45B321F740BE0932440C9FA1FE7F5BD4A58
[SAMURAI WARRIORS 2],2006/08/24,30,0.75,0,Matsukaze for Sale,98257D636E0C575AB160CF5E8C3E1452DA7F74FB58
[SAMURAI WARRIORS 2],2008/04/16,30,29.99,1920,SAMURAI WARRIORS 2 Xtreme Legends EN,4CF63B143742E98B6C23B7BDCC5D6DE10D39208658
[Sanctum 2],2014/03/14,30,4.99,201,Sanctum 2 - Expansion Pack,442E67B76A342E090B1C431A764330FF1599708A58
[Scarygirl],2012/05/08,20,1.99,90,DLC Pack 2: Enemy Within,56E890885BEB25F16D7CFC46B3244D882804B5C058
[Scarygirl],2012/03/28,20,1.99,113,DLC Pack 1: Spirits Unleashed,EE68D4A8AC1C27A313913E24FA59B46171A7882E58
[Scene It? BOS!],2009/02/12,30,6.99,559,Award Winners,5E840A5218AEE2671BC008AF6227968735E8538158
[Section 8®: Prejudice™],2011/06/01,30,3.99,186,Section 8®: Prejudice™ Overdrive Map Pack,6287253714DE3197ADBDD94FC279749012D739FA58
[Section 8®: Prejudice™],2011/04/20,30,2.99,0,Blitz Pack,4F95C0EACFC9BBA17E0EB5E85432F6332DD6404F58
[Section 8®: Prejudice™],2011/07/13,30,3.99,235,Section 8®: Prejudice™ Frontier Colonies Map Pack,B58A2935D49084BABFC2D27E56716A5F8D8671FB58
[Sesame Street: Once Upon a Monster],2011/11/22,10,4.99,342,Sesame Street: Once Upon a Monster - New Chapter!,F48135CD5118A85432748E76EA19B318005C85D058
[Skate 3],2010/05/14,30,0.00,0,Skate Share Pack,D0F772D88E2BE883A46AA1DD10918D95D5BC8DC158
[Skate 3],2010/05/14,30,6.99,0,Time is Money Pack,8B9253EB484205AF32CBDF9590152657CE6C99DF58
[Skate 3],2010/07/06,30,6.99,83,Danny's Hawaiian Dream,E8CB22B7FEA270B0D0188C31BDFE69A71F0B94D158
[Skate 3],2010/09/21,30,6.99,419,San Van Party Pack,8576AE236D00CF0FD8836A72A2CC5B4E3FAC12D458
[Skate 3],2010/08/17,30,6.99,52,Skate.Create Upgrade Pack,E33EB431DFAEDEFFB8CAA1543FB78EC6F9FC853E58
[Skate 3],2010/06/22,30,2.99,0,Black Box Distribution Skate Park,D1472E11CFD502BC1AFD05CFC2BBEFF0C059E1DB58
[Skate 3],2010/06/12,30,4.99,55,Maloof Money Cup 2010 NYC Pack,0165E5B906309F63ACA64BC2DF01667B9930C47D58
[Skyrim],2012/09/04,40,4.99,49,The Elder Scrolls V: Skyrim: Hearthfire,D624503A4A97A4109F548983F82E924024F0211858
[Skyrim],2012/06/26,40,19.99,453,The Elder Scrolls V: Skyrim: Dawnguard,C7483FF32BC57502D6401E5B3CDA1DDD286A8DEA58
[Skyrim],2012/12/04,40,19.99,614,The Elder Scrolls V: Skyrim: Dragonborn,4E20EB9159A5B21CB62805D162FFB734DD59520A58
[Sleeping Dogs],2012/10/30,40,0.00,986,The Ghost Pig Pack,AF77CD0FE28854EE7F7898050405E460B3A0D33D58
[Sleeping Dogs],2012/10/16,40,0.00,90,The Community Gift Pack,86568734A80D3ED3E32DB9C2D2539E0123F24BD058
[Sleeping Dogs],2013/02/12,40,1.99,221,Sleeping Dogs - The Law Enforcer Pack,23830BB112107B95E8129F8960E63B887866E72258
[Sleeping Dogs],2013/03/12,40,6.99,1598,Sleeping Dogs - The Year of the Snake,B5804A0638B43C0B932C46C1004887B2709D421058
[Sleeping Dogs],2012/11/13,40,1.99,689,Square Enix Character Pack,6087B59DCC44035A6442D2BAE8B88D6F148A35D358
[Sleeping Dogs],2012/10/16,40,1.99,90,The Tactical Soldier Pack,3CF1B528DF54960E98A486D6F82CDD971D06A44458
[Sleeping Dogs],2012/11/13,40,2.99,0,The Deep Undercover Pack,2DB1CC4C6E3151EE8F09D1B14D122FB54EA7EEC058
[Sleeping Dogs],2012/11/13,40,7.99,93,The Dragon Master Pack,533B1EF8EF4FCEF4802B854929A935FE6922C0B458
[Sleeping Dogs],2012/10/30,40,6.99,701,Nightmare In North Point Pack,79D92A40B281C7E4621EB0F7DB796F71A1E8563F58
[Sleeping Dogs],2012/10/16,40,3.99,90,The Street Racer Pack,B61CBC4530BE7DAC88B7B49CB70E794DB4556E1958
[Sleeping Dogs],2012/11/13,40,2.99,0,The Martial Arts Pack,95F0672F27631FC9A5526D0D1DE7BCE8A425898758
[Sleeping Dogs],2012/11/27,40,1.99,597,Gangland Style Pack,654CBB633755931D0A7C5B56D95340595249056558
[Sleeping Dogs],2012/08/21,40,2.99,59,The Red Envelope Pack,A582863C6FBDBA8ED48B63937CF3411AE76CCB8158
[Sleeping Dogs],2012/12/18,40,4.99,1224,The Zodiac Tournament Pack,BAF7A7B39D08D062439783FAEDB04594A31B58D458
[Sleeping Dogs],2012/10/23,40,3.99,90,The SWAT Pack,E053721AEA649E37B7CF8C444F087EE1C94DE8E258
[Sleeping Dogs],2012/11/13,40,2.99,0,The Police Protection Pack,EB6938CE155CB364C922265335D33EBB74267BD958
[Sleeping Dogs],2012/08/21,40,2.99,19,Top Dog Gold Pack,500323E88DBDF1B7948F3B97FA0657B3622FF87558
[Sleeping Dogs],2013/02/26,40,3.99,1343,The Wheels of Fury Pack,F2A38609179D32305607F3DA38BE16D3405B617D58
[Sleeping Dogs],2012/11/30,40,1.99,90,The Drunken Fist Pack,96C7716F7DF59670A798BF29B6D6745798EA820058
[Sleeping Dogs],2012/11/13,40,2.99,0,The GSP Pack,D5C0766CAB7353EC0D5C228A510E855577C13FBE58
[Sleeping Dogs],2012/10/23,40,1.99,90,The Screen Legends Pack,F0A7D3FC3FBD4905111D7EE9D28F93E47A7DCDEC58
[Sleeping Dogs],2012/11/13,40,2.99,0,The Triad Enforcer Pack,139F2E9C2B078C08135D7D994DC82986E51602AF58
[Sleeping Dogs],2012/08/14,40,1.99,19,Top Dog Silver Pack,91BBD5641EA37BDC52F99BF069621D9ABB8A810158
[Sleeping Dogs],2013/01/29,40,1.99,215,Sleeping Dogs - The Monkey King Pack,DFE0C028C2C09F9E896DC8E4452697EACE0631F658
[Sleeping Dogs],2012/08/21,40,2.99,19,The High Roller Pack,1EDD7716FD4A59BD8B498BD6E7A62C1FDE2DA77A58
[Sleeping Dogs],2013/01/29,40,1.99,206,The Movie Masters Pack,1154900CB3705606E799F0DE3EC4D0BB554FF1A558
[Sleeping Dogs],2012/08/14,40,1.99,26,Retro Triad Pack,3BAB526938AFAB95C642A14A603E594D5925E5BA58
[Small Arms],2007/06/06,20,3.13,10,Ivar & Gullarp: Best Friends Forever - Frozen in Time,669C8215FC46EF4AD7B0B61C77548B2989A6A7C758
[Sniper Elite 3],2014/10/02,40,0.00,1066,Sniper Elite 3 – Multiplayer Expansion Pack,6FBA7F1B7CA3E9170E78C14BE33B639C1F49043E58
[Sniper Elite 3],2014/09/29,40,7.99,272,"Sniper Elite 3: Save Churchill, Part 2 – Belly of the Beast",1B78C849DD17EF97940B24C96BD2964625EF6D2A58
[Sniper Elite 3],2014/07/16,40,7.99,420,Hunt The Grey Wolf,863E18AFE5F40D984A1280504DFED62E532311A158
[Sniper Elite 3],2014/07/16,40,2.99,29,Hunter Weapons Pack,C2F6301ED15D1FA9AA88291E267EED53068BF15F58
[Sniper Elite 3],2014/10/06,40,7.99,285,"Sniper Elite 3: Save Churchill, Part 3 – Confrontation",AC650336DC45F21E4D74837509A0ED6FE20E58C458
[Sniper Elite 3],2014/12/12,40,3.99,25,International Camouflage Rifles Pack,2CB4542D295FB377BFDDBB9EA4AF772827379A7558
[Sniper Elite 3],2014/09/29,40,3.99,12,Sniper Rifle Weapons Pack,13DFE49172D6D76E46100578E6D46A9FF24E957F58
[Sniper Elite 3],2014/09/18,40,3.99,11,Patriot Weapons Pack,F13A35FC405C52B2D5FAB2733BAC1E6733F6FC6158
[Sniper Elite 3],2014/07/16,40,2.99,38,US Infantry/Allied Outfits Pack,F766CAE6EB07882CC1924939CED5D8C24EE7135258
[Sniper Elite 3],2014/09/10,40,7.99,313,"Sniper Elite 3: Save Churchill, Part 1 – In Shadows",DCB8E2558BDF089D955F58C8BD5AFB22AF5C0FA858
[Sniper Elite 3],2014/12/12,40,3.99,24,U.S. Camouflage Rifles Pack,ED3266BB4957750AEFB26033069308B9C27CE69D58
[Sniper Elite 3],2014/09/29,40,3.99,11,Axis Weapons Pack,5B59CDD2D3E05F8C26A8CA4E83EFB9F5E5556F4058
[Sniper Elite 3],2014/07/16,40,2.99,36,Camouflage Weapons Pack,76323EAC3F70BDC6E933C49AED10BA666AA5C4BF58
[Sniper Elite 3],2014/09/29,40,3.99,12,Eastern Front Weapons Pack,67B59119FEB249C886604F935A4E0495417CA3BA58
[Sniper Elite V2],2012/11/07,40,0.00,295,Sniper Elite V2 Multiplayer Expansion additional content,21F1B102BFD5F674084B1695394F57556696060058
[Sniper Elite V2],2013/02/06,40,4.99,146,Sniper Elite V2 Saint Pierre additional content,D820BC9A790247DDEC09550587D0DCB5A422EC5C58
[Sniper Elite V2],2012/06/05,40,9.99,201,Sniper Elite V2 - Assassinate The Führer,004E0C811EB04E6AC6F4165910F8722B196EA10758
[Sniper Elite V2],2012/12/18,40,4.99,84,Sniper Elite V2 Neudorf Outpost additional content,27DEB53EE1E04CEA505C0D112910F25EE4BA9A1258
[Sniper Elite V2],2012/11/07,40,2.99,19,Sniper Elite V2 Weapons Pack,9C58FF12086E2C399E91A3A2DA1FFF720105BDBE58
[Sniper Ghost Warrior 2],2013/04/14,40,0.00,117,Multiplayer Expansion Pack,5634E807C921B7CC26078206DBB46F740B32E76958
[Sniper Ghost Warrior 2],2013/05/31,40,1.00,0,AW 50,52FA9ABAE0B09958146C7B498347409D09B3903D58
[Sniper Ghost Warrior 2],2013/05/31,40,1.00,0,M14 Sniper Rifle,99C04CD8B8485C30E9330811C6B8026356F71E5F58
[Sniper Ghost Warrior 2],2013/05/31,40,1.00,0,MK14 EBR & skins,320DFB21EE8CD7F83C56EF4E7A78C784327642E258
[Sniper Ghost Warrior 2],2013/03/27,40,4.99,1225,Siberian Strike,C7988693966263BCD8AEEBD35A7ECBB4755E0AF958
[Sniper Ghost Warrior 2],2013/05/31,40,1.00,0,Sniper Ghost Warrior 2 Weapons,23B3C159BFD4CABE09B50B4E0EF5FE6D1C855DD758
[Sniper Ghost Warrior 2],2013/05/31,40,1.00,0,Limited Edition,63D3B2756505FDA49E9AC2CFF2EAFD3A07E2146B58
[Sniper Ghost Warrior 2],2013/05/31,40,1.99,0,Collectors Pack,812F0E8D0BC2FD2A8BC648766CF3C37684DD4B1058
[Sniper Ghost Warrior 2],2014/01/01,40,6.99,1415,Sniper Ghost Warrior 2 - Gold,5A50929FB67971FF097216ADF4E9CE4CCC7CA2E658
[Sniper Ghost Warrior 2],2013/05/31,40,1.00,0,Kalao Character,6C6870FE6ED607F5009140399D8CE8DAF4D276C158
[Sniper Ghost Warrior 2],2013/05/31,40,1.00,0,Marine,9FA94FEE10EACE54CB186265B414F672010FA5FE58
[Sniper Ghost Warrior 2],2013/05/31,40,1.00,0,Jungle Soldier,7A5AFE943B338294ECF4FEEF399EB9F4BCFF125B58
[Sniper Ghost Warrior 2],2013/05/31,40,1.00,0,Wheeler,4BEDE19CDF49BBB373DC4CD20CF6AC20490FB8D258
[Sniper Ghost Warrior 2],2013/06/25,40,4.99,170,Sniper Ghost Warrior 2,6251EFD77BF839C8A3E8CCBFBA2D26DCF552A07D58
[Sniper: Ghost Warrior],2011/08/30,40,4.99,826,Sniper Ghost Warrior - Second Strike,F8FD2BADD2C28FBBA63FF40AADF85487ECC7955958
[Sniper: Ghost Warrior],2010/08/30,40,4.99,341,Sniper: Ghost Warrior - Map Pack,C4D91A3ECC1A08B8551FFE07B52F83834ADA247258
[Soltrio Solitaire],2007/06/13,10,1.88,0,Soltrio Solitaire - Game Pack 1,00A2082812546C00324311233FB0FC1575C4494F58
[Soltrio Solitaire],2007/06/27,10,1.88,0,Soltrio Solitaire - Game Pack 2,93222525CF5276610E34F8AF2498B04B28302E1258
[Soltrio Solitaire],2007/07/11,10,1.88,0,Soltrio Solitaire - Game Pack 3,0449A73CA87076908D37DD1CAAC26285F84F83DC58
[Soltrio Solitaire],2007/07/25,10,1.88,0,Soltrio Solitaire - Game Pack 4,E10E5A427AC66FA78F2491930B1C4423472C544E58
[Soltrio Solitaire],2007/08/08,10,1.88,0,Soltrio Solitaire - Game Pack 5,E65419CE0292B802041C5B3869558F7302C2773958
[Soltrio Solitaire],2007/08/22,10,1.88,0,Soltrio Solitaire - Game Pack 6,C0550EF9FB3BD99FDE978C47BA78EC01CB015FFB58
[Soltrio Solitaire],2007/09/05,10,1.88,0,Soltrio Solitaire - Game Pack 7,C0D5EB0387E2E154F657CA8A91E07C6AF96B10EA58
[Soltrio Solitaire],2007/09/18,10,1.88,0,Soltrio Solitaire - Game Pack 8,3F5C42285668FC8572784BD994D185CFDCF909E058
[Soltrio Solitaire],2007/10/03,10,1.88,0,Soltrio Solitaire - Game Pack 9,A60424265023BCD89AF935759EBAD251E411707E58
[Sonic & All-Stars Racing Transformed],2013/02/19,20,2.99,0,Sonic & All-Stars Racing Transformed Metal Sonic & Outrun DLC,2125BED78BDCE2760AA1FBA35A3A4A5FA4F5C2A158
[Sonic & SEGA Racing],2010/04/08,10,6.99,127,Metal Sonic & Death Egg Zone,E82932CF3622A31DE00F3E50ECACE6ACB2D85B8A58
[Sonic & SEGA Racing],2010/04/01,10,3.99,0,Ryo Hazuki - Forklift Truck,D0FB8B422AAD6CA7092CF931C7F1E402547DE0D258
[Sonic & SEGA Racing],2010/03/16,10,4.99,0,Unlock All Characters & Tracks,A833E648C253FB359E9C25A100EB3594952364E758
[Sonic Adventure],2012/09/11,10,2.49,167,Sonic Adventure DX Upgrade,5DA03E425DD730BB2EA3AE7B3BD9FA4FC530645D58
[Sonic Adventure™ 2],2012/10/05,20,2.99,25,Sonic Adventure™ 2: Battle Mode DLC,B4EA5DDDBCF8F0FA6741C1703479CD7EBF6618E858
[Sonic Generations],2018/04/10,10,0.00,28,Sonic Generations ‘Casino Night’ Pinball,CD97F6BE7B13C84E32B383779C61F1CC94AA235158
[SONIC THE HEDGEHOG],2007/02/08,20,2.49,1,"Additional Mission Pack ""Sonic/Very Hard""",6240A0F7C1CB0EEF30A467CFF6DD54D5DFBB9BAE58
[SONIC THE HEDGEHOG],2007/02/08,20,2.49,0,"Additional Mission Pack ""Shadow/Very Hard""",3CBD15B2258369A82D1474B8DE4B303D426796AE58
[SONIC THE HEDGEHOG],2007/02/08,20,2.49,0,"Additional Mission Pack ""Silver/Very Hard""",3EE0F2FF084394F67A1F80138E1C8F6964A048E558
[SONIC THE HEDGEHOG],2007/02/20,20,1.88,0,"Additional Episode ""Team Attack Amigo""",82619026E2BCE65BABD52B4EFBE5A1D7DAC24D6458
[SONIC THE HEDGEHOG],2007/03/20,20,1.88,0,"Additional Episode ""Sonic Boss Attack""",3E95D40A305FBE491F6FC9DF2BD9012E67BA993258
[SONIC THE HEDGEHOG],2007/03/20,20,1.88,0,"Additional Episode ""Shadow Boss Attack""",171E51F389EDFABBEA63573FA7C76A305AB8701358
[SONIC THE HEDGEHOG],2007/03/20,20,1.88,0,"Additional Episode ""Silver Boss Attack""",FD2ADFC01614A32B8C442071DCC223D1D00146D858
[SONIC UNLEASHED],2018/11/29,20,1.99,791,Apotos & Shamar Adventure Pack,CEC004378A6600B8C3E147511BF1FB06FE0DA91458
[SONIC UNLEASHED],2018/11/29,20,1.99,522,Empire City & Adabat Adventure Pack,19ED84882535CB868B5B5CD2E878681E76D1B65658
[SONIC UNLEASHED],2018/11/29,20,1.99,326,Chun-nan Adventure Pack,B44E94BA0A6040DCD480B73408611C8F725C29D058
[SONIC UNLEASHED],2018/11/29,20,1.99,618,Spagonia Adventure Pack,7FC2E1E9FE8AD49974FAFCC99FBE1BA29EE4AE2A58
[SONIC UNLEASHED],2018/11/29,20,1.99,202,Holoska Adventure Pack,BC9E0B0AC8B4E368AD86742965EE1EFB95A0CD6258
[SONIC UNLEASHED],2018/11/29,20,3.13,609,Mazuri Adventure Pack,5C96A744BD588B2E6ECC681A69DB038F545C66C858
[The Stick of Truth™],2014/04/01,40,3.99,0,Super Ultimate Pack,3544356579EE37769D944EDA9B0C908F2CA36C6A58
[The Stick of Truth™],2014/04/01,40,1.99,0,The Stick of Truth Super Samurai Spaceman Pack,BB56F910A4719EB1E5C4C19CD1A9D5B145F8515D58
[The Stick of Truth™],2014/04/01,40,2.99,0,The Stick of Truth Ultimate Fellowship Pack,C692100CCAAA0A418280E65A4F45F6C2F198C58F58
[Space Invaders Extreme],2009/06/17,10,2.99,0,Space Invaders Extreme Expansion Pack,2AEF9F58C476749C908A8581F56DD30F6C3F83E258
[Space Invaders: IG],2010/11/17,10,2.99,0,Bonus Stages 5-1 to 5-6,232ADF59F93C36979DAAE3A0E8A5397EB906F02E58
[Space Invaders: IG],2010/11/03,10,2.99,0,Bonus Stages 4-1 to 4-6,E2A403635B3AD3CB501F6C2DA9EEAC77378192F958
[Space Invaders: IG],2010/10/20,10,2.99,0,Bonus Stages 3-1 to 3-6,297F5FD278BE1C2947CDF21007E938AC2A74ED2A58
[Spelunky],2013/02/20,30,1.99,5,Spelunky: Explorers DLC,527AC197F71C8BDED6951F4619A155D62956A8FF58
[Spelunky],2013/02/20,30,0.99,0,Spelunky: Arenas DLC,E13842847BFA24BE9E85F748B076EE99CDAE310B58
[Spider-Man 3],2007/10/26,30,2.99,0,Spider-Man 3™: New Goblin,A55A069858504793CA6218FF739619045978229F58
[Tom Clancy’s Splinter Cell® Blacklist™],2013/09/24,40,6.99,0,Splinter Cell® Blacklist™ Homeland Pack,DFB201CBF1115A691E56BE3E145A7F5C46944C2658
[Tom Clancy’s Splinter Cell® Blacklist™],2013/08/20,40,2.99,0,TC's Splinter Cell® Blacklist™ - High Power,B7E933A4451E651CFDEFD048E7F7D01F90BDC82858
[SplinterCellConviction],2010/05/27,40,9.99,762,Deniable Ops: Insurgency,4CA047B05748FBA9F5741F9BA427680711C04D7458
[Split/Second],2010/08/31,20,0.00,19,The Elite Vehicle Livery Pack,13B21D5F30FFD93144A6FEAF4CA44B2ECD48195A58
[Split/Second],2010/08/31,20,0.00,29,Ryback Cyclone Special Edition,D2B4AEDE6004CDB38A1142A0A15905B218969F5658
[Split/Second],2010/05/18,20,2.99,0,Split/Second Track and Mode Unlock!,226DB7026F79B8D08894D53A0795FEC084A6B6AD58
[Split/Second],2010/05/18,20,4.99,0,Split/Second Master Unlock!,FE58D8B360884E4141B66422D2D27F2CADD6E8F858
[Split/Second],2010/08/31,20,1.99,29,High Octane Supercar Vehicle Pack,D2B4AEDE6004CDB38A1142A0A15905B218969F5658
[Split/Second],2010/05/18,20,2.99,0,Split/Second Full Vehicle Unlock!,865A7DD6E1F044D20D2090489AE3B2ABA3875FD558
[Split/Second],2010/10/05,20,6.00,225,Survival At The Rock Pack,6615B496832AEBCAC29AFAFEEC9BF4DB40627E2A58
[Split/Second],2010/10/19,20,4.99,40,Deadline Pack,B7F7F7F2232A2417BC029192BC4F0EE155219DB758
[Split/Second],2010/11/02,20,9.99,276,Onslaught Pack,9EC455E6897FDAD2C458FB7A3C285958CFB29C1458
[Splosion Man],2011/07/21,20,0.00,1,Prologue to Ms. Splosion Man,CCB5AF46AFE1347322A89783FA671A6B481D019758
[SSX],2012/04/03,10,0.00,0,SSX: Boards & Riders Pack,EB5DA5E10EE9D77C62651F97CB825838FBBDD44A58
[SSX],2012/08/28,10,0.00,8,Mt. Fuji,0B4D5E7856AD993977D79B0FABAABB2F1A16C6B258
[SSX],2012/05/01,10,7.99,224,EA SPORTS™ SSX: Mt. Eddie & Classic Characters Pack,8A7D066F7125F0B02BF4D8F520A12607DD5CB41B58
[SSX],2012/05/01,10,5.99,174,EA SPORTS™ SSX: Classic Characters Pack,49D8D468661AFCBF70652A41B45529D6586366F458
[SSX],2012/05/01,10,5.99,53,EA SPORTS™ SSX: Mt. Eddie Pack,6E898883B7AFD697C7AD9A5571013891D1BDC8E858
[Stacking],2011/04/06,20,4.99,180,The Lost Hobo King,F53A249F74949D61CD5F0418313A4B17B6DCABEF58
[Star Wars: The Force Unleashed],2008/11/13,30,4.99,138,STAR WARS®: THE FORCE UNLEASHED™ Character Pack #1,6A8278F2562448B8BE64DEF11E8DE7284CED91D158
[Star Wars: The Force Unleashed],2008/12/04,30,4.99,132,Star Wars The Force Unleashed Character Pack 2,991C9619E63805B0E46E51799E25192B70FCCA0958
[Star Wars: The Force Unleashed],2010/02/23,30,9.99,450,STAR WARS: THE FORCE UNLEASHED HOTH MISSION PACK,90792343532D4BDF8188F03F7DC28CB2B3C2135858
[Star Wars: The Force Unleashed],2008/12/04,30,9.99,479,Jedi Temple Mission Pack,C652991D0F0E6D4DACBC2616017EFEA0BFA1BEA058
[Star Wars: The Force Unleashed],2009/08/27,30,9.99,484,STAR WARS: THE FORCE UNLEASHED TATOOINE MISSION PACK,6CBF5132A6E8E2AA0A3508C87710B30E063CA69B58
[Star Wars: The Force Unleashed II],2010/12/14,30,1.00,645,Star Wars The Force Unleashed II - Endor DLC,8D144125C36FE95C7FEDE6346934CF3FBD49D76958
[Star Wars: The Force Unleashed II],2010/12/14,30,1.00,224,Star Wars The Force Unleashed II Character Pack,56271A989D33A43DAE3B7672DF168BA247C34D0658
[State of Decay],2013/11/29,40,6.99,4,State of Decay: Breakdown,0A8E0B700FA202A34238177134262B4E5DAFA27A58
[State of Decay],2014/05/30,40,6.99,425,State of Decay: Lifeline,BA24E5B1B25366FB40240ADF4A51CF73700BA08958
[STEEL BATTALION HEAVY ARMOR],2012/06/19,40,0.00,0,Steel Battalion: Heavy Armor Emblem Pack,9873188B9C8DCCEF95DA2000E3E1F47CEA283DCD58
[STEEL BATTALION HEAVY ARMOR],2012/07/31,40,1.00,0,Camouflage Pack 2: Iron Guardian,7C9320356135CB51219B6E0081C4501A56402D0E58
[STEEL BATTALION HEAVY ARMOR],2012/07/31,40,1.00,0,Camouflage Pack 3: Carbon Assassin,0E70A5C4E825955EADA85B1854710F278E34E17D58
[STEEL BATTALION HEAVY ARMOR],2012/07/03,40,2.99,102,Steel Battalion: Heavy Armor Map Pack 1,21F5BCC59E7F62BA3A15B104656CD216B57D7A4758
[STEEL BATTALION HEAVY ARMOR],2012/07/17,40,2.99,99,Steel Battalion: Heavy Armor Map Pack 2,FA951CDE88C281099FFC545CCB3050DCF5782A8058
[STEEL BATTALION HEAVY ARMOR],2012/07/31,40,1.00,0,Camouflage Pack 1: Chrome Blitzer,7DE5855CBE3664F50ACB59CDFF2A7280062B3F1158
[Stranglehold],2008/01/04,40,14.99,532,Stranglehold Map Pack,9CC94AD1023C575306FB7341F1F54CEEB3CAB2D658
[Strania],2011/05/11,20,4.99,139,"Strania - The Stella Machina - Add-on Gamemode ""Side VOWER""",68DD83D2C7F5349E179438677FA47257725E9B4B58
[Street Fighter III: Online Edition],2011/10/26,30,1.99,57,Music Pack 2,6E8FEAE84CE133B22AC76782F572A32B062C6CE558
[Street Fighter III: Online Edition],2011/08/24,30,1.00,0,Unlock Dipswitches,54F129328DB64A6C446B67D12CEDC8F8511FE23358
[Street Fighter III: Online Edition],2011/10/26,30,1.99,36,Music Pack 1,4466052054BC37B03448C0D49C43A11CC7A6701658
[Street Fighter III: Online Edition],2011/10/05,30,3.99,31,Match Pack 1,B0838C8EEF47B6161D8B31769391944DE72B67EE58
[Street Fighter III: Online Edition],2011/10/26,30,3.99,26,Match Pack 2,88B6E85E6C64BCD882B516968803044A8F85FD8F58
[Street Fighter III: Online Edition],2011/08/24,30,1.00,0,Unlock Gill,E85B0E9FA39129C47C150DC886203452B55A881C58
[Street Fighter III: Online Edition],2011/09/07,30,2.99,1,Character Color Pack 1,DBBF4FE601AB4C4F13F3DA90383DBFBB9360484E58
[Street Fighter III: Online Edition],2011/10/12,30,2.99,1,Character Color Pack 2,B95E95D7E92D1FAF83A40770D116D99187D31A6A58
[STREET FIGHTER IV],2009/04/24,30,0.00,15,The STREET FIGHTER Ⅳ Power Up Pack,561BA358C39416147F2D89FF0B5160C67E41A03F58
[STREET FIGHTER IV],2009/04/30,30,12.49,0,Complete Alternate Costume Pack,AA55154F36B209D3E28D29E859B4A9E677CE27B458
[STREET FIGHTER IV],2009/02/17,30,3.99,0,Brawler Pack,F3ED58B542B8DF076008D35957DD33E7C2E9E9A458
[STREET FIGHTER IV],2009/02/24,30,3.99,0,Femme Fatale Pack,696CE054C7102A3892A9F072065801528CE0A60F58
[STREET FIGHTER IV],2009/03/03,30,3.99,0,Shoryuken Pack,7CFC8240FB461BC6F8A15CE99E607CF91093ED9A58
[STREET FIGHTER IV],2009/03/10,30,3.99,0,Shadaloo Pack,CD06C081552524789AD2D96A24FBA9A6E6BD469D58
[STREET FIGHTER IV],2009/03/17,30,3.99,0,Classic Pack,C93A4CBA0B4930E55FC47E7348137CAA6E7D88E958
[STREET FIGHTER X TEKKEN],2012/04/03,30,0.00,0,Preset Combo 3,BE697E505FE7971481B9C6A8EAA25751B45FFA8E58
[STREET FIGHTER X TEKKEN],2012/04/03,30,0.00,0,Preset Combo 5,BE697E505FE7971481B9C6A8EAA25751B45FFA8E58
[STREET FIGHTER X TEKKEN],2012/04/03,30,0.00,0,Preset Combo 4,BE697E505FE7971481B9C6A8EAA25751B45FFA8E58
[STREET FIGHTER X TEKKEN],2013/01/29,30,0.00,0,Special Color Palette 4,EFDB056BA28F8F993D4FABAEC326E209111A523258
[STREET FIGHTER X TEKKEN],2012/04/03,30,0.00,0,Special Color Palette 1,EFDB056BA28F8F993D4FABAEC326E209111A523258
[STREET FIGHTER X TEKKEN],2012/12/04,30,0.00,0,Color Palette Add-On 10,EFDB056BA28F8F993D4FABAEC326E209111A523258
[STREET FIGHTER X TEKKEN],2012/04/03,30,0.00,0,Color Palette Add-On 1,EFDB056BA28F8F993D4FABAEC326E209111A523258
[STREET FIGHTER X TEKKEN],2012/10/02,30,0.00,0,Color Palette Add-On 8,EFDB056BA28F8F993D4FABAEC326E209111A523258
[STREET FIGHTER X TEKKEN],2012/06/05,30,0.00,0,Color Palette Add-On 4,EFDB056BA28F8F993D4FABAEC326E209111A523258
[STREET FIGHTER X TEKKEN],2012/04/03,30,1.00,0,Paul (Swap Costume),87D0A786687385033C2DFF4C795EF57D0B4991E358
[STREET FIGHTER X TEKKEN],2012/07/31,30,1.00,0,Christie (Swap Costume),87D0A786687385033C2DFF4C795EF57D0B4991E358
[STREET FIGHTER X TEKKEN],2012/07/31,30,1.00,0,Alisa (Swap Costume),87D0A786687385033C2DFF4C795EF57D0B4991E358
[STREET FIGHTER X TEKKEN],2012/04/03,30,1.00,0,Ogre (Swap Costume),87D0A786687385033C2DFF4C795EF57D0B4991E358
[STREET FIGHTER X TEKKEN],2012/07/10,30,0.00,0,Color Palette Add-On 5,EFDB056BA28F8F993D4FABAEC326E209111A523258
[STREET FIGHTER X TEKKEN],2012/11/06,30,0.00,0,Color Palette Add-On 9,EFDB056BA28F8F993D4FABAEC326E209111A523258
[STREET FIGHTER X TEKKEN],2012/09/04,30,0.00,0,Color Palette Add-On 7,EFDB056BA28F8F993D4FABAEC326E209111A523258
[STREET FIGHTER X TEKKEN],2012/04/03,30,0.00,0,Color Palette Add-On 2,EFDB056BA28F8F993D4FABAEC326E209111A523258
[STREET FIGHTER X TEKKEN],2012/05/01,30,0.00,0,Color Palette Add-On 3,EFDB056BA28F8F993D4FABAEC326E209111A523258
[STREET FIGHTER X TEKKEN],2012/04/03,30,1.00,0,Poison (Swap Costume),61DFB8D026FFD94D3CB1F05F5FBF3FD71DF84B1358
[STREET FIGHTER X TEKKEN],2012/10/30,30,1.00,0,Ogre (Alternate),D963DD0CA5759F289192B6678CCE7104E1CEEF6B58
[STREET FIGHTER X TEKKEN],2012/04/03,30,1.00,0,Ryu (Swap Costume),61DFB8D026FFD94D3CB1F05F5FBF3FD71DF84B1358
[STREET FIGHTER X TEKKEN],2012/10/30,30,1.00,0,Abel (Alternate),213F4D4F9AB748D2E4D62FF17D8833D4C46E694558
[STREET FIGHTER X TEKKEN],2012/08/07,30,0.00,0,Color Palette Add-On 6,EFDB056BA28F8F993D4FABAEC326E209111A523258
[STREET FIGHTER X TEKKEN],2012/04/03,30,1.00,0,Guile (Swap Costume),61DFB8D026FFD94D3CB1F05F5FBF3FD71DF84B1358
[STREET FIGHTER X TEKKEN],2012/05/01,30,0.00,0,Special Color Palette 2,EFDB056BA28F8F993D4FABAEC326E209111A523258
[STREET FIGHTER X TEKKEN],2012/10/30,30,0.00,0,Special Color Palette 3,EFDB056BA28F8F993D4FABAEC326E209111A523258
[STREET FIGHTER X TEKKEN],2012/10/30,30,1.00,0,Heihachi (Alternate),D963DD0CA5759F289192B6678CCE7104E1CEEF6B58
[STREET FIGHTER X TEKKEN],2012/10/30,30,1.00,0,Dhalsim (Alternate),213F4D4F9AB748D2E4D62FF17D8833D4C46E694558
[STREET FIGHTER X TEKKEN],2012/10/30,30,3.99,0,TK DLC Char Alternate Costume Complete Pack,7C208FFA2D89ADB6C405D2532E057D0236EF8CB858
[STREET FIGHTER X TEKKEN],2012/10/30,30,1.00,0,JACK-X (Alternate),D963DD0CA5759F289192B6678CCE7104E1CEEF6B58
[STREET FIGHTER X TEKKEN],2012/07/31,30,3.99,0,SF DLC Char Swap Costume Complete Pack,7C208FFA2D89ADB6C405D2532E057D0236EF8CB858
[STREET FIGHTER X TEKKEN],2012/10/30,30,1.00,0,Lili (Alternate),D963DD0CA5759F289192B6678CCE7104E1CEEF6B58
[STREET FIGHTER X TEKKEN],2012/04/03,30,12.99,0,TK Swap Costume Complete Pack,7C208FFA2D89ADB6C405D2532E057D0236EF8CB858
[STREET FIGHTER X TEKKEN],2012/10/30,30,12.99,0,TK Alternate Costume Complete Pack,7C208FFA2D89ADB6C405D2532E057D0236EF8CB858
[STREET FIGHTER X TEKKEN],2012/06/05,30,1.00,0,TK Boost Gem Pack 5,B258DB4E6C4F951542F9D053E1F36288F7BF0F1158
[STREET FIGHTER X TEKKEN],2012/10/02,30,1.00,0,TK Boost Gem Pack 15,B258DB4E6C4F951542F9D053E1F36288F7BF0F1158
[STREET FIGHTER X TEKKEN],2012/12/04,30,1.00,0,TK Boost Gem Pack 20,B258DB4E6C4F951542F9D053E1F36288F7BF0F1158
[STREET FIGHTER X TEKKEN],2012/12/04,30,1.00,0,SF/TK Shared Assist Gem Pack 7,DD9D8DC789DCF85615A171541A625E9F32604E1858
[STREET FIGHTER X TEKKEN],2012/06/05,30,17.99,0,SF/TK Swap Costume Complete Pack,7C208FFA2D89ADB6C405D2532E057D0236EF8CB858
[STREET FIGHTER X TEKKEN],2012/07/31,30,19.99,0,Additional Characters Pack (12 Chars),BE697E505FE7971481B9C6A8EAA25751B45FFA8E58
[STREET FIGHTER X TEKKEN],2012/08/07,30,1.00,0,TK Boost Gem Pack 9,B258DB4E6C4F951542F9D053E1F36288F7BF0F1158
[STREET FIGHTER X TEKKEN],2012/10/30,30,1.00,0,Alisa (Alternate),D963DD0CA5759F289192B6678CCE7104E1CEEF6B58
[STREET FIGHTER X TEKKEN],2012/11/06,30,1.00,0,SF Boost Gem Pack 18,E1B0B447527BB00EA626905CB711CD7757C9306458
[STREET FIGHTER X TEKKEN],2012/06/05,30,1.00,0,King of Iron Fist Pack,89724E9BB8CB47B4EA6B6EDA575E219F9ED50FA258
[STREET FIGHTER X TEKKEN],2012/04/03,30,1.00,0,Cammy (Swap Costume),61DFB8D026FFD94D3CB1F05F5FBF3FD71DF84B1358
[STREET FIGHTER X TEKKEN],2012/04/03,30,1.00,0,Ken (Swap Costume),61DFB8D026FFD94D3CB1F05F5FBF3FD71DF84B1358
[STREET FIGHTER X TEKKEN],2012/04/03,30,1.00,0,Hwoarang (Swap Costume),87D0A786687385033C2DFF4C795EF57D0B4991E358
[STREET FIGHTER X TEKKEN],2012/04/03,30,1.00,0,Xiaoyu (Swap Costume),87D0A786687385033C2DFF4C795EF57D0B4991E358
[STREET FIGHTER X TEKKEN],2012/04/03,30,1.00,0,Nina (Swap Costume),87D0A786687385033C2DFF4C795EF57D0B4991E358
[STREET FIGHTER X TEKKEN],2012/04/03,30,1.00,0,Marduk (Swap Costume),87D0A786687385033C2DFF4C795EF57D0B4991E358
[STREET FIGHTER X TEKKEN],2012/04/03,30,1.00,0,Heihachi (Swap Costume),87D0A786687385033C2DFF4C795EF57D0B4991E358
[STREET FIGHTER X TEKKEN],2012/04/03,30,1.00,0,Kazuya (Swap Costume),87D0A786687385033C2DFF4C795EF57D0B4991E358
[STREET FIGHTER X TEKKEN],2012/04/03,30,1.00,0,Steve (Swap Costume),87D0A786687385033C2DFF4C795EF57D0B4991E358
[STREET FIGHTER X TEKKEN],2012/10/30,30,1.00,0,Chun-Li (Alternate),213F4D4F9AB748D2E4D62FF17D8833D4C46E694558
[STREET FIGHTER X TEKKEN],2012/04/03,30,1.00,0,Bob (Swap Costume),87D0A786687385033C2DFF4C795EF57D0B4991E358
[STREET FIGHTER X TEKKEN],2012/07/31,30,1.00,0,JACK-X (Swap Costume),87D0A786687385033C2DFF4C795EF57D0B4991E358
[STREET FIGHTER X TEKKEN],2012/07/31,30,1.00,0,Cody (Swap Costume),61DFB8D026FFD94D3CB1F05F5FBF3FD71DF84B1358
[STREET FIGHTER X TEKKEN],2012/04/03,30,1.00,0,Kuma (Swap Costume),87D0A786687385033C2DFF4C795EF57D0B4991E358
[STREET FIGHTER X TEKKEN],2012/04/03,30,1.00,0,Jin (Swap Costume),87D0A786687385033C2DFF4C795EF57D0B4991E358
[STREET FIGHTER X TEKKEN],2012/04/03,30,1.00,0,Julia (Swap Costume),87D0A786687385033C2DFF4C795EF57D0B4991E358
[STREET FIGHTER X TEKKEN],2012/07/31,30,1.00,0,Elena (Swap Costume),61DFB8D026FFD94D3CB1F05F5FBF3FD71DF84B1358
[STREET FIGHTER X TEKKEN],2012/04/03,30,1.00,0,Yoshimitsu (Swap Costume),87D0A786687385033C2DFF4C795EF57D0B4991E358
[STREET FIGHTER X TEKKEN],2012/04/03,30,1.00,0,Asuka (Swap Costume),87D0A786687385033C2DFF4C795EF57D0B4991E358
[STREET FIGHTER X TEKKEN],2012/04/03,30,1.00,0,Akuma (Swap Costume),61DFB8D026FFD94D3CB1F05F5FBF3FD71DF84B1358
[STREET FIGHTER X TEKKEN],2012/10/30,30,1.00,0,Ryu (Alternate),213F4D4F9AB748D2E4D62FF17D8833D4C46E694558
[STREET FIGHTER X TEKKEN],2012/04/03,30,1.00,0,Dhalsim (Swap Costume),61DFB8D026FFD94D3CB1F05F5FBF3FD71DF84B1358
[STREET FIGHTER X TEKKEN],2012/10/30,30,1.00,0,Cammy (Alternate),213F4D4F9AB748D2E4D62FF17D8833D4C46E694558
[STREET FIGHTER X TEKKEN],2012/04/03,30,1.00,0,Hugo (Swap Costume),61DFB8D026FFD94D3CB1F05F5FBF3FD71DF84B1358
[STREET FIGHTER X TEKKEN],2012/04/03,30,1.00,0,Vega (Swap Costume),61DFB8D026FFD94D3CB1F05F5FBF3FD71DF84B1358
[STREET FIGHTER X TEKKEN],2012/07/31,30,1.00,0,Blanka (Swap Costume),61DFB8D026FFD94D3CB1F05F5FBF3FD71DF84B1358
[STREET FIGHTER X TEKKEN],2012/04/03,30,1.00,0,Balrog (Swap Costume),61DFB8D026FFD94D3CB1F05F5FBF3FD71DF84B1358
[STREET FIGHTER X TEKKEN],2012/04/03,30,1.00,0,Zangief (Swap Costume),61DFB8D026FFD94D3CB1F05F5FBF3FD71DF84B1358
[STREET FIGHTER X TEKKEN],2012/04/03,30,1.00,0,M.Bison (Swap Costume),61DFB8D026FFD94D3CB1F05F5FBF3FD71DF84B1358
[STREET FIGHTER X TEKKEN],2012/04/03,30,1.00,0,Rolento (Swap Costume),61DFB8D026FFD94D3CB1F05F5FBF3FD71DF84B1358
[STREET FIGHTER X TEKKEN],2012/10/30,30,1.00,0,Balrog (Alternate),213F4D4F9AB748D2E4D62FF17D8833D4C46E694558
[STREET FIGHTER X TEKKEN],2012/10/30,30,1.00,0,Julia (Alternate),D963DD0CA5759F289192B6678CCE7104E1CEEF6B58
[STREET FIGHTER X TEKKEN],2012/10/30,30,1.00,0,Elena (Alternate),213F4D4F9AB748D2E4D62FF17D8833D4C46E694558
[STREET FIGHTER X TEKKEN],2012/10/30,30,1.00,0,Sakura (Alternate),213F4D4F9AB748D2E4D62FF17D8833D4C46E694558
[STREET FIGHTER X TEKKEN],2012/10/30,30,1.00,0,Jin (Alternate),D963DD0CA5759F289192B6678CCE7104E1CEEF6B58
[STREET FIGHTER X TEKKEN],2012/10/30,30,1.00,0,Cody (Alternate),213F4D4F9AB748D2E4D62FF17D8833D4C46E694558
[STREET FIGHTER X TEKKEN],2012/10/30,30,17.99,0,SF/TK Alternate Costume Complete Pack,7C208FFA2D89ADB6C405D2532E057D0236EF8CB858
[STREET FIGHTER X TEKKEN],2012/10/30,30,1.00,0,Zangief (Alternate),213F4D4F9AB748D2E4D62FF17D8833D4C46E694558
[STREET FIGHTER X TEKKEN],2012/10/30,30,1.00,0,King (Alternate),D963DD0CA5759F289192B6678CCE7104E1CEEF6B58
[STREET FIGHTER X TEKKEN],2012/10/30,30,1.00,0,Kuma (Alternate),D963DD0CA5759F289192B6678CCE7104E1CEEF6B58
[STREET FIGHTER X TEKKEN],2012/10/30,30,1.00,0,Hwoarang (Alternate),D963DD0CA5759F289192B6678CCE7104E1CEEF6B58
[STREET FIGHTER X TEKKEN],2012/10/30,30,1.00,0,Steve (Alternate),D963DD0CA5759F289192B6678CCE7104E1CEEF6B58
[STREET FIGHTER X TEKKEN],2012/10/30,30,1.00,0,Raven (Alternate),D963DD0CA5759F289192B6678CCE7104E1CEEF6B58
[STREET FIGHTER X TEKKEN],2012/10/30,30,1.00,0,Law (Alternate),D963DD0CA5759F289192B6678CCE7104E1CEEF6B58
[STREET FIGHTER X TEKKEN],2012/10/30,30,1.00,0,Bob (Alternate),D963DD0CA5759F289192B6678CCE7104E1CEEF6B58
[STREET FIGHTER X TEKKEN],2012/10/30,30,1.00,0,Marduk (Alternate),D963DD0CA5759F289192B6678CCE7104E1CEEF6B58
[STREET FIGHTER X TEKKEN],2012/10/30,30,1.00,0,Juri (Alternate),213F4D4F9AB748D2E4D62FF17D8833D4C46E694558
[STREET FIGHTER X TEKKEN],2012/10/30,30,1.00,0,Akuma (Alternate),213F4D4F9AB748D2E4D62FF17D8833D4C46E694558
[STREET FIGHTER X TEKKEN],2012/10/30,30,1.00,0,Bryan (Alternate),D963DD0CA5759F289192B6678CCE7104E1CEEF6B58
[STREET FIGHTER X TEKKEN],2012/10/30,30,1.00,0,Xiaoyu (Alternate),D963DD0CA5759F289192B6678CCE7104E1CEEF6B58
[STREET FIGHTER X TEKKEN],2012/10/30,30,1.00,0,Poison (Alternate),213F4D4F9AB748D2E4D62FF17D8833D4C46E694558
[STREET FIGHTER X TEKKEN],2012/10/30,30,1.00,0,Hugo (Alternate),213F4D4F9AB748D2E4D62FF17D8833D4C46E694558
[STREET FIGHTER X TEKKEN],2012/10/30,30,1.00,0,Nina (Alternate),D963DD0CA5759F289192B6678CCE7104E1CEEF6B58
[STREET FIGHTER X TEKKEN],2012/10/30,30,1.00,0,M.Bison (Alternate),213F4D4F9AB748D2E4D62FF17D8833D4C46E694558
[STREET FIGHTER X TEKKEN],2012/04/03,30,1.00,0,Chun-Li (Swap Costume),61DFB8D026FFD94D3CB1F05F5FBF3FD71DF84B1358
[STREET FIGHTER X TEKKEN],2012/07/31,30,1.00,0,Guy (Swap Costume),61DFB8D026FFD94D3CB1F05F5FBF3FD71DF84B1358
[STREET FIGHTER X TEKKEN],2012/04/03,30,1.00,0,Ibuki (Swap Costume),61DFB8D026FFD94D3CB1F05F5FBF3FD71DF84B1358
[STREET FIGHTER X TEKKEN],2012/06/05,30,1.00,0,Lightning Legs Pack,89724E9BB8CB47B4EA6B6EDA575E219F9ED50FA258
[STREET FIGHTER X TEKKEN],2012/10/30,30,1.00,0,Kazuya (Alternate),D963DD0CA5759F289192B6678CCE7104E1CEEF6B58
[STREET FIGHTER X TEKKEN],2012/10/30,30,1.00,0,Lei (Alternate),D963DD0CA5759F289192B6678CCE7104E1CEEF6B58
[STREET FIGHTER X TEKKEN],2012/10/30,30,1.00,0,Rolento (Alternate),213F4D4F9AB748D2E4D62FF17D8833D4C46E694558
[STREET FIGHTER X TEKKEN],2012/10/30,30,5.99,0,DLC Char Alternate Costume Complete Pack,7C208FFA2D89ADB6C405D2532E057D0236EF8CB858
[STREET FIGHTER X TEKKEN],2012/10/30,30,1.00,0,Blanka (Alternate),213F4D4F9AB748D2E4D62FF17D8833D4C46E694558
[STREET FIGHTER X TEKKEN],2012/04/03,30,12.99,0,SF Swap Costume Complete Pack,7C208FFA2D89ADB6C405D2532E057D0236EF8CB858
[STREET FIGHTER X TEKKEN],2012/10/30,30,1.00,0,Paul (Alternate),D963DD0CA5759F289192B6678CCE7104E1CEEF6B58
[STREET FIGHTER X TEKKEN],2012/10/30,30,12.99,0,SF Alternate Costume Complete Pack,7C208FFA2D89ADB6C405D2532E057D0236EF8CB858
[STREET FIGHTER X TEKKEN],2012/10/30,30,1.00,0,Rufus (Alternate),213F4D4F9AB748D2E4D62FF17D8833D4C46E694558
[STREET FIGHTER X TEKKEN],2012/04/03,30,1.00,0,Juri (Swap Costume),61DFB8D026FFD94D3CB1F05F5FBF3FD71DF84B1358
[STREET FIGHTER X TEKKEN],2012/04/03,30,1.00,0,Rufus (Swap Costume),61DFB8D026FFD94D3CB1F05F5FBF3FD71DF84B1358
[STREET FIGHTER X TEKKEN],2012/07/31,30,1.00,0,Sakura (Swap Costume),61DFB8D026FFD94D3CB1F05F5FBF3FD71DF84B1358
[STREET FIGHTER X TEKKEN],2012/04/03,30,1.00,0,Sagat (Swap Costume),61DFB8D026FFD94D3CB1F05F5FBF3FD71DF84B1358
[STREET FIGHTER X TEKKEN],2012/06/05,30,1.00,0,World Warrior Pack,89724E9BB8CB47B4EA6B6EDA575E219F9ED50FA258
[STREET FIGHTER X TEKKEN],2012/04/03,30,1.00,0,Abel (Swap Costume),61DFB8D026FFD94D3CB1F05F5FBF3FD71DF84B1358
[STREET FIGHTER X TEKKEN],2012/07/31,30,3.99,0,TK DLC Char Swap Costume Complete Pack,7C208FFA2D89ADB6C405D2532E057D0236EF8CB858
[STREET FIGHTER X TEKKEN],2012/12/04,30,1.00,0,SF Boost Gem Pack 19,E1B0B447527BB00EA626905CB711CD7757C9306458
[STREET FIGHTER X TEKKEN],2012/10/30,30,1.00,0,Vega (Alternate),213F4D4F9AB748D2E4D62FF17D8833D4C46E694558
[STREET FIGHTER X TEKKEN],2012/10/30,30,1.00,0,Sagat (Alternate),213F4D4F9AB748D2E4D62FF17D8833D4C46E694558
[STREET FIGHTER X TEKKEN],2012/10/02,30,1.00,0,TK Boost Gem Pack 13,B258DB4E6C4F951542F9D053E1F36288F7BF0F1158
[STREET FIGHTER X TEKKEN],2012/07/31,30,5.99,0,DLC Char Swap Costume Complete Pack,7C208FFA2D89ADB6C405D2532E057D0236EF8CB858
[STREET FIGHTER X TEKKEN],2012/10/30,30,1.00,0,Yoshimitsu (Alternate),D963DD0CA5759F289192B6678CCE7104E1CEEF6B58
[STREET FIGHTER X TEKKEN],2012/07/10,30,1.00,0,SF Boost Gem Pack 8,E1B0B447527BB00EA626905CB711CD7757C9306458
[STREET FIGHTER X TEKKEN],2012/10/02,30,1.00,0,SF Boost Gem Pack 15,E1B0B447527BB00EA626905CB711CD7757C9306458
[STREET FIGHTER X TEKKEN],2012/05/01,30,1.00,0,TK Boost Gem Pack 3,B258DB4E6C4F951542F9D053E1F36288F7BF0F1158
[STREET FIGHTER X TEKKEN],2012/10/30,30,1.00,0,Guy (Alternate),213F4D4F9AB748D2E4D62FF17D8833D4C46E694558
[STREET FIGHTER X TEKKEN],2012/12/04,30,1.00,0,TK Boost Gem Pack 19,B258DB4E6C4F951542F9D053E1F36288F7BF0F1158
[STREET FIGHTER X TEKKEN],2013/01/29,30,1.00,0,Combo Editor Expansion (Combo Editor Required),BE697E505FE7971481B9C6A8EAA25751B45FFA8E58
[STREET FIGHTER X TEKKEN],2012/10/30,30,1.00,0,Ibuki (Alternate),213F4D4F9AB748D2E4D62FF17D8833D4C46E694558
[STREET FIGHTER X TEKKEN],2012/05/01,30,1.99,0,SF/TK Shared Assist Gem Pack 4,DD9D8DC789DCF85615A171541A625E9F32604E1858
[STREET FIGHTER X TEKKEN],2012/05/01,30,1.00,0,SF Boost Gem Pack 4,E1B0B447527BB00EA626905CB711CD7757C9306458
[STREET FIGHTER X TEKKEN],2012/10/30,30,1.00,0,Asuka (Alternate),D963DD0CA5759F289192B6678CCE7104E1CEEF6B58
[STREET FIGHTER X TEKKEN],2012/06/05,30,1.00,0,Iron Curtain Pack,89724E9BB8CB47B4EA6B6EDA575E219F9ED50FA258
[STREET FIGHTER X TEKKEN],2012/06/05,30,1.00,0,Cross Arts Pack,89724E9BB8CB47B4EA6B6EDA575E219F9ED50FA258
[STREET FIGHTER X TEKKEN],2012/07/10,30,1.00,0,SF Boost Gem Pack 7,E1B0B447527BB00EA626905CB711CD7757C9306458
[STREET FIGHTER X TEKKEN],2012/10/02,30,1.00,0,TK Boost Gem Pack 14,B258DB4E6C4F951542F9D053E1F36288F7BF0F1158
[STREET FIGHTER X TEKKEN],2013/01/08,30,1.00,0,TK Boost Gem Pack 23,B258DB4E6C4F951542F9D053E1F36288F7BF0F1158
[STREET FIGHTER X TEKKEN],2012/08/07,30,1.00,0,TK Boost Gem Pack 10,B258DB4E6C4F951542F9D053E1F36288F7BF0F1158
[STREET FIGHTER X TEKKEN],2012/11/06,30,1.00,0,TK Boost Gem Pack 18,B258DB4E6C4F951542F9D053E1F36288F7BF0F1158
[STREET FIGHTER X TEKKEN],2013/01/08,30,1.00,0,TK Boost Gem Pack 24,B258DB4E6C4F951542F9D053E1F36288F7BF0F1158
[STREET FIGHTER X TEKKEN],2012/06/05,30,1.00,0,SF Boost Gem Pack 5,E1B0B447527BB00EA626905CB711CD7757C9306458
[STREET FIGHTER X TEKKEN],2013/01/08,30,1.00,0,TK Boost Gem Pack 22,B258DB4E6C4F951542F9D053E1F36288F7BF0F1158
[STREET FIGHTER X TEKKEN],2013/01/08,30,1.00,0,SF Boost Gem Pack 24,E1B0B447527BB00EA626905CB711CD7757C9306458
[STREET FIGHTER X TEKKEN],2012/11/06,30,1.00,0,SF Boost Gem Pack 17,E1B0B447527BB00EA626905CB711CD7757C9306458
[STREET FIGHTER X TEKKEN],2012/07/31,30,1.00,0,Lars (Swap Costume),87D0A786687385033C2DFF4C795EF57D0B4991E358
[STREET FIGHTER X TEKKEN],2012/11/06,30,1.00,0,TK Boost Gem Pack 17,B258DB4E6C4F951542F9D053E1F36288F7BF0F1158
[STREET FIGHTER X TEKKEN],2012/06/05,30,1.00,0,SF Boost Gem Pack 6,E1B0B447527BB00EA626905CB711CD7757C9306458
[STREET FIGHTER X TEKKEN],2012/11/06,30,1.00,0,TK Boost Gem Pack 16,B258DB4E6C4F951542F9D053E1F36288F7BF0F1158
[STREET FIGHTER X TEKKEN],2012/04/03,30,1.00,0,Raven (Swap Costume),87D0A786687385033C2DFF4C795EF57D0B4991E358
[STREET FIGHTER X TEKKEN],2012/10/30,30,3.99,0,SF DLC Char Alternate Costume Complete Pack,7C208FFA2D89ADB6C405D2532E057D0236EF8CB858
[STREET FIGHTER X TEKKEN],2012/04/03,30,1.00,0,King (Swap Costume),87D0A786687385033C2DFF4C795EF57D0B4991E358
[STREET FIGHTER X TEKKEN],2012/10/30,30,1.00,0,Christie (Alternate),D963DD0CA5759F289192B6678CCE7104E1CEEF6B58
[STREET FIGHTER X TEKKEN],2012/10/30,30,1.00,0,Dudley (Alternate),213F4D4F9AB748D2E4D62FF17D8833D4C46E694558
[STREET FIGHTER X TEKKEN],2012/10/30,30,1.00,0,Lars (Alternate),D963DD0CA5759F289192B6678CCE7104E1CEEF6B58
[STREET FIGHTER X TEKKEN],2012/10/30,30,1.00,0,Guile (Alternate),213F4D4F9AB748D2E4D62FF17D8833D4C46E694558
[STREET FIGHTER X TEKKEN],2012/04/03,30,1.00,0,Lili (Swap Costume),87D0A786687385033C2DFF4C795EF57D0B4991E358
[STREET FIGHTER X TEKKEN],2012/07/31,30,1.00,0,Dudley (Swap Costume),61DFB8D026FFD94D3CB1F05F5FBF3FD71DF84B1358
[STREET FIGHTER X TEKKEN],2012/07/31,30,1.00,0,Bryan (Swap Costume),87D0A786687385033C2DFF4C795EF57D0B4991E358
[STREET FIGHTER X TEKKEN],2012/04/03,30,1.00,0,Law (Swap Costume),87D0A786687385033C2DFF4C795EF57D0B4991E358
[STREET FIGHTER X TEKKEN],2012/07/31,30,1.00,0,Lei (Swap Costume),87D0A786687385033C2DFF4C795EF57D0B4991E358
[STREET FIGHTER X TEKKEN],2012/10/30,30,1.00,0,Ken (Alternate),213F4D4F9AB748D2E4D62FF17D8833D4C46E694558
[STREET FIGHTER X TEKKEN],2012/05/01,30,1.00,0,TK Boost Gem Pack 4,B258DB4E6C4F951542F9D053E1F36288F7BF0F1158
[STREET FIGHTER X TEKKEN],2012/06/05,30,1.00,0,TK Boost Gem Pack 6,B258DB4E6C4F951542F9D053E1F36288F7BF0F1158
[STREET FIGHTER X TEKKEN],2013/01/08,30,1.00,0,SF Boost Gem Pack 22,E1B0B447527BB00EA626905CB711CD7757C9306458
[STREET FIGHTER X TEKKEN],2012/09/04,30,1.00,0,TK Boost Gem Pack 12,B258DB4E6C4F951542F9D053E1F36288F7BF0F1158
[STREET FIGHTER X TEKKEN],2012/08/07,30,1.00,0,SF/TK Shared Assist Gem Pack 5,DD9D8DC789DCF85615A171541A625E9F32604E1858
[STREET FIGHTER X TEKKEN],2012/10/02,30,1.00,0,SF Boost Gem Pack 14,E1B0B447527BB00EA626905CB711CD7757C9306458
[STREET FIGHTER X TEKKEN],2012/08/07,30,1.00,0,SF Boost Gem Pack 10,E1B0B447527BB00EA626905CB711CD7757C9306458
[STREET FIGHTER X TEKKEN],2012/05/01,30,1.00,0,SF Boost Gem Pack 3,E1B0B447527BB00EA626905CB711CD7757C9306458
[STREET FIGHTER X TEKKEN],2012/09/04,30,1.00,0,SF Boost Gem Pack 11,E1B0B447527BB00EA626905CB711CD7757C9306458
[STREET FIGHTER X TEKKEN],2012/07/10,30,1.00,0,TK Boost Gem Pack 8,B258DB4E6C4F951542F9D053E1F36288F7BF0F1158
[STREET FIGHTER X TEKKEN],2012/09/04,30,1.00,0,SF Boost Gem Pack 12,E1B0B447527BB00EA626905CB711CD7757C9306458
[STREET FIGHTER X TEKKEN],2012/09/04,30,1.00,0,TK Boost Gem Pack 11,B258DB4E6C4F951542F9D053E1F36288F7BF0F1158
[STREET FIGHTER X TEKKEN],2013/01/08,30,1.00,0,SF Boost Gem Pack 23,E1B0B447527BB00EA626905CB711CD7757C9306458
[STREET FIGHTER X TEKKEN],2012/10/02,30,1.00,0,SF Boost Gem Pack 13,E1B0B447527BB00EA626905CB711CD7757C9306458
[STREET FIGHTER X TEKKEN],2012/12/04,30,1.00,0,SF Boost Gem Pack 20,E1B0B447527BB00EA626905CB711CD7757C9306458
[STREET FIGHTER X TEKKEN],2012/08/07,30,1.00,0,SF Boost Gem Pack 9,E1B0B447527BB00EA626905CB711CD7757C9306458
[STREET FIGHTER X TEKKEN],2012/12/04,30,1.00,0,SF Boost Gem Pack 21,E1B0B447527BB00EA626905CB711CD7757C9306458
[STREET FIGHTER X TEKKEN],2012/10/30,30,2.99,0,SF/TK Shared Assist Gem Pack 6,DD9D8DC789DCF85615A171541A625E9F32604E1858
[STREET FIGHTER X TEKKEN],2012/07/10,30,2.99,0,Combo Editor,BE697E505FE7971481B9C6A8EAA25751B45FFA8E58
[STREET FIGHTER X TEKKEN],2012/11/06,30,1.00,0,SF Boost Gem Pack 16,E1B0B447527BB00EA626905CB711CD7757C9306458
[STREET FIGHTER X TEKKEN],2012/12/04,30,1.00,0,TK Boost Gem Pack 21,B258DB4E6C4F951542F9D053E1F36288F7BF0F1158
[STREET FIGHTER X TEKKEN],2012/07/10,30,1.00,0,TK Boost Gem Pack 7,B258DB4E6C4F951542F9D053E1F36288F7BF0F1158
[Stuntman: Ignition],2007/11/30,30,9.99,257,Stuntman Director's Cut Pack,C86E59947E40C001B620D2A952EB62A48604535058
[Stuntman: Ignition],2007/12/19,30,4.99,0,Stuntman Vehicle Pack,6E93034985731671892036584C35C86174DDE8CA58
[SUPER STREETFIGHTER IV ARCADE EDITION],2015/10/28,30,0.00,602,Horror Costume Compatibility Pack,20A4B28AE876DF67D9BD9B0084E7966887D567FE58
[SUPER STREETFIGHTER IV ARCADE EDITION],2011/06/07,30,0.00,284,SSFIV Update Kit,877720930C9BA94E11212FFC4DE9B505FAAAB6E758
[SUPER STREETFIGHTER IV ARCADE EDITION],2010/06/15,30,0.00,1,Super Tournament Mode,683622B259EAE7440F4A9BE071A31D596287010658
[SUPER STREETFIGHTER IV ARCADE EDITION],2014/06/03,30,0.00,46,2014 Costume Compatibility Pack,46AC88E30238093883B258AD245CB1C40D6BFC7858
[SUPER STREETFIGHTER IV ARCADE EDITION],2010/12/07,30,0.00,336,Ultra Costume Catalog 2,7E0C6682905B5E4EB46FD9EBB725B464F25B85DA58
[SUPER STREETFIGHTER IV ARCADE EDITION],2014/06/03,30,14.99,1916,Ultra Street Fighter IV,67A44A8F0B6716FEEEF7E4F3B063097A51E2E3B658
[SUPER STREETFIGHTER IV ARCADE EDITION],2010/10/26,30,0.00,144,Ultra Costume Catalog 1,8D44AD8A4F1C2581A48AA91D0123085C76413AFF58
[SUPER STREETFIGHTER IV ARCADE EDITION],2014/12/16,30,0.00,560,Wild Costume Compatibility Pack,171465AF6DAE036CF190A558BFF504B3E787455358
[SUPER STREETFIGHTER IV ARCADE EDITION],2014/08/12,30,0.00,532,Vacation Costume Compatibility Pack,8ADB68BDC64193B3F69DD1B441A74816636328BD58
[SUPER STREETFIGHTER IV ARCADE EDITION],2014/12/16,30,3.99,560,2014 Challengers Wild Pack,171465AF6DAE036CF190A558BFF504B3E787455358
[SUPER STREETFIGHTER IV ARCADE EDITION],2014/08/12,30,3.99,532,Challengers Vacation Pack1,8ADB68BDC64193B3F69DD1B441A74816636328BD58
[SUPER STREETFIGHTER IV ARCADE EDITION],2014/08/12,30,3.99,532,Arcade Challengers Vacation Pack,8ADB68BDC64193B3F69DD1B441A74816636328BD58
[SUPER STREETFIGHTER IV ARCADE EDITION],2014/12/16,30,3.99,560,Challengers Wild Pack 1,171465AF6DAE036CF190A558BFF504B3E787455358
[SUPER STREETFIGHTER IV ARCADE EDITION],2014/08/12,30,3.99,532,Shoryuken Vacation Pack,8ADB68BDC64193B3F69DD1B441A74816636328BD58
[SUPER STREETFIGHTER IV ARCADE EDITION],2014/08/12,30,3.99,532,Femme Fatale Vacation Pack,8ADB68BDC64193B3F69DD1B441A74816636328BD58
[SUPER STREETFIGHTER IV ARCADE EDITION],2015/10/28,30,19.99,602,Horror Complete Pack,20A4B28AE876DF67D9BD9B0084E7966887D567FE58
[SUPER STREETFIGHTER IV ARCADE EDITION],2014/12/16,30,3.99,560,Femme Fatale Wild Pack,171465AF6DAE036CF190A558BFF504B3E787455358
[SUPER STREETFIGHTER IV ARCADE EDITION],2010/12/21,30,3.99,336,Ultra Brawler Pack,7E0C6682905B5E4EB46FD9EBB725B464F25B85DA58
[SUPER STREETFIGHTER IV ARCADE EDITION],2015/10/28,30,3.99,602,Brawler Horror Pack,20A4B28AE876DF67D9BD9B0084E7966887D567FE58
[SUPER STREETFIGHTER IV ARCADE EDITION],2014/12/16,30,3.99,560,Shoryuken Wild Pack,171465AF6DAE036CF190A558BFF504B3E787455358
[SUPER STREETFIGHTER IV ARCADE EDITION],2015/10/28,30,3.99,602,Challengers Horror Pack 1,20A4B28AE876DF67D9BD9B0084E7966887D567FE58
[SUPER STREETFIGHTER IV ARCADE EDITION],2015/10/28,30,3.99,602,Shoryuken Horror Pack,20A4B28AE876DF67D9BD9B0084E7966887D567FE58
[SUPER STREETFIGHTER IV ARCADE EDITION],2014/12/16,30,3.99,560,Classic Wild Pack,171465AF6DAE036CF190A558BFF504B3E787455358
[SUPER STREETFIGHTER IV ARCADE EDITION],2015/10/28,30,3.99,602,Classic Horror Pack,20A4B28AE876DF67D9BD9B0084E7966887D567FE58
[SUPER STREETFIGHTER IV ARCADE EDITION],2014/12/16,30,3.99,560,Brawler Wild Pack,171465AF6DAE036CF190A558BFF504B3E787455358
[SUPER STREETFIGHTER IV ARCADE EDITION],2010/11/16,30,3.99,144,Ultra Femme Fatales Pack,8D44AD8A4F1C2581A48AA91D0123085C76413AFF58
[SUPER STREETFIGHTER IV ARCADE EDITION],2011/01/11,30,3.99,336,Ultra Shadaloo Pack,7E0C6682905B5E4EB46FD9EBB725B464F25B85DA58
[SUPER STREETFIGHTER IV ARCADE EDITION],2015/10/28,30,3.99,602,Arcade Challengers Horror Pack,20A4B28AE876DF67D9BD9B0084E7966887D567FE58
[SUPER STREETFIGHTER IV ARCADE EDITION],2010/11/02,30,3.99,144,Ultra Shoryuken Pack,8D44AD8A4F1C2581A48AA91D0123085C76413AFF58
[SUPER STREETFIGHTER IV ARCADE EDITION],2014/08/12,30,3.99,532,Shadaloo Vacation Pack,8ADB68BDC64193B3F69DD1B441A74816636328BD58
[SUPER STREETFIGHTER IV ARCADE EDITION],2014/08/12,30,3.99,532,2014 Challengers Vacation Pack,8ADB68BDC64193B3F69DD1B441A74816636328BD58
[SUPER STREETFIGHTER IV ARCADE EDITION],2015/10/28,30,3.99,602,2014 Challengers Horror Pack,20A4B28AE876DF67D9BD9B0084E7966887D567FE58
[SUPER STREETFIGHTER IV ARCADE EDITION],2011/04/26,30,17.99,336,Ultra Complete Alternate Costume Pack,7E0C6682905B5E4EB46FD9EBB725B464F25B85DA58
[SUPER STREETFIGHTER IV ARCADE EDITION],2014/08/12,30,3.99,532,Brawler Vacation Pack,8ADB68BDC64193B3F69DD1B441A74816636328BD58
[SUPER STREETFIGHTER IV ARCADE EDITION],2014/08/12,30,3.99,532,Classic Vacation Pack,8ADB68BDC64193B3F69DD1B441A74816636328BD58
[SUPER STREETFIGHTER IV ARCADE EDITION],2010/10/26,30,3.99,144,Ultra Challengers Pack 1,8D44AD8A4F1C2581A48AA91D0123085C76413AFF58
[SUPER STREETFIGHTER IV ARCADE EDITION],2014/09/03,30,3.99,46,2014 Challengers Costume Pack,46AC88E30238093883B258AD245CB1C40D6BFC7858
[SUPER STREETFIGHTER IV ARCADE EDITION],2014/12/16,30,3.99,560,Shadaloo Wild Pack,171465AF6DAE036CF190A558BFF504B3E787455358
[SUPER STREETFIGHTER IV ARCADE EDITION],2015/10/28,30,3.99,602,Femme Fatale Horror Pack,20A4B28AE876DF67D9BD9B0084E7966887D567FE58
[SUPER STREETFIGHTER IV ARCADE EDITION],2014/12/16,30,3.99,560,Arcade Challengers Wild Pack,171465AF6DAE036CF190A558BFF504B3E787455358
[SUPER STREETFIGHTER IV ARCADE EDITION],2015/10/28,30,3.99,602,Shadaloo Horror Pack,20A4B28AE876DF67D9BD9B0084E7966887D567FE58
[SUPER STREETFIGHTER IV ARCADE EDITION],2014/12/16,30,3.99,560,Challengers Wild Pack 2,171465AF6DAE036CF190A558BFF504B3E787455358
[SUPER STREETFIGHTER IV ARCADE EDITION],2011/01/25,30,3.99,336,Ultra Classic Pack,7E0C6682905B5E4EB46FD9EBB725B464F25B85DA58
[SUPER STREETFIGHTER IV ARCADE EDITION],2010/12/07,30,3.99,336,Ultra Challengers Pack 2,7E0C6682905B5E4EB46FD9EBB725B464F25B85DA58
[SUPER STREETFIGHTER IV ARCADE EDITION],2014/08/12,30,19.99,532,Vacation Complete Pack,8ADB68BDC64193B3F69DD1B441A74816636328BD58
[SUPER STREETFIGHTER IV ARCADE EDITION],2014/12/16,30,19.99,560,Wild Complete Pack,171465AF6DAE036CF190A558BFF504B3E787455358
[SUPER STREETFIGHTER IV ARCADE EDITION],2014/08/12,30,3.99,532,Challengers Vacation Pack 2,8ADB68BDC64193B3F69DD1B441A74816636328BD58
[SUPER STREETFIGHTER IV ARCADE EDITION],2011/06/07,30,14.99,663,SSFIV ARCADE EDITION,BF6F9B2EB51CC778B181B9EF5D5EA12ACE07717858
[SUPER STREETFIGHTER IV ARCADE EDITION],2015/10/28,30,3.99,602,Challengers Horror Pack 2,20A4B28AE876DF67D9BD9B0084E7966887D567FE58
[SUPER STREETFIGHTER IV ARCADE EDITION],2010/06/29,30,3.99,0,Super Classic Pack,12FBBCD04806ADED768BE417F802296C1A3B8CF358
[SUPER STREETFIGHTER IV ARCADE EDITION],2010/07/27,30,17.99,0,Super Complete Alternate Costume Pack,943B88D091E944136AD504ED74430EAE90F263EC58
[SUPER STREETFIGHTER IV ARCADE EDITION],2010/06/22,30,3.99,0,Super Shadaloo Pack,811C020BAB3DAD9C03EB31E07EAE5A84284A48F058
[SUPER STREETFIGHTER IV ARCADE EDITION],2010/06/15,30,3.99,0,Super Brawler Pack,58A42E2DB3AD3E5F8C291E45D3EE17B53DF95E8258
[SUPER STREETFIGHTER IV ARCADE EDITION],2010/06/08,30,3.99,0,Super Challengers Pack 2,35D65D5827BB5541B451EF436B177BA626EF45E458
[SUPER STREETFIGHTER IV ARCADE EDITION],2010/05/25,30,3.99,0,Super Femme Fatales Pack,18CF66C312BC3D17B8166D03C09A8D72802A313F58
[SUPER STREETFIGHTER IV ARCADE EDITION],2010/05/11,30,3.99,0,Super Shoryuken Pack,6E7BE75F62EF5021A811D2DD9FEE1348486FC87158
[SUPER STREETFIGHTER IV ARCADE EDITION],2010/04/26,30,3.99,0,Super Challengers Pack 1,FF576AEA98F5B9BED18DCA5600E202FD9AD7A76E58
[Supreme Commander 2],2010/09/28,20,9.99,216,Supreme Commander 2 Infinite War Map Pack - Game Add-on,269555B413424131B3D6B776613AFD6EF9CBC67E58
[TC's EndWar],2009/03/26,30,0.00,80,Veteran Map Pack,28FF68E54369D61863BBFA326535913088B913CE58
[TC's EndWar],2009/01/08,30,3.75,0,Faction Elite Pack,523AEE9D6959EBDB78F37A6969414701D9E112C258
[TC's EndWar],2008/12/11,30,0.00,153,Escalation Expansion Pack,00A7F263474BB351AB967AB2A0AEF02EE9D52DF558
[TC's GRAW],2006/06/21,30,7.49,592,Tom Clancy’s Ghost Recon Advanced Warfighter Chapter 2,38E3AF9C856FC134F0DA75C2E77939C8D2D95C4B58
[TC's GRAW2],2007/08/28,30,0.00,485,GRAW 2 Throwback Pack 2,BD610FA99F0C418D63D94BF629A7A3A51C6DC33858
[TC's GRAW2],2008/01/29,30,0.00,11,GRAW2 More Guns pack,DF89113AC2ECCB4905139E60DEE510AE45B0666C58
[TC's GRAW2],2007/08/23,30,0.00,409,GRAW2 Throwback Pack,F4ADE093F34BB6D5D3802EF1270BE58669A5911F58
[TC's GRAW2],2008/01/29,30,4.99,783,GRAW 2 CO-OP Collection,3130EFDA4150BC8EB02BBFAD5F74688B95B6BAF958
[TC's GRAW2],2008/03/04,30,4.99,830,GRAW 2 Co-Op Collection 2,BBEA7BC09769B558B5D264D9E3BCD27458228B3758
[TC's RainbowSix Vegas],2007/06/30,40,0.00,531,Player's Pack: Black Edition,AEE13C23F7B605AE1BB71771E013F9A9856EC45658
[TC's RainbowSix Vegas],2007/04/18,40,0.00,506,Player's Pack: Red Edition,4A96D2F0C8EFA872C8202515B39AB03DB1EFCDF458
[TC's RainbowSix Vegas2],2008/07/03,40,0.00,217,Tom Clancy's Rainbow Six® Vegas 2: Gift Pack DLC,A4E61922B3DE0D1571D26B10E702DC92AA733C0B58
[TC's SC Double Agent],2007/07/26,40,0.00,82,XBOX360 DOWNLOADABLE CONTENT,8024994BBB79236BE2CF4D259C2490F38DADDC7658
[TEKKEN TAG TOURNAMENT 2],2012/09/10,30,9.99,0,TEKKEN TAG 2 Online Pass,F58BF1AD3C69062E1FC8459831F0F7ECB95B6D0958
[TEKKEN TAG TOURNAMENT 2],2013/09/20,30,3.99,337,TTT2 Bonus Tracks Pack B,86EC81D48AE0C295E0A0EFB227BCFF41F90B680B58
[TEKKEN TAG TOURNAMENT 2],2013/09/20,30,1.99,67,TTT2 Bonus Tracks (TEKKEN 4),24EC254629198D20BA005FE0DECC54F43DFE35D258
[TEKKEN TAG TOURNAMENT 2],2013/09/20,30,1.99,480,TTT2 Bonus Movies (TEKKEN 3),C8456B813F5C4EF815D3F2153C1889A73F4C9F7558
[TEKKEN TAG TOURNAMENT 2],2013/09/20,30,1.99,76,TTT2 Bonus Tracks (TEKKEN TAG),81048E1CD581F1B23355ACEAF1E9F58581AC8C8158
[TEKKEN TAG TOURNAMENT 2],2013/09/20,30,1.99,147,TTT2 Bonus Tracks (TEKKEN 3),3FADC8AF15DE90375EC378F1ACD16F90B8C4A30358
[TEKKEN TAG TOURNAMENT 2],2013/09/20,30,1.99,75,TTT2 Bonus Tracks (TEKKEN 2),CA05E23233AFFE81C0981C4679C00A0B09C06ED158
[TEKKEN TAG TOURNAMENT 2],2013/09/20,30,1.99,48,TTT2 Bonus Tracks (TEKKEN),869D8990CC6F0B041AC60DA3A0D8C0DA02E9B41458
[TEKKEN TAG TOURNAMENT 2],2013/09/20,30,1.99,533,TTT2 Bonus Movies (TEKKEN 2),51D83064C77532F8251216D6FC39313D73A78CD358
[TEKKEN TAG TOURNAMENT 2],2013/09/20,30,2.99,529,TTT2 Bonus Movies (TEKKEN 4),2F5767C77C1A7917E0602C3176723FA597F4DCAA58
[TEKKEN TAG TOURNAMENT 2],2013/09/20,30,1.99,187,TTT2 Bonus Movies (TEKKEN),5DC881D7C1850CB1C2FEA01B5953D63608624FC658
[TEKKEN TAG TOURNAMENT 2],2013/09/20,30,2.99,653,TTT2 Bonus Movies (TEKKEN 5),879097706915A535A5BC47E16BDEF501C841E4FF58
[TEKKEN TAG TOURNAMENT 2],2013/09/20,30,4.99,1838,TTT2 Bonus Movies Pack A,FC2BA3B334AC3E4F46E2A576EEF41F1EE268F5C458
[TEKKEN TAG TOURNAMENT 2],2013/09/20,30,1.99,152,TTT2 Bonus Tracks (TEKKEN 5),A4A041B40B1DF43A4ED491786AFB5C3916A721D758
[TEKKEN TAG TOURNAMENT 2],2013/09/20,30,2.99,638,TTT2 Bonus Movies (TEKKEN TAG),B21DF37C781C0527172189EB0262BF02EF1AEAAF58
[TEKKEN TAG TOURNAMENT 2],2013/09/20,30,5.99,345,TTT2 Bonus Tracks Pack A,CDFBFFBFC2272AD1BAC2F096B52193677FEEE8C158
[TEKKEN TAG TOURNAMENT 2],2013/09/20,30,1.99,117,TTT2 Bonus Tracks (TEKKEN 6),4E5C4AC381111D5FDC61CAA71CCE50601F82525858
[TEKKEN TAG TOURNAMENT 2],2013/09/20,30,2.99,732,TTT2 Bonus Movies (TEKKEN 6),CA1E484C22E72E5A67A9B8078A987687A841EA8C58
[TEKKEN TAG TOURNAMENT 2],2013/09/20,30,4.99,1915,TTT2 Bonus Movies Pack B,98D464B93A3BA14D4C4CB7E24BB661FA6E70C94258
[Test Drive Unlimited 2],2013/01/28,30,0.00,17,Test Drive Unlimited 2 - Mandatory 4,A8C6AD2C13C5BFF3B4016E51F11EB624960978EE58
[Test Drive Unlimited 2],2012/05/29,30,0.00,433,Test Drive Unlimited 2 - Mandatory 03,4CD57F59BD5EBB8064E455DBC70BB2EAA8CFE93958
[Test Drive Unlimited 2],2011/03/15,30,0.00,194,Test Drive Unlimited 2 - Mandatory 01,3B3555CFBD5A59EDB0980DCAA2803AA630327C0058
[Test Drive Unlimited 2],2011/07/21,30,0.00,381,Test Drive Unlimited 2 - Explorer Pack,F2DDED45A0BC9CDB97FBEABA240487877171E46D58
[Test Drive Unlimited 2],2011/04/05,30,1.00,0,TDU2: Pagani Zonda Tricolore,C8FD37126CBA7DC054E7AF6C8FD4DBCE57E7E52C58
[Test Drive Unlimited 2],2012/05/29,30,1.00,0,TDU2: Ducati Desmosedici RR,18A447167111D17877F1F432580C753966C7542058
[Test Drive Unlimited 2],2013/03/12,30,4.99,0,Test Drive Unlimited 2: Europe/US 7 Car Bundle,09C423D9785DC2DD6E118BA2EB2ED8757DDA037558
[Test Drive Unlimited 2],2012/05/29,30,1.00,0,TDU2: Mercedes-Benz SL65 AMG Black Series,1B573819D367B5E5203DA5816F1A4EBEDCA4F7DD58
[Test Drive Unlimited 2],2011/04/05,30,1.00,0,TDU 2: Bugatti Veyron 16.4 Grand Sport Sang Bleu,4400C99EE215FB1CD62734EFA1CE9B3E2902220B58
[Test Drive Unlimited 2],2011/04/05,30,1.00,0,TDU2: Ford Shelby GT500,FEFC9754836ABC67CF33157A2C9C757E2D6C52CF58
[Test Drive Unlimited 2],2011/04/05,30,1.00,0,TDU 2:Bugatti Veyron 16.4 Super Sport,1B0B0345C03A08F8F8B81BCFB4E9656DAC0EC1A558
[Test Drive Unlimited 2],2012/05/29,30,1.00,0,TDU2: Ferrari 599 XX,31F8DF1FF898E1E465E5D90772DC5F969A9C6F3458
[Test Drive Unlimited 2],2012/05/29,30,1.00,0,TDU2: Harley Davidson Fatboy Lo,E8401678E671BCADB6CEFC92B8A6C1EE7F06A46358
[Test Drive Unlimited 2],2012/05/29,30,1.00,0,TDU2: Ducati Diavel Carbon,E8125C2447BD1B4AFF001B739D4F33E7C4B56C6C58
[Test Drive Unlimited 2],2013/03/12,30,9.99,0,Test Drive Unlimited 2: 15 Car Bundle,D5ED92FB14584470A44029FE3694A850C334189A58
[Test Drive Unlimited 2],2011/04/05,30,1.00,0,TDU2: Aston Martin DBS Carbon Black Edition,A9EF9808778D31FD04312388527E82C6C70255E658
[Test Drive Unlimited 2],2013/03/12,30,4.99,0,Test Drive Unlimited 2: Britian/Italy Bundle,6C9F422CB7C02F6028E2739BC860365F6429879658
[Test Drive Unlimited 2],2012/05/29,30,4.99,245,Test Drive Unlimited 2: Casino Online,91E5B0BF315E070BF5C06023A02CDB017ACF6D2058
[Test Drive Unlimited 2],2011/04/05,30,1.00,0,TDU2:Bugatti Veyron 16.4 Centenaire,52366171B0D4EA06F1966282671A46D914813AA058
[Test Drive Unlimited 2],2012/05/29,30,1.00,0,TDU2: Dodge Viper SRT10 ACR,848FE5F8906EDAC786919367030B00759FDF6E9858
[Test Drive Unlimited 2],2011/04/05,30,1.00,0,TDU 2: Ferrari 599 GTB Fiorano China Edition,D90CA7D432F3DA22BAB470E59C082D272D1DAA5C58
[Test Drive Unlimited 2],2011/04/05,30,1.00,0,TDU2 Audi RS 5 Coupé,67D4DD38D8A4DD1F0D4353BB2FA6A4CD0E9E13ED58
[Test Drive Unlimited 2],2012/05/29,30,1.00,0,TDU2: Ferrari F40,83C471A61D42A8B2A2FA5B5C3011F0E3E734DCC558
[Test Drive Unlimited 2],2012/05/29,30,1.00,0,TDU2: Ferrari 250 GTO,6D2C4D6AE6F4EE222FA145975EB81D18A63B55AE58
[Test Drive Unlimited 2],2011/04/05,30,1.00,0,TDU 2: Ferrari 612 Sessanta,B8C94967C87EAB4CB392555DF3E703E3ED20086158
[Test Drive Unlimited 2],2011/04/05,30,1.00,0,TDU2:Aston Martin V12 Vantage Carbon Black Edition,07938D4A2CCA892520A5738F5DA2F75DFB0C91FC58
[Test Drive Unlimited 2],2011/04/05,30,1.00,0,TDU2: Jaguar XKR Speed Pack and Black Pack,EC86BD44C35E79D8D814B035A12CADD3C648DEBB58
[Test Drive Unlimited 2],2012/05/29,30,1.00,0,TDU2: Chevrolet Corvette ZR1,CA69BD1D92D538C59E89CB6693D1EDD3C91DFBE958
[Test Drive Unlimited 2],2011/04/05,30,1.00,0,TDU2: Nissan 370Z Optional Parts,1D6390B075D3C1F8D970D0DC85CC297DE20E005558
[Test Drive Unlimited 2],2011/04/05,30,1.00,0,Test Drive Unlimited 2: Chevrolet Camaro Synergy Special Edition,7018CBCE3909C3270F6E67715286D51B90893CB058
[Test Drive Unlimited 2],2011/04/05,30,1.00,0,TDU2 Inuit Edition Audi Q7 V12 TDI quattro,D66D1D42699429FE82770ABE83DB7C57A877A0F958
[Test Drive Unlimited 2],2011/04/05,30,1.00,0,TDU 2: Caterham Superlight R500,4C3D1978CE03698BD350729BA47D4B3217EE0BCE58
[Texas Hold'em],2007/07/11,30,1.88,2,Texas Hold 'em - Environment: Jungle Party,C78CBECD2538CA65489B9D7FC8A37F543F0C032758
[Texas Hold'em],2009/09/09,30,1.99,2,Texas Hold 'em - Environment: Casino,1AEF18B8FF0429AA18A652863360C7E85F36EB0458
[Texas Hold'em],2009/09/09,30,1.99,2,Texas Hold 'em - Environment: Hip Hop,C487CF8484A681702BECAB986423DDD08ACC379B58
[The Crew],2015/04/21,10,2.99,0,CADILLAC ESCALADE 2012,D26D2C07A7BB51F1D7156490591ECC1ED29BF79358
[The Crew],2015/03/10,10,1.99,0,Chevrolet Corvette C2,4D7CA61D621694088A4302AF0A37842DA931CEC058
[The Crew],2015/04/21,10,3.99,0,McLaren F1,3D18F6ECE69A3E50A7A30F93BE7EB8EE5E5987E958
[The Crew],2015/01/20,10,6.99,0,Extreme Car Pack,C1F3FBCEBD96F8A3C868A78F5171EA8EFE8A72B458
[The Crew],2015/01/20,10,2.99,0,2013 SRT VIPER GTS,ACCF4AD11EE6B05E01A226C0C16612EF44A759BF58
[The Crew],2015/03/10,10,6.99,0,Vintage Car Pack,0109DCF4B08190C164A5939295583A8D06CBA7D258
[The Crew],2015/01/20,10,1.99,0,ABARTH 500,60DA10BE2507FD547D4CD5ED844331775F17A7A158
[The Crew],2015/02/10,10,6.99,0,Speed Car Pack,611E7452D2122B6BE5D112E031DED4323A7C592258
[The Crew],2015/01/20,10,3.99,0,ASTON MARTIN V12 ZAGATO,EE17C7C03200C53B4DC069B207AF582337CB1D9E58
[The Crew],2015/02/10,10,1.99,0,The Crew - Alfa Romeo 4C Car Shipment,E471DE98ADC4B07FDD17A3960F9397DA909EAC4458
[The Crew],2015/01/27,10,6.99,0,The Crew - Street Edition Pack,519C66663A4FE0328C732A23871B437D0240D4A158
[The Crew],2015/04/21,10,1.99,0,VOLKSWAGEN TOUAREG NF 2011,5E351C5EC9244ED6C83AB0BB7E5526407D04471D58
[The Crew],2015/02/13,10,2.99,0,MERCEDES-BENZ C 63 AMG COUPE BLACK SERIES,94017435E30C5D2E75143207C3E44347DD0B027058
[The Crew],2015/02/10,10,3.99,0,SALEEN S7 TWIN-TURBO,00C2A5C7F6186CCB8CABBE23609B210C1C042DDB58
[The Crew],2015/03/10,30,2.99,0,Chevrolet Corvette C3,04B8FA9E1B2DB8FDD04BF55298AADB9BB8A058D758
[The Crew],2015/04/21,10,6.99,0,Raid Car Pack,83C7AD09A304D3295B9561D6375ED2BD00F1D09558
[The Crew],2014/12/02,10,24.99,0,The Crew Season Pass,0415B42C6FCD5AF1B37EE5BA379EF594631C7F5158
[The Crew],2015/03/10,10,3.99,0,SPYKER C8 AILERON,249B40771BE4485766672EEBB91B1970EF1AF7BF58
[The Evil Within],2015/05/26,40,4.99,590,The Executioner,5A649DF1DCE6C0A165032B4A9A3DABCF0BC2D39758
[The Evil Within],2015/04/21,40,9.99,1624,The Consequence,69DE38002B05CA2F7CF7EB43CE5E9F2E01DF02DE58
[The Evil Within],2014/10/01,40,19.99,0,The Evil Within Season Pass,1903C99F5378E2DCD40994D3AC8D027F563BB33258
[The Evil Within],2015/03/10,40,9.99,1427,The Assignment,C640AE6FBCF5F31808E6AF24708140F9FE2DC07358
[The First Templar],2011/05/03,30,4.99,0,The First Templar: The Arena,E389DB7827E9394689EFD3831A41CA572949237258
[The Gunstringer],2011/09/12,30,0.00,1949,The Wavy Tube Man Chronicles,CBEABD46BEC5CAC399E1AC8FCDA414D579296BC358
[The Gunstringer],2011/12/15,30,2.99,131,Real Big Shootin',42166856C15B19126ADA2F60253E4FFD3829397158
[The Gunstringer],2012/03/13,30,2.99,1389,El Diablo's 'Merican Adventure,F46C14EB5A8015B1906EAF9AFD160CF0F335E4FF58
[THE KING OF FIGHTERS XIII],2012/02/07,30,2.49,0,"Unlock ""Gallery""",CB559AAFBD9CFD7B83CF04ED7333DC31AD338E6A58
[THE KING OF FIGHTERS XIII],2011/12/07,30,0.99,0,"Unlock ""Billy"", ""Saiki (Human Form)""",910C2A8653A99C62927F1DC73C774161C6C0D0D858
[THE KING OF FIGHTERS XIII],2012/01/31,30,2.49,0,"Unlock ""Customize Icons""",A65819A9DB8D67610CA8D2970ECF550FA92CC2BD58
[THE KING OF FIGHTERS XIII],2020/12/23,30,3.99,0,"Additional Character ""Mr. Karate""",E6C6700A35E35C09ED94956B0F5C05330B4E17F958
[THE KING OF FIGHTERS XIII],2011/12/20,30,3.99,0,"Additional Character ""NESTS style Kyo""",A1343A35CC96FC963B87E8064B975533C35B9E2C58
[THE KING OF FIGHTERS XIII],2012/01/24,30,2.49,0,"Unlock ""Customize Colors""""",AAD3509F15A664F301613BFF328A55535D8AD9E458
[THE KING OF FIGHTERS XIII],2012/02/21,30,5.99,0,Unlock Key Pack,9665A5DE95C42C7A28C35818DF274AC4B3FF05F558
[THE KING OF FIGHTERS XIII],2020/12/28,30,4.99,0,"Additional Character ""Iori with the Power of Flames""",A9A1375842F547C4C37A1C7D252B7EABECFEB53658
[The Last Remnant],2008/12/01,40,0.00,0,The Key of Ancient Ruins,8EE9B2BEB111CB06B76025628A7541F289E29BE758
[The Last Remnant],2008/12/22,40,0.00,0,Challenge Pack 2: The Price of Lies,1151F44C4390BFC02C9A3550F55EA1489D62E46558
[The Last Remnant],2008/12/01,40,0.00,0,Challenge Pack 1: Purgatory's Sins,D0BE569600AE82711C1A8172A6388D9D91863A1D58
[The Last Remnant],2008/12/15,40,1.25,0,March to War Set,82469129ABB25BC4D26A26BE1E4594DF7F25028958
[The Maw],2009/04/29,20,1.25,0,Deleted Scene - Speeder Lane,06B440EFC446C0CCADF27CEC797D47665B4C64BF58
[The Maw],2009/03/11,20,1.25,1,Deleted Scene - River Redirect,23D97AFDF571D17614ACC778FF43658457FFB03F58
[The Maw],2009/02/18,20,1.25,0,Deleted Scene -  Brute Force,08B39415844A0F7930500FC57189C855B5D28B2858
[The Outfit],2006/03/02,40,0.00,3,The Outfit - Multiplayer Map: Arnhem Mayhem,1ECB2E7647254100E30A9F82801E6027F4E82F6758
[The Outfit],2006/07/25,40,0.00,19,Collateral Damage Map Pack,D645EE9CD301BD4ECE8ED666A054D8A5BDFBAB5358
[The Raven Episode 1],2013/12/04,30,9.99,1485,The Raven - Legacy of a Master Thief Episode 3,9AF84271A654E21220C76B75887084050F51B4A158
[The Raven Episode 1],2013/12/04,30,9.99,1703,The Raven - Legacy of a Master Thief Episode 2,5FBAB316A2FC653DEFCDC15D150D6E977C97C1FD58
[The Walking Dead: Michonne - Episode 1],2016/04/25,40,7.99,0,The Walking Dead: Michonne - Season Pass (Episodes 2-3),FA13DC5619B457B14AC79A78439E83BDF3AF18A258
[The Walking Dead: Michonne - Episode 1],2016/04/26,40,4.99,454,"The Walking Dead: Michonne - Ep. 3, What We Deserve",33FA07FB3DA3017E64664BB8F432DE4A8306A2FD58
[The Walking Dead: Michonne - Episode 1],2016/03/29,40,4.99,494,"The Walking Dead: Michonne - Ep. 2, Give No Shelter",FA4F0D74DA72B20F52647D1E609F46E10B4EAE3358
[The Walking Dead: Season Two],2013/12/18,40,14.99,0,The Walking Dead: Season Two - SEASON PASS,46370FC7C20561953BB201B7A36B771EF24C2F8258
[The Walking Dead: Season Two],2014/03/05,40,4.99,370,"The Walking Dead: Season 2, Ep.2, A House Divided",407B407957082BFD6F54C2408D80F76928C0CA6258
[The Walking Dead: Season Two],2014/05/14,40,4.99,391,"The Walking Dead: Season 2, Ep.3, In Harm's Way",6A37B213AEBCC372550372148FED7B7D46F4721858
[The Walking Dead: Season Two],2014/07/23,40,4.99,377,"The Walking Dead: Season 2, Ep.4, Amid the Ruins",0A26E77C089B4CCF35BDE0B9A4482AF3701AEE0958
[The Walking Dead: Season Two],2014/08/27,40,4.99,380,"The Walking Dead: Season 2, Ep.5, No Going Back",18AE617FBC9DC209583E8A17AA1E8418688E0CC358
[The Wolf Among Us],2013/10/11,40,14.99,0,The Wolf Among Us - Season Pass,681865C2313118478047127AB04E059A89E4EE6B58
[The Wolf Among Us],2014/04/09,40,4.99,526,The Wolf Among Us - Episode 3: A Crooked Mile,6495C95665B201B1471C828F351FD3B02A10FEC358
[The Wolf Among Us],2014/02/05,40,4.99,577,The Wolf Among Us - Episode 2: Smoke and Mirrors,35CED9155C8C8A2A509FEB47B0BF7C92D03F3D4358
[The Wolf Among Us],2014/07/09,40,4.99,596,The Wolf Among Us - Episode 5: Cry Wolf,72F62E833EDB01B8B87D8B703AE3DF86B213ECE758
[The Wolf Among Us],2014/05/28,40,4.99,537,The Wolf Among Us - Episode 4: In Sheep's Clothing,0D172E1F5C7A8D95C8BD2603EAD28D0A8690867958
[Thief],2014/02/25,40,0.99,0,Thief - Booster Pack: Predator,46739AB9E2EB3143DE00BADF51000B2240E7405858
[Thief],2014/02/25,40,0.99,0,Thief - Booster Pack: Opportunist,134BD1C20F24A1080C767DB78FB4B48FB857DEF558
[Thief],2014/02/25,10,0.99,0,Thief - Booster Pack: Ghost,D29373CA44E3DB4C2569628875B7CB7D55A51A5158
[Thief],2014/02/25,40,4.99,57,Thief - The Bank Heist,22D42E21E105D766D6F11CB4D561B9CC0299FEA958
[Thief],2014/02/25,10,4.99,25,Thief- The Forsaken - Challenge Map:,38629E4B23D5FCBE8BC42410043BCAC5DE2A6FA358
[Things on Wheels],2010/06/16,10,3.99,10,Things on Wheels – ToW – VrooM,B1E24B07F314A177F811953E9C4CA12A03077FF158
[Things on Wheels],2010/07/14,10,3.99,10,Things on Wheels – ToW – RooAR,194B26E9FAD222C6CAEFBEA1C400121BBCEB2EA758
[Things on Wheels],2010/08/18,10,1.99,7,Things on Wheels – ToW –  Cars,E500AE3C57A451AC2AAD9EECC77E8A6C1CC53DB158
[Thrillville: OTR],2007/11/21,20,4.99,15,Thrillville: Booster Pack,6D48D8EB1701E3479F21EBADC5FED44FA5CA9C8158
[Ticket to Ride™],2008/09/17,10,4.99,0,Ticket to Ride USA 1910™,7CEC3DB93011639E94BC753DDC94F51D4312C1EF58
[Ticket to Ride™],2008/08/01,10,7.49,0,Ticket to Ride Europe™,8F13490B90BACC3DECB20DEEC8C23403B89384CF58
[TimeShift],2008/05/08,40,0.00,112,Futures-Past Multiplayer Map Pack,9D46626546AF81FC274F239B805A8B488759D35458
[TimeShift],2008/05/21,40,9.99,134,Urban ReDuel Multiplayer Map Pack,27C5EC5573E20A94F8A59F67739B71F621F6A56158
[TNT Racers],2011/10/26,-65535,2.99,13,TNT Racers Drift Package,CB8AFF26004F4A856D65301B98247619478EE06858
[TNT Racers],2011/11/23,10,2.99,8,TNT Racers Formula TNT Package,ED36A03EEB905788A58E231B5592C878A026A11158
[Tomb Raider],2013/03/05,-65535,1.00,0,Guerilla Skin,EFDFCD7E2C7AF718DAA342CA4645C069A7DA083E58
[Tomb Raider],2013/03/05,40,2.99,59,Shanty Town,C84F20E8D7F7B79073AFE6B2A7BC973B7AD0BC3658
[Tomb Raider],2013/03/05,-65535,1.00,0,Aviatrix Skin,EFDFCD7E2C7AF718DAA342CA4645C069A7DA083E58
[Tomb Raider],2013/03/19,-65535,1.00,0,Headshot Reticle,EFDFCD7E2C7AF718DAA342CA4645C069A7DA083E58
[Tomb Raider],2013/03/05,-65535,2.99,0,Tomb Raider Outfit Pack,EFDFCD7E2C7AF718DAA342CA4645C069A7DA083E58
[Tomb Raider],2013/03/12,-65535,1.00,0,Agility,EFDFCD7E2C7AF718DAA342CA4645C069A7DA083E58
[Tomb Raider],2013/05/07,-65535,1.00,10,Demolition Skin,A5DB94F91B06364E8FD36F13EC1F55D8EBB93C5358
[Tomb Raider],2013/06/04,40,2.99,85,Tomb of the Lost Adventurer,4168A61EE801571C87DA5B4C451FE4533DA8D59D58
[Tomb Raider],2013/05/07,-65535,1.00,10,Mountaineer Skin,A5DB94F91B06364E8FD36F13EC1F55D8EBB93C5358
[Tomb Raider],2013/03/05,-65535,1.00,0,Pistol Burst,EFDFCD7E2C7AF718DAA342CA4645C069A7DA083E58
[Tomb Raider],2013/03/05,-65535,1.00,0,Fisherman,C6E6091851AD94ABC77B00E2895283CAC51BAFC358
[Tomb Raider],2013/06/04,-65535,1.00,0,Scavenger Executioner,C6E6091851AD94ABC77B00E2895283CAC51BAFC358
[Tomb Raider],2013/03/05,-65535,1.00,0,Scavenger Scout,C6E6091851AD94ABC77B00E2895283CAC51BAFC358
[Tomb Raider],2013/03/05,-65535,1.00,0,Hunter Skin,EFDFCD7E2C7AF718DAA342CA4645C069A7DA083E58
[Tomb Raider],2013/03/05,-65535,1.00,0,Animal Instinct,EFDFCD7E2C7AF718DAA342CA4645C069A7DA083E58
[Tomb Raider],2013/05/07,-65535,1.00,10,Sure-Shot Skin,A5DB94F91B06364E8FD36F13EC1F55D8EBB93C5358
[Tomb Raider],2013/03/05,-65535,1.00,0,Pistol Silencer,EFDFCD7E2C7AF718DAA342CA4645C069A7DA083E58
[Tomb Raider],2013/06/04,-65535,6.99,0,Tomb Raider Adventure Pack Unlock,EFDFCD7E2C7AF718DAA342CA4645C069A7DA083E58
[Tomb Raider],2013/05/07,40,1.99,10,Tomb Raider Outfit Pack 2,A5DB94F91B06364E8FD36F13EC1F55D8EBB93C5358
[Tomb Raider],2013/06/04,-65535,6.99,0,Tomb Raider Online Survival Pack Unlock,C6E6091851AD94ABC77B00E2895283CAC51BAFC358
[Tomb Raider],2013/03/19,40,4.99,133,Caves and Cliffs Multiplayer Map Pack,7B0B6F1E3FB656DE4AF7B103D3E086E7029865B358
[Tomb Raider],2013/05/07,40,3.99,95,Shipwrecked Multiplayer Map Pack,D144D4FF924D7C6C572582800D1BC9B96ED7F91958
[Tomb Raider],2013/04/02,40,3.99,83,1939 Multiplayer Map Pack,11D8316CECBCC92824437C2E496700857B04FBBF58
[Tomb Raider],2013/03/05,-65535,1.00,0,Scavenger Bandit,C6E6091851AD94ABC77B00E2895283CAC51BAFC358
[Tomb Raider Underworld],2009/03/10,30,0.00,61,Tomb Raider: Underworld Designer Costume Pack,AC0089F81B621CD0E0C156B6176EFCC6C844705D58
[Tomb Raider Underworld],2008/12/22,30,0.00,62,Tomb Raider: Underworld Classic Costumes,9FDDD06617D1016DE468ACF53AC663E8BA2AD41858
[Tomb Raider Underworld],2008/12/30,30,0.00,61,Tomb Raider: Underworld Wetsuit Costume Pack,E5AFB2B959A72C52120D73678AED11BD8752686758
[Tomb Raider Underworld],2009/03/10,30,9.99,1105,Tomb Raider: Underworld - Lara’s Shadow,600A12643FCDAC84003E6E0DBD0A1A8F7DAE9DD158
[Tomb Raider Underworld],2009/02/24,30,9.99,954,Tomb Raider Underworld Beneath the Ashes,9CA70CF0EDA43654D158C2E37470D301DFA850E758
[Tomb Raider:Legend],2007/11/22,30,9.99,1490,Tomb Raider: Anniversary - Episodes 1 & 2,BE41955F55973CFD58F88C8F56F234BD7785E5EA58
[Tomb Raider:Legend],2007/11/22,30,9.99,1541,Tomb Raider: Anniversary - Episodes 3 & 4,A047B66CBD73946A192D6F03121BE2477D1C6C8C58
[Tony Hawk's® Pro Skater™ 5],2015/12/15,30,0.00,0,THPS5 Xbox Exclusive Pack,084CC385FC56357FFA8FBD7316E73DA8B887080358
[Too Human],2019/06/12,30,0.00,0,Too Human Pre-Order Armor Sets,F8D8B03C31B42D371BECE5F58A1A21920EE2FC2A58
[Trials Fusion™],2015/04/07,20,4.99,113,Trials Fusion: After The Incident,58ED7EA61ACF5F84CF1B4113D21C165FFE8F6F0D58
[Trials Fusion™],2014/04/16,20,19.99,0,Trials Fusion - Season Pass,176B2EE5D3A0C7C5E89CEEF02ADF764607462C7158
[Trials Fusion™],2014/08/19,10,4.99,103,Trials Fusion - DLC Empire of the Sky,B38D502F67671A33569C0E9145C49CCFF5271F5158
[Trials Fusion™],2015/01/27,10,4.99,213,Trials Fusion: Fire in the deep,B5D963C43AF4127DC076FAE9A9FA8B10F2426B1758
[Trials Fusion™],2014/10/07,10,4.99,156,Trials Fusion: Welcome to the Abyss,C1C476F2BFFA6118E85AB672E514BA60ACEE8E3958
[Trials Fusion™],2015/02/24,20,4.99,133,Trials Fusion: Fault One Zero,D1AEC708EE0B70B41104F2BD31C2B059F11027F158
[Trials Fusion™],2014/07/29,10,4.99,164,Trials Fusion - DLC Riders of the Rustland,492FB00BD448292BA5B3907CE9DF480EC3F1768358
[Trials HD],2010/06/21,30,4.99,8,Trials HD - Big Pack,B1A493BA359C56825FB0BD67F37931CEFA71695958
[Trials HD],2010/12/01,30,4.99,8,Trials HD - Big Thrills,C149E88B0A92946B58022D1B063F2911B60748C258
[Tron: Evolution],2010/12/28,30,4.99,172,Tron Multiplayer Map Pack,3F777FBB992E2F7D1EC2B62DEF4DEE77BA55E76658
[Tron: Evolution],2010/12/14,30,3.99,107,Bonus Multiplayer Skin - Sam Flynn,800569D5A3DFF992E6532F9BC702C67C29C6D58258
[Tropico 4],2011/11/09,30,1.99,0,Tropico 4 - Junta,11DC1CFB7CB738E955A729374686291FEDAE804F58
[Tropico 4],2012/02/07,30,1.99,0,Tropico 4 - Quick-dry Cement,ABED45B8D8363C5E013545BF5950E72DECE29F4858
[Tropico 4],2013/07/25,30,1.99,39,Tropico 4 - Voodoo,4FAD9A4C6596420CF4CC66F203D32CD9E174DA8758
[Tropico 4],2012/12/11,30,1.99,48,Tropico 4 - Vigilante,7156CBAFFFEF02703ECBC0F8E5170DF03AA6C6D158
[Tropico 4],2013/10/17,30,1.99,35,Tropico 4 - Apocalypse,C15F1D752A8CAB74156F8A0699709A484D9B6D6B58
[Tropico 4],2011/10/25,30,1.99,0,Tropico 4 - Bonus Pack,94D43405B6C71EA79C3AF4900BEF57769D543BE858
[Tropico 4],2012/12/11,30,1.99,53,Tropico 4 - Pirate Heaven,E8B286AE43B9494DC39AE6AAB1289FB2B0C1820C58
[Tropico 4],2012/04/03,30,4.99,683,Tropico 4 - Modern Times,04425EFBE2CAF4858E81EBB8B6064670C0A404D358
[Tropico 4],2013/08/15,30,1.99,50,Tropico 4 - Propaganda!,F71BB8991321CD2E5506B8CBD33E502B9729ED7D58
[Tropico 4],2013/09/19,30,1.99,34,Tropico 4 - The Academy,3D2E45440E65476A70130B38E5A249954910940758
[Tropico 4],2012/12/11,30,1.99,41,Tropico 4 - Megalopolis,EAF41794DAE76B3EB58A2CB06D2D2BFC9F34A0D258
[Tropico 4],2011/12/14,30,1.99,0,Tropico 4 - Plantador,14F000612D5490BBBA5A75B9D3F3DBAF797475AB58
[Tropico 5],2014/11/11,30,0.00,33,Tropico 5 - Big Cheese,8365961D5469144A638D6C73CB220B0CAB6F232458
[Tropico 5],2015/08/06,30,4.99,81,Tropico 5 Epic Meltdown,7ADA982E558362B4EA7B1C049CA935B52462EFF158
[Tropico 5],2015/04/29,30,9.99,142,Tropico 5 Waterborne,468F1ADC9F5821E33E5651F43C299E7F259DCE3158
[Tropico 5],2015/07/02,30,4.99,91,Tropico 5 Paradise Lost,4E776EA405B66803AA29A3998254CB326C0F2DEA58
[Tropico 5],2015/09/17,30,9.99,161,Tropico 5 Espionage,B04064576C84B07D54E1C74FB883A9129CBA070F58
[Tropico 5],2015/03/26,30,4.99,38,Tropico 5 Hostile Takeover,B67784F189DEFFBCC4C2B723F7196265B4F0E7E958
[Two Worlds II],2012/04/10,40,1.99,24,Two Worlds II: Defense,0CC6D34058221982F68AA3B501380E6977C7F2A658
[Two Worlds II],2011/09/27,40,4.99,1471,Two Worlds II: Pirates of the Flying Fortress,54EC1AABB4E27F0AFB45E0A5FA480B5BE9D90B2C58
[Two Worlds II],2011/09/27,40,4.99,69,Two Worlds II: Multiplayer Map Pack 1,EC5A3126747F810EADE1CDDF957D951E9669E29B58
[Ugly Americans: Apocalypsegeddon],2012/03/28,40,2.99,2,Ugly Americans - Randall's Misadventures,35182CCDB76A606658A06FD906CF19B609711A4758
[Vampire Rain],2007/07/25,40,0.00,0,VR Bonus Level 2,0E4CE7A43E2575CA0CAE55DDB6DEFDF141475E0658
[Vampire Rain],2007/07/25,40,0.00,0,VR Bonus Level 1,C6EF217982349BA2600628E1CD72EA947E81AA3458
[VANQUISH],2010/11/16,40,1.99,2,VANQUISH Tri-Weapon Pack,C67F6CC37D5C84D1948875EA7F94A7C7E2CFF4E158
[Vigilante 8 Arcade],2008/12/04,30,1.99,41,Vigilante 8: Arcade High Octane Pack,58E81BC6F6A66C5F496295026302CB2183EE135E58
[Virtua Fighter 5],2007/11/13,30,3.75,0,VF5 Item Pack 1,8F392D43188388465111FDB5A3BFB33319C77C9058
[Virtua Fighter 5],2007/12/04,30,2.49,0,VF5 Item Pack 2,9900CB2216FD93F627D68C458E6B12289570654D58
[Virtua Fighter 5],2008/01/02,30,2.49,0,VF5 Item Pack 3,CF374A0AB3DC714FB97FC63AB8674B5267B70E5158
[Virtua Fighter 5 Final Showdown],2012/06/06,-65535,4.99,1969,Brad Customisation Pack,408E3ECB28995A39BDE17B9A51EFE5A273B5825158
[Virtua Fighter 5 Final Showdown],2012/06/06,-65535,4.99,1969,Jacky Customisation Pack,408E3ECB28995A39BDE17B9A51EFE5A273B5825158
[Virtua Fighter 5 Final Showdown],2012/06/06,-65535,4.99,1969,Sarah Customisation Pack,408E3ECB28995A39BDE17B9A51EFE5A273B5825158
[Virtua Fighter 5 Final Showdown],2012/06/06,-65535,4.99,1969,Jean Customisation Pack,408E3ECB28995A39BDE17B9A51EFE5A273B5825158
[Virtua Fighter 5 Final Showdown],2012/06/06,-65535,4.99,1969,Kage Customisation Pack,408E3ECB28995A39BDE17B9A51EFE5A273B5825158
[Virtua Fighter 5 Final Showdown],2012/06/06,-65535,4.99,1969,Vanessa Customisation Pack,408E3ECB28995A39BDE17B9A51EFE5A273B5825158
[Virtua Fighter 5 Final Showdown],2012/06/06,-65535,4.99,1969,Goh Customisation Pack,408E3ECB28995A39BDE17B9A51EFE5A273B5825158
[Virtua Fighter 5 Final Showdown],2012/06/06,-65535,14.99,1969,Customisation Pack Bundle 1,408E3ECB28995A39BDE17B9A51EFE5A273B5825158
[Virtua Fighter 5 Final Showdown],2012/06/06,-65535,4.99,1969,El Blaze Customisation Pack,408E3ECB28995A39BDE17B9A51EFE5A273B5825158
[Virtua Fighter 5 Final Showdown],2012/06/06,30,4.99,1969,Akira Customisation Pack,408E3ECB28995A39BDE17B9A51EFE5A273B5825158
[Virtua Fighter 5 Final Showdown],2012/06/06,-65535,4.99,1969,Pai Chan Customisation Pack,408E3ECB28995A39BDE17B9A51EFE5A273B5825158
[Virtua Fighter 5 Final Showdown],2012/06/06,-65535,4.99,1969,Lau Chan Customisation Pack,408E3ECB28995A39BDE17B9A51EFE5A273B5825158
[Virtua Fighter 5 Final Showdown],2012/06/06,-65535,4.99,1969,Eileen Customisation Pack,408E3ECB28995A39BDE17B9A51EFE5A273B5825158
[Virtua Fighter 5 Final Showdown],2012/06/06,-65535,4.99,1969,Lei-Fei Customisation Pack,408E3ECB28995A39BDE17B9A51EFE5A273B5825158
[Virtua Fighter 5 Final Showdown],2012/06/06,-65535,4.99,1969,Aoi Customisation Pack,408E3ECB28995A39BDE17B9A51EFE5A273B5825158
[Virtua Fighter 5 Final Showdown],2012/06/06,-65535,4.99,1969,Lion Customisation Pack,408E3ECB28995A39BDE17B9A51EFE5A273B5825158
[Virtua Fighter 5 Final Showdown],2012/06/06,-65535,14.99,1969,Customisation Pack Bundle 2,408E3ECB28995A39BDE17B9A51EFE5A273B5825158
[Virtua Fighter 5 Final Showdown],2012/06/06,-65535,4.99,1969,Shun Customisation Pack,408E3ECB28995A39BDE17B9A51EFE5A273B5825158
[Virtua Fighter 5 Final Showdown],2012/06/06,-65535,4.99,1969,Taka-Arashi Customisation Pack,408E3ECB28995A39BDE17B9A51EFE5A273B5825158
[Virtua Fighter 5 Final Showdown],2012/06/06,-65535,4.99,1969,Wolf Customisation Pack,408E3ECB28995A39BDE17B9A51EFE5A273B5825158
[Virtua Fighter 5 Final Showdown],2012/06/06,-65535,4.99,1969,Jeffry Customisation Pack,408E3ECB28995A39BDE17B9A51EFE5A273B5825158
[Viva Piñata],2006/11/09,10,1.13,0,Accessory Pack 1,4CAAD441F5DD515F4E1D563963A3D6634BB24A7958
[Viva Piñata],2006/11/21,10,1.13,0,Accessory Pack 2,52FB340D07CDAF68D15ECF46ABCA1EE0552DE9ED58
[Viva Piñata],2006/12/05,10,1.13,0,Accessory Pack 3,9EF1DED027FA28B3FCBD8E19AB2F4A97FB85187458
[Viva Piñata],2006/12/18,10,1.13,0,Accessory Pack 4,BFB6BB89BC6BEE16E702AF1942E5D03F1CF382BF58
[Viva Piñata],2007/01/05,10,1.13,0,Accessory Pack 5,C4F0F80BD08846F1E7889E1EDD682D08A545EFA658
[Viva Piñata],2007/01/16,10,1.13,0,Accessory Pack 6,076005BBC909324A6446C8A65D2F282E161E160158
[Viva Piñata],2007/02/06,10,1.13,0,Accessory Pack 7,42144A26B2145EC6E3BFF29D02E5FD716825DFA858
[The Walking Dead],2012/06/27,40,4.99,685,Episode 2: Starved For Help,6C8043AC9E7EABC0411F4E60386C6971138EB6AA58
[The Walking Dead],2013/07/05,40,4.99,413,The Walking Dead: 400 Days,616DF22D9435F9C63D07EDB9E2B869CE142803B758
[The Walking Dead],2012/10/10,40,4.99,578,"Episode 4: Around Every Corner  (ESRB Rating: MATURE with Strong Language, Blood and Gore, Intense Violence, Sexual Themes)",4098CA917652D5330137C8D00F7FB816B6222BDB58
[The Walking Dead],2012/11/21,40,4.99,604,Episode 5: No Time Left,D71B447512741EF99B29780DB68DF525E912721658
[The Walking Dead],2012/08/29,40,4.99,516,"Episode 3: Long Road Ahead (ESRB Rating: MATURE with Strong Language, Blood and Gore, Drug Reference, Intense Violence)",703F8C20A10148B6C3159E1B8277BB30F9A9786258
"[Warhammer® 40,000®: Space Marine®]",2011/12/20,40,0.00,650,Space Marine®: Capture the Flag Game Mode,087DFFAABBBF16CB3D15CF998B20CE62FC20A7D458
"[Warhammer® 40,000®: Space Marine®]",2011/11/01,40,0.00,323,Exterminatus Downloadable Content,7C978B825C62D7D9CA0369D568AF3DA0654C897E58
"[Warhammer® 40,000®: Space Marine®]",2011/12/06,40,1.00,0,Space Marine® Traitor Legions Armour Pack,80F08598BECDACFE59808D0CB3D3A0A3912DC4B358
"[Warhammer® 40,000®: Space Marine®]",2011/12/06,40,1.99,0,Elite Armor Pack,80F08598BECDACFE59808D0CB3D3A0A3912DC4B358
"[Warhammer® 40,000®: Space Marine®]",2012/01/24,40,0.00,285,Space Marine®: Capture and Control,3CA80B7849899793F15732A9B1D86B67F9A51D7C58
"[Warhammer® 40,000®: Space Marine®]",2011/12/20,40,2.99,650,Space Marine®: Blood Angels Chapter Skin,087DFFAABBBF16CB3D15CF998B20CE62FC20A7D458
"[Warhammer® 40,000®: Space Marine®]",2011/09/06,40,9.99,0,Space Marine® Elite Pass,D55A96F153D8055E31769624F4800168A1FBA8BC58
"[Warhammer® 40,000®: Space Marine®]",2011/12/20,40,2.99,650,Space Marine®: Salamanders Chapter Skin,087DFFAABBBF16CB3D15CF998B20CE62FC20A7D458
"[Warhammer® 40,000®: Space Marine®]",2011/12/06,40,1.00,0,Space Marine® Golden Relic Chainsword,80F08598BECDACFE59808D0CB3D3A0A3912DC4B358
"[Warhammer® 40,000®: Space Marine®]",2011/12/06,40,1.00,0,Space Marine®: Golden Relic Bolter,80F08598BECDACFE59808D0CB3D3A0A3912DC4B358
"[Warhammer® 40,000®: Space Marine®]",2013/11/20,40,4.99,650,Space Marine®: Chaos Unleashed Downloadable Content,087DFFAABBBF16CB3D15CF998B20CE62FC20A7D458
"[Warhammer® 40,000®: Space Marine®]",2013/11/20,40,4.99,285,Space Marine®: Dreadnought Assault,3CA80B7849899793F15732A9B1D86B67F9A51D7C58
"[Warhammer® 40,000®: Space Marine®]",2012/01/24,40,2.99,285,Space Marine®: Death Guard Champion Skin,3CA80B7849899793F15732A9B1D86B67F9A51D7C58
"[Warhammer® 40,000®: Space Marine®]",2011/12/20,40,2.99,650,Space Marine®: Legion of the Damned Chapter Skin,087DFFAABBBF16CB3D15CF998B20CE62FC20A7D458
"[Warhammer® 40,000®: Space Marine®]",2011/12/20,40,2.99,650,Space Marine®: Alpha Legion Chapter Skin,087DFFAABBBF16CB3D15CF998B20CE62FC20A7D458
"[Warhammer® 40,000®: Space Marine®]",2011/12/06,40,1.00,0,Space Marine® Emperor's Elite Armour Pack,80F08598BECDACFE59808D0CB3D3A0A3912DC4B358
"[Warhammer® 40,000®: Space Marine®]",2012/01/24,40,2.99,285,Space Marine®: Iron Hands Veteran  Skin,3CA80B7849899793F15732A9B1D86B67F9A51D7C58
[WARRIORS OROCHI 3],2012/10/09,30,4.99,25,WARRIORS OROCHI 3 DLC31 DWSF COSTUME - OTHER 1,B850A5C0F9C26FD7ACCF8B13BF34B324FC9D3BBE58
[WARRIORS OROCHI 3],2012/09/11,30,2.99,46,WARRIORS OROCHI 3 STAGE PACK 9,5E292E86B1516674EDA33D027B80315E2749F5F858
[WARRIORS OROCHI 3],2012/10/09,30,2.99,27,WARRIORS OROCHI 3 DLC29 STAGE PACK 10,046248541BEB46CEF3EBBFC804260EAC9D6A85C758
[WARRIORS OROCHI 3],2012/06/19,30,2.99,88,WARRIORS OROCHI 3 DLC7 STAGE PACK 3,190994E3F77269CD522406BDFD77FDD6F9BFD62D58
[WARRIORS OROCHI 3],2012/10/09,30,4.99,25,WARRIORS OROCHI 3 DLC32 DWSF COSTUME - OTHER 2,E3046E1F830F08808180BF283A5A6F05C060D5ED58
[WARRIORS OROCHI 3],2012/09/11,30,4.99,22,WARRIORS OROCHI 3 DLC26 DWSF COSTUME - WU,3C9A932AFCE55D76BBBF36E49CEE700C5BE1533458
[WARRIORS OROCHI 3],2012/07/17,30,2.99,67,WARRIORS OROCHI 3 DLC13 DYNASTY TRAD COSTUME,B42DCA2368DB0C96D2295235FDDCB000E9BF832958
[WARRIORS OROCHI 3],2012/04/24,30,1.00,29,SAMURAI COSTUME,990BF906E9F0EC4DDC7EB5736D2407238AEC5C2158
[WARRIORS OROCHI 3],2012/05/22,30,2.99,84,WARRIORS OROCHI 3 DLC6 STAGE PACK 2,AD65A9E85231108727BEE7E04E4C9EF4E7706DFA58
[WARRIORS OROCHI 3],2012/04/24,30,1.99,20,BGM PACK 1,0D2DBF9AA198F6BF113F489C4896931FA96CF79C58
[WARRIORS OROCHI 3],2012/07/17,30,1.99,11,WARRIORS OROCHI 3 DLC15 BGM PACK 3,5A5A0AD3C50EFB9E1B9E53C867EE8C709A21A7F258
[WARRIORS OROCHI 3],2012/06/19,30,1.99,20,WARRIORS OROCHI 3 DLC8 BGM PACK 2,07142025AE20A2BA353A5C386FFE4FB1989B89F858
[WARRIORS OROCHI 3],2012/10/09,30,2.99,0,WARRIORS OROCHI 3 DLC30 STAGE PACK 11,8E1B931BB9E2A1F2B1F81F422D8853A54D01225B58
[WARRIORS OROCHI 3],2012/04/10,30,1.99,1,WARRIORS OROCHI 3 DLC1 WEAPON PACK,733CD42DC65896D82F844247804691478E07730058
[WARRIORS OROCHI 3],2012/07/17,30,3.99,143,WARRIORS OROCHI 3 STAGE PACK 4,4B3A89DF53ED9D7BD8F4D9003577D40948342A9758
[WARRIORS OROCHI 3],2012/09/11,30,1.99,0,WARRIORS OROCHI 3 DLC23 STAGE PACK 8,D7EE1B26CE61D0099D734259E47FD6620EDD580D58
[WARRIORS OROCHI 3],2012/07/17,30,3.99,48,WARRIORS OROCHI 3 DLC14 WALLPAPERS 3,311AE1137649DCA4287BFCE674FE9571349E164F58
[WARRIORS OROCHI 3],2012/04/24,30,3.99,47,WALLPAPERS 1,9214523033C99188DA69B0263A14CE2686E8CC8758
[WARRIORS OROCHI 3],2012/08/14,30,1.99,0,WARRIORS OROCHI 3 STAGE PACK 7,B3BE1177AD276AE22A3511ABCF6E894EA2DED7F258
[WARRIORS OROCHI 3],2012/09/11,30,4.99,16,WARRIORS OROCHI 3 DLC28 DWSF COSTUME - JIN,DE6A55DF1C686E4302C2F1E51B66629081F5BB3058
[WARRIORS OROCHI 3],2012/08/14,30,4.99,22,WARRIORS OROCHI 3 DLC19 SAMURAI DRESS UP COSTUME 2,C74C644504FA614EE19D452B2A466B6C8E3F7A8258
[WARRIORS OROCHI 3],2012/04/24,30,1.99,57,STAGE PACK 1,7E814C7C7777B7E6FF21BF89244D9AC28FC0A12458
[WARRIORS OROCHI 3],2012/07/17,30,2.99,99,WARRIORS OROCHI 3 STAGE PACK 5,99C6BEA19F8F0CFBED776D1A87B8E189EBAAD98758
[WARRIORS OROCHI 3],2012/08/14,30,4.99,24,WARRIORS OROCHI 3 DLC18 SAMURAI DRESS UP COSTUME 1,5F418528BBD70F7C2AE833EFB62D9AB2442F63B358
[WARRIORS OROCHI 3],2012/06/19,30,3.99,57,WARRIORS OROCHI 3 DLC10 WALLPAPERS 2,B61F0DCC5E117A53DF1491D3388ED6DC4C1AA8AF58
[WARRIORS OROCHI 3],2012/09/11,30,4.99,26,WARRIORS OROCHI 3 DLC27 DWSF COSTUME - SHU,865A8C80D3081EDD793DDB9F5DD6EF23EC7B273558
[WARRIORS OROCHI 3],2012/06/19,30,1.00,76,WARRIORS OROCHI 3 DLC9 DYNASTY COSTUME,74F806ED90A70DCFB87EA415D2C87B06D7A97B4958
[WARRIORS OROCHI 3],2012/08/14,30,2.99,84,WARRIORS OROCHI 3 STAGE PACK 6,1ED2F40DEF592516027317002B2EBC396C31D26558
[WARRIORS OROCHI 3],2012/08/14,30,1.99,12,WARRIORS OROCHI 3 DLC22 BGM PACK 4,CE48A3B09DBAF8E5946B6E1C4965A0E89C8EFCF258
[WARRIORS OROCHI 3],2012/08/14,30,3.99,6,WARRIORS OROCHI 3 DLC21 ORIGINAL WALLPAPERS,977A9DDE8C3F25A725F66999A0C206D6D644252358
[WARRIORS OROCHI 3],2012/08/14,30,4.99,22,WARRIORS OROCHI 3 DLC20 SAMURAI DRESS UP COSTUME 3,4982C20A18C92CD7CF4188BD1A7C7C0EA822BB1158
[WARRIORS OROCHI 3],2012/09/11,30,4.99,24,WARRIORS OROCHI 3 DLC25 DWSF COSTUME - WEI,B74DC07E5A02818D3CB8905A3141F23C889AB11658
[Watch Dogs™],2014/09/30,40,0.00,299,Watch_Dogs™ Bad Blood - Part 2,2970839B7773816929F5FBC8174BA3B30DA74E0758
[Watch Dogs™],2014/05/05,40,19.99,0,Watch_Dogs™ Season Pass,29D9F32476FD08D48F65048F7F2F39FB67561E9E58
[Watch Dogs™],2014/07/01,40,6.99,0,Watch_Dogs Access Granted Pack,357206EE43BFACC9AED75AC2833763AB7E64192558
[Watch Dogs™],2014/09/30,40,14.99,2009,Watch_Dogs™ Bad Blood - Part 1,AC6ECA18B03B6C8D636D0D44AEE0FD22BC211E0C58
[Watch Dogs™],2014/06/03,40,4.99,16,Watch_ Dogs Conspiracy! Digital Trip,6CFF7E56423DBDF28D93242559C4F88B5DA4646A58
[Way of the Samurai 3],2009/12/18,40,1.00,0,Way of the Samurai 3 Head and Apparel Items,AF853B7D6F84CE55B1B49928447B203A2DB22F3958
[Wits & Wagers],2008/07/02,10,3.99,0,Wits & Wagers Question Pack 2,E02846250F3BC0B6EC88BF2D117D487BE36E7BB458
[Worms],2007/05/30,20,0.00,6,Worms - Space Landscape,B8E30EAACB36DE8E8DB3DB03A9965B373DEBBF6858
[Worms],2007/07/04,20,0.00,9,Worms - Soundbank Pack 2,B7EFD70A52E161E447AE37F0ED107A752D94478858
[Worms],2007/05/30,20,0.00,7,Worms - Soundbank Pack 1,A0EA4C7C8C33C770269BB2335D7B664702CB3E1D58
[Worms],2007/05/30,20,1.88,7,Worms - Hell Landscape,AA59A12FA4C5B0D0C9ABB02F2545C77CE9125D7058
[Worms],2007/07/04,20,1.88,5,Worms - Retro Landscape: Desert,0D22C2441D1CA50C185F7A3942259ED17874193958
[Worms],2007/05/30,20,1.88,5,Worms - Jungle Landscape,2EBA4BF1DD4FBE179007E191CA02296B6218349458
[Worms 2: Armageddon],2011/09/14,20,0.00,7,Mayhem Pack,52ACC5D511C1456C09DAF84E54BF0367025F373E58
[Worms 2: Armageddon],2010/07/07,20,4.99,30,Battle Pack,C0D5295B22E33ECD767188327187FEB791606A9A58
[Worms 2: Armageddon],2011/09/07,20,3.99,47,Time Attack Pack,22ACED3F480758416D2841C05D22B845A02547B558
[Worms 2: Armageddon],2011/08/24,20,3.99,31,Puzzle Pack,50EDE6CB0D0A11327935E14B28D4A76442242F6A58
[Worms 2: Armageddon],2011/08/31,20,3.99,40,Forts Pack,7C9D7633BF963AB14B7FAF23D447700C0B85868558
[Worms 2: Armageddon],2011/09/21,20,3.99,32,Retro Pack,788FF307CF21F9DBA4E7820AB14BEB6B732B047058
[Worms™: Ultimate Mayhem],2012/03/28,20,4.99,0,Customization Pack,02E15C509EF228B32ED87B99BF44C1BFD213D3F458
[Worms™: Ultimate Mayhem],2011/01/11,20,4.99,0,Multi-player Pack,3224BA6CD0EEFC2223DEB48FBC5BF5A2A6AC2D2758
[Worms™: Ultimate Mayhem],2011/12/08,20,4.99,0,Single-player Pack,B788F0E0B69ED85BA792F09686EF19FEBF0582D558
[Wreckateer],2012/11/14,20,1.99,104,Mt. Adalmant Level Pack,7F88AE59DA84D7E80D29E4A3239822E4FCCD36FA58
[Wreckateer],2013/01/23,20,1.99,101,Callonburg Level Pack,FDCB583E6EFA3AFD8E3726A214E747BCFD6F2CB058
[Wrecked Revenge Revisited],2012/03/28,30,4.99,38,Wrecked Highway to Hell,D8895AF70EC35697B984A72B9651B71AB10B925C58
[XCOM®: Enemy Unknown],2012/10/23,40,4.99,9,Elite Soldier Pack,A1DCE1A9AE89E483345FE7CBCDDEE1220D73578A58
[XCOM®: Enemy Unknown],2012/12/04,40,6.99,239,Slingshot Content Pack,71B10DA04DDCAE638014EA02EBF1991B60A52B9058
[XNA Creators Club],2008/10/30,60,0.00,15,XNA Game Studio Connect,71C4597F7E3D7BCBA965F99A45FF409B2C7FCB3558
[Yosumin! LIVE],2009/06/24,10,1.00,13,Yosumin Adventure,424AF6E0689D1DC0C48A689B0FBD647D6A4A40E558
[Yu-Gi-Oh! 5D's Decade Duels Plus],2013/02/13,20,2.99,0,Starter Deck 01,E42E3586DECB315360ACAE320F4F9C5C2487073958
[Yu-Gi-Oh! 5D's Decade Duels Plus],2013/02/13,20,1.99,0,Card Pack 001,DC9AB0374C6E61CFBE2E77F2DA08756D9B5B7D2C58
[Yu-Gi-Oh! 5D's Decade Duels Plus],2013/02/13,20,2.99,0,Starter Deck 05,6D85479C7E45FE5B75FEAB813F714F7D57B441B158
[Yu-Gi-Oh! 5D's Decade Duels Plus],2013/12/18,20,2.99,0,Release the Iron Core Deck,3126FE6EE0C110FD1EE5AEE415953BFA4D1790E658
[Yu-Gi-Oh! 5D's Decade Duels Plus],2013/03/19,20,3.99,0,Super Pack 05,98E926405CA8BC2E65CB9586A878A33DE4C8C30358
[Yu-Gi-Oh! 5D's Decade Duels Plus],2013/02/13,20,1.99,0,Card Pack 002,9AFF9188631D89BD74E06F564C793ECDFBEF1C7358
[Yu-Gi-Oh! 5D's Decade Duels Plus],2013/12/18,20,2.99,0,Chance for Gold Deck,85D913A8A9AA818E2A06D8A06D9AC745CE97B7EB58
[Yu-Gi-Oh! 5D's Decade Duels Plus],2013/02/13,20,2.99,0,Starter Deck 04,D9EE05F4A1C54FF0F63EC77F2608D0F37F55AD1D58
[Yu-Gi-Oh! 5D's Decade Duels Plus],2013/02/19,20,3.99,0,Super Pack 001,29E6ABC507EA9B8A5467A9778BDF125C763B64AD58
[Yu-Gi-Oh! 5D's Decade Duels Plus],2013/02/13,20,1.99,0,Card Pack 010,587A3A8E96E53D3F351429E713C0DBAF33ACBB9958
[Yu-Gi-Oh! 5D's Decade Duels Plus],2014/01/08,20,2.99,0,Weapons of Power Deck,8E47EDBD467CE281E035877E0BA5D882D1DDE3FD58
[Yu-Gi-Oh! 5D's Decade Duels Plus],2013/03/19,20,2.99,0,Structure Deck 05,709B6C0A0039C8597A9D93114006AB569A50F8E158
[Yu-Gi-Oh! 5D's Decade Duels Plus],2013/02/13,20,1.99,0,Card Pack 005,65CF2A3885020FAD0E8A3A26E5C4D5B8371EB80058
[Yu-Gi-Oh! 5D's Decade Duels Plus],2014/01/08,20,2.99,0,Ritual Victory Deck,3A967ED649C3BDDD8E5C49770D1BDD61CB2CFFE158
[Yu-Gi-Oh! 5D's Decade Duels Plus],2013/02/13,20,2.99,0,Starter Deck 02,209ADBB9A4897CE2330620101BD303B75C1DD29358
[Yu-Gi-Oh! 5D's Decade Duels Plus],2013/02/26,20,2.99,0,Structure Deck 02,9A79CC5E8E89615B4167AC7C3530DE8F13D23D6C58
[Yu-Gi-Oh! 5D's Decade Duels Plus],2013/02/13,20,1.99,0,Card Pack 008,5657C646765802A8FD4781CD01A7D438569446A558
[Yu-Gi-Oh! 5D's Decade Duels Plus],2013/02/13,20,1.99,0,Card Pack 006,9CB354D2C3DB7B62A51D667C39ECB0579F6B74A858
[Yu-Gi-Oh! 5D's Decade Duels Plus],2013/02/26,20,1.99,0,Card Pack 014,D4CDC9D4227F7B3A940A6A4A46ED213168AA01D358
[Yu-Gi-Oh! 5D's Decade Duels Plus],2013/02/26,20,3.99,0,Super Pack 02,CF0261E2C3BB4D5C1212E0190CD1FB16CE613A6858
[Yu-Gi-Oh! 5D's Decade Duels Plus],2013/02/19,20,1.99,0,Card Pack 011,41FC6E55F80108850B8AAF8ADC4BD31CF40D71A958
[Yu-Gi-Oh! 5D's Decade Duels Plus],2013/02/13,20,1.99,0,Card Pack 009,B04E0D133DA355A2EEA0A33E67DEE8CF5B7D750258
[Yu-Gi-Oh! 5D's Decade Duels Plus],2013/03/12,20,1.99,0,Card Pack 017,214CF9E4CC023F2011C21D28691BE3F5417BF04F58
[Yu-Gi-Oh! 5D's Decade Duels Plus],2013/03/12,20,2.99,0,Structure Deck 04,E7E5E7E1612EE41EA8C6B016B0E07811EBECD1D458
[Yu-Gi-Oh! 5D's Decade Duels Plus],2013/12/18,20,2.99,0,Pieces of Exodia Deck,7B48E37E47726006EA5DDB28E34EA2FFA622EC4E58
[Yu-Gi-Oh! 5D's Decade Duels Plus],2014/01/08,20,2.99,0,Silent Levels Deck,450BC3C77BE7F94AF62FB13E481C67A0B5692E7C58
[Yu-Gi-Oh! 5D's Decade Duels Plus],2013/12/18,20,2.99,0,Worm Unity Deck,F9DAA339C5622681122F20EA17EA0E453C9AAD1B58
[Yu-Gi-Oh! 5D's Decade Duels Plus],2013/12/18,20,2.99,0,Syncing Dragon Deck,D94C7AC66ACB63345CA0BAC2FA386026B8C70E1258
[Yu-Gi-Oh! 5D's Decade Duels Plus],2013/03/05,20,3.99,0,Super Pack 03,AF4744730BA902FBAF20159956E32E8E62C0ACD058
[Yu-Gi-Oh! 5D's Decade Duels Plus],2013/02/13,20,2.99,0,Starter Deck 03,80C79E161BA9EE6B74F970F81793873BA0EECBC158
[Yu-Gi-Oh! 5D's Decade Duels Plus],2013/02/13,20,1.99,0,Card Pack 003,39B32CFE5D8F03FB1680DEF05DEEF54870A7025D58
[Yu-Gi-Oh! 5D's Decade Duels Plus],2013/03/12,20,1.99,0,Card Pack 018,7CE02FD98FB59C2EDF5901A8AC5E10225BC93CB858
[Yu-Gi-Oh! 5D's Decade Duels Plus],2013/02/19,20,2.99,0,Structure Deck 01,E683885BA991E84B09CCDCAFF4EDFDF7A482C41358
[Yu-Gi-Oh! 5D's Decade Duels Plus],2014/01/08,20,2.99,0,Reflection Destruction Deck,A8772301CB09C5FFF221DF34B07785C4D6DCD78458
[Yu-Gi-Oh! 5D's Decade Duels Plus],2013/02/26,20,1.99,0,Card Pack 013,505E4C64694235066319378C16AD6F5723A6385558
[Yu-Gi-Oh! 5D's Decade Duels Plus],2014/01/08,20,2.99,0,Returning to Mist Valley Deck,32447B57AF05D69D530231C537CB466C0C0B190858
[Yu-Gi-Oh! 5D's Decade Duels Plus],2013/03/05,20,2.99,0,Structure Deck 03,8D4B89D7B48D487DB8EE744A36E562664F82E9B258
[Yu-Gi-Oh! 5D's Decade Duels Plus],2013/02/19,20,1.99,0,Card Pack 012,BEB8A9371A2D0A74574F5648A23DB5EF0C1D65C258
[Yu-Gi-Oh! 5D's Decade Duels Plus],2013/02/13,20,1.99,0,Card Pack 004,8891668DB5E7AAA1077C32B9E72899362DD07B6658
[Yu-Gi-Oh! 5D's Decade Duels Plus],2013/03/05,20,1.99,0,Card Pack 015,8D77F599F5FBE5BA8BA70C54E45825C75845BBC958
[Yu-Gi-Oh! 5D's Decade Duels Plus],2013/02/13,20,1.99,0,Card Pack 007,3555E9D31222548B1259F415B5ED779E00EE139E58
[Yu-Gi-Oh! 5D's Decade Duels Plus],2013/03/12,20,3.99,0,Super Pack 04,3EE540B01A666D5F9DD7C7209CA3F75EE2BDBFBB58
[Yu-Gi-Oh! 5D's Decade Duels Plus],2013/03/05,20,1.99,0,Card Pack 016,43E5480D7FD8AE2FBAB1C2A054BD2337ADCA12F058
[Yu-Gi-Oh! 5D's Decade Duels Plus],2013/03/19,20,1.99,0,Card Pack 020,0882D86F3215EF4C8543322E6D1F71A64B3F8AD458
[Yu-Gi-Oh! 5D's Decade Duels Plus],2013/03/19,20,1.99,0,Card Pack 019,56B11CEB41747698479BE49D3FB6F4DABFF61D7558
[Yu-Gi-Oh! Millennium Duels],2014/04/23,20,1.99,0,Nordic Pack,7701C0764D734802CFE9AF03ED7C127F8E9DAC5F58
[Yu-Gi-Oh! Millennium Duels],2014/04/23,20,1.99,0,Mecha Phantom Beast Pack,C98F91A1B0A7F91AD10732563760F85E2F11EA6E58
[Yu-Gi-Oh! Millennium Duels],2014/04/02,20,1.99,0,Machina Meklord Pack,E7DD127FF9CF262D19AF57421B577CCB113041EA58
[Yu-Gi-Oh! Millennium Duels],2014/04/23,20,2.99,0,Evilswarm Deck,AD99E1AD73282F0CC5B5EA7B6C783970A1B8A1AC58
[Yu-Gi-Oh! Millennium Duels],2014/04/02,20,2.99,0,Laval Deck,37394057EBFD8E88E75048745057DB6386BE190A58
[Yu-Gi-Oh! Millennium Duels],2014/04/02,20,2.99,0,Gusto Deck,A58980BA0E4A252141C3C90FC2D3CBDFFD3EE0F258
[Yu-Gi-Oh! Millennium Duels],2014/04/23,20,2.99,0,Mermail Deck,52E84AA6C538495A748C456901710272621F8B4B58
[Yu-Gi-Oh! Millennium Duels],2014/04/02,20,2.99,0,Bujin Deck,9E8BD58626530856979801727ECC6EF6A4A0BAB558
[Yu-Gi-Oh! Millennium Duels],2014/04/02,20,1.99,0,T.G. Pack,412B6B54961519760E886160ADB1B5EE2ADC7CBD58
[Yu-Gi-Oh! Millennium Duels],2014/04/23,20,1.99,0,Hieratic Dragon Pack,693E5EB4AA332C75409B1EF3187858F39C749E8558
[Yu-Gi-Oh! Millennium Duels],2014/04/02,20,2.99,0,Constellar Deck,FBA455596FA5048884683E89C8EE45420766DA1358
[Yu-Gi-Oh! Millennium Duels],2014/04/23,20,2.99,0,Fire Fist Deck,91BE21EB4207B6B14D409E3A5A0BFC4E411F876D58
[Yu-Gi-Oh! Millennium Duels],2014/04/02,20,2.99,0,Prophecy Deck,AC1A73133DB2AB39ED0325E4105EE3B03957EC2B58
[Yu-Gi-Oh! Millennium Duels],2014/04/02,20,1.99,0,Aqua Pack,A429924ECA17C490912B02DB5A7B248DFE5210DD58
[Yu-Gi-Oh! Millennium Duels],2014/04/23,20,1.99,0,Ninja Pack,02ED4D6D099736D0B009233BBCFB83C840D8A04758
[Yu-Gi-Oh! Millennium Duels],2014/04/23,20,1.99,0,Chronomaly Pack,B988AF40DF4D0F9734319B6FF340DDF740F419C058
[Yu-Gi-Oh! Millennium Duels],2014/04/02,20,1.99,0,Madolche Pack,1709D263B11BF1F778B3A0FA9BBE03007EB718C358
[Yu-Gi-Oh! Millennium Duels],2014/04/02,20,1.99,0,Ghostrick Pack,A5AF94169AB60F9DF600A4DF54DF76205B3358C958
[Yu-Gi-Oh! Millennium Duels],2014/04/02,20,1.99,0,Utopia Pack,CF45AFAB25F7F3070F29D0F8468436301B131FE858
[Yu-Gi-Oh! Millennium Duels],2014/04/23,20,2.99,0,Wind-Up Deck,8670D6A827D1A34555C583C068837009276D662858
[Yu-Gi-Oh! Millennium Duels],2014/04/23,20,2.99,0,Gishki Deck,FF3F78A0013ADFAB0375D36220FC93E345DF7BB658
[Yu-Gi-Oh! Millennium Duels],2014/04/23,20,2.99,0,Photon Galaxy Deck,8A32DF082ECBF8F2FC6606C76A6D7B3377232A7358
[Yu-Gi-Oh! Millennium Duels],2014/04/23,20,2.99,0,Gem-Knight Deck,6C666AE120404B7423A1471248ECF63C32C9B08158
[Yu-Gi-Oh! Millennium Duels],2014/04/23,20,2.99,0,Naturia Deck,CE27DE77CED34B3057CDFCE07D9377FF287EE73858
[Yu-Gi-Oh! Millennium Duels],2014/04/02,20,2.99,0,Karakuri Deck,BC3530E1DBE9C870BE7DAD1551F23C09C8E0511258
[Yu-Gi-Oh! Millennium Duels],2014/04/02,20,1.99,0,Reptilianne Pack,BD7FD991F9F731DBA6E7722458D94BF39F9C150958
[Yu-Gi-Oh! Millennium Duels],2014/05/07,20,1.99,0,Vylon Pack,EA0A8D36DF3E1AD1DDD42A2C234289A4A94D787658
[Yu-Gi-Oh! Millennium Duels],2014/04/23,20,1.99,0,Watt Pack,9C174C60CAE0D039E575F743C90945FAAD4164D758
[Yu-Gi-Oh! Millennium Duels],2014/04/23,20,2.99,0,Gagaga Deck,E27D2AD5355623DD7AAA169E26F8C69A903663AF58
[Yu-Gi-Oh! Millennium Duels],2014/04/02,20,1.99,0,Inzektor Pack,D70D45769C3A6F8619C496FF786A3E22E8A5D8CF58
[Yu-Gi-Oh! Millennium Duels],2014/04/23,20,1.99,0,Steelswarm Archfiend Pack,93B65BEAE61A28015016522CDAB19032E31FB59158
[Yu-Gi-Oh! Millennium Duels],2014/04/02,20,1.99,0,Samurai Boxer Pack,DBBC99DAF3FCAA08959F041F20A4B5625E87112C58
[Yu-Gi-Oh! Millennium Duels],2014/04/23,20,1.99,0,Hazy Heraldic Pack,3C06786976E860F576C910A625A91A42D2A9AF1558
[Yu-Gi-Oh! Millennium Duels],2014/04/02,20,1.99,0,Evo Pack,E414C1F6D006A25EF480B29242F74AADCBA0C2C658
[Yu-Gi-Oh! Millennium Duels],2014/04/23,20,2.99,0,Earthbound Djinn Pack,BBBBD81B4FBC18D412B4C0B39864FE8960B7C7CA58
[Yu-Gi-Oh! Millennium Duels],2014/04/23,20,1.99,0,Scrap Pack,07DD73C30683BDD084DED65C06E2F6F7DC4038F458
[Yu-Gi-Oh! Millennium Duels],2014/05/07,20,1.99,0,Heroic Noble Knights Pack,3BDF4AAAC6378F06899ED4D46970D366440B1FFE58
[Zombie Driver HD],2013/11/22,40,1.99,7,Zombie Driver HD - Garden in Flames,C4935C1103FA9D8C7EAF2BA3034465D12A6DCB7A58
[Zombie Driver HD],2013/06/11,40,2.99,16,Zombie Driver HD - Apocalypse Pack,36D3999E33ACDB077512901834845BEBDB034C4758
[Zombie Driver HD],2014/07/07,40,0.99,3,Zombie Driver HD - Brutal Car Skins,9EB9D09DFDC07F95CE0A4E6FB49FA6796D85118E58
[Zombie Driver HD],2013/09/10,40,2.99,51,Zombie Driver HD - Tropical Race Rage,5D2DE0D52DA7753834E42D250E0A1CC974B78F1C58
[虫姫さまふたり],2009/12/11,-65535,14.99,205,Mushihimesama-hutari-Black-Lavel,496F816DD4B53DAEFF931838B6C69831AAD7663058
